tm2_e,tm2_n
317500,2789500
329500,2786500
327500,2786500
327500,2785500
285500,2781500
341500,2780500
337500,2780500
283500,2780500
282500,2780500
281500,2780500
278500,2779500
333500,2744500
333500,2739500
334500,2736500
335500,2729500
340500,2722500
340500,2721500
215500,2709500
330500,2698500
203500,2690500
198500,2686500
326500,2685500
197500,2684500
196500,2682500
323500,2681500
195500,2681500
195500,2677500
194500,2674500
193500,2674500
192500,2674500
193500,2673500
192500,2673500
191500,2673500
191500,2667500
191500,2666500
186500,2666500
190500,2665500
189500,2665500
185500,2665500
184500,2662500
184500,2661500
185500,2660500
184500,2660500
184500,2659500
184500,2658500
183500,2658500
180500,2653500
180500,2652500
177500,2649500
178500,2648500
177500,2648500
179500,2647500
178500,2647500
177500,2647500
178500,2646500
177500,2646500
176500,2646500
177500,2645500
176500,2645500
175500,2645500
177500,2644500
176500,2644500
175500,2644500
177500,2643500
176500,2643500
175500,2643500
176500,2642500
175500,2642500
174500,2642500
170500,2642500
175500,2641500
168500,2639500
166500,2636500
166500,2635500
165500,2634500
164500,2633500
163500,2629500
163500,2622500
162500,2622500
162500,2621500
162500,2620500
162500,2619500
161500,2619500
161500,2618500
161500,2617500
161500,2616500
160500,2616500
161500,2615500
160500,2615500
159500,2615500
160500,2614500
159500,2614500
160500,2613500
161500,2609500
159500,2609500
161500,2608500
161500,2607500
161500,2605500
159500,2605500
158500,2605500
161500,2604500
160500,2604500
159500,2604500
158500,2604500
157500,2604500
161500,2603500
157500,2603500
156500,2602500
155500,2602500
159500,2601500
155500,2601500
154500,2601500
153500,2601500
159500,2600500
154500,2600500
153500,2600500
152500,2600500
302500,2599500
159500,2599500
158500,2599500
154500,2599500
153500,2599500
152500,2599500
151500,2599500
150500,2599500
159500,2598500
157500,2598500
153500,2598500
152500,2598500
151500,2598500
150500,2598500
161500,2597500
160500,2597500
159500,2597500
152500,2597500
151500,2597500
150500,2597500
161500,2596500
160500,2596500
159500,2596500
156500,2596500
155500,2596500
151500,2596500
150500,2596500
160500,2595500
159500,2595500
156500,2595500
155500,2595500
154500,2595500
151500,2595500
150500,2595500
159500,2594500
156500,2594500
155500,2594500
154500,2594500
151500,2594500
159500,2593500
154500,2593500
150500,2593500
160500,2592500
154500,2592500
153500,2592500
152500,2592500
151500,2592500
161500,2591500
161500,2590500
162500,2588500
154500,2566500
154500,2559500
150500,2555500
150500,2554500
150500,2553500
150500,2552500
150500,2551500
151500,2549500
155500,2547500
157500,2546500
158500,2545500
163500,2539500
162500,2539500
280500,2538500
167500,2525500
168500,2522500
169500,2520500
266500,2515500
301500,2509500
300500,2509500
299500,2509500
298500,2509500
297500,2509500
173500,2509500
173500,2508500
297500,2505500
298500,2504500
297500,2504500
172500,2504500
299500,2503500
298500,2503500
297500,2503500
251500,2498500
177500,2491500
180500,2490500
178500,2490500
182500,2489500
187500,2473500
184500,2473500
183500,2472500
183500,2471500
186500,2470500
182500,2469500
184500,2468500
217500,2453500
219500,2431500
351500,2767500
351500,2766500
350500,2768500
350500,2767500
350500,2766500
350500,2765500
349500,2768500
349500,2767500
349500,2766500
349500,2765500
348500,2769500
348500,2768500
348500,2767500
348500,2766500
348500,2765500
348500,2764500
347500,2768500
347500,2767500
347500,2766500
347500,2765500
347500,2764500
347500,2749500
347500,2748500
347500,2747500
346500,2768500
346500,2767500
346500,2766500
346500,2765500
346500,2764500
346500,2763500
346500,2749500
346500,2748500
346500,2747500
345500,2768500
345500,2767500
345500,2766500
345500,2765500
345500,2764500
345500,2763500
345500,2749500
345500,2748500
345500,2747500
344500,2773500
344500,2772500
344500,2771500
344500,2770500
344500,2769500
344500,2768500
344500,2767500
344500,2766500
344500,2765500
344500,2764500
344500,2763500
344500,2762500
344500,2749500
344500,2748500
343500,2780500
343500,2779500
343500,2778500
343500,2777500
343500,2774500
343500,2773500
343500,2772500
343500,2771500
343500,2770500
343500,2769500
343500,2768500
343500,2767500
343500,2766500
343500,2765500
343500,2764500
343500,2763500
343500,2762500
343500,2761500
342500,2780500
342500,2779500
342500,2778500
342500,2777500
342500,2776500
342500,2775500
342500,2774500
342500,2773500
342500,2772500
342500,2771500
342500,2770500
342500,2769500
342500,2768500
342500,2767500
342500,2766500
342500,2765500
342500,2764500
342500,2763500
342500,2762500
342500,2761500
342500,2760500
341500,2779500
341500,2778500
341500,2777500
341500,2776500
341500,2775500
341500,2774500
341500,2773500
341500,2772500
341500,2771500
341500,2770500
341500,2769500
341500,2768500
341500,2767500
341500,2766500
341500,2765500
341500,2764500
341500,2763500
341500,2762500
341500,2761500
341500,2760500
341500,2759500
341500,2721500
340500,2779500
340500,2778500
340500,2777500
340500,2776500
340500,2775500
340500,2774500
340500,2773500
340500,2772500
340500,2771500
340500,2770500
340500,2769500
340500,2768500
340500,2767500
340500,2766500
340500,2765500
340500,2764500
340500,2763500
340500,2762500
340500,2761500
340500,2760500
340500,2759500
339500,2779500
339500,2778500
339500,2777500
339500,2776500
339500,2775500
339500,2774500
339500,2773500
339500,2772500
339500,2771500
339500,2770500
339500,2769500
339500,2768500
339500,2767500
339500,2766500
339500,2765500
339500,2764500
339500,2763500
339500,2762500
339500,2761500
339500,2760500
339500,2759500
339500,2758500
339500,2757500
339500,2756500
339500,2722500
339500,2721500
339500,2720500
339500,2719500
338500,2780500
338500,2779500
338500,2778500
338500,2777500
338500,2776500
338500,2775500
338500,2774500
338500,2773500
338500,2772500
338500,2771500
338500,2770500
338500,2769500
338500,2768500
338500,2767500
338500,2766500
338500,2765500
338500,2764500
338500,2763500
338500,2762500
338500,2761500
338500,2760500
338500,2759500
338500,2758500
338500,2757500
338500,2756500
338500,2755500
338500,2722500
338500,2721500
338500,2720500
338500,2719500
338500,2718500
338500,2717500
338500,2716500
338500,2715500
338500,2714500
338500,2713500
337500,2779500
337500,2778500
337500,2777500
337500,2776500
337500,2775500
337500,2774500
337500,2773500
337500,2772500
337500,2771500
337500,2770500
337500,2769500
337500,2768500
337500,2767500
337500,2766500
337500,2765500
337500,2764500
337500,2763500
337500,2762500
337500,2761500
337500,2760500
337500,2759500
337500,2758500
337500,2757500
337500,2756500
337500,2755500
337500,2754500
337500,2723500
337500,2722500
337500,2721500
337500,2720500
337500,2719500
337500,2718500
337500,2717500
337500,2716500
337500,2715500
337500,2714500
337500,2713500
337500,2708500
336500,2780500
336500,2779500
336500,2778500
336500,2777500
336500,2776500
336500,2775500
336500,2774500
336500,2773500
336500,2772500
336500,2771500
336500,2770500
336500,2769500
336500,2768500
336500,2767500
336500,2766500
336500,2765500
336500,2764500
336500,2763500
336500,2762500
336500,2761500
336500,2760500
336500,2759500
336500,2758500
336500,2757500
336500,2756500
336500,2755500
336500,2754500
336500,2753500
336500,2725500
336500,2724500
336500,2723500
336500,2722500
336500,2721500
336500,2720500
336500,2719500
336500,2718500
336500,2717500
336500,2716500
336500,2715500
336500,2714500
336500,2713500
336500,2710500
336500,2709500
336500,2708500
335500,2780500
335500,2779500
335500,2778500
335500,2777500
335500,2776500
335500,2775500
335500,2774500
335500,2773500
335500,2772500
335500,2771500
335500,2770500
335500,2769500
335500,2768500
335500,2767500
335500,2766500
335500,2765500
335500,2764500
335500,2763500
335500,2762500
335500,2761500
335500,2760500
335500,2759500
335500,2758500
335500,2757500
335500,2756500
335500,2755500
335500,2754500
335500,2753500
335500,2752500
335500,2751500
335500,2750500
335500,2734500
335500,2733500
335500,2728500
335500,2727500
335500,2726500
335500,2725500
335500,2724500
335500,2723500
335500,2722500
335500,2721500
335500,2720500
335500,2719500
335500,2718500
335500,2717500
335500,2716500
335500,2715500
335500,2714500
335500,2713500
335500,2712500
335500,2711500
335500,2710500
335500,2709500
335500,2708500
335500,2707500
334500,2780500
334500,2779500
334500,2778500
334500,2777500
334500,2776500
334500,2775500
334500,2774500
334500,2773500
334500,2772500
334500,2771500
334500,2770500
334500,2769500
334500,2768500
334500,2767500
334500,2766500
334500,2765500
334500,2764500
334500,2763500
334500,2762500
334500,2761500
334500,2760500
334500,2759500
334500,2758500
334500,2757500
334500,2756500
334500,2755500
334500,2754500
334500,2753500
334500,2752500
334500,2751500
334500,2750500
334500,2749500
334500,2735500
334500,2734500
334500,2733500
334500,2732500
334500,2731500
334500,2730500
334500,2729500
334500,2728500
334500,2727500
334500,2726500
334500,2725500
334500,2724500
334500,2723500
334500,2722500
334500,2721500
334500,2720500
334500,2719500
334500,2718500
334500,2717500
334500,2716500
334500,2715500
334500,2714500
334500,2713500
334500,2712500
334500,2711500
334500,2710500
334500,2709500
334500,2708500
334500,2707500
334500,2706500
333500,2781500
333500,2780500
333500,2779500
333500,2778500
333500,2777500
333500,2776500
333500,2775500
333500,2774500
333500,2773500
333500,2772500
333500,2771500
333500,2770500
333500,2769500
333500,2768500
333500,2767500
333500,2766500
333500,2765500
333500,2764500
333500,2763500
333500,2762500
333500,2761500
333500,2760500
333500,2759500
333500,2758500
333500,2757500
333500,2756500
333500,2755500
333500,2754500
333500,2753500
333500,2752500
333500,2751500
333500,2750500
333500,2749500
333500,2748500
333500,2747500
333500,2746500
333500,2745500
333500,2738500
333500,2737500
333500,2736500
333500,2735500
333500,2734500
333500,2733500
333500,2732500
333500,2731500
333500,2730500
333500,2729500
333500,2728500
333500,2727500
333500,2726500
333500,2725500
333500,2724500
333500,2723500
333500,2722500
333500,2721500
333500,2720500
333500,2719500
333500,2718500
333500,2717500
333500,2716500
333500,2715500
333500,2714500
333500,2713500
333500,2712500
333500,2711500
333500,2710500
333500,2709500
333500,2708500
333500,2707500
333500,2706500
333500,2705500
332500,2781500
332500,2780500
332500,2779500
332500,2778500
332500,2777500
332500,2776500
332500,2775500
332500,2774500
332500,2773500
332500,2772500
332500,2771500
332500,2770500
332500,2769500
332500,2768500
332500,2767500
332500,2766500
332500,2765500
332500,2764500
332500,2763500
332500,2762500
332500,2761500
332500,2760500
332500,2759500
332500,2758500
332500,2757500
332500,2756500
332500,2755500
332500,2754500
332500,2753500
332500,2752500
332500,2751500
332500,2750500
332500,2749500
332500,2748500
332500,2747500
332500,2746500
332500,2745500
332500,2744500
332500,2743500
332500,2742500
332500,2741500
332500,2740500
332500,2739500
332500,2738500
332500,2737500
332500,2736500
332500,2735500
332500,2734500
332500,2733500
332500,2732500
332500,2731500
332500,2730500
332500,2729500
332500,2728500
332500,2727500
332500,2726500
332500,2725500
332500,2724500
332500,2723500
332500,2722500
332500,2721500
332500,2720500
332500,2719500
332500,2718500
332500,2717500
332500,2716500
332500,2715500
332500,2714500
332500,2713500
332500,2712500
332500,2711500
332500,2710500
332500,2709500
332500,2708500
332500,2707500
332500,2706500
332500,2705500
332500,2704500
331500,2782500
331500,2781500
331500,2780500
331500,2779500
331500,2778500
331500,2777500
331500,2776500
331500,2775500
331500,2774500
331500,2773500
331500,2772500
331500,2771500
331500,2770500
331500,2769500
331500,2768500
331500,2767500
331500,2766500
331500,2765500
331500,2764500
331500,2763500
331500,2762500
331500,2761500
331500,2760500
331500,2759500
331500,2758500
331500,2757500
331500,2756500
331500,2755500
331500,2754500
331500,2753500
331500,2752500
331500,2751500
331500,2750500
331500,2749500
331500,2748500
331500,2747500
331500,2746500
331500,2745500
331500,2744500
331500,2743500
331500,2742500
331500,2741500
331500,2740500
331500,2739500
331500,2738500
331500,2737500
331500,2736500
331500,2735500
331500,2734500
331500,2733500
331500,2732500
331500,2731500
331500,2730500
331500,2729500
331500,2728500
331500,2727500
331500,2726500
331500,2725500
331500,2724500
331500,2723500
331500,2722500
331500,2721500
331500,2720500
331500,2719500
331500,2718500
331500,2717500
331500,2716500
331500,2715500
331500,2714500
331500,2713500
331500,2712500
331500,2711500
331500,2710500
331500,2709500
331500,2708500
331500,2707500
331500,2706500
331500,2705500
331500,2704500
331500,2703500
331500,2702500
330500,2782500
330500,2781500
330500,2780500
330500,2779500
330500,2778500
330500,2777500
330500,2776500
330500,2775500
330500,2774500
330500,2773500
330500,2772500
330500,2771500
330500,2770500
330500,2769500
330500,2768500
330500,2767500
330500,2766500
330500,2765500
330500,2764500
330500,2763500
330500,2762500
330500,2761500
330500,2760500
330500,2759500
330500,2758500
330500,2757500
330500,2756500
330500,2755500
330500,2754500
330500,2753500
330500,2752500
330500,2751500
330500,2750500
330500,2749500
330500,2748500
330500,2747500
330500,2746500
330500,2745500
330500,2744500
330500,2743500
330500,2742500
330500,2741500
330500,2740500
330500,2739500
330500,2738500
330500,2737500
330500,2736500
330500,2735500
330500,2734500
330500,2733500
330500,2732500
330500,2731500
330500,2730500
330500,2729500
330500,2728500
330500,2727500
330500,2726500
330500,2725500
330500,2724500
330500,2723500
330500,2722500
330500,2721500
330500,2720500
330500,2719500
330500,2718500
330500,2717500
330500,2716500
330500,2715500
330500,2714500
330500,2713500
330500,2712500
330500,2711500
330500,2710500
330500,2709500
330500,2708500
330500,2707500
330500,2706500
330500,2705500
330500,2704500
330500,2703500
330500,2702500
330500,2701500
330500,2700500
330500,2699500
329500,2787500
329500,2782500
329500,2781500
329500,2780500
329500,2779500
329500,2778500
329500,2777500
329500,2776500
329500,2775500
329500,2774500
329500,2773500
329500,2772500
329500,2771500
329500,2770500
329500,2769500
329500,2768500
329500,2767500
329500,2766500
329500,2765500
329500,2764500
329500,2763500
329500,2762500
329500,2761500
329500,2760500
329500,2759500
329500,2758500
329500,2757500
329500,2756500
329500,2755500
329500,2754500
329500,2753500
329500,2752500
329500,2751500
329500,2750500
329500,2749500
329500,2748500
329500,2747500
329500,2746500
329500,2745500
329500,2744500
329500,2743500
329500,2742500
329500,2741500
329500,2740500
329500,2739500
329500,2738500
329500,2737500
329500,2736500
329500,2735500
329500,2734500
329500,2733500
329500,2732500
329500,2731500
329500,2730500
329500,2729500
329500,2728500
329500,2727500
329500,2726500
329500,2725500
329500,2724500
329500,2723500
329500,2722500
329500,2721500
329500,2720500
329500,2719500
329500,2718500
329500,2717500
329500,2716500
329500,2715500
329500,2714500
329500,2713500
329500,2712500
329500,2711500
329500,2710500
329500,2709500
329500,2708500
329500,2707500
329500,2706500
329500,2705500
329500,2704500
329500,2703500
329500,2702500
329500,2701500
329500,2700500
329500,2699500
329500,2698500
329500,2697500
329500,2696500
329500,2695500
329500,2694500
328500,2787500
328500,2786500
328500,2783500
328500,2782500
328500,2781500
328500,2780500
328500,2779500
328500,2778500
328500,2777500
328500,2776500
328500,2775500
328500,2774500
328500,2773500
328500,2772500
328500,2771500
328500,2770500
328500,2769500
328500,2768500
328500,2767500
328500,2766500
328500,2765500
328500,2764500
328500,2763500
328500,2762500
328500,2761500
328500,2760500
328500,2759500
328500,2758500
328500,2757500
328500,2756500
328500,2755500
328500,2754500
328500,2753500
328500,2752500
328500,2751500
328500,2750500
328500,2749500
328500,2748500
328500,2747500
328500,2746500
328500,2745500
328500,2744500
328500,2743500
328500,2742500
328500,2741500
328500,2740500
328500,2739500
328500,2738500
328500,2737500
328500,2736500
328500,2735500
328500,2734500
328500,2733500
328500,2732500
328500,2731500
328500,2730500
328500,2729500
328500,2728500
328500,2727500
328500,2726500
328500,2725500
328500,2724500
328500,2723500
328500,2722500
328500,2721500
328500,2720500
328500,2719500
328500,2718500
328500,2717500
328500,2716500
328500,2715500
328500,2714500
328500,2713500
328500,2712500
328500,2711500
328500,2710500
328500,2709500
328500,2708500
328500,2707500
328500,2706500
328500,2705500
328500,2704500
328500,2703500
328500,2702500
328500,2701500
328500,2700500
328500,2699500
328500,2698500
328500,2697500
328500,2696500
328500,2695500
328500,2694500
328500,2693500
328500,2692500
328500,2691500
328500,2690500
328500,2689500
328500,2688500
327500,2784500
327500,2783500
327500,2782500
327500,2781500
327500,2780500
327500,2779500
327500,2778500
327500,2777500
327500,2776500
327500,2775500
327500,2774500
327500,2773500
327500,2772500
327500,2771500
327500,2770500
327500,2769500
327500,2768500
327500,2767500
327500,2766500
327500,2765500
327500,2764500
327500,2763500
327500,2762500
327500,2761500
327500,2760500
327500,2759500
327500,2758500
327500,2757500
327500,2756500
327500,2755500
327500,2754500
327500,2753500
327500,2752500
327500,2751500
327500,2750500
327500,2749500
327500,2748500
327500,2747500
327500,2746500
327500,2745500
327500,2744500
327500,2743500
327500,2742500
327500,2741500
327500,2740500
327500,2739500
327500,2738500
327500,2737500
327500,2736500
327500,2735500
327500,2734500
327500,2733500
327500,2732500
327500,2731500
327500,2730500
327500,2729500
327500,2728500
327500,2727500
327500,2726500
327500,2725500
327500,2724500
327500,2723500
327500,2722500
327500,2721500
327500,2720500
327500,2719500
327500,2718500
327500,2717500
327500,2716500
327500,2715500
327500,2714500
327500,2713500
327500,2712500
327500,2711500
327500,2710500
327500,2709500
327500,2708500
327500,2707500
327500,2706500
327500,2705500
327500,2704500
327500,2703500
327500,2702500
327500,2701500
327500,2700500
327500,2699500
327500,2698500
327500,2697500
327500,2696500
327500,2695500
327500,2694500
327500,2693500
327500,2692500
327500,2691500
327500,2690500
327500,2689500
327500,2688500
327500,2687500
326500,2784500
326500,2783500
326500,2782500
326500,2781500
326500,2780500
326500,2779500
326500,2778500
326500,2777500
326500,2776500
326500,2775500
326500,2774500
326500,2773500
326500,2772500
326500,2771500
326500,2770500
326500,2769500
326500,2768500
326500,2767500
326500,2766500
326500,2765500
326500,2764500
326500,2763500
326500,2762500
326500,2761500
326500,2760500
326500,2759500
326500,2758500
326500,2757500
326500,2756500
326500,2755500
326500,2754500
326500,2753500
326500,2752500
326500,2751500
326500,2750500
326500,2749500
326500,2748500
326500,2747500
326500,2746500
326500,2745500
326500,2744500
326500,2743500
326500,2742500
326500,2741500
326500,2740500
326500,2739500
326500,2738500
326500,2737500
326500,2736500
326500,2735500
326500,2734500
326500,2733500
326500,2732500
326500,2731500
326500,2730500
326500,2729500
326500,2728500
326500,2727500
326500,2726500
326500,2725500
326500,2724500
326500,2723500
326500,2722500
326500,2721500
326500,2720500
326500,2719500
326500,2718500
326500,2717500
326500,2716500
326500,2715500
326500,2714500
326500,2713500
326500,2712500
326500,2711500
326500,2710500
326500,2709500
326500,2708500
326500,2707500
326500,2706500
326500,2705500
326500,2704500
326500,2703500
326500,2702500
326500,2701500
326500,2700500
326500,2699500
326500,2698500
326500,2697500
326500,2696500
326500,2695500
326500,2694500
326500,2693500
326500,2692500
326500,2691500
326500,2690500
326500,2689500
326500,2688500
326500,2687500
326500,2686500
325500,2784500
325500,2783500
325500,2782500
325500,2781500
325500,2780500
325500,2779500
325500,2778500
325500,2777500
325500,2776500
325500,2775500
325500,2774500
325500,2773500
325500,2772500
325500,2771500
325500,2770500
325500,2769500
325500,2768500
325500,2767500
325500,2766500
325500,2765500
325500,2764500
325500,2763500
325500,2762500
325500,2761500
325500,2760500
325500,2759500
325500,2758500
325500,2757500
325500,2756500
325500,2755500
325500,2754500
325500,2753500
325500,2752500
325500,2751500
325500,2750500
325500,2749500
325500,2748500
325500,2747500
325500,2746500
325500,2745500
325500,2744500
325500,2743500
325500,2742500
325500,2741500
325500,2740500
325500,2739500
325500,2738500
325500,2737500
325500,2736500
325500,2735500
325500,2734500
325500,2733500
325500,2732500
325500,2731500
325500,2730500
325500,2729500
325500,2728500
325500,2727500
325500,2726500
325500,2725500
325500,2724500
325500,2723500
325500,2722500
325500,2721500
325500,2720500
325500,2719500
325500,2718500
325500,2717500
325500,2716500
325500,2715500
325500,2714500
325500,2713500
325500,2712500
325500,2711500
325500,2710500
325500,2709500
325500,2708500
325500,2707500
325500,2706500
325500,2705500
325500,2704500
325500,2703500
325500,2702500
325500,2701500
325500,2700500
325500,2699500
325500,2698500
325500,2697500
325500,2696500
325500,2695500
325500,2694500
325500,2693500
325500,2692500
325500,2691500
325500,2690500
325500,2689500
325500,2688500
325500,2687500
325500,2686500
325500,2685500
325500,2684500
325500,2683500
324500,2783500
324500,2782500
324500,2781500
324500,2780500
324500,2779500
324500,2778500
324500,2777500
324500,2776500
324500,2775500
324500,2774500
324500,2773500
324500,2772500
324500,2771500
324500,2770500
324500,2769500
324500,2768500
324500,2767500
324500,2766500
324500,2765500
324500,2764500
324500,2763500
324500,2762500
324500,2761500
324500,2760500
324500,2759500
324500,2758500
324500,2757500
324500,2756500
324500,2755500
324500,2754500
324500,2753500
324500,2752500
324500,2751500
324500,2750500
324500,2749500
324500,2748500
324500,2747500
324500,2746500
324500,2745500
324500,2744500
324500,2743500
324500,2742500
324500,2741500
324500,2740500
324500,2739500
324500,2738500
324500,2737500
324500,2736500
324500,2735500
324500,2734500
324500,2733500
324500,2732500
324500,2731500
324500,2730500
324500,2729500
324500,2728500
324500,2727500
324500,2726500
324500,2725500
324500,2724500
324500,2723500
324500,2722500
324500,2721500
324500,2720500
324500,2719500
324500,2718500
324500,2717500
324500,2716500
324500,2715500
324500,2714500
324500,2713500
324500,2712500
324500,2711500
324500,2710500
324500,2709500
324500,2708500
324500,2707500
324500,2706500
324500,2705500
324500,2704500
324500,2703500
324500,2702500
324500,2701500
324500,2700500
324500,2699500
324500,2698500
324500,2697500
324500,2696500
324500,2695500
324500,2694500
324500,2693500
324500,2692500
324500,2691500
324500,2690500
324500,2689500
324500,2688500
324500,2687500
324500,2686500
324500,2685500
324500,2684500
324500,2683500
324500,2682500
324500,2680500
323500,2784500
323500,2783500
323500,2782500
323500,2781500
323500,2780500
323500,2779500
323500,2778500
323500,2777500
323500,2776500
323500,2775500
323500,2774500
323500,2773500
323500,2772500
323500,2771500
323500,2770500
323500,2769500
323500,2768500
323500,2767500
323500,2766500
323500,2765500
323500,2764500
323500,2763500
323500,2762500
323500,2761500
323500,2760500
323500,2759500
323500,2758500
323500,2757500
323500,2756500
323500,2755500
323500,2754500
323500,2753500
323500,2752500
323500,2751500
323500,2750500
323500,2749500
323500,2748500
323500,2747500
323500,2746500
323500,2745500
323500,2744500
323500,2743500
323500,2742500
323500,2741500
323500,2740500
323500,2739500
323500,2738500
323500,2737500
323500,2736500
323500,2735500
323500,2734500
323500,2733500
323500,2732500
323500,2731500
323500,2730500
323500,2729500
323500,2728500
323500,2727500
323500,2726500
323500,2725500
323500,2724500
323500,2723500
323500,2722500
323500,2721500
323500,2720500
323500,2719500
323500,2718500
323500,2717500
323500,2716500
323500,2715500
323500,2714500
323500,2713500
323500,2712500
323500,2711500
323500,2710500
323500,2709500
323500,2708500
323500,2707500
323500,2706500
323500,2705500
323500,2704500
323500,2703500
323500,2702500
323500,2701500
323500,2700500
323500,2699500
323500,2698500
323500,2697500
323500,2696500
323500,2695500
323500,2694500
323500,2693500
323500,2692500
323500,2691500
323500,2690500
323500,2689500
323500,2688500
323500,2687500
323500,2686500
323500,2685500
323500,2684500
323500,2683500
323500,2682500
323500,2680500
322500,2784500
322500,2783500
322500,2782500
322500,2781500
322500,2780500
322500,2779500
322500,2778500
322500,2777500
322500,2776500
322500,2775500
322500,2774500
322500,2773500
322500,2772500
322500,2771500
322500,2770500
322500,2769500
322500,2768500
322500,2767500
322500,2766500
322500,2765500
322500,2764500
322500,2763500
322500,2762500
322500,2761500
322500,2760500
322500,2759500
322500,2758500
322500,2757500
322500,2756500
322500,2755500
322500,2754500
322500,2753500
322500,2752500
322500,2751500
322500,2750500
322500,2749500
322500,2748500
322500,2747500
322500,2746500
322500,2745500
322500,2744500
322500,2743500
322500,2742500
322500,2741500
322500,2740500
322500,2739500
322500,2738500
322500,2737500
322500,2736500
322500,2735500
322500,2734500
322500,2733500
322500,2732500
322500,2731500
322500,2730500
322500,2729500
322500,2728500
322500,2727500
322500,2726500
322500,2725500
322500,2724500
322500,2723500
322500,2722500
322500,2721500
322500,2720500
322500,2719500
322500,2718500
322500,2717500
322500,2716500
322500,2715500
322500,2714500
322500,2713500
322500,2712500
322500,2711500
322500,2710500
322500,2709500
322500,2708500
322500,2707500
322500,2706500
322500,2705500
322500,2704500
322500,2703500
322500,2702500
322500,2701500
322500,2700500
322500,2699500
322500,2698500
322500,2697500
322500,2696500
322500,2695500
322500,2694500
322500,2693500
322500,2692500
322500,2691500
322500,2690500
322500,2689500
322500,2688500
322500,2687500
322500,2686500
322500,2685500
322500,2684500
322500,2683500
322500,2682500
322500,2681500
322500,2680500
321500,2785500
321500,2784500
321500,2783500
321500,2782500
321500,2781500
321500,2780500
321500,2779500
321500,2778500
321500,2777500
321500,2776500
321500,2775500
321500,2774500
321500,2773500
321500,2772500
321500,2771500
321500,2770500
321500,2769500
321500,2768500
321500,2767500
321500,2766500
321500,2765500
321500,2764500
321500,2763500
321500,2762500
321500,2761500
321500,2760500
321500,2759500
321500,2758500
321500,2757500
321500,2756500
321500,2755500
321500,2754500
321500,2753500
321500,2752500
321500,2751500
321500,2750500
321500,2749500
321500,2748500
321500,2747500
321500,2746500
321500,2745500
321500,2744500
321500,2743500
321500,2742500
321500,2741500
321500,2740500
321500,2739500
321500,2738500
321500,2737500
321500,2736500
321500,2735500
321500,2734500
321500,2733500
321500,2732500
321500,2731500
321500,2730500
321500,2729500
321500,2728500
321500,2727500
321500,2726500
321500,2725500
321500,2724500
321500,2723500
321500,2722500
321500,2721500
321500,2720500
321500,2719500
321500,2718500
321500,2717500
321500,2716500
321500,2715500
321500,2714500
321500,2713500
321500,2712500
321500,2711500
321500,2710500
321500,2709500
321500,2708500
321500,2707500
321500,2706500
321500,2705500
321500,2704500
321500,2703500
321500,2702500
321500,2701500
321500,2700500
321500,2699500
321500,2698500
321500,2697500
321500,2696500
321500,2695500
321500,2694500
321500,2693500
321500,2692500
321500,2691500
321500,2690500
321500,2689500
321500,2688500
321500,2687500
321500,2686500
321500,2685500
321500,2684500
321500,2683500
321500,2682500
321500,2681500
321500,2680500
321500,2679500
320500,2790500
320500,2789500
320500,2788500
320500,2786500
320500,2785500
320500,2784500
320500,2783500
320500,2782500
320500,2781500
320500,2780500
320500,2779500
320500,2778500
320500,2777500
320500,2776500
320500,2775500
320500,2774500
320500,2773500
320500,2772500
320500,2771500
320500,2770500
320500,2769500
320500,2768500
320500,2767500
320500,2766500
320500,2765500
320500,2764500
320500,2763500
320500,2762500
320500,2761500
320500,2760500
320500,2759500
320500,2758500
320500,2757500
320500,2756500
320500,2755500
320500,2754500
320500,2753500
320500,2752500
320500,2751500
320500,2750500
320500,2749500
320500,2748500
320500,2747500
320500,2746500
320500,2745500
320500,2744500
320500,2743500
320500,2742500
320500,2741500
320500,2740500
320500,2739500
320500,2738500
320500,2737500
320500,2736500
320500,2735500
320500,2734500
320500,2733500
320500,2732500
320500,2731500
320500,2730500
320500,2729500
320500,2728500
320500,2727500
320500,2726500
320500,2725500
320500,2724500
320500,2723500
320500,2722500
320500,2721500
320500,2720500
320500,2719500
320500,2718500
320500,2717500
320500,2716500
320500,2715500
320500,2714500
320500,2713500
320500,2712500
320500,2711500
320500,2710500
320500,2709500
320500,2708500
320500,2707500
320500,2706500
320500,2705500
320500,2704500
320500,2703500
320500,2702500
320500,2701500
320500,2700500
320500,2699500
320500,2698500
320500,2697500
320500,2696500
320500,2695500
320500,2694500
320500,2693500
320500,2692500
320500,2691500
320500,2690500
320500,2689500
320500,2688500
320500,2687500
320500,2686500
320500,2685500
320500,2684500
320500,2683500
320500,2682500
320500,2681500
320500,2680500
320500,2679500
319500,2789500
319500,2788500
319500,2787500
319500,2786500
319500,2785500
319500,2784500
319500,2783500
319500,2782500
319500,2781500
319500,2780500
319500,2779500
319500,2778500
319500,2777500
319500,2776500
319500,2775500
319500,2774500
319500,2773500
319500,2772500
319500,2771500
319500,2770500
319500,2769500
319500,2768500
319500,2767500
319500,2766500
319500,2765500
319500,2764500
319500,2763500
319500,2762500
319500,2761500
319500,2760500
319500,2759500
319500,2758500
319500,2757500
319500,2756500
319500,2755500
319500,2754500
319500,2753500
319500,2752500
319500,2751500
319500,2750500
319500,2749500
319500,2748500
319500,2747500
319500,2746500
319500,2745500
319500,2744500
319500,2743500
319500,2742500
319500,2741500
319500,2740500
319500,2739500
319500,2738500
319500,2737500
319500,2736500
319500,2735500
319500,2734500
319500,2733500
319500,2732500
319500,2731500
319500,2730500
319500,2729500
319500,2728500
319500,2727500
319500,2726500
319500,2725500
319500,2724500
319500,2723500
319500,2722500
319500,2721500
319500,2720500
319500,2719500
319500,2718500
319500,2717500
319500,2716500
319500,2715500
319500,2714500
319500,2713500
319500,2712500
319500,2711500
319500,2710500
319500,2709500
319500,2708500
319500,2707500
319500,2706500
319500,2705500
319500,2704500
319500,2703500
319500,2702500
319500,2701500
319500,2700500
319500,2699500
319500,2698500
319500,2697500
319500,2696500
319500,2695500
319500,2694500
319500,2693500
319500,2692500
319500,2691500
319500,2690500
319500,2689500
319500,2688500
319500,2687500
319500,2686500
319500,2685500
319500,2684500
319500,2683500
319500,2682500
319500,2681500
319500,2680500
319500,2679500
319500,2678500
318500,2788500
318500,2787500
318500,2786500
318500,2785500
318500,2784500
318500,2783500
318500,2782500
318500,2781500
318500,2780500
318500,2779500
318500,2778500
318500,2777500
318500,2776500
318500,2775500
318500,2774500
318500,2773500
318500,2772500
318500,2771500
318500,2770500
318500,2769500
318500,2768500
318500,2767500
318500,2766500
318500,2765500
318500,2764500
318500,2763500
318500,2762500
318500,2761500
318500,2760500
318500,2759500
318500,2758500
318500,2757500
318500,2756500
318500,2755500
318500,2754500
318500,2753500
318500,2752500
318500,2751500
318500,2750500
318500,2749500
318500,2748500
318500,2747500
318500,2746500
318500,2745500
318500,2744500
318500,2743500
318500,2742500
318500,2741500
318500,2740500
318500,2739500
318500,2738500
318500,2737500
318500,2736500
318500,2735500
318500,2734500
318500,2733500
318500,2732500
318500,2731500
318500,2730500
318500,2729500
318500,2728500
318500,2727500
318500,2726500
318500,2725500
318500,2724500
318500,2723500
318500,2722500
318500,2721500
318500,2720500
318500,2719500
318500,2718500
318500,2717500
318500,2716500
318500,2715500
318500,2714500
318500,2713500
318500,2712500
318500,2711500
318500,2710500
318500,2709500
318500,2708500
318500,2707500
318500,2706500
318500,2705500
318500,2704500
318500,2703500
318500,2702500
318500,2701500
318500,2700500
318500,2699500
318500,2698500
318500,2697500
318500,2696500
318500,2695500
318500,2694500
318500,2693500
318500,2692500
318500,2691500
318500,2690500
318500,2689500
318500,2688500
318500,2687500
318500,2686500
318500,2685500
318500,2684500
318500,2683500
318500,2682500
318500,2681500
318500,2680500
318500,2679500
318500,2678500
318500,2677500
317500,2788500
317500,2787500
317500,2786500
317500,2785500
317500,2784500
317500,2783500
317500,2782500
317500,2781500
317500,2780500
317500,2779500
317500,2778500
317500,2777500
317500,2776500
317500,2775500
317500,2774500
317500,2773500
317500,2772500
317500,2771500
317500,2770500
317500,2769500
317500,2768500
317500,2767500
317500,2766500
317500,2765500
317500,2764500
317500,2763500
317500,2762500
317500,2761500
317500,2760500
317500,2759500
317500,2758500
317500,2757500
317500,2756500
317500,2755500
317500,2754500
317500,2753500
317500,2752500
317500,2751500
317500,2750500
317500,2749500
317500,2748500
317500,2747500
317500,2746500
317500,2745500
317500,2744500
317500,2743500
317500,2742500
317500,2741500
317500,2740500
317500,2739500
317500,2738500
317500,2737500
317500,2736500
317500,2735500
317500,2734500
317500,2733500
317500,2732500
317500,2731500
317500,2730500
317500,2729500
317500,2728500
317500,2727500
317500,2726500
317500,2725500
317500,2724500
317500,2723500
317500,2722500
317500,2721500
317500,2720500
317500,2719500
317500,2718500
317500,2717500
317500,2716500
317500,2715500
317500,2714500
317500,2713500
317500,2712500
317500,2711500
317500,2710500
317500,2709500
317500,2708500
317500,2707500
317500,2706500
317500,2705500
317500,2704500
317500,2703500
317500,2702500
317500,2701500
317500,2700500
317500,2699500
317500,2698500
317500,2697500
317500,2696500
317500,2695500
317500,2694500
317500,2693500
317500,2692500
317500,2691500
317500,2690500
317500,2689500
317500,2688500
317500,2687500
317500,2686500
317500,2685500
317500,2684500
317500,2683500
317500,2682500
317500,2681500
317500,2680500
317500,2679500
317500,2678500
317500,2677500
317500,2676500
317500,2675500
317500,2673500
317500,2672500
317500,2671500
317500,2670500
317500,2669500
316500,2789500
316500,2788500
316500,2787500
316500,2786500
316500,2785500
316500,2784500
316500,2783500
316500,2782500
316500,2781500
316500,2780500
316500,2779500
316500,2778500
316500,2777500
316500,2776500
316500,2775500
316500,2774500
316500,2773500
316500,2772500
316500,2771500
316500,2770500
316500,2769500
316500,2768500
316500,2767500
316500,2766500
316500,2765500
316500,2764500
316500,2763500
316500,2762500
316500,2761500
316500,2760500
316500,2759500
316500,2758500
316500,2757500
316500,2756500
316500,2755500
316500,2754500
316500,2753500
316500,2752500
316500,2751500
316500,2750500
316500,2749500
316500,2748500
316500,2747500
316500,2746500
316500,2745500
316500,2744500
316500,2743500
316500,2742500
316500,2741500
316500,2740500
316500,2739500
316500,2738500
316500,2737500
316500,2736500
316500,2735500
316500,2734500
316500,2733500
316500,2732500
316500,2731500
316500,2730500
316500,2729500
316500,2728500
316500,2727500
316500,2726500
316500,2725500
316500,2724500
316500,2723500
316500,2722500
316500,2721500
316500,2720500
316500,2719500
316500,2718500
316500,2717500
316500,2716500
316500,2715500
316500,2714500
316500,2713500
316500,2712500
316500,2711500
316500,2710500
316500,2709500
316500,2708500
316500,2707500
316500,2706500
316500,2705500
316500,2704500
316500,2703500
316500,2702500
316500,2701500
316500,2700500
316500,2699500
316500,2698500
316500,2697500
316500,2696500
316500,2695500
316500,2694500
316500,2693500
316500,2692500
316500,2691500
316500,2690500
316500,2689500
316500,2688500
316500,2687500
316500,2686500
316500,2685500
316500,2684500
316500,2683500
316500,2682500
316500,2681500
316500,2680500
316500,2679500
316500,2678500
316500,2677500
316500,2676500
316500,2675500
316500,2674500
316500,2673500
316500,2672500
316500,2671500
316500,2670500
316500,2669500
316500,2668500
315500,2791500
315500,2790500
315500,2789500
315500,2788500
315500,2787500
315500,2786500
315500,2785500
315500,2784500
315500,2783500
315500,2782500
315500,2781500
315500,2780500
315500,2779500
315500,2778500
315500,2777500
315500,2776500
315500,2775500
315500,2774500
315500,2773500
315500,2772500
315500,2771500
315500,2770500
315500,2769500
315500,2768500
315500,2767500
315500,2766500
315500,2765500
315500,2764500
315500,2763500
315500,2762500
315500,2761500
315500,2760500
315500,2759500
315500,2758500
315500,2757500
315500,2756500
315500,2755500
315500,2754500
315500,2753500
315500,2752500
315500,2751500
315500,2750500
315500,2749500
315500,2748500
315500,2747500
315500,2746500
315500,2745500
315500,2744500
315500,2743500
315500,2742500
315500,2741500
315500,2740500
315500,2739500
315500,2738500
315500,2737500
315500,2736500
315500,2735500
315500,2734500
315500,2733500
315500,2732500
315500,2731500
315500,2730500
315500,2729500
315500,2728500
315500,2727500
315500,2726500
315500,2725500
315500,2724500
315500,2723500
315500,2722500
315500,2721500
315500,2720500
315500,2719500
315500,2718500
315500,2717500
315500,2716500
315500,2715500
315500,2714500
315500,2713500
315500,2712500
315500,2711500
315500,2710500
315500,2709500
315500,2708500
315500,2707500
315500,2706500
315500,2705500
315500,2704500
315500,2703500
315500,2702500
315500,2701500
315500,2700500
315500,2699500
315500,2698500
315500,2697500
315500,2696500
315500,2695500
315500,2694500
315500,2693500
315500,2692500
315500,2691500
315500,2690500
315500,2689500
315500,2688500
315500,2687500
315500,2686500
315500,2685500
315500,2684500
315500,2683500
315500,2682500
315500,2681500
315500,2680500
315500,2679500
315500,2678500
315500,2677500
315500,2676500
315500,2675500
315500,2674500
315500,2673500
315500,2672500
315500,2671500
315500,2670500
315500,2669500
315500,2668500
315500,2667500
315500,2657500
315500,2656500
315500,2655500
315500,2654500
314500,2794500
314500,2793500
314500,2792500
314500,2791500
314500,2790500
314500,2789500
314500,2788500
314500,2787500
314500,2786500
314500,2785500
314500,2784500
314500,2783500
314500,2782500
314500,2781500
314500,2780500
314500,2779500
314500,2778500
314500,2777500
314500,2776500
314500,2775500
314500,2774500
314500,2773500
314500,2772500
314500,2771500
314500,2770500
314500,2769500
314500,2768500
314500,2767500
314500,2766500
314500,2765500
314500,2764500
314500,2763500
314500,2762500
314500,2761500
314500,2760500
314500,2759500
314500,2758500
314500,2757500
314500,2756500
314500,2755500
314500,2754500
314500,2753500
314500,2752500
314500,2751500
314500,2750500
314500,2749500
314500,2748500
314500,2747500
314500,2746500
314500,2745500
314500,2744500
314500,2743500
314500,2742500
314500,2741500
314500,2740500
314500,2739500
314500,2738500
314500,2737500
314500,2736500
314500,2735500
314500,2734500
314500,2733500
314500,2732500
314500,2731500
314500,2730500
314500,2729500
314500,2728500
314500,2727500
314500,2726500
314500,2725500
314500,2724500
314500,2723500
314500,2722500
314500,2721500
314500,2720500
314500,2719500
314500,2718500
314500,2717500
314500,2716500
314500,2715500
314500,2714500
314500,2713500
314500,2712500
314500,2711500
314500,2710500
314500,2709500
314500,2708500
314500,2707500
314500,2706500
314500,2705500
314500,2704500
314500,2703500
314500,2702500
314500,2701500
314500,2700500
314500,2699500
314500,2698500
314500,2697500
314500,2696500
314500,2695500
314500,2694500
314500,2693500
314500,2692500
314500,2691500
314500,2690500
314500,2689500
314500,2688500
314500,2687500
314500,2686500
314500,2685500
314500,2684500
314500,2683500
314500,2682500
314500,2681500
314500,2680500
314500,2679500
314500,2678500
314500,2677500
314500,2676500
314500,2675500
314500,2674500
314500,2673500
314500,2672500
314500,2671500
314500,2670500
314500,2669500
314500,2668500
314500,2667500
314500,2666500
314500,2658500
314500,2657500
314500,2656500
314500,2655500
314500,2654500
314500,2653500
314500,2652500
314500,2651500
313500,2795500
313500,2794500
313500,2793500
313500,2792500
313500,2791500
313500,2790500
313500,2789500
313500,2788500
313500,2787500
313500,2786500
313500,2785500
313500,2784500
313500,2783500
313500,2782500
313500,2781500
313500,2780500
313500,2779500
313500,2778500
313500,2777500
313500,2776500
313500,2775500
313500,2774500
313500,2773500
313500,2772500
313500,2771500
313500,2770500
313500,2769500
313500,2768500
313500,2767500
313500,2766500
313500,2765500
313500,2764500
313500,2763500
313500,2762500
313500,2761500
313500,2760500
313500,2759500
313500,2758500
313500,2757500
313500,2756500
313500,2755500
313500,2754500
313500,2753500
313500,2752500
313500,2751500
313500,2750500
313500,2749500
313500,2748500
313500,2747500
313500,2746500
313500,2745500
313500,2744500
313500,2743500
313500,2742500
313500,2741500
313500,2740500
313500,2739500
313500,2738500
313500,2737500
313500,2736500
313500,2735500
313500,2734500
313500,2733500
313500,2732500
313500,2731500
313500,2730500
313500,2729500
313500,2728500
313500,2727500
313500,2726500
313500,2725500
313500,2724500
313500,2723500
313500,2722500
313500,2721500
313500,2720500
313500,2719500
313500,2718500
313500,2717500
313500,2716500
313500,2715500
313500,2714500
313500,2713500
313500,2712500
313500,2711500
313500,2710500
313500,2709500
313500,2708500
313500,2707500
313500,2706500
313500,2705500
313500,2704500
313500,2703500
313500,2702500
313500,2701500
313500,2700500
313500,2699500
313500,2698500
313500,2697500
313500,2696500
313500,2695500
313500,2694500
313500,2693500
313500,2692500
313500,2691500
313500,2690500
313500,2689500
313500,2688500
313500,2687500
313500,2686500
313500,2685500
313500,2684500
313500,2683500
313500,2682500
313500,2681500
313500,2680500
313500,2679500
313500,2678500
313500,2677500
313500,2676500
313500,2675500
313500,2674500
313500,2673500
313500,2672500
313500,2671500
313500,2670500
313500,2669500
313500,2668500
313500,2667500
313500,2666500
313500,2665500
313500,2664500
313500,2660500
313500,2659500
313500,2658500
313500,2657500
313500,2656500
313500,2655500
313500,2654500
313500,2653500
313500,2652500
313500,2651500
313500,2428500
313500,2427500
312500,2796500
312500,2795500
312500,2794500
312500,2793500
312500,2792500
312500,2791500
312500,2790500
312500,2789500
312500,2788500
312500,2787500
312500,2786500
312500,2785500
312500,2784500
312500,2783500
312500,2782500
312500,2781500
312500,2780500
312500,2779500
312500,2778500
312500,2777500
312500,2776500
312500,2775500
312500,2774500
312500,2773500
312500,2772500
312500,2771500
312500,2770500
312500,2769500
312500,2768500
312500,2767500
312500,2766500
312500,2765500
312500,2764500
312500,2763500
312500,2762500
312500,2761500
312500,2760500
312500,2759500
312500,2758500
312500,2757500
312500,2756500
312500,2755500
312500,2754500
312500,2753500
312500,2752500
312500,2751500
312500,2750500
312500,2749500
312500,2748500
312500,2747500
312500,2746500
312500,2745500
312500,2744500
312500,2743500
312500,2742500
312500,2741500
312500,2740500
312500,2739500
312500,2738500
312500,2737500
312500,2736500
312500,2735500
312500,2734500
312500,2733500
312500,2732500
312500,2731500
312500,2730500
312500,2729500
312500,2728500
312500,2727500
312500,2726500
312500,2725500
312500,2724500
312500,2723500
312500,2722500
312500,2721500
312500,2720500
312500,2719500
312500,2718500
312500,2717500
312500,2716500
312500,2715500
312500,2714500
312500,2713500
312500,2712500
312500,2711500
312500,2710500
312500,2709500
312500,2708500
312500,2707500
312500,2706500
312500,2705500
312500,2704500
312500,2703500
312500,2702500
312500,2701500
312500,2700500
312500,2699500
312500,2698500
312500,2697500
312500,2696500
312500,2695500
312500,2694500
312500,2693500
312500,2692500
312500,2691500
312500,2690500
312500,2689500
312500,2688500
312500,2687500
312500,2686500
312500,2685500
312500,2684500
312500,2683500
312500,2682500
312500,2681500
312500,2680500
312500,2679500
312500,2678500
312500,2677500
312500,2676500
312500,2675500
312500,2674500
312500,2673500
312500,2672500
312500,2671500
312500,2670500
312500,2669500
312500,2668500
312500,2667500
312500,2666500
312500,2665500
312500,2664500
312500,2663500
312500,2662500
312500,2661500
312500,2660500
312500,2659500
312500,2658500
312500,2657500
312500,2656500
312500,2655500
312500,2654500
312500,2653500
312500,2652500
312500,2651500
312500,2649500
312500,2648500
312500,2647500
312500,2646500
312500,2436500
312500,2435500
312500,2428500
312500,2427500
311500,2797500
311500,2796500
311500,2795500
311500,2794500
311500,2793500
311500,2792500
311500,2791500
311500,2790500
311500,2789500
311500,2788500
311500,2787500
311500,2786500
311500,2785500
311500,2784500
311500,2783500
311500,2782500
311500,2781500
311500,2780500
311500,2779500
311500,2778500
311500,2777500
311500,2776500
311500,2775500
311500,2774500
311500,2773500
311500,2772500
311500,2771500
311500,2770500
311500,2769500
311500,2768500
311500,2767500
311500,2766500
311500,2765500
311500,2764500
311500,2763500
311500,2762500
311500,2761500
311500,2760500
311500,2759500
311500,2758500
311500,2757500
311500,2756500
311500,2755500
311500,2754500
311500,2753500
311500,2752500
311500,2751500
311500,2750500
311500,2749500
311500,2748500
311500,2747500
311500,2746500
311500,2745500
311500,2744500
311500,2743500
311500,2742500
311500,2741500
311500,2740500
311500,2739500
311500,2738500
311500,2737500
311500,2736500
311500,2735500
311500,2734500
311500,2733500
311500,2732500
311500,2731500
311500,2730500
311500,2729500
311500,2728500
311500,2727500
311500,2726500
311500,2725500
311500,2724500
311500,2723500
311500,2722500
311500,2721500
311500,2720500
311500,2719500
311500,2718500
311500,2717500
311500,2716500
311500,2715500
311500,2714500
311500,2713500
311500,2712500
311500,2711500
311500,2710500
311500,2709500
311500,2708500
311500,2707500
311500,2706500
311500,2705500
311500,2704500
311500,2703500
311500,2702500
311500,2701500
311500,2700500
311500,2699500
311500,2698500
311500,2697500
311500,2696500
311500,2695500
311500,2694500
311500,2693500
311500,2692500
311500,2691500
311500,2690500
311500,2689500
311500,2688500
311500,2687500
311500,2686500
311500,2685500
311500,2684500
311500,2683500
311500,2682500
311500,2681500
311500,2680500
311500,2679500
311500,2678500
311500,2677500
311500,2676500
311500,2675500
311500,2674500
311500,2673500
311500,2672500
311500,2671500
311500,2670500
311500,2669500
311500,2668500
311500,2667500
311500,2666500
311500,2665500
311500,2664500
311500,2663500
311500,2662500
311500,2661500
311500,2660500
311500,2659500
311500,2658500
311500,2657500
311500,2656500
311500,2655500
311500,2654500
311500,2653500
311500,2652500
311500,2651500
311500,2650500
311500,2649500
311500,2648500
311500,2647500
311500,2646500
311500,2645500
311500,2644500
311500,2643500
311500,2642500
311500,2641500
311500,2640500
311500,2639500
311500,2436500
311500,2435500
311500,2434500
311500,2433500
310500,2798500
310500,2797500
310500,2796500
310500,2795500
310500,2794500
310500,2793500
310500,2792500
310500,2791500
310500,2790500
310500,2789500
310500,2788500
310500,2787500
310500,2786500
310500,2785500
310500,2784500
310500,2783500
310500,2782500
310500,2781500
310500,2780500
310500,2779500
310500,2778500
310500,2777500
310500,2776500
310500,2775500
310500,2774500
310500,2773500
310500,2772500
310500,2771500
310500,2770500
310500,2769500
310500,2768500
310500,2767500
310500,2766500
310500,2765500
310500,2764500
310500,2763500
310500,2762500
310500,2761500
310500,2760500
310500,2759500
310500,2758500
310500,2757500
310500,2756500
310500,2755500
310500,2754500
310500,2753500
310500,2752500
310500,2751500
310500,2750500
310500,2749500
310500,2748500
310500,2747500
310500,2746500
310500,2745500
310500,2744500
310500,2743500
310500,2742500
310500,2741500
310500,2740500
310500,2739500
310500,2738500
310500,2737500
310500,2736500
310500,2735500
310500,2734500
310500,2733500
310500,2732500
310500,2731500
310500,2730500
310500,2729500
310500,2728500
310500,2727500
310500,2726500
310500,2725500
310500,2724500
310500,2723500
310500,2722500
310500,2721500
310500,2720500
310500,2719500
310500,2718500
310500,2717500
310500,2716500
310500,2715500
310500,2714500
310500,2713500
310500,2712500
310500,2711500
310500,2710500
310500,2709500
310500,2708500
310500,2707500
310500,2706500
310500,2705500
310500,2704500
310500,2703500
310500,2702500
310500,2701500
310500,2700500
310500,2699500
310500,2698500
310500,2697500
310500,2696500
310500,2695500
310500,2694500
310500,2693500
310500,2692500
310500,2691500
310500,2690500
310500,2689500
310500,2688500
310500,2687500
310500,2686500
310500,2685500
310500,2684500
310500,2683500
310500,2682500
310500,2681500
310500,2680500
310500,2679500
310500,2678500
310500,2677500
310500,2676500
310500,2675500
310500,2674500
310500,2673500
310500,2672500
310500,2671500
310500,2670500
310500,2669500
310500,2668500
310500,2667500
310500,2666500
310500,2665500
310500,2664500
310500,2663500
310500,2662500
310500,2661500
310500,2660500
310500,2659500
310500,2658500
310500,2657500
310500,2656500
310500,2655500
310500,2654500
310500,2653500
310500,2652500
310500,2651500
310500,2650500
310500,2649500
310500,2648500
310500,2647500
310500,2646500
310500,2645500
310500,2644500
310500,2643500
310500,2642500
310500,2641500
310500,2640500
310500,2639500
310500,2638500
310500,2637500
310500,2636500
310500,2442500
310500,2437500
310500,2436500
310500,2435500
310500,2434500
310500,2433500
309500,2798500
309500,2797500
309500,2796500
309500,2795500
309500,2794500
309500,2793500
309500,2792500
309500,2791500
309500,2790500
309500,2789500
309500,2788500
309500,2787500
309500,2786500
309500,2785500
309500,2784500
309500,2783500
309500,2782500
309500,2781500
309500,2780500
309500,2779500
309500,2778500
309500,2777500
309500,2776500
309500,2775500
309500,2774500
309500,2773500
309500,2772500
309500,2771500
309500,2770500
309500,2769500
309500,2768500
309500,2767500
309500,2766500
309500,2765500
309500,2764500
309500,2763500
309500,2762500
309500,2761500
309500,2760500
309500,2759500
309500,2758500
309500,2757500
309500,2756500
309500,2755500
309500,2754500
309500,2753500
309500,2752500
309500,2751500
309500,2750500
309500,2749500
309500,2748500
309500,2747500
309500,2746500
309500,2745500
309500,2744500
309500,2743500
309500,2742500
309500,2741500
309500,2740500
309500,2739500
309500,2738500
309500,2737500
309500,2736500
309500,2735500
309500,2734500
309500,2733500
309500,2732500
309500,2731500
309500,2730500
309500,2729500
309500,2728500
309500,2727500
309500,2726500
309500,2725500
309500,2724500
309500,2723500
309500,2722500
309500,2721500
309500,2720500
309500,2719500
309500,2718500
309500,2717500
309500,2716500
309500,2715500
309500,2714500
309500,2713500
309500,2712500
309500,2711500
309500,2710500
309500,2709500
309500,2708500
309500,2707500
309500,2706500
309500,2705500
309500,2704500
309500,2703500
309500,2702500
309500,2701500
309500,2700500
309500,2699500
309500,2698500
309500,2697500
309500,2696500
309500,2695500
309500,2694500
309500,2693500
309500,2692500
309500,2691500
309500,2690500
309500,2689500
309500,2688500
309500,2687500
309500,2686500
309500,2685500
309500,2684500
309500,2683500
309500,2682500
309500,2681500
309500,2680500
309500,2679500
309500,2678500
309500,2677500
309500,2676500
309500,2675500
309500,2674500
309500,2673500
309500,2672500
309500,2671500
309500,2670500
309500,2669500
309500,2668500
309500,2667500
309500,2666500
309500,2665500
309500,2664500
309500,2663500
309500,2662500
309500,2661500
309500,2660500
309500,2659500
309500,2658500
309500,2657500
309500,2656500
309500,2655500
309500,2654500
309500,2653500
309500,2652500
309500,2651500
309500,2650500
309500,2649500
309500,2648500
309500,2647500
309500,2646500
309500,2645500
309500,2644500
309500,2643500
309500,2642500
309500,2641500
309500,2640500
309500,2639500
309500,2638500
309500,2637500
309500,2636500
309500,2635500
309500,2634500
309500,2442500
309500,2440500
309500,2437500
309500,2436500
309500,2435500
309500,2434500
309500,2433500
308500,2799500
308500,2798500
308500,2797500
308500,2796500
308500,2795500
308500,2794500
308500,2793500
308500,2792500
308500,2791500
308500,2790500
308500,2789500
308500,2788500
308500,2787500
308500,2786500
308500,2785500
308500,2784500
308500,2783500
308500,2782500
308500,2781500
308500,2780500
308500,2779500
308500,2778500
308500,2777500
308500,2776500
308500,2775500
308500,2774500
308500,2773500
308500,2772500
308500,2771500
308500,2770500
308500,2769500
308500,2768500
308500,2767500
308500,2766500
308500,2765500
308500,2764500
308500,2763500
308500,2762500
308500,2761500
308500,2760500
308500,2759500
308500,2758500
308500,2757500
308500,2756500
308500,2755500
308500,2754500
308500,2753500
308500,2752500
308500,2751500
308500,2750500
308500,2749500
308500,2748500
308500,2747500
308500,2746500
308500,2745500
308500,2744500
308500,2743500
308500,2742500
308500,2741500
308500,2740500
308500,2739500
308500,2738500
308500,2737500
308500,2736500
308500,2735500
308500,2734500
308500,2733500
308500,2732500
308500,2731500
308500,2730500
308500,2729500
308500,2728500
308500,2727500
308500,2726500
308500,2725500
308500,2724500
308500,2723500
308500,2722500
308500,2721500
308500,2720500
308500,2719500
308500,2718500
308500,2717500
308500,2716500
308500,2715500
308500,2714500
308500,2713500
308500,2712500
308500,2711500
308500,2710500
308500,2709500
308500,2708500
308500,2707500
308500,2706500
308500,2705500
308500,2704500
308500,2703500
308500,2702500
308500,2701500
308500,2700500
308500,2699500
308500,2698500
308500,2697500
308500,2696500
308500,2695500
308500,2694500
308500,2693500
308500,2692500
308500,2691500
308500,2690500
308500,2689500
308500,2688500
308500,2687500
308500,2686500
308500,2685500
308500,2684500
308500,2683500
308500,2682500
308500,2681500
308500,2680500
308500,2679500
308500,2678500
308500,2677500
308500,2676500
308500,2675500
308500,2674500
308500,2673500
308500,2672500
308500,2671500
308500,2670500
308500,2669500
308500,2668500
308500,2667500
308500,2666500
308500,2665500
308500,2664500
308500,2663500
308500,2662500
308500,2661500
308500,2660500
308500,2659500
308500,2658500
308500,2657500
308500,2656500
308500,2655500
308500,2654500
308500,2653500
308500,2652500
308500,2651500
308500,2650500
308500,2649500
308500,2648500
308500,2647500
308500,2646500
308500,2645500
308500,2644500
308500,2643500
308500,2642500
308500,2641500
308500,2640500
308500,2639500
308500,2638500
308500,2637500
308500,2636500
308500,2635500
308500,2634500
308500,2633500
308500,2632500
308500,2631500
308500,2630500
308500,2629500
308500,2628500
308500,2627500
308500,2443500
308500,2442500
308500,2441500
308500,2440500
308500,2439500
308500,2438500
308500,2437500
308500,2436500
308500,2435500
308500,2434500
308500,2433500
307500,2799500
307500,2798500
307500,2797500
307500,2796500
307500,2795500
307500,2794500
307500,2793500
307500,2792500
307500,2791500
307500,2790500
307500,2789500
307500,2788500
307500,2787500
307500,2786500
307500,2785500
307500,2784500
307500,2783500
307500,2782500
307500,2781500
307500,2780500
307500,2779500
307500,2778500
307500,2777500
307500,2776500
307500,2775500
307500,2774500
307500,2773500
307500,2772500
307500,2771500
307500,2770500
307500,2769500
307500,2768500
307500,2767500
307500,2766500
307500,2765500
307500,2764500
307500,2763500
307500,2762500
307500,2761500
307500,2760500
307500,2759500
307500,2758500
307500,2757500
307500,2756500
307500,2755500
307500,2754500
307500,2753500
307500,2752500
307500,2751500
307500,2750500
307500,2749500
307500,2748500
307500,2747500
307500,2746500
307500,2745500
307500,2744500
307500,2743500
307500,2742500
307500,2741500
307500,2740500
307500,2739500
307500,2738500
307500,2737500
307500,2736500
307500,2735500
307500,2734500
307500,2733500
307500,2732500
307500,2731500
307500,2730500
307500,2729500
307500,2728500
307500,2727500
307500,2726500
307500,2725500
307500,2724500
307500,2723500
307500,2722500
307500,2721500
307500,2720500
307500,2719500
307500,2718500
307500,2717500
307500,2716500
307500,2715500
307500,2714500
307500,2713500
307500,2712500
307500,2711500
307500,2710500
307500,2709500
307500,2708500
307500,2707500
307500,2706500
307500,2705500
307500,2704500
307500,2703500
307500,2702500
307500,2701500
307500,2700500
307500,2699500
307500,2698500
307500,2697500
307500,2696500
307500,2695500
307500,2694500
307500,2693500
307500,2692500
307500,2691500
307500,2690500
307500,2689500
307500,2688500
307500,2687500
307500,2686500
307500,2685500
307500,2684500
307500,2683500
307500,2682500
307500,2681500
307500,2680500
307500,2679500
307500,2678500
307500,2677500
307500,2676500
307500,2675500
307500,2674500
307500,2673500
307500,2672500
307500,2671500
307500,2670500
307500,2669500
307500,2668500
307500,2667500
307500,2666500
307500,2665500
307500,2664500
307500,2663500
307500,2662500
307500,2661500
307500,2660500
307500,2659500
307500,2658500
307500,2657500
307500,2656500
307500,2655500
307500,2654500
307500,2653500
307500,2652500
307500,2651500
307500,2650500
307500,2649500
307500,2648500
307500,2647500
307500,2646500
307500,2645500
307500,2644500
307500,2643500
307500,2642500
307500,2641500
307500,2640500
307500,2639500
307500,2638500
307500,2637500
307500,2636500
307500,2635500
307500,2634500
307500,2633500
307500,2632500
307500,2631500
307500,2630500
307500,2629500
307500,2628500
307500,2627500
307500,2626500
307500,2625500
307500,2442500
307500,2441500
307500,2440500
307500,2439500
307500,2438500
307500,2437500
307500,2436500
307500,2435500
306500,2798500
306500,2797500
306500,2796500
306500,2795500
306500,2794500
306500,2793500
306500,2792500
306500,2791500
306500,2790500
306500,2789500
306500,2788500
306500,2787500
306500,2786500
306500,2785500
306500,2784500
306500,2783500
306500,2782500
306500,2781500
306500,2780500
306500,2779500
306500,2778500
306500,2777500
306500,2776500
306500,2775500
306500,2774500
306500,2773500
306500,2772500
306500,2771500
306500,2770500
306500,2769500
306500,2768500
306500,2767500
306500,2766500
306500,2765500
306500,2764500
306500,2763500
306500,2762500
306500,2761500
306500,2760500
306500,2759500
306500,2758500
306500,2757500
306500,2756500
306500,2755500
306500,2754500
306500,2753500
306500,2752500
306500,2751500
306500,2750500
306500,2749500
306500,2748500
306500,2747500
306500,2746500
306500,2745500
306500,2744500
306500,2743500
306500,2742500
306500,2741500
306500,2740500
306500,2739500
306500,2738500
306500,2737500
306500,2736500
306500,2735500
306500,2734500
306500,2733500
306500,2732500
306500,2731500
306500,2730500
306500,2729500
306500,2728500
306500,2727500
306500,2726500
306500,2725500
306500,2724500
306500,2723500
306500,2722500
306500,2721500
306500,2720500
306500,2719500
306500,2718500
306500,2717500
306500,2716500
306500,2715500
306500,2714500
306500,2713500
306500,2712500
306500,2711500
306500,2710500
306500,2709500
306500,2708500
306500,2707500
306500,2706500
306500,2705500
306500,2704500
306500,2703500
306500,2702500
306500,2701500
306500,2700500
306500,2699500
306500,2698500
306500,2697500
306500,2696500
306500,2695500
306500,2694500
306500,2693500
306500,2692500
306500,2691500
306500,2690500
306500,2689500
306500,2688500
306500,2687500
306500,2686500
306500,2685500
306500,2684500
306500,2683500
306500,2682500
306500,2681500
306500,2680500
306500,2679500
306500,2678500
306500,2677500
306500,2676500
306500,2675500
306500,2674500
306500,2673500
306500,2672500
306500,2671500
306500,2670500
306500,2669500
306500,2668500
306500,2667500
306500,2666500
306500,2665500
306500,2664500
306500,2663500
306500,2662500
306500,2661500
306500,2660500
306500,2659500
306500,2658500
306500,2657500
306500,2656500
306500,2655500
306500,2654500
306500,2653500
306500,2652500
306500,2651500
306500,2650500
306500,2649500
306500,2648500
306500,2647500
306500,2646500
306500,2645500
306500,2644500
306500,2643500
306500,2642500
306500,2641500
306500,2640500
306500,2639500
306500,2638500
306500,2637500
306500,2636500
306500,2635500
306500,2634500
306500,2633500
306500,2632500
306500,2631500
306500,2630500
306500,2629500
306500,2628500
306500,2627500
306500,2626500
306500,2625500
306500,2624500
306500,2623500
306500,2622500
306500,2621500
306500,2620500
306500,2442500
306500,2441500
306500,2440500
306500,2439500
306500,2438500
306500,2437500
306500,2436500
305500,2798500
305500,2797500
305500,2796500
305500,2795500
305500,2794500
305500,2793500
305500,2792500
305500,2791500
305500,2790500
305500,2789500
305500,2788500
305500,2787500
305500,2786500
305500,2785500
305500,2784500
305500,2783500
305500,2782500
305500,2781500
305500,2780500
305500,2779500
305500,2778500
305500,2777500
305500,2776500
305500,2775500
305500,2774500
305500,2773500
305500,2772500
305500,2771500
305500,2770500
305500,2769500
305500,2768500
305500,2767500
305500,2766500
305500,2765500
305500,2764500
305500,2763500
305500,2762500
305500,2761500
305500,2760500
305500,2759500
305500,2758500
305500,2757500
305500,2756500
305500,2755500
305500,2754500
305500,2753500
305500,2752500
305500,2751500
305500,2750500
305500,2749500
305500,2748500
305500,2747500
305500,2746500
305500,2745500
305500,2744500
305500,2743500
305500,2742500
305500,2741500
305500,2740500
305500,2739500
305500,2738500
305500,2737500
305500,2736500
305500,2735500
305500,2734500
305500,2733500
305500,2732500
305500,2731500
305500,2730500
305500,2729500
305500,2728500
305500,2727500
305500,2726500
305500,2725500
305500,2724500
305500,2723500
305500,2722500
305500,2721500
305500,2720500
305500,2719500
305500,2718500
305500,2717500
305500,2716500
305500,2715500
305500,2714500
305500,2713500
305500,2712500
305500,2711500
305500,2710500
305500,2709500
305500,2708500
305500,2707500
305500,2706500
305500,2705500
305500,2704500
305500,2703500
305500,2702500
305500,2701500
305500,2700500
305500,2699500
305500,2698500
305500,2697500
305500,2696500
305500,2695500
305500,2694500
305500,2693500
305500,2692500
305500,2691500
305500,2690500
305500,2689500
305500,2688500
305500,2687500
305500,2686500
305500,2685500
305500,2684500
305500,2683500
305500,2682500
305500,2681500
305500,2680500
305500,2679500
305500,2678500
305500,2677500
305500,2676500
305500,2675500
305500,2674500
305500,2673500
305500,2672500
305500,2671500
305500,2670500
305500,2669500
305500,2668500
305500,2667500
305500,2666500
305500,2665500
305500,2664500
305500,2663500
305500,2662500
305500,2661500
305500,2660500
305500,2659500
305500,2658500
305500,2657500
305500,2656500
305500,2655500
305500,2654500
305500,2653500
305500,2652500
305500,2651500
305500,2650500
305500,2649500
305500,2648500
305500,2647500
305500,2646500
305500,2645500
305500,2644500
305500,2643500
305500,2642500
305500,2641500
305500,2640500
305500,2639500
305500,2638500
305500,2637500
305500,2636500
305500,2635500
305500,2634500
305500,2633500
305500,2632500
305500,2631500
305500,2630500
305500,2629500
305500,2628500
305500,2627500
305500,2626500
305500,2625500
305500,2624500
305500,2623500
305500,2622500
305500,2621500
305500,2620500
305500,2619500
305500,2618500
305500,2617500
305500,2616500
305500,2442500
305500,2441500
305500,2440500
305500,2439500
305500,2438500
305500,2437500
305500,2436500
304500,2799500
304500,2798500
304500,2797500
304500,2796500
304500,2795500
304500,2794500
304500,2793500
304500,2792500
304500,2791500
304500,2790500
304500,2789500
304500,2788500
304500,2787500
304500,2786500
304500,2785500
304500,2784500
304500,2783500
304500,2782500
304500,2781500
304500,2780500
304500,2779500
304500,2778500
304500,2777500
304500,2776500
304500,2775500
304500,2774500
304500,2773500
304500,2772500
304500,2771500
304500,2770500
304500,2769500
304500,2768500
304500,2767500
304500,2766500
304500,2765500
304500,2764500
304500,2763500
304500,2762500
304500,2761500
304500,2760500
304500,2759500
304500,2758500
304500,2757500
304500,2756500
304500,2755500
304500,2754500
304500,2753500
304500,2752500
304500,2751500
304500,2750500
304500,2749500
304500,2748500
304500,2747500
304500,2746500
304500,2745500
304500,2744500
304500,2743500
304500,2742500
304500,2741500
304500,2740500
304500,2739500
304500,2738500
304500,2737500
304500,2736500
304500,2735500
304500,2734500
304500,2733500
304500,2732500
304500,2731500
304500,2730500
304500,2729500
304500,2728500
304500,2727500
304500,2726500
304500,2725500
304500,2724500
304500,2723500
304500,2722500
304500,2721500
304500,2720500
304500,2719500
304500,2718500
304500,2717500
304500,2716500
304500,2715500
304500,2714500
304500,2713500
304500,2712500
304500,2711500
304500,2710500
304500,2709500
304500,2708500
304500,2707500
304500,2706500
304500,2705500
304500,2704500
304500,2703500
304500,2702500
304500,2701500
304500,2700500
304500,2699500
304500,2698500
304500,2697500
304500,2696500
304500,2695500
304500,2694500
304500,2693500
304500,2692500
304500,2691500
304500,2690500
304500,2689500
304500,2688500
304500,2687500
304500,2686500
304500,2685500
304500,2684500
304500,2683500
304500,2682500
304500,2681500
304500,2680500
304500,2679500
304500,2678500
304500,2677500
304500,2676500
304500,2675500
304500,2674500
304500,2673500
304500,2672500
304500,2671500
304500,2670500
304500,2669500
304500,2668500
304500,2667500
304500,2666500
304500,2665500
304500,2664500
304500,2663500
304500,2662500
304500,2661500
304500,2660500
304500,2659500
304500,2658500
304500,2657500
304500,2656500
304500,2655500
304500,2654500
304500,2653500
304500,2652500
304500,2651500
304500,2650500
304500,2649500
304500,2648500
304500,2647500
304500,2646500
304500,2645500
304500,2644500
304500,2643500
304500,2642500
304500,2641500
304500,2640500
304500,2639500
304500,2638500
304500,2637500
304500,2636500
304500,2635500
304500,2634500
304500,2633500
304500,2632500
304500,2631500
304500,2630500
304500,2629500
304500,2628500
304500,2627500
304500,2626500
304500,2625500
304500,2624500
304500,2623500
304500,2622500
304500,2621500
304500,2620500
304500,2619500
304500,2618500
304500,2617500
304500,2616500
304500,2615500
304500,2614500
304500,2613500
304500,2612500
304500,2611500
304500,2610500
304500,2442500
304500,2441500
304500,2440500
304500,2439500
304500,2438500
304500,2437500
304500,2436500
303500,2799500
303500,2798500
303500,2797500
303500,2796500
303500,2795500
303500,2794500
303500,2793500
303500,2792500
303500,2791500
303500,2790500
303500,2789500
303500,2788500
303500,2787500
303500,2786500
303500,2785500
303500,2784500
303500,2783500
303500,2782500
303500,2781500
303500,2780500
303500,2779500
303500,2778500
303500,2777500
303500,2776500
303500,2775500
303500,2774500
303500,2773500
303500,2772500
303500,2771500
303500,2770500
303500,2769500
303500,2768500
303500,2767500
303500,2766500
303500,2765500
303500,2764500
303500,2763500
303500,2762500
303500,2761500
303500,2760500
303500,2759500
303500,2758500
303500,2757500
303500,2756500
303500,2755500
303500,2754500
303500,2753500
303500,2752500
303500,2751500
303500,2750500
303500,2749500
303500,2748500
303500,2747500
303500,2746500
303500,2745500
303500,2744500
303500,2743500
303500,2742500
303500,2741500
303500,2740500
303500,2739500
303500,2738500
303500,2737500
303500,2736500
303500,2735500
303500,2734500
303500,2733500
303500,2732500
303500,2731500
303500,2730500
303500,2729500
303500,2728500
303500,2727500
303500,2726500
303500,2725500
303500,2724500
303500,2723500
303500,2722500
303500,2721500
303500,2720500
303500,2719500
303500,2718500
303500,2717500
303500,2716500
303500,2715500
303500,2714500
303500,2713500
303500,2712500
303500,2711500
303500,2710500
303500,2709500
303500,2708500
303500,2707500
303500,2706500
303500,2705500
303500,2704500
303500,2703500
303500,2702500
303500,2701500
303500,2700500
303500,2699500
303500,2698500
303500,2697500
303500,2696500
303500,2695500
303500,2694500
303500,2693500
303500,2692500
303500,2691500
303500,2690500
303500,2689500
303500,2688500
303500,2687500
303500,2686500
303500,2685500
303500,2684500
303500,2683500
303500,2682500
303500,2681500
303500,2680500
303500,2679500
303500,2678500
303500,2677500
303500,2676500
303500,2675500
303500,2674500
303500,2673500
303500,2672500
303500,2671500
303500,2670500
303500,2669500
303500,2668500
303500,2667500
303500,2666500
303500,2665500
303500,2664500
303500,2663500
303500,2662500
303500,2661500
303500,2660500
303500,2659500
303500,2658500
303500,2657500
303500,2656500
303500,2655500
303500,2654500
303500,2653500
303500,2652500
303500,2651500
303500,2650500
303500,2649500
303500,2648500
303500,2647500
303500,2646500
303500,2645500
303500,2644500
303500,2643500
303500,2642500
303500,2641500
303500,2640500
303500,2639500
303500,2638500
303500,2637500
303500,2636500
303500,2635500
303500,2634500
303500,2633500
303500,2632500
303500,2631500
303500,2630500
303500,2629500
303500,2628500
303500,2627500
303500,2626500
303500,2625500
303500,2624500
303500,2623500
303500,2622500
303500,2621500
303500,2620500
303500,2619500
303500,2618500
303500,2617500
303500,2616500
303500,2615500
303500,2614500
303500,2613500
303500,2612500
303500,2611500
303500,2610500
303500,2609500
303500,2608500
303500,2607500
303500,2606500
303500,2442500
303500,2441500
303500,2440500
303500,2439500
303500,2438500
303500,2437500
302500,2797500
302500,2796500
302500,2795500
302500,2794500
302500,2793500
302500,2792500
302500,2791500
302500,2790500
302500,2789500
302500,2788500
302500,2787500
302500,2786500
302500,2785500
302500,2784500
302500,2783500
302500,2782500
302500,2781500
302500,2780500
302500,2779500
302500,2778500
302500,2777500
302500,2776500
302500,2775500
302500,2774500
302500,2773500
302500,2772500
302500,2771500
302500,2770500
302500,2769500
302500,2768500
302500,2767500
302500,2766500
302500,2765500
302500,2764500
302500,2763500
302500,2762500
302500,2761500
302500,2760500
302500,2759500
302500,2758500
302500,2757500
302500,2756500
302500,2755500
302500,2754500
302500,2753500
302500,2752500
302500,2751500
302500,2750500
302500,2749500
302500,2748500
302500,2747500
302500,2746500
302500,2745500
302500,2744500
302500,2743500
302500,2742500
302500,2741500
302500,2740500
302500,2739500
302500,2738500
302500,2737500
302500,2736500
302500,2735500
302500,2734500
302500,2733500
302500,2732500
302500,2731500
302500,2730500
302500,2729500
302500,2728500
302500,2727500
302500,2726500
302500,2725500
302500,2724500
302500,2723500
302500,2722500
302500,2721500
302500,2720500
302500,2719500
302500,2718500
302500,2717500
302500,2716500
302500,2715500
302500,2714500
302500,2713500
302500,2712500
302500,2711500
302500,2710500
302500,2709500
302500,2708500
302500,2707500
302500,2706500
302500,2705500
302500,2704500
302500,2703500
302500,2702500
302500,2701500
302500,2700500
302500,2699500
302500,2698500
302500,2697500
302500,2696500
302500,2695500
302500,2694500
302500,2693500
302500,2692500
302500,2691500
302500,2690500
302500,2689500
302500,2688500
302500,2687500
302500,2686500
302500,2685500
302500,2684500
302500,2683500
302500,2682500
302500,2681500
302500,2680500
302500,2679500
302500,2678500
302500,2677500
302500,2676500
302500,2675500
302500,2674500
302500,2673500
302500,2672500
302500,2671500
302500,2670500
302500,2669500
302500,2668500
302500,2667500
302500,2666500
302500,2665500
302500,2664500
302500,2663500
302500,2662500
302500,2661500
302500,2660500
302500,2659500
302500,2658500
302500,2657500
302500,2656500
302500,2655500
302500,2654500
302500,2653500
302500,2652500
302500,2651500
302500,2650500
302500,2649500
302500,2648500
302500,2647500
302500,2646500
302500,2645500
302500,2644500
302500,2643500
302500,2642500
302500,2641500
302500,2640500
302500,2639500
302500,2638500
302500,2637500
302500,2636500
302500,2635500
302500,2634500
302500,2633500
302500,2632500
302500,2631500
302500,2630500
302500,2629500
302500,2628500
302500,2627500
302500,2626500
302500,2625500
302500,2624500
302500,2623500
302500,2622500
302500,2621500
302500,2620500
302500,2619500
302500,2618500
302500,2617500
302500,2616500
302500,2615500
302500,2614500
302500,2613500
302500,2612500
302500,2611500
302500,2610500
302500,2609500
302500,2608500
302500,2607500
302500,2606500
302500,2605500
302500,2604500
302500,2598500
302500,2597500
302500,2596500
302500,2509500
302500,2508500
302500,2507500
302500,2506500
302500,2505500
302500,2504500
302500,2503500
302500,2443500
302500,2442500
302500,2441500
302500,2440500
302500,2439500
302500,2438500
301500,2798500
301500,2797500
301500,2796500
301500,2795500
301500,2794500
301500,2793500
301500,2792500
301500,2791500
301500,2790500
301500,2789500
301500,2788500
301500,2787500
301500,2786500
301500,2785500
301500,2784500
301500,2783500
301500,2782500
301500,2781500
301500,2780500
301500,2779500
301500,2778500
301500,2777500
301500,2776500
301500,2775500
301500,2774500
301500,2773500
301500,2772500
301500,2771500
301500,2770500
301500,2769500
301500,2768500
301500,2767500
301500,2766500
301500,2765500
301500,2764500
301500,2763500
301500,2762500
301500,2761500
301500,2760500
301500,2759500
301500,2758500
301500,2757500
301500,2756500
301500,2755500
301500,2754500
301500,2753500
301500,2752500
301500,2751500
301500,2750500
301500,2749500
301500,2748500
301500,2747500
301500,2746500
301500,2745500
301500,2744500
301500,2743500
301500,2742500
301500,2741500
301500,2740500
301500,2739500
301500,2738500
301500,2737500
301500,2736500
301500,2735500
301500,2734500
301500,2733500
301500,2732500
301500,2731500
301500,2730500
301500,2729500
301500,2728500
301500,2727500
301500,2726500
301500,2725500
301500,2724500
301500,2723500
301500,2722500
301500,2721500
301500,2720500
301500,2719500
301500,2718500
301500,2717500
301500,2716500
301500,2715500
301500,2714500
301500,2713500
301500,2712500
301500,2711500
301500,2710500
301500,2709500
301500,2708500
301500,2707500
301500,2706500
301500,2705500
301500,2704500
301500,2703500
301500,2702500
301500,2701500
301500,2700500
301500,2699500
301500,2698500
301500,2697500
301500,2696500
301500,2695500
301500,2694500
301500,2693500
301500,2692500
301500,2691500
301500,2690500
301500,2689500
301500,2688500
301500,2687500
301500,2686500
301500,2685500
301500,2684500
301500,2683500
301500,2682500
301500,2681500
301500,2680500
301500,2679500
301500,2678500
301500,2677500
301500,2676500
301500,2675500
301500,2674500
301500,2673500
301500,2672500
301500,2671500
301500,2670500
301500,2669500
301500,2668500
301500,2667500
301500,2666500
301500,2665500
301500,2664500
301500,2663500
301500,2662500
301500,2661500
301500,2660500
301500,2659500
301500,2658500
301500,2657500
301500,2656500
301500,2655500
301500,2654500
301500,2653500
301500,2652500
301500,2651500
301500,2650500
301500,2649500
301500,2648500
301500,2647500
301500,2646500
301500,2645500
301500,2644500
301500,2643500
301500,2642500
301500,2641500
301500,2640500
301500,2639500
301500,2638500
301500,2637500
301500,2636500
301500,2635500
301500,2634500
301500,2633500
301500,2632500
301500,2631500
301500,2630500
301500,2629500
301500,2628500
301500,2627500
301500,2626500
301500,2625500
301500,2624500
301500,2623500
301500,2622500
301500,2621500
301500,2620500
301500,2619500
301500,2618500
301500,2617500
301500,2616500
301500,2615500
301500,2614500
301500,2613500
301500,2612500
301500,2611500
301500,2610500
301500,2609500
301500,2608500
301500,2607500
301500,2606500
301500,2605500
301500,2604500
301500,2603500
301500,2602500
301500,2601500
301500,2600500
301500,2599500
301500,2598500
301500,2597500
301500,2596500
301500,2595500
301500,2594500
301500,2508500
301500,2507500
301500,2506500
301500,2505500
301500,2504500
301500,2503500
301500,2443500
301500,2442500
300500,2797500
300500,2796500
300500,2795500
300500,2794500
300500,2793500
300500,2792500
300500,2791500
300500,2790500
300500,2789500
300500,2788500
300500,2787500
300500,2786500
300500,2785500
300500,2784500
300500,2783500
300500,2782500
300500,2781500
300500,2780500
300500,2779500
300500,2778500
300500,2777500
300500,2776500
300500,2775500
300500,2774500
300500,2773500
300500,2772500
300500,2771500
300500,2770500
300500,2769500
300500,2768500
300500,2767500
300500,2766500
300500,2765500
300500,2764500
300500,2763500
300500,2762500
300500,2761500
300500,2760500
300500,2759500
300500,2758500
300500,2757500
300500,2756500
300500,2755500
300500,2754500
300500,2753500
300500,2752500
300500,2751500
300500,2750500
300500,2749500
300500,2748500
300500,2747500
300500,2746500
300500,2745500
300500,2744500
300500,2743500
300500,2742500
300500,2741500
300500,2740500
300500,2739500
300500,2738500
300500,2737500
300500,2736500
300500,2735500
300500,2734500
300500,2733500
300500,2732500
300500,2731500
300500,2730500
300500,2729500
300500,2728500
300500,2727500
300500,2726500
300500,2725500
300500,2724500
300500,2723500
300500,2722500
300500,2721500
300500,2720500
300500,2719500
300500,2718500
300500,2717500
300500,2716500
300500,2715500
300500,2714500
300500,2713500
300500,2712500
300500,2711500
300500,2710500
300500,2709500
300500,2708500
300500,2707500
300500,2706500
300500,2705500
300500,2704500
300500,2703500
300500,2702500
300500,2701500
300500,2700500
300500,2699500
300500,2698500
300500,2697500
300500,2696500
300500,2695500
300500,2694500
300500,2693500
300500,2692500
300500,2691500
300500,2690500
300500,2689500
300500,2688500
300500,2687500
300500,2686500
300500,2685500
300500,2684500
300500,2683500
300500,2682500
300500,2681500
300500,2680500
300500,2679500
300500,2678500
300500,2677500
300500,2676500
300500,2675500
300500,2674500
300500,2673500
300500,2672500
300500,2671500
300500,2670500
300500,2669500
300500,2668500
300500,2667500
300500,2666500
300500,2665500
300500,2664500
300500,2663500
300500,2662500
300500,2661500
300500,2660500
300500,2659500
300500,2658500
300500,2657500
300500,2656500
300500,2655500
300500,2654500
300500,2653500
300500,2652500
300500,2651500
300500,2650500
300500,2649500
300500,2648500
300500,2647500
300500,2646500
300500,2645500
300500,2644500
300500,2643500
300500,2642500
300500,2641500
300500,2640500
300500,2639500
300500,2638500
300500,2637500
300500,2636500
300500,2635500
300500,2634500
300500,2633500
300500,2632500
300500,2631500
300500,2630500
300500,2629500
300500,2628500
300500,2627500
300500,2626500
300500,2625500
300500,2624500
300500,2623500
300500,2622500
300500,2621500
300500,2620500
300500,2619500
300500,2618500
300500,2617500
300500,2616500
300500,2615500
300500,2614500
300500,2613500
300500,2612500
300500,2611500
300500,2610500
300500,2609500
300500,2608500
300500,2607500
300500,2606500
300500,2605500
300500,2604500
300500,2603500
300500,2602500
300500,2601500
300500,2600500
300500,2599500
300500,2598500
300500,2597500
300500,2596500
300500,2595500
300500,2594500
300500,2593500
300500,2592500
300500,2591500
300500,2508500
300500,2507500
300500,2506500
300500,2505500
300500,2504500
300500,2503500
299500,2796500
299500,2795500
299500,2794500
299500,2793500
299500,2792500
299500,2791500
299500,2790500
299500,2789500
299500,2788500
299500,2787500
299500,2786500
299500,2785500
299500,2784500
299500,2783500
299500,2782500
299500,2781500
299500,2780500
299500,2779500
299500,2778500
299500,2777500
299500,2776500
299500,2775500
299500,2774500
299500,2773500
299500,2772500
299500,2771500
299500,2770500
299500,2769500
299500,2768500
299500,2767500
299500,2766500
299500,2765500
299500,2764500
299500,2763500
299500,2762500
299500,2761500
299500,2760500
299500,2759500
299500,2758500
299500,2757500
299500,2756500
299500,2755500
299500,2754500
299500,2753500
299500,2752500
299500,2751500
299500,2750500
299500,2749500
299500,2748500
299500,2747500
299500,2746500
299500,2745500
299500,2744500
299500,2743500
299500,2742500
299500,2741500
299500,2740500
299500,2739500
299500,2738500
299500,2737500
299500,2736500
299500,2735500
299500,2734500
299500,2733500
299500,2732500
299500,2731500
299500,2730500
299500,2729500
299500,2728500
299500,2727500
299500,2726500
299500,2725500
299500,2724500
299500,2723500
299500,2722500
299500,2721500
299500,2720500
299500,2719500
299500,2718500
299500,2717500
299500,2716500
299500,2715500
299500,2714500
299500,2713500
299500,2712500
299500,2711500
299500,2710500
299500,2709500
299500,2708500
299500,2707500
299500,2706500
299500,2705500
299500,2704500
299500,2703500
299500,2702500
299500,2701500
299500,2700500
299500,2699500
299500,2698500
299500,2697500
299500,2696500
299500,2695500
299500,2694500
299500,2693500
299500,2692500
299500,2691500
299500,2690500
299500,2689500
299500,2688500
299500,2687500
299500,2686500
299500,2685500
299500,2684500
299500,2683500
299500,2682500
299500,2681500
299500,2680500
299500,2679500
299500,2678500
299500,2677500
299500,2676500
299500,2675500
299500,2674500
299500,2673500
299500,2672500
299500,2671500
299500,2670500
299500,2669500
299500,2668500
299500,2667500
299500,2666500
299500,2665500
299500,2664500
299500,2663500
299500,2662500
299500,2661500
299500,2660500
299500,2659500
299500,2658500
299500,2657500
299500,2656500
299500,2655500
299500,2654500
299500,2653500
299500,2652500
299500,2651500
299500,2650500
299500,2649500
299500,2648500
299500,2647500
299500,2646500
299500,2645500
299500,2644500
299500,2643500
299500,2642500
299500,2641500
299500,2640500
299500,2639500
299500,2638500
299500,2637500
299500,2636500
299500,2635500
299500,2634500
299500,2633500
299500,2632500
299500,2631500
299500,2630500
299500,2629500
299500,2628500
299500,2627500
299500,2626500
299500,2625500
299500,2624500
299500,2623500
299500,2622500
299500,2621500
299500,2620500
299500,2619500
299500,2618500
299500,2617500
299500,2616500
299500,2615500
299500,2614500
299500,2613500
299500,2612500
299500,2611500
299500,2610500
299500,2609500
299500,2608500
299500,2607500
299500,2606500
299500,2605500
299500,2604500
299500,2603500
299500,2602500
299500,2601500
299500,2600500
299500,2599500
299500,2598500
299500,2597500
299500,2596500
299500,2595500
299500,2594500
299500,2593500
299500,2592500
299500,2591500
299500,2590500
299500,2589500
299500,2588500
299500,2508500
299500,2507500
299500,2506500
299500,2505500
299500,2504500
298500,2796500
298500,2795500
298500,2794500
298500,2793500
298500,2792500
298500,2791500
298500,2790500
298500,2789500
298500,2788500
298500,2787500
298500,2786500
298500,2785500
298500,2784500
298500,2783500
298500,2782500
298500,2781500
298500,2780500
298500,2779500
298500,2778500
298500,2777500
298500,2776500
298500,2775500
298500,2774500
298500,2773500
298500,2772500
298500,2771500
298500,2770500
298500,2769500
298500,2768500
298500,2767500
298500,2766500
298500,2765500
298500,2764500
298500,2763500
298500,2762500
298500,2761500
298500,2760500
298500,2759500
298500,2758500
298500,2757500
298500,2756500
298500,2755500
298500,2754500
298500,2753500
298500,2752500
298500,2751500
298500,2750500
298500,2749500
298500,2748500
298500,2747500
298500,2746500
298500,2745500
298500,2744500
298500,2743500
298500,2742500
298500,2741500
298500,2740500
298500,2739500
298500,2738500
298500,2737500
298500,2736500
298500,2735500
298500,2734500
298500,2733500
298500,2732500
298500,2731500
298500,2730500
298500,2729500
298500,2728500
298500,2727500
298500,2726500
298500,2725500
298500,2724500
298500,2723500
298500,2722500
298500,2721500
298500,2720500
298500,2719500
298500,2718500
298500,2717500
298500,2716500
298500,2715500
298500,2714500
298500,2713500
298500,2712500
298500,2711500
298500,2710500
298500,2709500
298500,2708500
298500,2707500
298500,2706500
298500,2705500
298500,2704500
298500,2703500
298500,2702500
298500,2701500
298500,2700500
298500,2699500
298500,2698500
298500,2697500
298500,2696500
298500,2695500
298500,2694500
298500,2693500
298500,2692500
298500,2691500
298500,2690500
298500,2689500
298500,2688500
298500,2687500
298500,2686500
298500,2685500
298500,2684500
298500,2683500
298500,2682500
298500,2681500
298500,2680500
298500,2679500
298500,2678500
298500,2677500
298500,2676500
298500,2675500
298500,2674500
298500,2673500
298500,2672500
298500,2671500
298500,2670500
298500,2669500
298500,2668500
298500,2667500
298500,2666500
298500,2665500
298500,2664500
298500,2663500
298500,2662500
298500,2661500
298500,2660500
298500,2659500
298500,2658500
298500,2657500
298500,2656500
298500,2655500
298500,2654500
298500,2653500
298500,2652500
298500,2651500
298500,2650500
298500,2649500
298500,2648500
298500,2647500
298500,2646500
298500,2645500
298500,2644500
298500,2643500
298500,2642500
298500,2641500
298500,2640500
298500,2639500
298500,2638500
298500,2637500
298500,2636500
298500,2635500
298500,2634500
298500,2633500
298500,2632500
298500,2631500
298500,2630500
298500,2629500
298500,2628500
298500,2627500
298500,2626500
298500,2625500
298500,2624500
298500,2623500
298500,2622500
298500,2621500
298500,2620500
298500,2619500
298500,2618500
298500,2617500
298500,2616500
298500,2615500
298500,2614500
298500,2613500
298500,2612500
298500,2611500
298500,2610500
298500,2609500
298500,2608500
298500,2607500
298500,2606500
298500,2605500
298500,2604500
298500,2603500
298500,2602500
298500,2601500
298500,2600500
298500,2599500
298500,2598500
298500,2597500
298500,2596500
298500,2595500
298500,2594500
298500,2593500
298500,2592500
298500,2591500
298500,2590500
298500,2589500
298500,2588500
298500,2587500
298500,2586500
298500,2585500
298500,2584500
298500,2583500
298500,2508500
298500,2507500
298500,2506500
298500,2505500
297500,2795500
297500,2794500
297500,2793500
297500,2792500
297500,2791500
297500,2790500
297500,2789500
297500,2788500
297500,2787500
297500,2786500
297500,2785500
297500,2784500
297500,2783500
297500,2782500
297500,2781500
297500,2780500
297500,2779500
297500,2778500
297500,2777500
297500,2776500
297500,2775500
297500,2774500
297500,2773500
297500,2772500
297500,2771500
297500,2770500
297500,2769500
297500,2768500
297500,2767500
297500,2766500
297500,2765500
297500,2764500
297500,2763500
297500,2762500
297500,2761500
297500,2760500
297500,2759500
297500,2758500
297500,2757500
297500,2756500
297500,2755500
297500,2754500
297500,2753500
297500,2752500
297500,2751500
297500,2750500
297500,2749500
297500,2748500
297500,2747500
297500,2746500
297500,2745500
297500,2744500
297500,2743500
297500,2742500
297500,2741500
297500,2740500
297500,2739500
297500,2738500
297500,2737500
297500,2736500
297500,2735500
297500,2734500
297500,2733500
297500,2732500
297500,2731500
297500,2730500
297500,2729500
297500,2728500
297500,2727500
297500,2726500
297500,2725500
297500,2724500
297500,2723500
297500,2722500
297500,2721500
297500,2720500
297500,2719500
297500,2718500
297500,2717500
297500,2716500
297500,2715500
297500,2714500
297500,2713500
297500,2712500
297500,2711500
297500,2710500
297500,2709500
297500,2708500
297500,2707500
297500,2706500
297500,2705500
297500,2704500
297500,2703500
297500,2702500
297500,2701500
297500,2700500
297500,2699500
297500,2698500
297500,2697500
297500,2696500
297500,2695500
297500,2694500
297500,2693500
297500,2692500
297500,2691500
297500,2690500
297500,2689500
297500,2688500
297500,2687500
297500,2686500
297500,2685500
297500,2684500
297500,2683500
297500,2682500
297500,2681500
297500,2680500
297500,2679500
297500,2678500
297500,2677500
297500,2676500
297500,2675500
297500,2674500
297500,2673500
297500,2672500
297500,2671500
297500,2670500
297500,2669500
297500,2668500
297500,2667500
297500,2666500
297500,2665500
297500,2664500
297500,2663500
297500,2662500
297500,2661500
297500,2660500
297500,2659500
297500,2658500
297500,2657500
297500,2656500
297500,2655500
297500,2654500
297500,2653500
297500,2652500
297500,2651500
297500,2650500
297500,2649500
297500,2648500
297500,2647500
297500,2646500
297500,2645500
297500,2644500
297500,2643500
297500,2642500
297500,2641500
297500,2640500
297500,2639500
297500,2638500
297500,2637500
297500,2636500
297500,2635500
297500,2634500
297500,2633500
297500,2632500
297500,2631500
297500,2630500
297500,2629500
297500,2628500
297500,2627500
297500,2626500
297500,2625500
297500,2624500
297500,2623500
297500,2622500
297500,2621500
297500,2620500
297500,2619500
297500,2618500
297500,2617500
297500,2616500
297500,2615500
297500,2614500
297500,2613500
297500,2612500
297500,2611500
297500,2610500
297500,2609500
297500,2608500
297500,2607500
297500,2606500
297500,2605500
297500,2604500
297500,2603500
297500,2602500
297500,2601500
297500,2600500
297500,2599500
297500,2598500
297500,2597500
297500,2596500
297500,2595500
297500,2594500
297500,2593500
297500,2592500
297500,2591500
297500,2590500
297500,2589500
297500,2588500
297500,2587500
297500,2586500
297500,2585500
297500,2584500
297500,2583500
297500,2582500
297500,2581500
297500,2580500
297500,2579500
297500,2578500
297500,2508500
297500,2507500
297500,2506500
296500,2793500
296500,2792500
296500,2791500
296500,2790500
296500,2789500
296500,2788500
296500,2787500
296500,2786500
296500,2785500
296500,2784500
296500,2783500
296500,2782500
296500,2781500
296500,2780500
296500,2779500
296500,2778500
296500,2777500
296500,2776500
296500,2775500
296500,2774500
296500,2773500
296500,2772500
296500,2771500
296500,2770500
296500,2769500
296500,2768500
296500,2767500
296500,2766500
296500,2765500
296500,2764500
296500,2763500
296500,2762500
296500,2761500
296500,2760500
296500,2759500
296500,2758500
296500,2757500
296500,2756500
296500,2755500
296500,2754500
296500,2753500
296500,2752500
296500,2751500
296500,2750500
296500,2749500
296500,2748500
296500,2747500
296500,2746500
296500,2745500
296500,2744500
296500,2743500
296500,2742500
296500,2741500
296500,2740500
296500,2739500
296500,2738500
296500,2737500
296500,2736500
296500,2735500
296500,2734500
296500,2733500
296500,2732500
296500,2731500
296500,2730500
296500,2729500
296500,2728500
296500,2727500
296500,2726500
296500,2725500
296500,2724500
296500,2723500
296500,2722500
296500,2721500
296500,2720500
296500,2719500
296500,2718500
296500,2717500
296500,2716500
296500,2715500
296500,2714500
296500,2713500
296500,2712500
296500,2711500
296500,2710500
296500,2709500
296500,2708500
296500,2707500
296500,2706500
296500,2705500
296500,2704500
296500,2703500
296500,2702500
296500,2701500
296500,2700500
296500,2699500
296500,2698500
296500,2697500
296500,2696500
296500,2695500
296500,2694500
296500,2693500
296500,2692500
296500,2691500
296500,2690500
296500,2689500
296500,2688500
296500,2687500
296500,2686500
296500,2685500
296500,2684500
296500,2683500
296500,2682500
296500,2681500
296500,2680500
296500,2679500
296500,2678500
296500,2677500
296500,2676500
296500,2675500
296500,2674500
296500,2673500
296500,2672500
296500,2671500
296500,2670500
296500,2669500
296500,2668500
296500,2667500
296500,2666500
296500,2665500
296500,2664500
296500,2663500
296500,2662500
296500,2661500
296500,2660500
296500,2659500
296500,2658500
296500,2657500
296500,2656500
296500,2655500
296500,2654500
296500,2653500
296500,2652500
296500,2651500
296500,2650500
296500,2649500
296500,2648500
296500,2647500
296500,2646500
296500,2645500
296500,2644500
296500,2643500
296500,2642500
296500,2641500
296500,2640500
296500,2639500
296500,2638500
296500,2637500
296500,2636500
296500,2635500
296500,2634500
296500,2633500
296500,2632500
296500,2631500
296500,2630500
296500,2629500
296500,2628500
296500,2627500
296500,2626500
296500,2625500
296500,2624500
296500,2623500
296500,2622500
296500,2621500
296500,2620500
296500,2619500
296500,2618500
296500,2617500
296500,2616500
296500,2615500
296500,2614500
296500,2613500
296500,2612500
296500,2611500
296500,2610500
296500,2609500
296500,2608500
296500,2607500
296500,2606500
296500,2605500
296500,2604500
296500,2603500
296500,2602500
296500,2601500
296500,2600500
296500,2599500
296500,2598500
296500,2597500
296500,2596500
296500,2595500
296500,2594500
296500,2593500
296500,2592500
296500,2591500
296500,2590500
296500,2589500
296500,2588500
296500,2587500
296500,2586500
296500,2585500
296500,2584500
296500,2583500
296500,2582500
296500,2581500
296500,2580500
296500,2579500
296500,2578500
295500,2793500
295500,2792500
295500,2791500
295500,2790500
295500,2789500
295500,2788500
295500,2787500
295500,2786500
295500,2785500
295500,2784500
295500,2783500
295500,2782500
295500,2781500
295500,2780500
295500,2779500
295500,2778500
295500,2777500
295500,2776500
295500,2775500
295500,2774500
295500,2773500
295500,2772500
295500,2771500
295500,2770500
295500,2769500
295500,2768500
295500,2767500
295500,2766500
295500,2765500
295500,2764500
295500,2763500
295500,2762500
295500,2761500
295500,2760500
295500,2759500
295500,2758500
295500,2757500
295500,2756500
295500,2755500
295500,2754500
295500,2753500
295500,2752500
295500,2751500
295500,2750500
295500,2749500
295500,2748500
295500,2747500
295500,2746500
295500,2745500
295500,2744500
295500,2743500
295500,2742500
295500,2741500
295500,2740500
295500,2739500
295500,2738500
295500,2737500
295500,2736500
295500,2735500
295500,2734500
295500,2733500
295500,2732500
295500,2731500
295500,2730500
295500,2729500
295500,2728500
295500,2727500
295500,2726500
295500,2725500
295500,2724500
295500,2723500
295500,2722500
295500,2721500
295500,2720500
295500,2719500
295500,2718500
295500,2717500
295500,2716500
295500,2715500
295500,2714500
295500,2713500
295500,2712500
295500,2711500
295500,2710500
295500,2709500
295500,2708500
295500,2707500
295500,2706500
295500,2705500
295500,2704500
295500,2703500
295500,2702500
295500,2701500
295500,2700500
295500,2699500
295500,2698500
295500,2697500
295500,2696500
295500,2695500
295500,2694500
295500,2693500
295500,2692500
295500,2691500
295500,2690500
295500,2689500
295500,2688500
295500,2687500
295500,2686500
295500,2685500
295500,2684500
295500,2683500
295500,2682500
295500,2681500
295500,2680500
295500,2679500
295500,2678500
295500,2677500
295500,2676500
295500,2675500
295500,2674500
295500,2673500
295500,2672500
295500,2671500
295500,2670500
295500,2669500
295500,2668500
295500,2667500
295500,2666500
295500,2665500
295500,2664500
295500,2663500
295500,2662500
295500,2661500
295500,2660500
295500,2659500
295500,2658500
295500,2657500
295500,2656500
295500,2655500
295500,2654500
295500,2653500
295500,2652500
295500,2651500
295500,2650500
295500,2649500
295500,2648500
295500,2647500
295500,2646500
295500,2645500
295500,2644500
295500,2643500
295500,2642500
295500,2641500
295500,2640500
295500,2639500
295500,2638500
295500,2637500
295500,2636500
295500,2635500
295500,2634500
295500,2633500
295500,2632500
295500,2631500
295500,2630500
295500,2629500
295500,2628500
295500,2627500
295500,2626500
295500,2625500
295500,2624500
295500,2623500
295500,2622500
295500,2621500
295500,2620500
295500,2619500
295500,2618500
295500,2617500
295500,2616500
295500,2615500
295500,2614500
295500,2613500
295500,2612500
295500,2611500
295500,2610500
295500,2609500
295500,2608500
295500,2607500
295500,2606500
295500,2605500
295500,2604500
295500,2603500
295500,2602500
295500,2601500
295500,2600500
295500,2599500
295500,2598500
295500,2597500
295500,2596500
295500,2595500
295500,2594500
295500,2593500
295500,2592500
295500,2591500
295500,2590500
295500,2589500
295500,2588500
295500,2587500
295500,2586500
295500,2585500
295500,2584500
295500,2583500
295500,2582500
295500,2581500
295500,2580500
295500,2579500
295500,2578500
295500,2577500
294500,2792500
294500,2791500
294500,2790500
294500,2789500
294500,2788500
294500,2787500
294500,2786500
294500,2785500
294500,2784500
294500,2783500
294500,2782500
294500,2781500
294500,2780500
294500,2779500
294500,2778500
294500,2777500
294500,2776500
294500,2775500
294500,2774500
294500,2773500
294500,2772500
294500,2771500
294500,2770500
294500,2769500
294500,2768500
294500,2767500
294500,2766500
294500,2765500
294500,2764500
294500,2763500
294500,2762500
294500,2761500
294500,2760500
294500,2759500
294500,2758500
294500,2757500
294500,2756500
294500,2755500
294500,2754500
294500,2753500
294500,2752500
294500,2751500
294500,2750500
294500,2749500
294500,2748500
294500,2747500
294500,2746500
294500,2745500
294500,2744500
294500,2743500
294500,2742500
294500,2741500
294500,2740500
294500,2739500
294500,2738500
294500,2737500
294500,2736500
294500,2735500
294500,2734500
294500,2733500
294500,2732500
294500,2731500
294500,2730500
294500,2729500
294500,2728500
294500,2727500
294500,2726500
294500,2725500
294500,2724500
294500,2723500
294500,2722500
294500,2721500
294500,2720500
294500,2719500
294500,2718500
294500,2717500
294500,2716500
294500,2715500
294500,2714500
294500,2713500
294500,2712500
294500,2711500
294500,2710500
294500,2709500
294500,2708500
294500,2707500
294500,2706500
294500,2705500
294500,2704500
294500,2703500
294500,2702500
294500,2701500
294500,2700500
294500,2699500
294500,2698500
294500,2697500
294500,2696500
294500,2695500
294500,2694500
294500,2693500
294500,2692500
294500,2691500
294500,2690500
294500,2689500
294500,2688500
294500,2687500
294500,2686500
294500,2685500
294500,2684500
294500,2683500
294500,2682500
294500,2681500
294500,2680500
294500,2679500
294500,2678500
294500,2677500
294500,2676500
294500,2675500
294500,2674500
294500,2673500
294500,2672500
294500,2671500
294500,2670500
294500,2669500
294500,2668500
294500,2667500
294500,2666500
294500,2665500
294500,2664500
294500,2663500
294500,2662500
294500,2661500
294500,2660500
294500,2659500
294500,2658500
294500,2657500
294500,2656500
294500,2655500
294500,2654500
294500,2653500
294500,2652500
294500,2651500
294500,2650500
294500,2649500
294500,2648500
294500,2647500
294500,2646500
294500,2645500
294500,2644500
294500,2643500
294500,2642500
294500,2641500
294500,2640500
294500,2639500
294500,2638500
294500,2637500
294500,2636500
294500,2635500
294500,2634500
294500,2633500
294500,2632500
294500,2631500
294500,2630500
294500,2629500
294500,2628500
294500,2627500
294500,2626500
294500,2625500
294500,2624500
294500,2623500
294500,2622500
294500,2621500
294500,2620500
294500,2619500
294500,2618500
294500,2617500
294500,2616500
294500,2615500
294500,2614500
294500,2613500
294500,2612500
294500,2611500
294500,2610500
294500,2609500
294500,2608500
294500,2607500
294500,2606500
294500,2605500
294500,2604500
294500,2603500
294500,2602500
294500,2601500
294500,2600500
294500,2599500
294500,2598500
294500,2597500
294500,2596500
294500,2595500
294500,2594500
294500,2593500
294500,2592500
294500,2591500
294500,2590500
294500,2589500
294500,2588500
294500,2587500
294500,2586500
294500,2585500
294500,2584500
294500,2583500
294500,2582500
294500,2581500
294500,2580500
294500,2579500
294500,2578500
294500,2577500
294500,2576500
294500,2575500
293500,2789500
293500,2788500
293500,2787500
293500,2786500
293500,2785500
293500,2784500
293500,2783500
293500,2782500
293500,2781500
293500,2780500
293500,2779500
293500,2778500
293500,2777500
293500,2776500
293500,2775500
293500,2774500
293500,2773500
293500,2772500
293500,2771500
293500,2770500
293500,2769500
293500,2768500
293500,2767500
293500,2766500
293500,2765500
293500,2764500
293500,2763500
293500,2762500
293500,2761500
293500,2760500
293500,2759500
293500,2758500
293500,2757500
293500,2756500
293500,2755500
293500,2754500
293500,2753500
293500,2752500
293500,2751500
293500,2750500
293500,2749500
293500,2748500
293500,2747500
293500,2746500
293500,2745500
293500,2744500
293500,2743500
293500,2742500
293500,2741500
293500,2740500
293500,2739500
293500,2738500
293500,2737500
293500,2736500
293500,2735500
293500,2734500
293500,2733500
293500,2732500
293500,2731500
293500,2730500
293500,2729500
293500,2728500
293500,2727500
293500,2726500
293500,2725500
293500,2724500
293500,2723500
293500,2722500
293500,2721500
293500,2720500
293500,2719500
293500,2718500
293500,2717500
293500,2716500
293500,2715500
293500,2714500
293500,2713500
293500,2712500
293500,2711500
293500,2710500
293500,2709500
293500,2708500
293500,2707500
293500,2706500
293500,2705500
293500,2704500
293500,2703500
293500,2702500
293500,2701500
293500,2700500
293500,2699500
293500,2698500
293500,2697500
293500,2696500
293500,2695500
293500,2694500
293500,2693500
293500,2692500
293500,2691500
293500,2690500
293500,2689500
293500,2688500
293500,2687500
293500,2686500
293500,2685500
293500,2684500
293500,2683500
293500,2682500
293500,2681500
293500,2680500
293500,2679500
293500,2678500
293500,2677500
293500,2676500
293500,2675500
293500,2674500
293500,2673500
293500,2672500
293500,2671500
293500,2670500
293500,2669500
293500,2668500
293500,2667500
293500,2666500
293500,2665500
293500,2664500
293500,2663500
293500,2662500
293500,2661500
293500,2660500
293500,2659500
293500,2658500
293500,2657500
293500,2656500
293500,2655500
293500,2654500
293500,2653500
293500,2652500
293500,2651500
293500,2650500
293500,2649500
293500,2648500
293500,2647500
293500,2646500
293500,2645500
293500,2644500
293500,2643500
293500,2642500
293500,2641500
293500,2640500
293500,2639500
293500,2638500
293500,2637500
293500,2636500
293500,2635500
293500,2634500
293500,2633500
293500,2632500
293500,2631500
293500,2630500
293500,2629500
293500,2628500
293500,2627500
293500,2626500
293500,2625500
293500,2624500
293500,2623500
293500,2622500
293500,2621500
293500,2620500
293500,2619500
293500,2618500
293500,2617500
293500,2616500
293500,2615500
293500,2614500
293500,2613500
293500,2612500
293500,2611500
293500,2610500
293500,2609500
293500,2608500
293500,2607500
293500,2606500
293500,2605500
293500,2604500
293500,2603500
293500,2602500
293500,2601500
293500,2600500
293500,2599500
293500,2598500
293500,2597500
293500,2596500
293500,2595500
293500,2594500
293500,2593500
293500,2592500
293500,2591500
293500,2590500
293500,2589500
293500,2588500
293500,2587500
293500,2586500
293500,2585500
293500,2584500
293500,2583500
293500,2582500
293500,2581500
293500,2580500
293500,2579500
293500,2578500
293500,2577500
293500,2576500
293500,2575500
293500,2574500
293500,2573500
293500,2572500
293500,2571500
293500,2569500
293500,2558500
292500,2789500
292500,2788500
292500,2787500
292500,2786500
292500,2785500
292500,2784500
292500,2783500
292500,2782500
292500,2781500
292500,2780500
292500,2779500
292500,2778500
292500,2777500
292500,2776500
292500,2775500
292500,2774500
292500,2773500
292500,2772500
292500,2771500
292500,2770500
292500,2769500
292500,2768500
292500,2767500
292500,2766500
292500,2765500
292500,2764500
292500,2763500
292500,2762500
292500,2761500
292500,2760500
292500,2759500
292500,2758500
292500,2757500
292500,2756500
292500,2755500
292500,2754500
292500,2753500
292500,2752500
292500,2751500
292500,2750500
292500,2749500
292500,2748500
292500,2747500
292500,2746500
292500,2745500
292500,2744500
292500,2743500
292500,2742500
292500,2741500
292500,2740500
292500,2739500
292500,2738500
292500,2737500
292500,2736500
292500,2735500
292500,2734500
292500,2733500
292500,2732500
292500,2731500
292500,2730500
292500,2729500
292500,2728500
292500,2727500
292500,2726500
292500,2725500
292500,2724500
292500,2723500
292500,2722500
292500,2721500
292500,2720500
292500,2719500
292500,2718500
292500,2717500
292500,2716500
292500,2715500
292500,2714500
292500,2713500
292500,2712500
292500,2711500
292500,2710500
292500,2709500
292500,2708500
292500,2707500
292500,2706500
292500,2705500
292500,2704500
292500,2703500
292500,2702500
292500,2701500
292500,2700500
292500,2699500
292500,2698500
292500,2697500
292500,2696500
292500,2695500
292500,2694500
292500,2693500
292500,2692500
292500,2691500
292500,2690500
292500,2689500
292500,2688500
292500,2687500
292500,2686500
292500,2685500
292500,2684500
292500,2683500
292500,2682500
292500,2681500
292500,2680500
292500,2679500
292500,2678500
292500,2677500
292500,2676500
292500,2675500
292500,2674500
292500,2673500
292500,2672500
292500,2671500
292500,2670500
292500,2669500
292500,2668500
292500,2667500
292500,2666500
292500,2665500
292500,2664500
292500,2663500
292500,2662500
292500,2661500
292500,2660500
292500,2659500
292500,2658500
292500,2657500
292500,2656500
292500,2655500
292500,2654500
292500,2653500
292500,2652500
292500,2651500
292500,2650500
292500,2649500
292500,2648500
292500,2647500
292500,2646500
292500,2645500
292500,2644500
292500,2643500
292500,2642500
292500,2641500
292500,2640500
292500,2639500
292500,2638500
292500,2637500
292500,2636500
292500,2635500
292500,2634500
292500,2633500
292500,2632500
292500,2631500
292500,2630500
292500,2629500
292500,2628500
292500,2627500
292500,2626500
292500,2625500
292500,2624500
292500,2623500
292500,2622500
292500,2621500
292500,2620500
292500,2619500
292500,2618500
292500,2617500
292500,2616500
292500,2615500
292500,2614500
292500,2613500
292500,2612500
292500,2611500
292500,2610500
292500,2609500
292500,2608500
292500,2607500
292500,2606500
292500,2605500
292500,2604500
292500,2603500
292500,2602500
292500,2601500
292500,2600500
292500,2599500
292500,2598500
292500,2597500
292500,2596500
292500,2595500
292500,2594500
292500,2593500
292500,2592500
292500,2591500
292500,2590500
292500,2589500
292500,2588500
292500,2587500
292500,2586500
292500,2585500
292500,2584500
292500,2583500
292500,2582500
292500,2581500
292500,2580500
292500,2579500
292500,2578500
292500,2577500
292500,2576500
292500,2575500
292500,2574500
292500,2573500
292500,2572500
292500,2571500
292500,2570500
292500,2569500
292500,2568500
292500,2558500
292500,2557500
291500,2787500
291500,2786500
291500,2785500
291500,2784500
291500,2783500
291500,2782500
291500,2781500
291500,2780500
291500,2779500
291500,2778500
291500,2777500
291500,2776500
291500,2775500
291500,2774500
291500,2773500
291500,2772500
291500,2771500
291500,2770500
291500,2769500
291500,2768500
291500,2767500
291500,2766500
291500,2765500
291500,2764500
291500,2763500
291500,2762500
291500,2761500
291500,2760500
291500,2759500
291500,2758500
291500,2757500
291500,2756500
291500,2755500
291500,2754500
291500,2753500
291500,2752500
291500,2751500
291500,2750500
291500,2749500
291500,2748500
291500,2747500
291500,2746500
291500,2745500
291500,2744500
291500,2743500
291500,2742500
291500,2741500
291500,2740500
291500,2739500
291500,2738500
291500,2737500
291500,2736500
291500,2735500
291500,2734500
291500,2733500
291500,2732500
291500,2731500
291500,2730500
291500,2729500
291500,2728500
291500,2727500
291500,2726500
291500,2725500
291500,2724500
291500,2723500
291500,2722500
291500,2721500
291500,2720500
291500,2719500
291500,2718500
291500,2717500
291500,2716500
291500,2715500
291500,2714500
291500,2713500
291500,2712500
291500,2711500
291500,2710500
291500,2709500
291500,2708500
291500,2707500
291500,2706500
291500,2705500
291500,2704500
291500,2703500
291500,2702500
291500,2701500
291500,2700500
291500,2699500
291500,2698500
291500,2697500
291500,2696500
291500,2695500
291500,2694500
291500,2693500
291500,2692500
291500,2691500
291500,2690500
291500,2689500
291500,2688500
291500,2687500
291500,2686500
291500,2685500
291500,2684500
291500,2683500
291500,2682500
291500,2681500
291500,2680500
291500,2679500
291500,2678500
291500,2677500
291500,2676500
291500,2675500
291500,2674500
291500,2673500
291500,2672500
291500,2671500
291500,2670500
291500,2669500
291500,2668500
291500,2667500
291500,2666500
291500,2665500
291500,2664500
291500,2663500
291500,2662500
291500,2661500
291500,2660500
291500,2659500
291500,2658500
291500,2657500
291500,2656500
291500,2655500
291500,2654500
291500,2653500
291500,2652500
291500,2651500
291500,2650500
291500,2649500
291500,2648500
291500,2647500
291500,2646500
291500,2645500
291500,2644500
291500,2643500
291500,2642500
291500,2641500
291500,2640500
291500,2639500
291500,2638500
291500,2637500
291500,2636500
291500,2635500
291500,2634500
291500,2633500
291500,2632500
291500,2631500
291500,2630500
291500,2629500
291500,2628500
291500,2627500
291500,2626500
291500,2625500
291500,2624500
291500,2623500
291500,2622500
291500,2621500
291500,2620500
291500,2619500
291500,2618500
291500,2617500
291500,2616500
291500,2615500
291500,2614500
291500,2613500
291500,2612500
291500,2611500
291500,2610500
291500,2609500
291500,2608500
291500,2607500
291500,2606500
291500,2605500
291500,2604500
291500,2603500
291500,2602500
291500,2601500
291500,2600500
291500,2599500
291500,2598500
291500,2597500
291500,2596500
291500,2595500
291500,2594500
291500,2593500
291500,2592500
291500,2591500
291500,2590500
291500,2589500
291500,2588500
291500,2587500
291500,2586500
291500,2585500
291500,2584500
291500,2583500
291500,2582500
291500,2581500
291500,2580500
291500,2579500
291500,2578500
291500,2577500
291500,2576500
291500,2575500
291500,2574500
291500,2573500
291500,2572500
291500,2571500
291500,2570500
291500,2569500
291500,2568500
291500,2567500
291500,2564500
291500,2563500
291500,2562500
291500,2561500
291500,2560500
291500,2559500
291500,2558500
291500,2557500
291500,2556500
290500,2786500
290500,2784500
290500,2783500
290500,2782500
290500,2781500
290500,2780500
290500,2779500
290500,2778500
290500,2777500
290500,2776500
290500,2775500
290500,2774500
290500,2773500
290500,2772500
290500,2771500
290500,2770500
290500,2769500
290500,2768500
290500,2767500
290500,2766500
290500,2765500
290500,2764500
290500,2763500
290500,2762500
290500,2761500
290500,2760500
290500,2759500
290500,2758500
290500,2757500
290500,2756500
290500,2755500
290500,2754500
290500,2753500
290500,2752500
290500,2751500
290500,2750500
290500,2749500
290500,2748500
290500,2747500
290500,2746500
290500,2745500
290500,2744500
290500,2743500
290500,2742500
290500,2741500
290500,2740500
290500,2739500
290500,2738500
290500,2737500
290500,2736500
290500,2735500
290500,2734500
290500,2733500
290500,2732500
290500,2731500
290500,2730500
290500,2729500
290500,2728500
290500,2727500
290500,2726500
290500,2725500
290500,2724500
290500,2723500
290500,2722500
290500,2721500
290500,2720500
290500,2719500
290500,2718500
290500,2717500
290500,2716500
290500,2715500
290500,2714500
290500,2713500
290500,2712500
290500,2711500
290500,2710500
290500,2709500
290500,2708500
290500,2707500
290500,2706500
290500,2705500
290500,2704500
290500,2703500
290500,2702500
290500,2701500
290500,2700500
290500,2699500
290500,2698500
290500,2697500
290500,2696500
290500,2695500
290500,2694500
290500,2693500
290500,2692500
290500,2691500
290500,2690500
290500,2689500
290500,2688500
290500,2687500
290500,2686500
290500,2685500
290500,2684500
290500,2683500
290500,2682500
290500,2681500
290500,2680500
290500,2679500
290500,2678500
290500,2677500
290500,2676500
290500,2675500
290500,2674500
290500,2673500
290500,2672500
290500,2671500
290500,2670500
290500,2669500
290500,2668500
290500,2667500
290500,2666500
290500,2665500
290500,2664500
290500,2663500
290500,2662500
290500,2661500
290500,2660500
290500,2659500
290500,2658500
290500,2657500
290500,2656500
290500,2655500
290500,2654500
290500,2653500
290500,2652500
290500,2651500
290500,2650500
290500,2649500
290500,2648500
290500,2647500
290500,2646500
290500,2645500
290500,2644500
290500,2643500
290500,2642500
290500,2641500
290500,2640500
290500,2639500
290500,2638500
290500,2637500
290500,2636500
290500,2635500
290500,2634500
290500,2633500
290500,2632500
290500,2631500
290500,2630500
290500,2629500
290500,2628500
290500,2627500
290500,2626500
290500,2625500
290500,2624500
290500,2623500
290500,2622500
290500,2621500
290500,2620500
290500,2619500
290500,2618500
290500,2617500
290500,2616500
290500,2615500
290500,2614500
290500,2613500
290500,2612500
290500,2611500
290500,2610500
290500,2609500
290500,2608500
290500,2607500
290500,2606500
290500,2605500
290500,2604500
290500,2603500
290500,2602500
290500,2601500
290500,2600500
290500,2599500
290500,2598500
290500,2597500
290500,2596500
290500,2595500
290500,2594500
290500,2593500
290500,2592500
290500,2591500
290500,2590500
290500,2589500
290500,2588500
290500,2587500
290500,2586500
290500,2585500
290500,2584500
290500,2583500
290500,2582500
290500,2581500
290500,2580500
290500,2579500
290500,2578500
290500,2577500
290500,2576500
290500,2575500
290500,2574500
290500,2573500
290500,2572500
290500,2571500
290500,2570500
290500,2569500
290500,2568500
290500,2567500
290500,2566500
290500,2565500
290500,2564500
290500,2563500
290500,2562500
290500,2561500
290500,2560500
290500,2559500
290500,2558500
290500,2557500
290500,2556500
289500,2784500
289500,2783500
289500,2782500
289500,2781500
289500,2780500
289500,2779500
289500,2778500
289500,2777500
289500,2776500
289500,2775500
289500,2774500
289500,2773500
289500,2772500
289500,2771500
289500,2770500
289500,2769500
289500,2768500
289500,2767500
289500,2766500
289500,2765500
289500,2764500
289500,2763500
289500,2762500
289500,2761500
289500,2760500
289500,2759500
289500,2758500
289500,2757500
289500,2756500
289500,2755500
289500,2754500
289500,2753500
289500,2752500
289500,2751500
289500,2750500
289500,2749500
289500,2748500
289500,2747500
289500,2746500
289500,2745500
289500,2744500
289500,2743500
289500,2742500
289500,2741500
289500,2740500
289500,2739500
289500,2738500
289500,2737500
289500,2736500
289500,2735500
289500,2734500
289500,2733500
289500,2732500
289500,2731500
289500,2730500
289500,2729500
289500,2728500
289500,2727500
289500,2726500
289500,2725500
289500,2724500
289500,2723500
289500,2722500
289500,2721500
289500,2720500
289500,2719500
289500,2718500
289500,2717500
289500,2716500
289500,2715500
289500,2714500
289500,2713500
289500,2712500
289500,2711500
289500,2710500
289500,2709500
289500,2708500
289500,2707500
289500,2706500
289500,2705500
289500,2704500
289500,2703500
289500,2702500
289500,2701500
289500,2700500
289500,2699500
289500,2698500
289500,2697500
289500,2696500
289500,2695500
289500,2694500
289500,2693500
289500,2692500
289500,2691500
289500,2690500
289500,2689500
289500,2688500
289500,2687500
289500,2686500
289500,2685500
289500,2684500
289500,2683500
289500,2682500
289500,2681500
289500,2680500
289500,2679500
289500,2678500
289500,2677500
289500,2676500
289500,2675500
289500,2674500
289500,2673500
289500,2672500
289500,2671500
289500,2670500
289500,2669500
289500,2668500
289500,2667500
289500,2666500
289500,2665500
289500,2664500
289500,2663500
289500,2662500
289500,2661500
289500,2660500
289500,2659500
289500,2658500
289500,2657500
289500,2656500
289500,2655500
289500,2654500
289500,2653500
289500,2652500
289500,2651500
289500,2650500
289500,2649500
289500,2648500
289500,2647500
289500,2646500
289500,2645500
289500,2644500
289500,2643500
289500,2642500
289500,2641500
289500,2640500
289500,2639500
289500,2638500
289500,2637500
289500,2636500
289500,2635500
289500,2634500
289500,2633500
289500,2632500
289500,2631500
289500,2630500
289500,2629500
289500,2628500
289500,2627500
289500,2626500
289500,2625500
289500,2624500
289500,2623500
289500,2622500
289500,2621500
289500,2620500
289500,2619500
289500,2618500
289500,2617500
289500,2616500
289500,2615500
289500,2614500
289500,2613500
289500,2612500
289500,2611500
289500,2610500
289500,2609500
289500,2608500
289500,2607500
289500,2606500
289500,2605500
289500,2604500
289500,2603500
289500,2602500
289500,2601500
289500,2600500
289500,2599500
289500,2598500
289500,2597500
289500,2596500
289500,2595500
289500,2594500
289500,2593500
289500,2592500
289500,2591500
289500,2590500
289500,2589500
289500,2588500
289500,2587500
289500,2586500
289500,2585500
289500,2584500
289500,2583500
289500,2582500
289500,2581500
289500,2580500
289500,2579500
289500,2578500
289500,2577500
289500,2576500
289500,2575500
289500,2574500
289500,2573500
289500,2572500
289500,2571500
289500,2570500
289500,2569500
289500,2568500
289500,2567500
289500,2566500
289500,2565500
289500,2564500
289500,2563500
289500,2562500
289500,2561500
289500,2560500
289500,2559500
289500,2558500
289500,2557500
289500,2556500
289500,2555500
289500,2554500
288500,2784500
288500,2783500
288500,2782500
288500,2781500
288500,2780500
288500,2779500
288500,2778500
288500,2777500
288500,2776500
288500,2775500
288500,2774500
288500,2773500
288500,2772500
288500,2771500
288500,2770500
288500,2769500
288500,2768500
288500,2767500
288500,2766500
288500,2765500
288500,2764500
288500,2763500
288500,2762500
288500,2761500
288500,2760500
288500,2759500
288500,2758500
288500,2757500
288500,2756500
288500,2755500
288500,2754500
288500,2753500
288500,2752500
288500,2751500
288500,2750500
288500,2749500
288500,2748500
288500,2747500
288500,2746500
288500,2745500
288500,2744500
288500,2743500
288500,2742500
288500,2741500
288500,2740500
288500,2739500
288500,2738500
288500,2737500
288500,2736500
288500,2735500
288500,2734500
288500,2733500
288500,2732500
288500,2731500
288500,2730500
288500,2729500
288500,2728500
288500,2727500
288500,2726500
288500,2725500
288500,2724500
288500,2723500
288500,2722500
288500,2721500
288500,2720500
288500,2719500
288500,2718500
288500,2717500
288500,2716500
288500,2715500
288500,2714500
288500,2713500
288500,2712500
288500,2711500
288500,2710500
288500,2709500
288500,2708500
288500,2707500
288500,2706500
288500,2705500
288500,2704500
288500,2703500
288500,2702500
288500,2701500
288500,2700500
288500,2699500
288500,2698500
288500,2697500
288500,2696500
288500,2695500
288500,2694500
288500,2693500
288500,2692500
288500,2691500
288500,2690500
288500,2689500
288500,2688500
288500,2687500
288500,2686500
288500,2685500
288500,2684500
288500,2683500
288500,2682500
288500,2681500
288500,2680500
288500,2679500
288500,2678500
288500,2677500
288500,2676500
288500,2675500
288500,2674500
288500,2673500
288500,2672500
288500,2671500
288500,2670500
288500,2669500
288500,2668500
288500,2667500
288500,2666500
288500,2665500
288500,2664500
288500,2663500
288500,2662500
288500,2661500
288500,2660500
288500,2659500
288500,2658500
288500,2657500
288500,2656500
288500,2655500
288500,2654500
288500,2653500
288500,2652500
288500,2651500
288500,2650500
288500,2649500
288500,2648500
288500,2647500
288500,2646500
288500,2645500
288500,2644500
288500,2643500
288500,2642500
288500,2641500
288500,2640500
288500,2639500
288500,2638500
288500,2637500
288500,2636500
288500,2635500
288500,2634500
288500,2633500
288500,2632500
288500,2631500
288500,2630500
288500,2629500
288500,2628500
288500,2627500
288500,2626500
288500,2625500
288500,2624500
288500,2623500
288500,2622500
288500,2621500
288500,2620500
288500,2619500
288500,2618500
288500,2617500
288500,2616500
288500,2615500
288500,2614500
288500,2613500
288500,2612500
288500,2611500
288500,2610500
288500,2609500
288500,2608500
288500,2607500
288500,2606500
288500,2605500
288500,2604500
288500,2603500
288500,2602500
288500,2601500
288500,2600500
288500,2599500
288500,2598500
288500,2597500
288500,2596500
288500,2595500
288500,2594500
288500,2593500
288500,2592500
288500,2591500
288500,2590500
288500,2589500
288500,2588500
288500,2587500
288500,2586500
288500,2585500
288500,2584500
288500,2583500
288500,2582500
288500,2581500
288500,2580500
288500,2579500
288500,2578500
288500,2577500
288500,2576500
288500,2575500
288500,2574500
288500,2573500
288500,2572500
288500,2571500
288500,2570500
288500,2569500
288500,2568500
288500,2567500
288500,2566500
288500,2565500
288500,2564500
288500,2563500
288500,2562500
288500,2561500
288500,2560500
288500,2559500
288500,2558500
288500,2557500
288500,2556500
288500,2555500
288500,2554500
287500,2784500
287500,2783500
287500,2782500
287500,2781500
287500,2780500
287500,2779500
287500,2778500
287500,2777500
287500,2776500
287500,2775500
287500,2774500
287500,2773500
287500,2772500
287500,2771500
287500,2770500
287500,2769500
287500,2768500
287500,2767500
287500,2766500
287500,2765500
287500,2764500
287500,2763500
287500,2762500
287500,2761500
287500,2760500
287500,2759500
287500,2758500
287500,2757500
287500,2756500
287500,2755500
287500,2754500
287500,2753500
287500,2752500
287500,2751500
287500,2750500
287500,2749500
287500,2748500
287500,2747500
287500,2746500
287500,2745500
287500,2744500
287500,2743500
287500,2742500
287500,2741500
287500,2740500
287500,2739500
287500,2738500
287500,2737500
287500,2736500
287500,2735500
287500,2734500
287500,2733500
287500,2732500
287500,2731500
287500,2730500
287500,2729500
287500,2728500
287500,2727500
287500,2726500
287500,2725500
287500,2724500
287500,2723500
287500,2722500
287500,2721500
287500,2720500
287500,2719500
287500,2718500
287500,2717500
287500,2716500
287500,2715500
287500,2714500
287500,2713500
287500,2712500
287500,2711500
287500,2710500
287500,2709500
287500,2708500
287500,2707500
287500,2706500
287500,2705500
287500,2704500
287500,2703500
287500,2702500
287500,2701500
287500,2700500
287500,2699500
287500,2698500
287500,2697500
287500,2696500
287500,2695500
287500,2694500
287500,2693500
287500,2692500
287500,2691500
287500,2690500
287500,2689500
287500,2688500
287500,2687500
287500,2686500
287500,2685500
287500,2684500
287500,2683500
287500,2682500
287500,2681500
287500,2680500
287500,2679500
287500,2678500
287500,2677500
287500,2676500
287500,2675500
287500,2674500
287500,2673500
287500,2672500
287500,2671500
287500,2670500
287500,2669500
287500,2668500
287500,2667500
287500,2666500
287500,2665500
287500,2664500
287500,2663500
287500,2662500
287500,2661500
287500,2660500
287500,2659500
287500,2658500
287500,2657500
287500,2656500
287500,2655500
287500,2654500
287500,2653500
287500,2652500
287500,2651500
287500,2650500
287500,2649500
287500,2648500
287500,2647500
287500,2646500
287500,2645500
287500,2644500
287500,2643500
287500,2642500
287500,2641500
287500,2640500
287500,2639500
287500,2638500
287500,2637500
287500,2636500
287500,2635500
287500,2634500
287500,2633500
287500,2632500
287500,2631500
287500,2630500
287500,2629500
287500,2628500
287500,2627500
287500,2626500
287500,2625500
287500,2624500
287500,2623500
287500,2622500
287500,2621500
287500,2620500
287500,2619500
287500,2618500
287500,2617500
287500,2616500
287500,2615500
287500,2614500
287500,2613500
287500,2612500
287500,2611500
287500,2610500
287500,2609500
287500,2608500
287500,2607500
287500,2606500
287500,2605500
287500,2604500
287500,2603500
287500,2602500
287500,2601500
287500,2600500
287500,2599500
287500,2598500
287500,2597500
287500,2596500
287500,2595500
287500,2594500
287500,2593500
287500,2592500
287500,2591500
287500,2590500
287500,2589500
287500,2588500
287500,2587500
287500,2586500
287500,2585500
287500,2584500
287500,2583500
287500,2582500
287500,2581500
287500,2580500
287500,2579500
287500,2578500
287500,2577500
287500,2576500
287500,2575500
287500,2574500
287500,2573500
287500,2572500
287500,2571500
287500,2570500
287500,2569500
287500,2568500
287500,2567500
287500,2566500
287500,2565500
287500,2564500
287500,2563500
287500,2562500
287500,2561500
287500,2560500
287500,2559500
287500,2558500
287500,2557500
287500,2556500
287500,2555500
287500,2554500
286500,2784500
286500,2783500
286500,2782500
286500,2781500
286500,2780500
286500,2779500
286500,2778500
286500,2777500
286500,2776500
286500,2775500
286500,2774500
286500,2773500
286500,2772500
286500,2771500
286500,2770500
286500,2769500
286500,2768500
286500,2767500
286500,2766500
286500,2765500
286500,2764500
286500,2763500
286500,2762500
286500,2761500
286500,2760500
286500,2759500
286500,2758500
286500,2757500
286500,2756500
286500,2755500
286500,2754500
286500,2753500
286500,2752500
286500,2751500
286500,2750500
286500,2749500
286500,2748500
286500,2747500
286500,2746500
286500,2745500
286500,2744500
286500,2743500
286500,2742500
286500,2741500
286500,2740500
286500,2739500
286500,2738500
286500,2737500
286500,2736500
286500,2735500
286500,2734500
286500,2733500
286500,2732500
286500,2731500
286500,2730500
286500,2729500
286500,2728500
286500,2727500
286500,2726500
286500,2725500
286500,2724500
286500,2723500
286500,2722500
286500,2721500
286500,2720500
286500,2719500
286500,2718500
286500,2717500
286500,2716500
286500,2715500
286500,2714500
286500,2713500
286500,2712500
286500,2711500
286500,2710500
286500,2709500
286500,2708500
286500,2707500
286500,2706500
286500,2705500
286500,2704500
286500,2703500
286500,2702500
286500,2701500
286500,2700500
286500,2699500
286500,2698500
286500,2697500
286500,2696500
286500,2695500
286500,2694500
286500,2693500
286500,2692500
286500,2691500
286500,2690500
286500,2689500
286500,2688500
286500,2687500
286500,2686500
286500,2685500
286500,2684500
286500,2683500
286500,2682500
286500,2681500
286500,2680500
286500,2679500
286500,2678500
286500,2677500
286500,2676500
286500,2675500
286500,2674500
286500,2673500
286500,2672500
286500,2671500
286500,2670500
286500,2669500
286500,2668500
286500,2667500
286500,2666500
286500,2665500
286500,2664500
286500,2663500
286500,2662500
286500,2661500
286500,2660500
286500,2659500
286500,2658500
286500,2657500
286500,2656500
286500,2655500
286500,2654500
286500,2653500
286500,2652500
286500,2651500
286500,2650500
286500,2649500
286500,2648500
286500,2647500
286500,2646500
286500,2645500
286500,2644500
286500,2643500
286500,2642500
286500,2641500
286500,2640500
286500,2639500
286500,2638500
286500,2637500
286500,2636500
286500,2635500
286500,2634500
286500,2633500
286500,2632500
286500,2631500
286500,2630500
286500,2629500
286500,2628500
286500,2627500
286500,2626500
286500,2625500
286500,2624500
286500,2623500
286500,2622500
286500,2621500
286500,2620500
286500,2619500
286500,2618500
286500,2617500
286500,2616500
286500,2615500
286500,2614500
286500,2613500
286500,2612500
286500,2611500
286500,2610500
286500,2609500
286500,2608500
286500,2607500
286500,2606500
286500,2605500
286500,2604500
286500,2603500
286500,2602500
286500,2601500
286500,2600500
286500,2599500
286500,2598500
286500,2597500
286500,2596500
286500,2595500
286500,2594500
286500,2593500
286500,2592500
286500,2591500
286500,2590500
286500,2589500
286500,2588500
286500,2587500
286500,2586500
286500,2585500
286500,2584500
286500,2583500
286500,2582500
286500,2581500
286500,2580500
286500,2579500
286500,2578500
286500,2577500
286500,2576500
286500,2575500
286500,2574500
286500,2573500
286500,2572500
286500,2571500
286500,2570500
286500,2569500
286500,2568500
286500,2567500
286500,2566500
286500,2565500
286500,2564500
286500,2563500
286500,2562500
286500,2561500
286500,2560500
286500,2559500
286500,2558500
286500,2557500
286500,2556500
286500,2555500
286500,2554500
286500,2553500
286500,2552500
286500,2551500
285500,2780500
285500,2779500
285500,2778500
285500,2777500
285500,2776500
285500,2775500
285500,2774500
285500,2773500
285500,2772500
285500,2771500
285500,2770500
285500,2769500
285500,2768500
285500,2767500
285500,2766500
285500,2765500
285500,2764500
285500,2763500
285500,2762500
285500,2761500
285500,2760500
285500,2759500
285500,2758500
285500,2757500
285500,2756500
285500,2755500
285500,2754500
285500,2753500
285500,2752500
285500,2751500
285500,2750500
285500,2749500
285500,2748500
285500,2747500
285500,2746500
285500,2745500
285500,2744500
285500,2743500
285500,2742500
285500,2741500
285500,2740500
285500,2739500
285500,2738500
285500,2737500
285500,2736500
285500,2735500
285500,2734500
285500,2733500
285500,2732500
285500,2731500
285500,2730500
285500,2729500
285500,2728500
285500,2727500
285500,2726500
285500,2725500
285500,2724500
285500,2723500
285500,2722500
285500,2721500
285500,2720500
285500,2719500
285500,2718500
285500,2717500
285500,2716500
285500,2715500
285500,2714500
285500,2713500
285500,2712500
285500,2711500
285500,2710500
285500,2709500
285500,2708500
285500,2707500
285500,2706500
285500,2705500
285500,2704500
285500,2703500
285500,2702500
285500,2701500
285500,2700500
285500,2699500
285500,2698500
285500,2697500
285500,2696500
285500,2695500
285500,2694500
285500,2693500
285500,2692500
285500,2691500
285500,2690500
285500,2689500
285500,2688500
285500,2687500
285500,2686500
285500,2685500
285500,2684500
285500,2683500
285500,2682500
285500,2681500
285500,2680500
285500,2679500
285500,2678500
285500,2677500
285500,2676500
285500,2675500
285500,2674500
285500,2673500
285500,2672500
285500,2671500
285500,2670500
285500,2669500
285500,2668500
285500,2667500
285500,2666500
285500,2665500
285500,2664500
285500,2663500
285500,2662500
285500,2661500
285500,2660500
285500,2659500
285500,2658500
285500,2657500
285500,2656500
285500,2655500
285500,2654500
285500,2653500
285500,2652500
285500,2651500
285500,2650500
285500,2649500
285500,2648500
285500,2647500
285500,2646500
285500,2645500
285500,2644500
285500,2643500
285500,2642500
285500,2641500
285500,2640500
285500,2639500
285500,2638500
285500,2637500
285500,2636500
285500,2635500
285500,2634500
285500,2633500
285500,2632500
285500,2631500
285500,2630500
285500,2629500
285500,2628500
285500,2627500
285500,2626500
285500,2625500
285500,2624500
285500,2623500
285500,2622500
285500,2621500
285500,2620500
285500,2619500
285500,2618500
285500,2617500
285500,2616500
285500,2615500
285500,2614500
285500,2613500
285500,2612500
285500,2611500
285500,2610500
285500,2609500
285500,2608500
285500,2607500
285500,2606500
285500,2605500
285500,2604500
285500,2603500
285500,2602500
285500,2601500
285500,2600500
285500,2599500
285500,2598500
285500,2597500
285500,2596500
285500,2595500
285500,2594500
285500,2593500
285500,2592500
285500,2591500
285500,2590500
285500,2589500
285500,2588500
285500,2587500
285500,2586500
285500,2585500
285500,2584500
285500,2583500
285500,2582500
285500,2581500
285500,2580500
285500,2579500
285500,2578500
285500,2577500
285500,2576500
285500,2575500
285500,2574500
285500,2573500
285500,2572500
285500,2571500
285500,2570500
285500,2569500
285500,2568500
285500,2567500
285500,2566500
285500,2565500
285500,2564500
285500,2563500
285500,2562500
285500,2561500
285500,2560500
285500,2559500
285500,2558500
285500,2557500
285500,2556500
285500,2555500
285500,2554500
285500,2553500
285500,2552500
285500,2551500
285500,2550500
285500,2549500
285500,2548500
284500,2780500
284500,2779500
284500,2778500
284500,2777500
284500,2776500
284500,2775500
284500,2774500
284500,2773500
284500,2772500
284500,2771500
284500,2770500
284500,2769500
284500,2768500
284500,2767500
284500,2766500
284500,2765500
284500,2764500
284500,2763500
284500,2762500
284500,2761500
284500,2760500
284500,2759500
284500,2758500
284500,2757500
284500,2756500
284500,2755500
284500,2754500
284500,2753500
284500,2752500
284500,2751500
284500,2750500
284500,2749500
284500,2748500
284500,2747500
284500,2746500
284500,2745500
284500,2744500
284500,2743500
284500,2742500
284500,2741500
284500,2740500
284500,2739500
284500,2738500
284500,2737500
284500,2736500
284500,2735500
284500,2734500
284500,2733500
284500,2732500
284500,2731500
284500,2730500
284500,2729500
284500,2728500
284500,2727500
284500,2726500
284500,2725500
284500,2724500
284500,2723500
284500,2722500
284500,2721500
284500,2720500
284500,2719500
284500,2718500
284500,2717500
284500,2716500
284500,2715500
284500,2714500
284500,2713500
284500,2712500
284500,2711500
284500,2710500
284500,2709500
284500,2708500
284500,2707500
284500,2706500
284500,2705500
284500,2704500
284500,2703500
284500,2702500
284500,2701500
284500,2700500
284500,2699500
284500,2698500
284500,2697500
284500,2696500
284500,2695500
284500,2694500
284500,2693500
284500,2692500
284500,2691500
284500,2690500
284500,2689500
284500,2688500
284500,2687500
284500,2686500
284500,2685500
284500,2684500
284500,2683500
284500,2682500
284500,2681500
284500,2680500
284500,2679500
284500,2678500
284500,2677500
284500,2676500
284500,2675500
284500,2674500
284500,2673500
284500,2672500
284500,2671500
284500,2670500
284500,2669500
284500,2668500
284500,2667500
284500,2666500
284500,2665500
284500,2664500
284500,2663500
284500,2662500
284500,2661500
284500,2660500
284500,2659500
284500,2658500
284500,2657500
284500,2656500
284500,2655500
284500,2654500
284500,2653500
284500,2652500
284500,2651500
284500,2650500
284500,2649500
284500,2648500
284500,2647500
284500,2646500
284500,2645500
284500,2644500
284500,2643500
284500,2642500
284500,2641500
284500,2640500
284500,2639500
284500,2638500
284500,2637500
284500,2636500
284500,2635500
284500,2634500
284500,2633500
284500,2632500
284500,2631500
284500,2630500
284500,2629500
284500,2628500
284500,2627500
284500,2626500
284500,2625500
284500,2624500
284500,2623500
284500,2622500
284500,2621500
284500,2620500
284500,2619500
284500,2618500
284500,2617500
284500,2616500
284500,2615500
284500,2614500
284500,2613500
284500,2612500
284500,2611500
284500,2610500
284500,2609500
284500,2608500
284500,2607500
284500,2606500
284500,2605500
284500,2604500
284500,2603500
284500,2602500
284500,2601500
284500,2600500
284500,2599500
284500,2598500
284500,2597500
284500,2596500
284500,2595500
284500,2594500
284500,2593500
284500,2592500
284500,2591500
284500,2590500
284500,2589500
284500,2588500
284500,2587500
284500,2586500
284500,2585500
284500,2584500
284500,2583500
284500,2582500
284500,2581500
284500,2580500
284500,2579500
284500,2578500
284500,2577500
284500,2576500
284500,2575500
284500,2574500
284500,2573500
284500,2572500
284500,2571500
284500,2570500
284500,2569500
284500,2568500
284500,2567500
284500,2566500
284500,2565500
284500,2564500
284500,2563500
284500,2562500
284500,2561500
284500,2560500
284500,2559500
284500,2558500
284500,2557500
284500,2556500
284500,2555500
284500,2554500
284500,2553500
284500,2552500
284500,2551500
284500,2550500
284500,2549500
284500,2548500
284500,2547500
284500,2546500
283500,2779500
283500,2778500
283500,2777500
283500,2776500
283500,2775500
283500,2774500
283500,2773500
283500,2772500
283500,2771500
283500,2770500
283500,2769500
283500,2768500
283500,2767500
283500,2766500
283500,2765500
283500,2764500
283500,2763500
283500,2762500
283500,2761500
283500,2760500
283500,2759500
283500,2758500
283500,2757500
283500,2756500
283500,2755500
283500,2754500
283500,2753500
283500,2752500
283500,2751500
283500,2750500
283500,2749500
283500,2748500
283500,2747500
283500,2746500
283500,2745500
283500,2744500
283500,2743500
283500,2742500
283500,2741500
283500,2740500
283500,2739500
283500,2738500
283500,2737500
283500,2736500
283500,2735500
283500,2734500
283500,2733500
283500,2732500
283500,2731500
283500,2730500
283500,2729500
283500,2728500
283500,2727500
283500,2726500
283500,2725500
283500,2724500
283500,2723500
283500,2722500
283500,2721500
283500,2720500
283500,2719500
283500,2718500
283500,2717500
283500,2716500
283500,2715500
283500,2714500
283500,2713500
283500,2712500
283500,2711500
283500,2710500
283500,2709500
283500,2708500
283500,2707500
283500,2706500
283500,2705500
283500,2704500
283500,2703500
283500,2702500
283500,2701500
283500,2700500
283500,2699500
283500,2698500
283500,2697500
283500,2696500
283500,2695500
283500,2694500
283500,2693500
283500,2692500
283500,2691500
283500,2690500
283500,2689500
283500,2688500
283500,2687500
283500,2686500
283500,2685500
283500,2684500
283500,2683500
283500,2682500
283500,2681500
283500,2680500
283500,2679500
283500,2678500
283500,2677500
283500,2676500
283500,2675500
283500,2674500
283500,2673500
283500,2672500
283500,2671500
283500,2670500
283500,2669500
283500,2668500
283500,2667500
283500,2666500
283500,2665500
283500,2664500
283500,2663500
283500,2662500
283500,2661500
283500,2660500
283500,2659500
283500,2658500
283500,2657500
283500,2656500
283500,2655500
283500,2654500
283500,2653500
283500,2652500
283500,2651500
283500,2650500
283500,2649500
283500,2648500
283500,2647500
283500,2646500
283500,2645500
283500,2644500
283500,2643500
283500,2642500
283500,2641500
283500,2640500
283500,2639500
283500,2638500
283500,2637500
283500,2636500
283500,2635500
283500,2634500
283500,2633500
283500,2632500
283500,2631500
283500,2630500
283500,2629500
283500,2628500
283500,2627500
283500,2626500
283500,2625500
283500,2624500
283500,2623500
283500,2622500
283500,2621500
283500,2620500
283500,2619500
283500,2618500
283500,2617500
283500,2616500
283500,2615500
283500,2614500
283500,2613500
283500,2612500
283500,2611500
283500,2610500
283500,2609500
283500,2608500
283500,2607500
283500,2606500
283500,2605500
283500,2604500
283500,2603500
283500,2602500
283500,2601500
283500,2600500
283500,2599500
283500,2598500
283500,2597500
283500,2596500
283500,2595500
283500,2594500
283500,2593500
283500,2592500
283500,2591500
283500,2590500
283500,2589500
283500,2588500
283500,2587500
283500,2586500
283500,2585500
283500,2584500
283500,2583500
283500,2582500
283500,2581500
283500,2580500
283500,2579500
283500,2578500
283500,2577500
283500,2576500
283500,2575500
283500,2574500
283500,2573500
283500,2572500
283500,2571500
283500,2570500
283500,2569500
283500,2568500
283500,2567500
283500,2566500
283500,2565500
283500,2564500
283500,2563500
283500,2562500
283500,2561500
283500,2560500
283500,2559500
283500,2558500
283500,2557500
283500,2556500
283500,2555500
283500,2554500
283500,2553500
283500,2552500
283500,2551500
283500,2550500
283500,2549500
283500,2548500
283500,2547500
283500,2546500
283500,2545500
283500,2544500
283500,2543500
282500,2779500
282500,2778500
282500,2777500
282500,2776500
282500,2775500
282500,2774500
282500,2773500
282500,2772500
282500,2771500
282500,2770500
282500,2769500
282500,2768500
282500,2767500
282500,2766500
282500,2765500
282500,2764500
282500,2763500
282500,2762500
282500,2761500
282500,2760500
282500,2759500
282500,2758500
282500,2757500
282500,2756500
282500,2755500
282500,2754500
282500,2753500
282500,2752500
282500,2751500
282500,2750500
282500,2749500
282500,2748500
282500,2747500
282500,2746500
282500,2745500
282500,2744500
282500,2743500
282500,2742500
282500,2741500
282500,2740500
282500,2739500
282500,2738500
282500,2737500
282500,2736500
282500,2735500
282500,2734500
282500,2733500
282500,2732500
282500,2731500
282500,2730500
282500,2729500
282500,2728500
282500,2727500
282500,2726500
282500,2725500
282500,2724500
282500,2723500
282500,2722500
282500,2721500
282500,2720500
282500,2719500
282500,2718500
282500,2717500
282500,2716500
282500,2715500
282500,2714500
282500,2713500
282500,2712500
282500,2711500
282500,2710500
282500,2709500
282500,2708500
282500,2707500
282500,2706500
282500,2705500
282500,2704500
282500,2703500
282500,2702500
282500,2701500
282500,2700500
282500,2699500
282500,2698500
282500,2697500
282500,2696500
282500,2695500
282500,2694500
282500,2693500
282500,2692500
282500,2691500
282500,2690500
282500,2689500
282500,2688500
282500,2687500
282500,2686500
282500,2685500
282500,2684500
282500,2683500
282500,2682500
282500,2681500
282500,2680500
282500,2679500
282500,2678500
282500,2677500
282500,2676500
282500,2675500
282500,2674500
282500,2673500
282500,2672500
282500,2671500
282500,2670500
282500,2669500
282500,2668500
282500,2667500
282500,2666500
282500,2665500
282500,2664500
282500,2663500
282500,2662500
282500,2661500
282500,2660500
282500,2659500
282500,2658500
282500,2657500
282500,2656500
282500,2655500
282500,2654500
282500,2653500
282500,2652500
282500,2651500
282500,2650500
282500,2649500
282500,2648500
282500,2647500
282500,2646500
282500,2645500
282500,2644500
282500,2643500
282500,2642500
282500,2641500
282500,2640500
282500,2639500
282500,2638500
282500,2637500
282500,2636500
282500,2635500
282500,2634500
282500,2633500
282500,2632500
282500,2631500
282500,2630500
282500,2629500
282500,2628500
282500,2627500
282500,2626500
282500,2625500
282500,2624500
282500,2623500
282500,2622500
282500,2621500
282500,2620500
282500,2619500
282500,2618500
282500,2617500
282500,2616500
282500,2615500
282500,2614500
282500,2613500
282500,2612500
282500,2611500
282500,2610500
282500,2609500
282500,2608500
282500,2607500
282500,2606500
282500,2605500
282500,2604500
282500,2603500
282500,2602500
282500,2601500
282500,2600500
282500,2599500
282500,2598500
282500,2597500
282500,2596500
282500,2595500
282500,2594500
282500,2593500
282500,2592500
282500,2591500
282500,2590500
282500,2589500
282500,2588500
282500,2587500
282500,2586500
282500,2585500
282500,2584500
282500,2583500
282500,2582500
282500,2581500
282500,2580500
282500,2579500
282500,2578500
282500,2577500
282500,2576500
282500,2575500
282500,2574500
282500,2573500
282500,2572500
282500,2571500
282500,2570500
282500,2569500
282500,2568500
282500,2567500
282500,2566500
282500,2565500
282500,2564500
282500,2563500
282500,2562500
282500,2561500
282500,2560500
282500,2559500
282500,2558500
282500,2557500
282500,2556500
282500,2555500
282500,2554500
282500,2553500
282500,2552500
282500,2551500
282500,2550500
282500,2549500
282500,2548500
282500,2547500
282500,2546500
282500,2545500
282500,2544500
282500,2543500
282500,2542500
282500,2541500
281500,2779500
281500,2778500
281500,2777500
281500,2776500
281500,2775500
281500,2774500
281500,2773500
281500,2772500
281500,2771500
281500,2770500
281500,2769500
281500,2768500
281500,2767500
281500,2766500
281500,2765500
281500,2764500
281500,2763500
281500,2762500
281500,2761500
281500,2760500
281500,2759500
281500,2758500
281500,2757500
281500,2756500
281500,2755500
281500,2754500
281500,2753500
281500,2752500
281500,2751500
281500,2750500
281500,2749500
281500,2748500
281500,2747500
281500,2746500
281500,2745500
281500,2744500
281500,2743500
281500,2742500
281500,2741500
281500,2740500
281500,2739500
281500,2738500
281500,2737500
281500,2736500
281500,2735500
281500,2734500
281500,2733500
281500,2732500
281500,2731500
281500,2730500
281500,2729500
281500,2728500
281500,2727500
281500,2726500
281500,2725500
281500,2724500
281500,2723500
281500,2722500
281500,2721500
281500,2720500
281500,2719500
281500,2718500
281500,2717500
281500,2716500
281500,2715500
281500,2714500
281500,2713500
281500,2712500
281500,2711500
281500,2710500
281500,2709500
281500,2708500
281500,2707500
281500,2706500
281500,2705500
281500,2704500
281500,2703500
281500,2702500
281500,2701500
281500,2700500
281500,2699500
281500,2698500
281500,2697500
281500,2696500
281500,2695500
281500,2694500
281500,2693500
281500,2692500
281500,2691500
281500,2690500
281500,2689500
281500,2688500
281500,2687500
281500,2686500
281500,2685500
281500,2684500
281500,2683500
281500,2682500
281500,2681500
281500,2680500
281500,2679500
281500,2678500
281500,2677500
281500,2676500
281500,2675500
281500,2674500
281500,2673500
281500,2672500
281500,2671500
281500,2670500
281500,2669500
281500,2668500
281500,2667500
281500,2666500
281500,2665500
281500,2664500
281500,2663500
281500,2662500
281500,2661500
281500,2660500
281500,2659500
281500,2658500
281500,2657500
281500,2656500
281500,2655500
281500,2654500
281500,2653500
281500,2652500
281500,2651500
281500,2650500
281500,2649500
281500,2648500
281500,2647500
281500,2646500
281500,2645500
281500,2644500
281500,2643500
281500,2642500
281500,2641500
281500,2640500
281500,2639500
281500,2638500
281500,2637500
281500,2636500
281500,2635500
281500,2634500
281500,2633500
281500,2632500
281500,2631500
281500,2630500
281500,2629500
281500,2628500
281500,2627500
281500,2626500
281500,2625500
281500,2624500
281500,2623500
281500,2622500
281500,2621500
281500,2620500
281500,2619500
281500,2618500
281500,2617500
281500,2616500
281500,2615500
281500,2614500
281500,2613500
281500,2612500
281500,2611500
281500,2610500
281500,2609500
281500,2608500
281500,2607500
281500,2606500
281500,2605500
281500,2604500
281500,2603500
281500,2602500
281500,2601500
281500,2600500
281500,2599500
281500,2598500
281500,2597500
281500,2596500
281500,2595500
281500,2594500
281500,2593500
281500,2592500
281500,2591500
281500,2590500
281500,2589500
281500,2588500
281500,2587500
281500,2586500
281500,2585500
281500,2584500
281500,2583500
281500,2582500
281500,2581500
281500,2580500
281500,2579500
281500,2578500
281500,2577500
281500,2576500
281500,2575500
281500,2574500
281500,2573500
281500,2572500
281500,2571500
281500,2570500
281500,2569500
281500,2568500
281500,2567500
281500,2566500
281500,2565500
281500,2564500
281500,2563500
281500,2562500
281500,2561500
281500,2560500
281500,2559500
281500,2558500
281500,2557500
281500,2556500
281500,2555500
281500,2554500
281500,2553500
281500,2552500
281500,2551500
281500,2550500
281500,2549500
281500,2548500
281500,2547500
281500,2546500
281500,2545500
281500,2544500
281500,2543500
281500,2542500
281500,2541500
281500,2540500
280500,2780500
280500,2779500
280500,2778500
280500,2777500
280500,2776500
280500,2775500
280500,2774500
280500,2773500
280500,2772500
280500,2771500
280500,2770500
280500,2769500
280500,2768500
280500,2767500
280500,2766500
280500,2765500
280500,2764500
280500,2763500
280500,2762500
280500,2761500
280500,2760500
280500,2759500
280500,2758500
280500,2757500
280500,2756500
280500,2755500
280500,2754500
280500,2753500
280500,2752500
280500,2751500
280500,2750500
280500,2749500
280500,2748500
280500,2747500
280500,2746500
280500,2745500
280500,2744500
280500,2743500
280500,2742500
280500,2741500
280500,2740500
280500,2739500
280500,2738500
280500,2737500
280500,2736500
280500,2735500
280500,2734500
280500,2733500
280500,2732500
280500,2731500
280500,2730500
280500,2729500
280500,2728500
280500,2727500
280500,2726500
280500,2725500
280500,2724500
280500,2723500
280500,2722500
280500,2721500
280500,2720500
280500,2719500
280500,2718500
280500,2717500
280500,2716500
280500,2715500
280500,2714500
280500,2713500
280500,2712500
280500,2711500
280500,2710500
280500,2709500
280500,2708500
280500,2707500
280500,2706500
280500,2705500
280500,2704500
280500,2703500
280500,2702500
280500,2701500
280500,2700500
280500,2699500
280500,2698500
280500,2697500
280500,2696500
280500,2695500
280500,2694500
280500,2693500
280500,2692500
280500,2691500
280500,2690500
280500,2689500
280500,2688500
280500,2687500
280500,2686500
280500,2685500
280500,2684500
280500,2683500
280500,2682500
280500,2681500
280500,2680500
280500,2679500
280500,2678500
280500,2677500
280500,2676500
280500,2675500
280500,2674500
280500,2673500
280500,2672500
280500,2671500
280500,2670500
280500,2669500
280500,2668500
280500,2667500
280500,2666500
280500,2665500
280500,2664500
280500,2663500
280500,2662500
280500,2661500
280500,2660500
280500,2659500
280500,2658500
280500,2657500
280500,2656500
280500,2655500
280500,2654500
280500,2653500
280500,2652500
280500,2651500
280500,2650500
280500,2649500
280500,2648500
280500,2647500
280500,2646500
280500,2645500
280500,2644500
280500,2643500
280500,2642500
280500,2641500
280500,2640500
280500,2639500
280500,2638500
280500,2637500
280500,2636500
280500,2635500
280500,2634500
280500,2633500
280500,2632500
280500,2631500
280500,2630500
280500,2629500
280500,2628500
280500,2627500
280500,2626500
280500,2625500
280500,2624500
280500,2623500
280500,2622500
280500,2621500
280500,2620500
280500,2619500
280500,2618500
280500,2617500
280500,2616500
280500,2615500
280500,2614500
280500,2613500
280500,2612500
280500,2611500
280500,2610500
280500,2609500
280500,2608500
280500,2607500
280500,2606500
280500,2605500
280500,2604500
280500,2603500
280500,2602500
280500,2601500
280500,2600500
280500,2599500
280500,2598500
280500,2597500
280500,2596500
280500,2595500
280500,2594500
280500,2593500
280500,2592500
280500,2591500
280500,2590500
280500,2589500
280500,2588500
280500,2587500
280500,2586500
280500,2585500
280500,2584500
280500,2583500
280500,2582500
280500,2581500
280500,2580500
280500,2579500
280500,2578500
280500,2577500
280500,2576500
280500,2575500
280500,2574500
280500,2573500
280500,2572500
280500,2571500
280500,2570500
280500,2569500
280500,2568500
280500,2567500
280500,2566500
280500,2565500
280500,2564500
280500,2563500
280500,2562500
280500,2561500
280500,2560500
280500,2559500
280500,2558500
280500,2557500
280500,2556500
280500,2555500
280500,2554500
280500,2553500
280500,2552500
280500,2551500
280500,2550500
280500,2549500
280500,2548500
280500,2547500
280500,2546500
280500,2545500
280500,2544500
280500,2543500
280500,2542500
280500,2541500
280500,2540500
280500,2539500
279500,2780500
279500,2779500
279500,2778500
279500,2777500
279500,2776500
279500,2775500
279500,2774500
279500,2773500
279500,2772500
279500,2771500
279500,2770500
279500,2769500
279500,2768500
279500,2767500
279500,2766500
279500,2765500
279500,2764500
279500,2763500
279500,2762500
279500,2761500
279500,2760500
279500,2759500
279500,2758500
279500,2757500
279500,2756500
279500,2755500
279500,2754500
279500,2753500
279500,2752500
279500,2751500
279500,2750500
279500,2749500
279500,2748500
279500,2747500
279500,2746500
279500,2745500
279500,2744500
279500,2743500
279500,2742500
279500,2741500
279500,2740500
279500,2739500
279500,2738500
279500,2737500
279500,2736500
279500,2735500
279500,2734500
279500,2733500
279500,2732500
279500,2731500
279500,2730500
279500,2729500
279500,2728500
279500,2727500
279500,2726500
279500,2725500
279500,2724500
279500,2723500
279500,2722500
279500,2721500
279500,2720500
279500,2719500
279500,2718500
279500,2717500
279500,2716500
279500,2715500
279500,2714500
279500,2713500
279500,2712500
279500,2711500
279500,2710500
279500,2709500
279500,2708500
279500,2707500
279500,2706500
279500,2705500
279500,2704500
279500,2703500
279500,2702500
279500,2701500
279500,2700500
279500,2699500
279500,2698500
279500,2697500
279500,2696500
279500,2695500
279500,2694500
279500,2693500
279500,2692500
279500,2691500
279500,2690500
279500,2689500
279500,2688500
279500,2687500
279500,2686500
279500,2685500
279500,2684500
279500,2683500
279500,2682500
279500,2681500
279500,2680500
279500,2679500
279500,2678500
279500,2677500
279500,2676500
279500,2675500
279500,2674500
279500,2673500
279500,2672500
279500,2671500
279500,2670500
279500,2669500
279500,2668500
279500,2667500
279500,2666500
279500,2665500
279500,2664500
279500,2663500
279500,2662500
279500,2661500
279500,2660500
279500,2659500
279500,2658500
279500,2657500
279500,2656500
279500,2655500
279500,2654500
279500,2653500
279500,2652500
279500,2651500
279500,2650500
279500,2649500
279500,2648500
279500,2647500
279500,2646500
279500,2645500
279500,2644500
279500,2643500
279500,2642500
279500,2641500
279500,2640500
279500,2639500
279500,2638500
279500,2637500
279500,2636500
279500,2635500
279500,2634500
279500,2633500
279500,2632500
279500,2631500
279500,2630500
279500,2629500
279500,2628500
279500,2627500
279500,2626500
279500,2625500
279500,2624500
279500,2623500
279500,2622500
279500,2621500
279500,2620500
279500,2619500
279500,2618500
279500,2617500
279500,2616500
279500,2615500
279500,2614500
279500,2613500
279500,2612500
279500,2611500
279500,2610500
279500,2609500
279500,2608500
279500,2607500
279500,2606500
279500,2605500
279500,2604500
279500,2603500
279500,2602500
279500,2601500
279500,2600500
279500,2599500
279500,2598500
279500,2597500
279500,2596500
279500,2595500
279500,2594500
279500,2593500
279500,2592500
279500,2591500
279500,2590500
279500,2589500
279500,2588500
279500,2587500
279500,2586500
279500,2585500
279500,2584500
279500,2583500
279500,2582500
279500,2581500
279500,2580500
279500,2579500
279500,2578500
279500,2577500
279500,2576500
279500,2575500
279500,2574500
279500,2573500
279500,2572500
279500,2571500
279500,2570500
279500,2569500
279500,2568500
279500,2567500
279500,2566500
279500,2565500
279500,2564500
279500,2563500
279500,2562500
279500,2561500
279500,2560500
279500,2559500
279500,2558500
279500,2557500
279500,2556500
279500,2555500
279500,2554500
279500,2553500
279500,2552500
279500,2551500
279500,2550500
279500,2549500
279500,2548500
279500,2547500
279500,2546500
279500,2545500
279500,2544500
279500,2543500
279500,2542500
279500,2541500
279500,2540500
279500,2539500
279500,2538500
278500,2780500
278500,2778500
278500,2777500
278500,2776500
278500,2775500
278500,2774500
278500,2773500
278500,2772500
278500,2771500
278500,2770500
278500,2769500
278500,2768500
278500,2767500
278500,2766500
278500,2765500
278500,2764500
278500,2763500
278500,2762500
278500,2761500
278500,2760500
278500,2759500
278500,2758500
278500,2757500
278500,2756500
278500,2755500
278500,2754500
278500,2753500
278500,2752500
278500,2751500
278500,2750500
278500,2749500
278500,2748500
278500,2747500
278500,2746500
278500,2745500
278500,2744500
278500,2743500
278500,2742500
278500,2741500
278500,2740500
278500,2739500
278500,2738500
278500,2737500
278500,2736500
278500,2735500
278500,2734500
278500,2733500
278500,2732500
278500,2731500
278500,2730500
278500,2729500
278500,2728500
278500,2727500
278500,2726500
278500,2725500
278500,2724500
278500,2723500
278500,2722500
278500,2721500
278500,2720500
278500,2719500
278500,2718500
278500,2717500
278500,2716500
278500,2715500
278500,2714500
278500,2713500
278500,2712500
278500,2711500
278500,2710500
278500,2709500
278500,2708500
278500,2707500
278500,2706500
278500,2705500
278500,2704500
278500,2703500
278500,2702500
278500,2701500
278500,2700500
278500,2699500
278500,2698500
278500,2697500
278500,2696500
278500,2695500
278500,2694500
278500,2693500
278500,2692500
278500,2691500
278500,2690500
278500,2689500
278500,2688500
278500,2687500
278500,2686500
278500,2685500
278500,2684500
278500,2683500
278500,2682500
278500,2681500
278500,2680500
278500,2679500
278500,2678500
278500,2677500
278500,2676500
278500,2675500
278500,2674500
278500,2673500
278500,2672500
278500,2671500
278500,2670500
278500,2669500
278500,2668500
278500,2667500
278500,2666500
278500,2665500
278500,2664500
278500,2663500
278500,2662500
278500,2661500
278500,2660500
278500,2659500
278500,2658500
278500,2657500
278500,2656500
278500,2655500
278500,2654500
278500,2653500
278500,2652500
278500,2651500
278500,2650500
278500,2649500
278500,2648500
278500,2647500
278500,2646500
278500,2645500
278500,2644500
278500,2643500
278500,2642500
278500,2641500
278500,2640500
278500,2639500
278500,2638500
278500,2637500
278500,2636500
278500,2635500
278500,2634500
278500,2633500
278500,2632500
278500,2631500
278500,2630500
278500,2629500
278500,2628500
278500,2627500
278500,2626500
278500,2625500
278500,2624500
278500,2623500
278500,2622500
278500,2621500
278500,2620500
278500,2619500
278500,2618500
278500,2617500
278500,2616500
278500,2615500
278500,2614500
278500,2613500
278500,2612500
278500,2611500
278500,2610500
278500,2609500
278500,2608500
278500,2607500
278500,2606500
278500,2605500
278500,2604500
278500,2603500
278500,2602500
278500,2601500
278500,2600500
278500,2599500
278500,2598500
278500,2597500
278500,2596500
278500,2595500
278500,2594500
278500,2593500
278500,2592500
278500,2591500
278500,2590500
278500,2589500
278500,2588500
278500,2587500
278500,2586500
278500,2585500
278500,2584500
278500,2583500
278500,2582500
278500,2581500
278500,2580500
278500,2579500
278500,2578500
278500,2577500
278500,2576500
278500,2575500
278500,2574500
278500,2573500
278500,2572500
278500,2571500
278500,2570500
278500,2569500
278500,2568500
278500,2567500
278500,2566500
278500,2565500
278500,2564500
278500,2563500
278500,2562500
278500,2561500
278500,2560500
278500,2559500
278500,2558500
278500,2557500
278500,2556500
278500,2555500
278500,2554500
278500,2553500
278500,2552500
278500,2551500
278500,2550500
278500,2549500
278500,2548500
278500,2547500
278500,2546500
278500,2545500
278500,2544500
278500,2543500
278500,2542500
278500,2541500
278500,2540500
278500,2539500
278500,2538500
278500,2537500
278500,2536500
278500,2535500
277500,2779500
277500,2778500
277500,2777500
277500,2776500
277500,2775500
277500,2774500
277500,2773500
277500,2772500
277500,2771500
277500,2770500
277500,2769500
277500,2768500
277500,2767500
277500,2766500
277500,2765500
277500,2764500
277500,2763500
277500,2762500
277500,2761500
277500,2760500
277500,2759500
277500,2758500
277500,2757500
277500,2756500
277500,2755500
277500,2754500
277500,2753500
277500,2752500
277500,2751500
277500,2750500
277500,2749500
277500,2748500
277500,2747500
277500,2746500
277500,2745500
277500,2744500
277500,2743500
277500,2742500
277500,2741500
277500,2740500
277500,2739500
277500,2738500
277500,2737500
277500,2736500
277500,2735500
277500,2734500
277500,2733500
277500,2732500
277500,2731500
277500,2730500
277500,2729500
277500,2728500
277500,2727500
277500,2726500
277500,2725500
277500,2724500
277500,2723500
277500,2722500
277500,2721500
277500,2720500
277500,2719500
277500,2718500
277500,2717500
277500,2716500
277500,2715500
277500,2714500
277500,2713500
277500,2712500
277500,2711500
277500,2710500
277500,2709500
277500,2708500
277500,2707500
277500,2706500
277500,2705500
277500,2704500
277500,2703500
277500,2702500
277500,2701500
277500,2700500
277500,2699500
277500,2698500
277500,2697500
277500,2696500
277500,2695500
277500,2694500
277500,2693500
277500,2692500
277500,2691500
277500,2690500
277500,2689500
277500,2688500
277500,2687500
277500,2686500
277500,2685500
277500,2684500
277500,2683500
277500,2682500
277500,2681500
277500,2680500
277500,2679500
277500,2678500
277500,2677500
277500,2676500
277500,2675500
277500,2674500
277500,2673500
277500,2672500
277500,2671500
277500,2670500
277500,2669500
277500,2668500
277500,2667500
277500,2666500
277500,2665500
277500,2664500
277500,2663500
277500,2662500
277500,2661500
277500,2660500
277500,2659500
277500,2658500
277500,2657500
277500,2656500
277500,2655500
277500,2654500
277500,2653500
277500,2652500
277500,2651500
277500,2650500
277500,2649500
277500,2648500
277500,2647500
277500,2646500
277500,2645500
277500,2644500
277500,2643500
277500,2642500
277500,2641500
277500,2640500
277500,2639500
277500,2638500
277500,2637500
277500,2636500
277500,2635500
277500,2634500
277500,2633500
277500,2632500
277500,2631500
277500,2630500
277500,2629500
277500,2628500
277500,2627500
277500,2626500
277500,2625500
277500,2624500
277500,2623500
277500,2622500
277500,2621500
277500,2620500
277500,2619500
277500,2618500
277500,2617500
277500,2616500
277500,2615500
277500,2614500
277500,2613500
277500,2612500
277500,2611500
277500,2610500
277500,2609500
277500,2608500
277500,2607500
277500,2606500
277500,2605500
277500,2604500
277500,2603500
277500,2602500
277500,2601500
277500,2600500
277500,2599500
277500,2598500
277500,2597500
277500,2596500
277500,2595500
277500,2594500
277500,2593500
277500,2592500
277500,2591500
277500,2590500
277500,2589500
277500,2588500
277500,2587500
277500,2586500
277500,2585500
277500,2584500
277500,2583500
277500,2582500
277500,2581500
277500,2580500
277500,2579500
277500,2578500
277500,2577500
277500,2576500
277500,2575500
277500,2574500
277500,2573500
277500,2572500
277500,2571500
277500,2570500
277500,2569500
277500,2568500
277500,2567500
277500,2566500
277500,2565500
277500,2564500
277500,2563500
277500,2562500
277500,2561500
277500,2560500
277500,2559500
277500,2558500
277500,2557500
277500,2556500
277500,2555500
277500,2554500
277500,2553500
277500,2552500
277500,2551500
277500,2550500
277500,2549500
277500,2548500
277500,2547500
277500,2546500
277500,2545500
277500,2544500
277500,2543500
277500,2542500
277500,2541500
277500,2540500
277500,2539500
277500,2538500
277500,2537500
277500,2536500
277500,2535500
277500,2534500
276500,2779500
276500,2778500
276500,2777500
276500,2776500
276500,2775500
276500,2774500
276500,2773500
276500,2772500
276500,2771500
276500,2770500
276500,2769500
276500,2768500
276500,2767500
276500,2766500
276500,2765500
276500,2764500
276500,2763500
276500,2762500
276500,2761500
276500,2760500
276500,2759500
276500,2758500
276500,2757500
276500,2756500
276500,2755500
276500,2754500
276500,2753500
276500,2752500
276500,2751500
276500,2750500
276500,2749500
276500,2748500
276500,2747500
276500,2746500
276500,2745500
276500,2744500
276500,2743500
276500,2742500
276500,2741500
276500,2740500
276500,2739500
276500,2738500
276500,2737500
276500,2736500
276500,2735500
276500,2734500
276500,2733500
276500,2732500
276500,2731500
276500,2730500
276500,2729500
276500,2728500
276500,2727500
276500,2726500
276500,2725500
276500,2724500
276500,2723500
276500,2722500
276500,2721500
276500,2720500
276500,2719500
276500,2718500
276500,2717500
276500,2716500
276500,2715500
276500,2714500
276500,2713500
276500,2712500
276500,2711500
276500,2710500
276500,2709500
276500,2708500
276500,2707500
276500,2706500
276500,2705500
276500,2704500
276500,2703500
276500,2702500
276500,2701500
276500,2700500
276500,2699500
276500,2698500
276500,2697500
276500,2696500
276500,2695500
276500,2694500
276500,2693500
276500,2692500
276500,2691500
276500,2690500
276500,2689500
276500,2688500
276500,2687500
276500,2686500
276500,2685500
276500,2684500
276500,2683500
276500,2682500
276500,2681500
276500,2680500
276500,2679500
276500,2678500
276500,2677500
276500,2676500
276500,2675500
276500,2674500
276500,2673500
276500,2672500
276500,2671500
276500,2670500
276500,2669500
276500,2668500
276500,2667500
276500,2666500
276500,2665500
276500,2664500
276500,2663500
276500,2662500
276500,2661500
276500,2660500
276500,2659500
276500,2658500
276500,2657500
276500,2656500
276500,2655500
276500,2654500
276500,2653500
276500,2652500
276500,2651500
276500,2650500
276500,2649500
276500,2648500
276500,2647500
276500,2646500
276500,2645500
276500,2644500
276500,2643500
276500,2642500
276500,2641500
276500,2640500
276500,2639500
276500,2638500
276500,2637500
276500,2636500
276500,2635500
276500,2634500
276500,2633500
276500,2632500
276500,2631500
276500,2630500
276500,2629500
276500,2628500
276500,2627500
276500,2626500
276500,2625500
276500,2624500
276500,2623500
276500,2622500
276500,2621500
276500,2620500
276500,2619500
276500,2618500
276500,2617500
276500,2616500
276500,2615500
276500,2614500
276500,2613500
276500,2612500
276500,2611500
276500,2610500
276500,2609500
276500,2608500
276500,2607500
276500,2606500
276500,2605500
276500,2604500
276500,2603500
276500,2602500
276500,2601500
276500,2600500
276500,2599500
276500,2598500
276500,2597500
276500,2596500
276500,2595500
276500,2594500
276500,2593500
276500,2592500
276500,2591500
276500,2590500
276500,2589500
276500,2588500
276500,2587500
276500,2586500
276500,2585500
276500,2584500
276500,2583500
276500,2582500
276500,2581500
276500,2580500
276500,2579500
276500,2578500
276500,2577500
276500,2576500
276500,2575500
276500,2574500
276500,2573500
276500,2572500
276500,2571500
276500,2570500
276500,2569500
276500,2568500
276500,2567500
276500,2566500
276500,2565500
276500,2564500
276500,2563500
276500,2562500
276500,2561500
276500,2560500
276500,2559500
276500,2558500
276500,2557500
276500,2556500
276500,2555500
276500,2554500
276500,2553500
276500,2552500
276500,2551500
276500,2550500
276500,2549500
276500,2548500
276500,2547500
276500,2546500
276500,2545500
276500,2544500
276500,2543500
276500,2542500
276500,2541500
276500,2540500
276500,2539500
276500,2538500
276500,2537500
276500,2536500
276500,2535500
276500,2534500
276500,2533500
276500,2532500
275500,2779500
275500,2778500
275500,2777500
275500,2776500
275500,2775500
275500,2774500
275500,2773500
275500,2772500
275500,2771500
275500,2770500
275500,2769500
275500,2768500
275500,2767500
275500,2766500
275500,2765500
275500,2764500
275500,2763500
275500,2762500
275500,2761500
275500,2760500
275500,2759500
275500,2758500
275500,2757500
275500,2756500
275500,2755500
275500,2754500
275500,2753500
275500,2752500
275500,2751500
275500,2750500
275500,2749500
275500,2748500
275500,2747500
275500,2746500
275500,2745500
275500,2744500
275500,2743500
275500,2742500
275500,2741500
275500,2740500
275500,2739500
275500,2738500
275500,2737500
275500,2736500
275500,2735500
275500,2734500
275500,2733500
275500,2732500
275500,2731500
275500,2730500
275500,2729500
275500,2728500
275500,2727500
275500,2726500
275500,2725500
275500,2724500
275500,2723500
275500,2722500
275500,2721500
275500,2720500
275500,2719500
275500,2718500
275500,2717500
275500,2716500
275500,2715500
275500,2714500
275500,2713500
275500,2712500
275500,2711500
275500,2710500
275500,2709500
275500,2708500
275500,2707500
275500,2706500
275500,2705500
275500,2704500
275500,2703500
275500,2702500
275500,2701500
275500,2700500
275500,2699500
275500,2698500
275500,2697500
275500,2696500
275500,2695500
275500,2694500
275500,2693500
275500,2692500
275500,2691500
275500,2690500
275500,2689500
275500,2688500
275500,2687500
275500,2686500
275500,2685500
275500,2684500
275500,2683500
275500,2682500
275500,2681500
275500,2680500
275500,2679500
275500,2678500
275500,2677500
275500,2676500
275500,2675500
275500,2674500
275500,2673500
275500,2672500
275500,2671500
275500,2670500
275500,2669500
275500,2668500
275500,2667500
275500,2666500
275500,2665500
275500,2664500
275500,2663500
275500,2662500
275500,2661500
275500,2660500
275500,2659500
275500,2658500
275500,2657500
275500,2656500
275500,2655500
275500,2654500
275500,2653500
275500,2652500
275500,2651500
275500,2650500
275500,2649500
275500,2648500
275500,2647500
275500,2646500
275500,2645500
275500,2644500
275500,2643500
275500,2642500
275500,2641500
275500,2640500
275500,2639500
275500,2638500
275500,2637500
275500,2636500
275500,2635500
275500,2634500
275500,2633500
275500,2632500
275500,2631500
275500,2630500
275500,2629500
275500,2628500
275500,2627500
275500,2626500
275500,2625500
275500,2624500
275500,2623500
275500,2622500
275500,2621500
275500,2620500
275500,2619500
275500,2618500
275500,2617500
275500,2616500
275500,2615500
275500,2614500
275500,2613500
275500,2612500
275500,2611500
275500,2610500
275500,2609500
275500,2608500
275500,2607500
275500,2606500
275500,2605500
275500,2604500
275500,2603500
275500,2602500
275500,2601500
275500,2600500
275500,2599500
275500,2598500
275500,2597500
275500,2596500
275500,2595500
275500,2594500
275500,2593500
275500,2592500
275500,2591500
275500,2590500
275500,2589500
275500,2588500
275500,2587500
275500,2586500
275500,2585500
275500,2584500
275500,2583500
275500,2582500
275500,2581500
275500,2580500
275500,2579500
275500,2578500
275500,2577500
275500,2576500
275500,2575500
275500,2574500
275500,2573500
275500,2572500
275500,2571500
275500,2570500
275500,2569500
275500,2568500
275500,2567500
275500,2566500
275500,2565500
275500,2564500
275500,2563500
275500,2562500
275500,2561500
275500,2560500
275500,2559500
275500,2558500
275500,2557500
275500,2556500
275500,2555500
275500,2554500
275500,2553500
275500,2552500
275500,2551500
275500,2550500
275500,2549500
275500,2548500
275500,2547500
275500,2546500
275500,2545500
275500,2544500
275500,2543500
275500,2542500
275500,2541500
275500,2540500
275500,2539500
275500,2538500
275500,2537500
275500,2536500
275500,2535500
275500,2534500
275500,2533500
275500,2532500
275500,2531500
274500,2779500
274500,2778500
274500,2777500
274500,2776500
274500,2775500
274500,2774500
274500,2773500
274500,2772500
274500,2771500
274500,2770500
274500,2769500
274500,2768500
274500,2767500
274500,2766500
274500,2765500
274500,2764500
274500,2763500
274500,2762500
274500,2761500
274500,2760500
274500,2759500
274500,2758500
274500,2757500
274500,2756500
274500,2755500
274500,2754500
274500,2753500
274500,2752500
274500,2751500
274500,2750500
274500,2749500
274500,2748500
274500,2747500
274500,2746500
274500,2745500
274500,2744500
274500,2743500
274500,2742500
274500,2741500
274500,2740500
274500,2739500
274500,2738500
274500,2737500
274500,2736500
274500,2735500
274500,2734500
274500,2733500
274500,2732500
274500,2731500
274500,2730500
274500,2729500
274500,2728500
274500,2727500
274500,2726500
274500,2725500
274500,2724500
274500,2723500
274500,2722500
274500,2721500
274500,2720500
274500,2719500
274500,2718500
274500,2717500
274500,2716500
274500,2715500
274500,2714500
274500,2713500
274500,2712500
274500,2711500
274500,2710500
274500,2709500
274500,2708500
274500,2707500
274500,2706500
274500,2705500
274500,2704500
274500,2703500
274500,2702500
274500,2701500
274500,2700500
274500,2699500
274500,2698500
274500,2697500
274500,2696500
274500,2695500
274500,2694500
274500,2693500
274500,2692500
274500,2691500
274500,2690500
274500,2689500
274500,2688500
274500,2687500
274500,2686500
274500,2685500
274500,2684500
274500,2683500
274500,2682500
274500,2681500
274500,2680500
274500,2679500
274500,2678500
274500,2677500
274500,2676500
274500,2675500
274500,2674500
274500,2673500
274500,2672500
274500,2671500
274500,2670500
274500,2669500
274500,2668500
274500,2667500
274500,2666500
274500,2665500
274500,2664500
274500,2663500
274500,2662500
274500,2661500
274500,2660500
274500,2659500
274500,2658500
274500,2657500
274500,2656500
274500,2655500
274500,2654500
274500,2653500
274500,2652500
274500,2651500
274500,2650500
274500,2649500
274500,2648500
274500,2647500
274500,2646500
274500,2645500
274500,2644500
274500,2643500
274500,2642500
274500,2641500
274500,2640500
274500,2639500
274500,2638500
274500,2637500
274500,2636500
274500,2635500
274500,2634500
274500,2633500
274500,2632500
274500,2631500
274500,2630500
274500,2629500
274500,2628500
274500,2627500
274500,2626500
274500,2625500
274500,2624500
274500,2623500
274500,2622500
274500,2621500
274500,2620500
274500,2619500
274500,2618500
274500,2617500
274500,2616500
274500,2615500
274500,2614500
274500,2613500
274500,2612500
274500,2611500
274500,2610500
274500,2609500
274500,2608500
274500,2607500
274500,2606500
274500,2605500
274500,2604500
274500,2603500
274500,2602500
274500,2601500
274500,2600500
274500,2599500
274500,2598500
274500,2597500
274500,2596500
274500,2595500
274500,2594500
274500,2593500
274500,2592500
274500,2591500
274500,2590500
274500,2589500
274500,2588500
274500,2587500
274500,2586500
274500,2585500
274500,2584500
274500,2583500
274500,2582500
274500,2581500
274500,2580500
274500,2579500
274500,2578500
274500,2577500
274500,2576500
274500,2575500
274500,2574500
274500,2573500
274500,2572500
274500,2571500
274500,2570500
274500,2569500
274500,2568500
274500,2567500
274500,2566500
274500,2565500
274500,2564500
274500,2563500
274500,2562500
274500,2561500
274500,2560500
274500,2559500
274500,2558500
274500,2557500
274500,2556500
274500,2555500
274500,2554500
274500,2553500
274500,2552500
274500,2551500
274500,2550500
274500,2549500
274500,2548500
274500,2547500
274500,2546500
274500,2545500
274500,2544500
274500,2543500
274500,2542500
274500,2541500
274500,2540500
274500,2539500
274500,2538500
274500,2537500
274500,2536500
274500,2535500
274500,2534500
274500,2533500
274500,2532500
274500,2531500
274500,2530500
274500,2529500
273500,2778500
273500,2777500
273500,2776500
273500,2775500
273500,2774500
273500,2773500
273500,2772500
273500,2771500
273500,2770500
273500,2769500
273500,2768500
273500,2767500
273500,2766500
273500,2765500
273500,2764500
273500,2763500
273500,2762500
273500,2761500
273500,2760500
273500,2759500
273500,2758500
273500,2757500
273500,2756500
273500,2755500
273500,2754500
273500,2753500
273500,2752500
273500,2751500
273500,2750500
273500,2749500
273500,2748500
273500,2747500
273500,2746500
273500,2745500
273500,2744500
273500,2743500
273500,2742500
273500,2741500
273500,2740500
273500,2739500
273500,2738500
273500,2737500
273500,2736500
273500,2735500
273500,2734500
273500,2733500
273500,2732500
273500,2731500
273500,2730500
273500,2729500
273500,2728500
273500,2727500
273500,2726500
273500,2725500
273500,2724500
273500,2723500
273500,2722500
273500,2721500
273500,2720500
273500,2719500
273500,2718500
273500,2717500
273500,2716500
273500,2715500
273500,2714500
273500,2713500
273500,2712500
273500,2711500
273500,2710500
273500,2709500
273500,2708500
273500,2707500
273500,2706500
273500,2705500
273500,2704500
273500,2703500
273500,2702500
273500,2701500
273500,2700500
273500,2699500
273500,2698500
273500,2697500
273500,2696500
273500,2695500
273500,2694500
273500,2693500
273500,2692500
273500,2691500
273500,2690500
273500,2689500
273500,2688500
273500,2687500
273500,2686500
273500,2685500
273500,2684500
273500,2683500
273500,2682500
273500,2681500
273500,2680500
273500,2679500
273500,2678500
273500,2677500
273500,2676500
273500,2675500
273500,2674500
273500,2673500
273500,2672500
273500,2671500
273500,2670500
273500,2669500
273500,2668500
273500,2667500
273500,2666500
273500,2665500
273500,2664500
273500,2663500
273500,2662500
273500,2661500
273500,2660500
273500,2659500
273500,2658500
273500,2657500
273500,2656500
273500,2655500
273500,2654500
273500,2653500
273500,2652500
273500,2651500
273500,2650500
273500,2649500
273500,2648500
273500,2647500
273500,2646500
273500,2645500
273500,2644500
273500,2643500
273500,2642500
273500,2641500
273500,2640500
273500,2639500
273500,2638500
273500,2637500
273500,2636500
273500,2635500
273500,2634500
273500,2633500
273500,2632500
273500,2631500
273500,2630500
273500,2629500
273500,2628500
273500,2627500
273500,2626500
273500,2625500
273500,2624500
273500,2623500
273500,2622500
273500,2621500
273500,2620500
273500,2619500
273500,2618500
273500,2617500
273500,2616500
273500,2615500
273500,2614500
273500,2613500
273500,2612500
273500,2611500
273500,2610500
273500,2609500
273500,2608500
273500,2607500
273500,2606500
273500,2605500
273500,2604500
273500,2603500
273500,2602500
273500,2601500
273500,2600500
273500,2599500
273500,2598500
273500,2597500
273500,2596500
273500,2595500
273500,2594500
273500,2593500
273500,2592500
273500,2591500
273500,2590500
273500,2589500
273500,2588500
273500,2587500
273500,2586500
273500,2585500
273500,2584500
273500,2583500
273500,2582500
273500,2581500
273500,2580500
273500,2579500
273500,2578500
273500,2577500
273500,2576500
273500,2575500
273500,2574500
273500,2573500
273500,2572500
273500,2571500
273500,2570500
273500,2569500
273500,2568500
273500,2567500
273500,2566500
273500,2565500
273500,2564500
273500,2563500
273500,2562500
273500,2561500
273500,2560500
273500,2559500
273500,2558500
273500,2557500
273500,2556500
273500,2555500
273500,2554500
273500,2553500
273500,2552500
273500,2551500
273500,2550500
273500,2549500
273500,2548500
273500,2547500
273500,2546500
273500,2545500
273500,2544500
273500,2543500
273500,2542500
273500,2541500
273500,2540500
273500,2539500
273500,2538500
273500,2537500
273500,2536500
273500,2535500
273500,2534500
273500,2533500
273500,2532500
273500,2531500
273500,2530500
273500,2529500
272500,2778500
272500,2777500
272500,2776500
272500,2775500
272500,2774500
272500,2773500
272500,2772500
272500,2771500
272500,2770500
272500,2769500
272500,2768500
272500,2767500
272500,2766500
272500,2765500
272500,2764500
272500,2763500
272500,2762500
272500,2761500
272500,2760500
272500,2759500
272500,2758500
272500,2757500
272500,2756500
272500,2755500
272500,2754500
272500,2753500
272500,2752500
272500,2751500
272500,2750500
272500,2749500
272500,2748500
272500,2747500
272500,2746500
272500,2745500
272500,2744500
272500,2743500
272500,2742500
272500,2741500
272500,2740500
272500,2739500
272500,2738500
272500,2737500
272500,2736500
272500,2735500
272500,2734500
272500,2733500
272500,2732500
272500,2731500
272500,2730500
272500,2729500
272500,2728500
272500,2727500
272500,2726500
272500,2725500
272500,2724500
272500,2723500
272500,2722500
272500,2721500
272500,2720500
272500,2719500
272500,2718500
272500,2717500
272500,2716500
272500,2715500
272500,2714500
272500,2713500
272500,2712500
272500,2711500
272500,2710500
272500,2709500
272500,2708500
272500,2707500
272500,2706500
272500,2705500
272500,2704500
272500,2703500
272500,2702500
272500,2701500
272500,2700500
272500,2699500
272500,2698500
272500,2697500
272500,2696500
272500,2695500
272500,2694500
272500,2693500
272500,2692500
272500,2691500
272500,2690500
272500,2689500
272500,2688500
272500,2687500
272500,2686500
272500,2685500
272500,2684500
272500,2683500
272500,2682500
272500,2681500
272500,2680500
272500,2679500
272500,2678500
272500,2677500
272500,2676500
272500,2675500
272500,2674500
272500,2673500
272500,2672500
272500,2671500
272500,2670500
272500,2669500
272500,2668500
272500,2667500
272500,2666500
272500,2665500
272500,2664500
272500,2663500
272500,2662500
272500,2661500
272500,2660500
272500,2659500
272500,2658500
272500,2657500
272500,2656500
272500,2655500
272500,2654500
272500,2653500
272500,2652500
272500,2651500
272500,2650500
272500,2649500
272500,2648500
272500,2647500
272500,2646500
272500,2645500
272500,2644500
272500,2643500
272500,2642500
272500,2641500
272500,2640500
272500,2639500
272500,2638500
272500,2637500
272500,2636500
272500,2635500
272500,2634500
272500,2633500
272500,2632500
272500,2631500
272500,2630500
272500,2629500
272500,2628500
272500,2627500
272500,2626500
272500,2625500
272500,2624500
272500,2623500
272500,2622500
272500,2621500
272500,2620500
272500,2619500
272500,2618500
272500,2617500
272500,2616500
272500,2615500
272500,2614500
272500,2613500
272500,2612500
272500,2611500
272500,2610500
272500,2609500
272500,2608500
272500,2607500
272500,2606500
272500,2605500
272500,2604500
272500,2603500
272500,2602500
272500,2601500
272500,2600500
272500,2599500
272500,2598500
272500,2597500
272500,2596500
272500,2595500
272500,2594500
272500,2593500
272500,2592500
272500,2591500
272500,2590500
272500,2589500
272500,2588500
272500,2587500
272500,2586500
272500,2585500
272500,2584500
272500,2583500
272500,2582500
272500,2581500
272500,2580500
272500,2579500
272500,2578500
272500,2577500
272500,2576500
272500,2575500
272500,2574500
272500,2573500
272500,2572500
272500,2571500
272500,2570500
272500,2569500
272500,2568500
272500,2567500
272500,2566500
272500,2565500
272500,2564500
272500,2563500
272500,2562500
272500,2561500
272500,2560500
272500,2559500
272500,2558500
272500,2557500
272500,2556500
272500,2555500
272500,2554500
272500,2553500
272500,2552500
272500,2551500
272500,2550500
272500,2549500
272500,2548500
272500,2547500
272500,2546500
272500,2545500
272500,2544500
272500,2543500
272500,2542500
272500,2541500
272500,2540500
272500,2539500
272500,2538500
272500,2537500
272500,2536500
272500,2535500
272500,2534500
272500,2533500
272500,2532500
272500,2531500
272500,2530500
272500,2529500
271500,2778500
271500,2777500
271500,2776500
271500,2775500
271500,2774500
271500,2773500
271500,2772500
271500,2771500
271500,2770500
271500,2769500
271500,2768500
271500,2767500
271500,2766500
271500,2765500
271500,2764500
271500,2763500
271500,2762500
271500,2761500
271500,2760500
271500,2759500
271500,2758500
271500,2757500
271500,2756500
271500,2755500
271500,2754500
271500,2753500
271500,2752500
271500,2751500
271500,2750500
271500,2749500
271500,2748500
271500,2747500
271500,2746500
271500,2745500
271500,2744500
271500,2743500
271500,2742500
271500,2741500
271500,2740500
271500,2739500
271500,2738500
271500,2737500
271500,2736500
271500,2735500
271500,2734500
271500,2733500
271500,2732500
271500,2731500
271500,2730500
271500,2729500
271500,2728500
271500,2727500
271500,2726500
271500,2725500
271500,2724500
271500,2723500
271500,2722500
271500,2721500
271500,2720500
271500,2719500
271500,2718500
271500,2717500
271500,2716500
271500,2715500
271500,2714500
271500,2713500
271500,2712500
271500,2711500
271500,2710500
271500,2709500
271500,2708500
271500,2707500
271500,2706500
271500,2705500
271500,2704500
271500,2703500
271500,2702500
271500,2701500
271500,2700500
271500,2699500
271500,2698500
271500,2697500
271500,2696500
271500,2695500
271500,2694500
271500,2693500
271500,2692500
271500,2691500
271500,2690500
271500,2689500
271500,2688500
271500,2687500
271500,2686500
271500,2685500
271500,2684500
271500,2683500
271500,2682500
271500,2681500
271500,2680500
271500,2679500
271500,2678500
271500,2677500
271500,2676500
271500,2675500
271500,2674500
271500,2673500
271500,2672500
271500,2671500
271500,2670500
271500,2669500
271500,2668500
271500,2667500
271500,2666500
271500,2665500
271500,2664500
271500,2663500
271500,2662500
271500,2661500
271500,2660500
271500,2659500
271500,2658500
271500,2657500
271500,2656500
271500,2655500
271500,2654500
271500,2653500
271500,2652500
271500,2651500
271500,2650500
271500,2649500
271500,2648500
271500,2647500
271500,2646500
271500,2645500
271500,2644500
271500,2643500
271500,2642500
271500,2641500
271500,2640500
271500,2639500
271500,2638500
271500,2637500
271500,2636500
271500,2635500
271500,2634500
271500,2633500
271500,2632500
271500,2631500
271500,2630500
271500,2629500
271500,2628500
271500,2627500
271500,2626500
271500,2625500
271500,2624500
271500,2623500
271500,2622500
271500,2621500
271500,2620500
271500,2619500
271500,2618500
271500,2617500
271500,2616500
271500,2615500
271500,2614500
271500,2613500
271500,2612500
271500,2611500
271500,2610500
271500,2609500
271500,2608500
271500,2607500
271500,2606500
271500,2605500
271500,2604500
271500,2603500
271500,2602500
271500,2601500
271500,2600500
271500,2599500
271500,2598500
271500,2597500
271500,2596500
271500,2595500
271500,2594500
271500,2593500
271500,2592500
271500,2591500
271500,2590500
271500,2589500
271500,2588500
271500,2587500
271500,2586500
271500,2585500
271500,2584500
271500,2583500
271500,2582500
271500,2581500
271500,2580500
271500,2579500
271500,2578500
271500,2577500
271500,2576500
271500,2575500
271500,2574500
271500,2573500
271500,2572500
271500,2571500
271500,2570500
271500,2569500
271500,2568500
271500,2567500
271500,2566500
271500,2565500
271500,2564500
271500,2563500
271500,2562500
271500,2561500
271500,2560500
271500,2559500
271500,2558500
271500,2557500
271500,2556500
271500,2555500
271500,2554500
271500,2553500
271500,2552500
271500,2551500
271500,2550500
271500,2549500
271500,2548500
271500,2547500
271500,2546500
271500,2545500
271500,2544500
271500,2543500
271500,2542500
271500,2541500
271500,2540500
271500,2539500
271500,2538500
271500,2537500
271500,2536500
271500,2535500
271500,2534500
271500,2533500
271500,2532500
271500,2531500
271500,2530500
271500,2529500
271500,2528500
270500,2777500
270500,2776500
270500,2775500
270500,2774500
270500,2773500
270500,2772500
270500,2771500
270500,2770500
270500,2769500
270500,2768500
270500,2767500
270500,2766500
270500,2765500
270500,2764500
270500,2763500
270500,2762500
270500,2761500
270500,2760500
270500,2759500
270500,2758500
270500,2757500
270500,2756500
270500,2755500
270500,2754500
270500,2753500
270500,2752500
270500,2751500
270500,2750500
270500,2749500
270500,2748500
270500,2747500
270500,2746500
270500,2745500
270500,2744500
270500,2743500
270500,2742500
270500,2741500
270500,2740500
270500,2739500
270500,2738500
270500,2737500
270500,2736500
270500,2735500
270500,2734500
270500,2733500
270500,2732500
270500,2731500
270500,2730500
270500,2729500
270500,2728500
270500,2727500
270500,2726500
270500,2725500
270500,2724500
270500,2723500
270500,2722500
270500,2721500
270500,2720500
270500,2719500
270500,2718500
270500,2717500
270500,2716500
270500,2715500
270500,2714500
270500,2713500
270500,2712500
270500,2711500
270500,2710500
270500,2709500
270500,2708500
270500,2707500
270500,2706500
270500,2705500
270500,2704500
270500,2703500
270500,2702500
270500,2701500
270500,2700500
270500,2699500
270500,2698500
270500,2697500
270500,2696500
270500,2695500
270500,2694500
270500,2693500
270500,2692500
270500,2691500
270500,2690500
270500,2689500
270500,2688500
270500,2687500
270500,2686500
270500,2685500
270500,2684500
270500,2683500
270500,2682500
270500,2681500
270500,2680500
270500,2679500
270500,2678500
270500,2677500
270500,2676500
270500,2675500
270500,2674500
270500,2673500
270500,2672500
270500,2671500
270500,2670500
270500,2669500
270500,2668500
270500,2667500
270500,2666500
270500,2665500
270500,2664500
270500,2663500
270500,2662500
270500,2661500
270500,2660500
270500,2659500
270500,2658500
270500,2657500
270500,2656500
270500,2655500
270500,2654500
270500,2653500
270500,2652500
270500,2651500
270500,2650500
270500,2649500
270500,2648500
270500,2647500
270500,2646500
270500,2645500
270500,2644500
270500,2643500
270500,2642500
270500,2641500
270500,2640500
270500,2639500
270500,2638500
270500,2637500
270500,2636500
270500,2635500
270500,2634500
270500,2633500
270500,2632500
270500,2631500
270500,2630500
270500,2629500
270500,2628500
270500,2627500
270500,2626500
270500,2625500
270500,2624500
270500,2623500
270500,2622500
270500,2621500
270500,2620500
270500,2619500
270500,2618500
270500,2617500
270500,2616500
270500,2615500
270500,2614500
270500,2613500
270500,2612500
270500,2611500
270500,2610500
270500,2609500
270500,2608500
270500,2607500
270500,2606500
270500,2605500
270500,2604500
270500,2603500
270500,2602500
270500,2601500
270500,2600500
270500,2599500
270500,2598500
270500,2597500
270500,2596500
270500,2595500
270500,2594500
270500,2593500
270500,2592500
270500,2591500
270500,2590500
270500,2589500
270500,2588500
270500,2587500
270500,2586500
270500,2585500
270500,2584500
270500,2583500
270500,2582500
270500,2581500
270500,2580500
270500,2579500
270500,2578500
270500,2577500
270500,2576500
270500,2575500
270500,2574500
270500,2573500
270500,2572500
270500,2571500
270500,2570500
270500,2569500
270500,2568500
270500,2567500
270500,2566500
270500,2565500
270500,2564500
270500,2563500
270500,2562500
270500,2561500
270500,2560500
270500,2559500
270500,2558500
270500,2557500
270500,2556500
270500,2555500
270500,2554500
270500,2553500
270500,2552500
270500,2551500
270500,2550500
270500,2549500
270500,2548500
270500,2547500
270500,2546500
270500,2545500
270500,2544500
270500,2543500
270500,2542500
270500,2541500
270500,2540500
270500,2539500
270500,2538500
270500,2537500
270500,2536500
270500,2535500
270500,2534500
270500,2533500
270500,2532500
270500,2531500
270500,2530500
270500,2529500
270500,2528500
270500,2527500
270500,2524500
270500,2523500
270500,2522500
270500,2521500
269500,2782500
269500,2777500
269500,2776500
269500,2775500
269500,2774500
269500,2773500
269500,2772500
269500,2771500
269500,2770500
269500,2769500
269500,2768500
269500,2767500
269500,2766500
269500,2765500
269500,2764500
269500,2763500
269500,2762500
269500,2761500
269500,2760500
269500,2759500
269500,2758500
269500,2757500
269500,2756500
269500,2755500
269500,2754500
269500,2753500
269500,2752500
269500,2751500
269500,2750500
269500,2749500
269500,2748500
269500,2747500
269500,2746500
269500,2745500
269500,2744500
269500,2743500
269500,2742500
269500,2741500
269500,2740500
269500,2739500
269500,2738500
269500,2737500
269500,2736500
269500,2735500
269500,2734500
269500,2733500
269500,2732500
269500,2731500
269500,2730500
269500,2729500
269500,2728500
269500,2727500
269500,2726500
269500,2725500
269500,2724500
269500,2723500
269500,2722500
269500,2721500
269500,2720500
269500,2719500
269500,2718500
269500,2717500
269500,2716500
269500,2715500
269500,2714500
269500,2713500
269500,2712500
269500,2711500
269500,2710500
269500,2709500
269500,2708500
269500,2707500
269500,2706500
269500,2705500
269500,2704500
269500,2703500
269500,2702500
269500,2701500
269500,2700500
269500,2699500
269500,2698500
269500,2697500
269500,2696500
269500,2695500
269500,2694500
269500,2693500
269500,2692500
269500,2691500
269500,2690500
269500,2689500
269500,2688500
269500,2687500
269500,2686500
269500,2685500
269500,2684500
269500,2683500
269500,2682500
269500,2681500
269500,2680500
269500,2679500
269500,2678500
269500,2677500
269500,2676500
269500,2675500
269500,2674500
269500,2673500
269500,2672500
269500,2671500
269500,2670500
269500,2669500
269500,2668500
269500,2667500
269500,2666500
269500,2665500
269500,2664500
269500,2663500
269500,2662500
269500,2661500
269500,2660500
269500,2659500
269500,2658500
269500,2657500
269500,2656500
269500,2655500
269500,2654500
269500,2653500
269500,2652500
269500,2651500
269500,2650500
269500,2649500
269500,2648500
269500,2647500
269500,2646500
269500,2645500
269500,2644500
269500,2643500
269500,2642500
269500,2641500
269500,2640500
269500,2639500
269500,2638500
269500,2637500
269500,2636500
269500,2635500
269500,2634500
269500,2633500
269500,2632500
269500,2631500
269500,2630500
269500,2629500
269500,2628500
269500,2627500
269500,2626500
269500,2625500
269500,2624500
269500,2623500
269500,2622500
269500,2621500
269500,2620500
269500,2619500
269500,2618500
269500,2617500
269500,2616500
269500,2615500
269500,2614500
269500,2613500
269500,2612500
269500,2611500
269500,2610500
269500,2609500
269500,2608500
269500,2607500
269500,2606500
269500,2605500
269500,2604500
269500,2603500
269500,2602500
269500,2601500
269500,2600500
269500,2599500
269500,2598500
269500,2597500
269500,2596500
269500,2595500
269500,2594500
269500,2593500
269500,2592500
269500,2591500
269500,2590500
269500,2589500
269500,2588500
269500,2587500
269500,2586500
269500,2585500
269500,2584500
269500,2583500
269500,2582500
269500,2581500
269500,2580500
269500,2579500
269500,2578500
269500,2577500
269500,2576500
269500,2575500
269500,2574500
269500,2573500
269500,2572500
269500,2571500
269500,2570500
269500,2569500
269500,2568500
269500,2567500
269500,2566500
269500,2565500
269500,2564500
269500,2563500
269500,2562500
269500,2561500
269500,2560500
269500,2559500
269500,2558500
269500,2557500
269500,2556500
269500,2555500
269500,2554500
269500,2553500
269500,2552500
269500,2551500
269500,2550500
269500,2549500
269500,2548500
269500,2547500
269500,2546500
269500,2545500
269500,2544500
269500,2543500
269500,2542500
269500,2541500
269500,2540500
269500,2539500
269500,2538500
269500,2537500
269500,2536500
269500,2535500
269500,2534500
269500,2533500
269500,2532500
269500,2531500
269500,2530500
269500,2529500
269500,2528500
269500,2527500
269500,2526500
269500,2525500
269500,2524500
269500,2523500
269500,2522500
269500,2521500
269500,2520500
268500,2776500
268500,2775500
268500,2774500
268500,2773500
268500,2772500
268500,2771500
268500,2770500
268500,2769500
268500,2768500
268500,2767500
268500,2766500
268500,2765500
268500,2764500
268500,2763500
268500,2762500
268500,2761500
268500,2760500
268500,2759500
268500,2758500
268500,2757500
268500,2756500
268500,2755500
268500,2754500
268500,2753500
268500,2752500
268500,2751500
268500,2750500
268500,2749500
268500,2748500
268500,2747500
268500,2746500
268500,2745500
268500,2744500
268500,2743500
268500,2742500
268500,2741500
268500,2740500
268500,2739500
268500,2738500
268500,2737500
268500,2736500
268500,2735500
268500,2734500
268500,2733500
268500,2732500
268500,2731500
268500,2730500
268500,2729500
268500,2728500
268500,2727500
268500,2726500
268500,2725500
268500,2724500
268500,2723500
268500,2722500
268500,2721500
268500,2720500
268500,2719500
268500,2718500
268500,2717500
268500,2716500
268500,2715500
268500,2714500
268500,2713500
268500,2712500
268500,2711500
268500,2710500
268500,2709500
268500,2708500
268500,2707500
268500,2706500
268500,2705500
268500,2704500
268500,2703500
268500,2702500
268500,2701500
268500,2700500
268500,2699500
268500,2698500
268500,2697500
268500,2696500
268500,2695500
268500,2694500
268500,2693500
268500,2692500
268500,2691500
268500,2690500
268500,2689500
268500,2688500
268500,2687500
268500,2686500
268500,2685500
268500,2684500
268500,2683500
268500,2682500
268500,2681500
268500,2680500
268500,2679500
268500,2678500
268500,2677500
268500,2676500
268500,2675500
268500,2674500
268500,2673500
268500,2672500
268500,2671500
268500,2670500
268500,2669500
268500,2668500
268500,2667500
268500,2666500
268500,2665500
268500,2664500
268500,2663500
268500,2662500
268500,2661500
268500,2660500
268500,2659500
268500,2658500
268500,2657500
268500,2656500
268500,2655500
268500,2654500
268500,2653500
268500,2652500
268500,2651500
268500,2650500
268500,2649500
268500,2648500
268500,2647500
268500,2646500
268500,2645500
268500,2644500
268500,2643500
268500,2642500
268500,2641500
268500,2640500
268500,2639500
268500,2638500
268500,2637500
268500,2636500
268500,2635500
268500,2634500
268500,2633500
268500,2632500
268500,2631500
268500,2630500
268500,2629500
268500,2628500
268500,2627500
268500,2626500
268500,2625500
268500,2624500
268500,2623500
268500,2622500
268500,2621500
268500,2620500
268500,2619500
268500,2618500
268500,2617500
268500,2616500
268500,2615500
268500,2614500
268500,2613500
268500,2612500
268500,2611500
268500,2610500
268500,2609500
268500,2608500
268500,2607500
268500,2606500
268500,2605500
268500,2604500
268500,2603500
268500,2602500
268500,2601500
268500,2600500
268500,2599500
268500,2598500
268500,2597500
268500,2596500
268500,2595500
268500,2594500
268500,2593500
268500,2592500
268500,2591500
268500,2590500
268500,2589500
268500,2588500
268500,2587500
268500,2586500
268500,2585500
268500,2584500
268500,2583500
268500,2582500
268500,2581500
268500,2580500
268500,2579500
268500,2578500
268500,2577500
268500,2576500
268500,2575500
268500,2574500
268500,2573500
268500,2572500
268500,2571500
268500,2570500
268500,2569500
268500,2568500
268500,2567500
268500,2566500
268500,2565500
268500,2564500
268500,2563500
268500,2562500
268500,2561500
268500,2560500
268500,2559500
268500,2558500
268500,2557500
268500,2556500
268500,2555500
268500,2554500
268500,2553500
268500,2552500
268500,2551500
268500,2550500
268500,2549500
268500,2548500
268500,2547500
268500,2546500
268500,2545500
268500,2544500
268500,2543500
268500,2542500
268500,2541500
268500,2540500
268500,2539500
268500,2538500
268500,2537500
268500,2536500
268500,2535500
268500,2534500
268500,2533500
268500,2532500
268500,2531500
268500,2530500
268500,2529500
268500,2528500
268500,2527500
268500,2526500
268500,2525500
268500,2524500
268500,2523500
268500,2522500
268500,2521500
268500,2520500
268500,2519500
268500,2518500
268500,2517500
267500,2776500
267500,2775500
267500,2774500
267500,2773500
267500,2772500
267500,2771500
267500,2770500
267500,2769500
267500,2768500
267500,2767500
267500,2766500
267500,2765500
267500,2764500
267500,2763500
267500,2762500
267500,2761500
267500,2760500
267500,2759500
267500,2758500
267500,2757500
267500,2756500
267500,2755500
267500,2754500
267500,2753500
267500,2752500
267500,2751500
267500,2750500
267500,2749500
267500,2748500
267500,2747500
267500,2746500
267500,2745500
267500,2744500
267500,2743500
267500,2742500
267500,2741500
267500,2740500
267500,2739500
267500,2738500
267500,2737500
267500,2736500
267500,2735500
267500,2734500
267500,2733500
267500,2732500
267500,2731500
267500,2730500
267500,2729500
267500,2728500
267500,2727500
267500,2726500
267500,2725500
267500,2724500
267500,2723500
267500,2722500
267500,2721500
267500,2720500
267500,2719500
267500,2718500
267500,2717500
267500,2716500
267500,2715500
267500,2714500
267500,2713500
267500,2712500
267500,2711500
267500,2710500
267500,2709500
267500,2708500
267500,2707500
267500,2706500
267500,2705500
267500,2704500
267500,2703500
267500,2702500
267500,2701500
267500,2700500
267500,2699500
267500,2698500
267500,2697500
267500,2696500
267500,2695500
267500,2694500
267500,2693500
267500,2692500
267500,2691500
267500,2690500
267500,2689500
267500,2688500
267500,2687500
267500,2686500
267500,2685500
267500,2684500
267500,2683500
267500,2682500
267500,2681500
267500,2680500
267500,2679500
267500,2678500
267500,2677500
267500,2676500
267500,2675500
267500,2674500
267500,2673500
267500,2672500
267500,2671500
267500,2670500
267500,2669500
267500,2668500
267500,2667500
267500,2666500
267500,2665500
267500,2664500
267500,2663500
267500,2662500
267500,2661500
267500,2660500
267500,2659500
267500,2658500
267500,2657500
267500,2656500
267500,2655500
267500,2654500
267500,2653500
267500,2652500
267500,2651500
267500,2650500
267500,2649500
267500,2648500
267500,2647500
267500,2646500
267500,2645500
267500,2644500
267500,2643500
267500,2642500
267500,2641500
267500,2640500
267500,2639500
267500,2638500
267500,2637500
267500,2636500
267500,2635500
267500,2634500
267500,2633500
267500,2632500
267500,2631500
267500,2630500
267500,2629500
267500,2628500
267500,2627500
267500,2626500
267500,2625500
267500,2624500
267500,2623500
267500,2622500
267500,2621500
267500,2620500
267500,2619500
267500,2618500
267500,2617500
267500,2616500
267500,2615500
267500,2614500
267500,2613500
267500,2612500
267500,2611500
267500,2610500
267500,2609500
267500,2608500
267500,2607500
267500,2606500
267500,2605500
267500,2604500
267500,2603500
267500,2602500
267500,2601500
267500,2600500
267500,2599500
267500,2598500
267500,2597500
267500,2596500
267500,2595500
267500,2594500
267500,2593500
267500,2592500
267500,2591500
267500,2590500
267500,2589500
267500,2588500
267500,2587500
267500,2586500
267500,2585500
267500,2584500
267500,2583500
267500,2582500
267500,2581500
267500,2580500
267500,2579500
267500,2578500
267500,2577500
267500,2576500
267500,2575500
267500,2574500
267500,2573500
267500,2572500
267500,2571500
267500,2570500
267500,2569500
267500,2568500
267500,2567500
267500,2566500
267500,2565500
267500,2564500
267500,2563500
267500,2562500
267500,2561500
267500,2560500
267500,2559500
267500,2558500
267500,2557500
267500,2556500
267500,2555500
267500,2554500
267500,2553500
267500,2552500
267500,2551500
267500,2550500
267500,2549500
267500,2548500
267500,2547500
267500,2546500
267500,2545500
267500,2544500
267500,2543500
267500,2542500
267500,2541500
267500,2540500
267500,2539500
267500,2538500
267500,2537500
267500,2536500
267500,2535500
267500,2534500
267500,2533500
267500,2532500
267500,2531500
267500,2530500
267500,2529500
267500,2528500
267500,2527500
267500,2526500
267500,2525500
267500,2524500
267500,2523500
267500,2522500
267500,2521500
267500,2520500
267500,2519500
267500,2518500
267500,2517500
267500,2516500
266500,2775500
266500,2774500
266500,2773500
266500,2772500
266500,2771500
266500,2770500
266500,2769500
266500,2768500
266500,2767500
266500,2766500
266500,2765500
266500,2764500
266500,2763500
266500,2762500
266500,2761500
266500,2760500
266500,2759500
266500,2758500
266500,2757500
266500,2756500
266500,2755500
266500,2754500
266500,2753500
266500,2752500
266500,2751500
266500,2750500
266500,2749500
266500,2748500
266500,2747500
266500,2746500
266500,2745500
266500,2744500
266500,2743500
266500,2742500
266500,2741500
266500,2740500
266500,2739500
266500,2738500
266500,2737500
266500,2736500
266500,2735500
266500,2734500
266500,2733500
266500,2732500
266500,2731500
266500,2730500
266500,2729500
266500,2728500
266500,2727500
266500,2726500
266500,2725500
266500,2724500
266500,2723500
266500,2722500
266500,2721500
266500,2720500
266500,2719500
266500,2718500
266500,2717500
266500,2716500
266500,2715500
266500,2714500
266500,2713500
266500,2712500
266500,2711500
266500,2710500
266500,2709500
266500,2708500
266500,2707500
266500,2706500
266500,2705500
266500,2704500
266500,2703500
266500,2702500
266500,2701500
266500,2700500
266500,2699500
266500,2698500
266500,2697500
266500,2696500
266500,2695500
266500,2694500
266500,2693500
266500,2692500
266500,2691500
266500,2690500
266500,2689500
266500,2688500
266500,2687500
266500,2686500
266500,2685500
266500,2684500
266500,2683500
266500,2682500
266500,2681500
266500,2680500
266500,2679500
266500,2678500
266500,2677500
266500,2676500
266500,2675500
266500,2674500
266500,2673500
266500,2672500
266500,2671500
266500,2670500
266500,2669500
266500,2668500
266500,2667500
266500,2666500
266500,2665500
266500,2664500
266500,2663500
266500,2662500
266500,2661500
266500,2660500
266500,2659500
266500,2658500
266500,2657500
266500,2656500
266500,2655500
266500,2654500
266500,2653500
266500,2652500
266500,2651500
266500,2650500
266500,2649500
266500,2648500
266500,2647500
266500,2646500
266500,2645500
266500,2644500
266500,2643500
266500,2642500
266500,2641500
266500,2640500
266500,2639500
266500,2638500
266500,2637500
266500,2636500
266500,2635500
266500,2634500
266500,2633500
266500,2632500
266500,2631500
266500,2630500
266500,2629500
266500,2628500
266500,2627500
266500,2626500
266500,2625500
266500,2624500
266500,2623500
266500,2622500
266500,2621500
266500,2620500
266500,2619500
266500,2618500
266500,2617500
266500,2616500
266500,2615500
266500,2614500
266500,2613500
266500,2612500
266500,2611500
266500,2610500
266500,2609500
266500,2608500
266500,2607500
266500,2606500
266500,2605500
266500,2604500
266500,2603500
266500,2602500
266500,2601500
266500,2600500
266500,2599500
266500,2598500
266500,2597500
266500,2596500
266500,2595500
266500,2594500
266500,2593500
266500,2592500
266500,2591500
266500,2590500
266500,2589500
266500,2588500
266500,2587500
266500,2586500
266500,2585500
266500,2584500
266500,2583500
266500,2582500
266500,2581500
266500,2580500
266500,2579500
266500,2578500
266500,2577500
266500,2576500
266500,2575500
266500,2574500
266500,2573500
266500,2572500
266500,2571500
266500,2570500
266500,2569500
266500,2568500
266500,2567500
266500,2566500
266500,2565500
266500,2564500
266500,2563500
266500,2562500
266500,2561500
266500,2560500
266500,2559500
266500,2558500
266500,2557500
266500,2556500
266500,2555500
266500,2554500
266500,2553500
266500,2552500
266500,2551500
266500,2550500
266500,2549500
266500,2548500
266500,2547500
266500,2546500
266500,2545500
266500,2544500
266500,2543500
266500,2542500
266500,2541500
266500,2540500
266500,2539500
266500,2538500
266500,2537500
266500,2536500
266500,2535500
266500,2534500
266500,2533500
266500,2532500
266500,2531500
266500,2530500
266500,2529500
266500,2528500
266500,2527500
266500,2526500
266500,2525500
266500,2524500
266500,2523500
266500,2522500
266500,2521500
266500,2520500
266500,2519500
266500,2518500
266500,2517500
266500,2516500
265500,2775500
265500,2774500
265500,2773500
265500,2772500
265500,2771500
265500,2770500
265500,2769500
265500,2768500
265500,2767500
265500,2766500
265500,2765500
265500,2764500
265500,2763500
265500,2762500
265500,2761500
265500,2760500
265500,2759500
265500,2758500
265500,2757500
265500,2756500
265500,2755500
265500,2754500
265500,2753500
265500,2752500
265500,2751500
265500,2750500
265500,2749500
265500,2748500
265500,2747500
265500,2746500
265500,2745500
265500,2744500
265500,2743500
265500,2742500
265500,2741500
265500,2740500
265500,2739500
265500,2738500
265500,2737500
265500,2736500
265500,2735500
265500,2734500
265500,2733500
265500,2732500
265500,2731500
265500,2730500
265500,2729500
265500,2728500
265500,2727500
265500,2726500
265500,2725500
265500,2724500
265500,2723500
265500,2722500
265500,2721500
265500,2720500
265500,2719500
265500,2718500
265500,2717500
265500,2716500
265500,2715500
265500,2714500
265500,2713500
265500,2712500
265500,2711500
265500,2710500
265500,2709500
265500,2708500
265500,2707500
265500,2706500
265500,2705500
265500,2704500
265500,2703500
265500,2702500
265500,2701500
265500,2700500
265500,2699500
265500,2698500
265500,2697500
265500,2696500
265500,2695500
265500,2694500
265500,2693500
265500,2692500
265500,2691500
265500,2690500
265500,2689500
265500,2688500
265500,2687500
265500,2686500
265500,2685500
265500,2684500
265500,2683500
265500,2682500
265500,2681500
265500,2680500
265500,2679500
265500,2678500
265500,2677500
265500,2676500
265500,2675500
265500,2674500
265500,2673500
265500,2672500
265500,2671500
265500,2670500
265500,2669500
265500,2668500
265500,2667500
265500,2666500
265500,2665500
265500,2664500
265500,2663500
265500,2662500
265500,2661500
265500,2660500
265500,2659500
265500,2658500
265500,2657500
265500,2656500
265500,2655500
265500,2654500
265500,2653500
265500,2652500
265500,2651500
265500,2650500
265500,2649500
265500,2648500
265500,2647500
265500,2646500
265500,2645500
265500,2644500
265500,2643500
265500,2642500
265500,2641500
265500,2640500
265500,2639500
265500,2638500
265500,2637500
265500,2636500
265500,2635500
265500,2634500
265500,2633500
265500,2632500
265500,2631500
265500,2630500
265500,2629500
265500,2628500
265500,2627500
265500,2626500
265500,2625500
265500,2624500
265500,2623500
265500,2622500
265500,2621500
265500,2620500
265500,2619500
265500,2618500
265500,2617500
265500,2616500
265500,2615500
265500,2614500
265500,2613500
265500,2612500
265500,2611500
265500,2610500
265500,2609500
265500,2608500
265500,2607500
265500,2606500
265500,2605500
265500,2604500
265500,2603500
265500,2602500
265500,2601500
265500,2600500
265500,2599500
265500,2598500
265500,2597500
265500,2596500
265500,2595500
265500,2594500
265500,2593500
265500,2592500
265500,2591500
265500,2590500
265500,2589500
265500,2588500
265500,2587500
265500,2586500
265500,2585500
265500,2584500
265500,2583500
265500,2582500
265500,2581500
265500,2580500
265500,2579500
265500,2578500
265500,2577500
265500,2576500
265500,2575500
265500,2574500
265500,2573500
265500,2572500
265500,2571500
265500,2570500
265500,2569500
265500,2568500
265500,2567500
265500,2566500
265500,2565500
265500,2564500
265500,2563500
265500,2562500
265500,2561500
265500,2560500
265500,2559500
265500,2558500
265500,2557500
265500,2556500
265500,2555500
265500,2554500
265500,2553500
265500,2552500
265500,2551500
265500,2550500
265500,2549500
265500,2548500
265500,2547500
265500,2546500
265500,2545500
265500,2544500
265500,2543500
265500,2542500
265500,2541500
265500,2540500
265500,2539500
265500,2538500
265500,2537500
265500,2536500
265500,2535500
265500,2534500
265500,2533500
265500,2532500
265500,2531500
265500,2530500
265500,2529500
265500,2528500
265500,2527500
265500,2526500
265500,2525500
265500,2524500
265500,2523500
265500,2522500
265500,2521500
265500,2520500
265500,2519500
265500,2518500
265500,2517500
265500,2516500
265500,2515500
264500,2774500
264500,2773500
264500,2772500
264500,2771500
264500,2770500
264500,2769500
264500,2768500
264500,2767500
264500,2766500
264500,2765500
264500,2764500
264500,2763500
264500,2762500
264500,2761500
264500,2760500
264500,2759500
264500,2758500
264500,2757500
264500,2756500
264500,2755500
264500,2754500
264500,2753500
264500,2752500
264500,2751500
264500,2750500
264500,2749500
264500,2748500
264500,2747500
264500,2746500
264500,2745500
264500,2744500
264500,2743500
264500,2742500
264500,2741500
264500,2740500
264500,2739500
264500,2738500
264500,2737500
264500,2736500
264500,2735500
264500,2734500
264500,2733500
264500,2732500
264500,2731500
264500,2730500
264500,2729500
264500,2728500
264500,2727500
264500,2726500
264500,2725500
264500,2724500
264500,2723500
264500,2722500
264500,2721500
264500,2720500
264500,2719500
264500,2718500
264500,2717500
264500,2716500
264500,2715500
264500,2714500
264500,2713500
264500,2712500
264500,2711500
264500,2710500
264500,2709500
264500,2708500
264500,2707500
264500,2706500
264500,2705500
264500,2704500
264500,2703500
264500,2702500
264500,2701500
264500,2700500
264500,2699500
264500,2698500
264500,2697500
264500,2696500
264500,2695500
264500,2694500
264500,2693500
264500,2692500
264500,2691500
264500,2690500
264500,2689500
264500,2688500
264500,2687500
264500,2686500
264500,2685500
264500,2684500
264500,2683500
264500,2682500
264500,2681500
264500,2680500
264500,2679500
264500,2678500
264500,2677500
264500,2676500
264500,2675500
264500,2674500
264500,2673500
264500,2672500
264500,2671500
264500,2670500
264500,2669500
264500,2668500
264500,2667500
264500,2666500
264500,2665500
264500,2664500
264500,2663500
264500,2662500
264500,2661500
264500,2660500
264500,2659500
264500,2658500
264500,2657500
264500,2656500
264500,2655500
264500,2654500
264500,2653500
264500,2652500
264500,2651500
264500,2650500
264500,2649500
264500,2648500
264500,2647500
264500,2646500
264500,2645500
264500,2644500
264500,2643500
264500,2642500
264500,2641500
264500,2640500
264500,2639500
264500,2638500
264500,2637500
264500,2636500
264500,2635500
264500,2634500
264500,2633500
264500,2632500
264500,2631500
264500,2630500
264500,2629500
264500,2628500
264500,2627500
264500,2626500
264500,2625500
264500,2624500
264500,2623500
264500,2622500
264500,2621500
264500,2620500
264500,2619500
264500,2618500
264500,2617500
264500,2616500
264500,2615500
264500,2614500
264500,2613500
264500,2612500
264500,2611500
264500,2610500
264500,2609500
264500,2608500
264500,2607500
264500,2606500
264500,2605500
264500,2604500
264500,2603500
264500,2602500
264500,2601500
264500,2600500
264500,2599500
264500,2598500
264500,2597500
264500,2596500
264500,2595500
264500,2594500
264500,2593500
264500,2592500
264500,2591500
264500,2590500
264500,2589500
264500,2588500
264500,2587500
264500,2586500
264500,2585500
264500,2584500
264500,2583500
264500,2582500
264500,2581500
264500,2580500
264500,2579500
264500,2578500
264500,2577500
264500,2576500
264500,2575500
264500,2574500
264500,2573500
264500,2572500
264500,2571500
264500,2570500
264500,2569500
264500,2568500
264500,2567500
264500,2566500
264500,2565500
264500,2564500
264500,2563500
264500,2562500
264500,2561500
264500,2560500
264500,2559500
264500,2558500
264500,2557500
264500,2556500
264500,2555500
264500,2554500
264500,2553500
264500,2552500
264500,2551500
264500,2550500
264500,2549500
264500,2548500
264500,2547500
264500,2546500
264500,2545500
264500,2544500
264500,2543500
264500,2542500
264500,2541500
264500,2540500
264500,2539500
264500,2538500
264500,2537500
264500,2536500
264500,2535500
264500,2534500
264500,2533500
264500,2532500
264500,2531500
264500,2530500
264500,2529500
264500,2528500
264500,2527500
264500,2526500
264500,2525500
264500,2524500
264500,2523500
264500,2522500
264500,2521500
264500,2520500
264500,2519500
264500,2518500
264500,2517500
264500,2516500
264500,2515500
264500,2514500
263500,2774500
263500,2773500
263500,2772500
263500,2771500
263500,2770500
263500,2769500
263500,2768500
263500,2767500
263500,2766500
263500,2765500
263500,2764500
263500,2763500
263500,2762500
263500,2761500
263500,2760500
263500,2759500
263500,2758500
263500,2757500
263500,2756500
263500,2755500
263500,2754500
263500,2753500
263500,2752500
263500,2751500
263500,2750500
263500,2749500
263500,2748500
263500,2747500
263500,2746500
263500,2745500
263500,2744500
263500,2743500
263500,2742500
263500,2741500
263500,2740500
263500,2739500
263500,2738500
263500,2737500
263500,2736500
263500,2735500
263500,2734500
263500,2733500
263500,2732500
263500,2731500
263500,2730500
263500,2729500
263500,2728500
263500,2727500
263500,2726500
263500,2725500
263500,2724500
263500,2723500
263500,2722500
263500,2721500
263500,2720500
263500,2719500
263500,2718500
263500,2717500
263500,2716500
263500,2715500
263500,2714500
263500,2713500
263500,2712500
263500,2711500
263500,2710500
263500,2709500
263500,2708500
263500,2707500
263500,2706500
263500,2705500
263500,2704500
263500,2703500
263500,2702500
263500,2701500
263500,2700500
263500,2699500
263500,2698500
263500,2697500
263500,2696500
263500,2695500
263500,2694500
263500,2693500
263500,2692500
263500,2691500
263500,2690500
263500,2689500
263500,2688500
263500,2687500
263500,2686500
263500,2685500
263500,2684500
263500,2683500
263500,2682500
263500,2681500
263500,2680500
263500,2679500
263500,2678500
263500,2677500
263500,2676500
263500,2675500
263500,2674500
263500,2673500
263500,2672500
263500,2671500
263500,2670500
263500,2669500
263500,2668500
263500,2667500
263500,2666500
263500,2665500
263500,2664500
263500,2663500
263500,2662500
263500,2661500
263500,2660500
263500,2659500
263500,2658500
263500,2657500
263500,2656500
263500,2655500
263500,2654500
263500,2653500
263500,2652500
263500,2651500
263500,2650500
263500,2649500
263500,2648500
263500,2647500
263500,2646500
263500,2645500
263500,2644500
263500,2643500
263500,2642500
263500,2641500
263500,2640500
263500,2639500
263500,2638500
263500,2637500
263500,2636500
263500,2635500
263500,2634500
263500,2633500
263500,2632500
263500,2631500
263500,2630500
263500,2629500
263500,2628500
263500,2627500
263500,2626500
263500,2625500
263500,2624500
263500,2623500
263500,2622500
263500,2621500
263500,2620500
263500,2619500
263500,2618500
263500,2617500
263500,2616500
263500,2615500
263500,2614500
263500,2613500
263500,2612500
263500,2611500
263500,2610500
263500,2609500
263500,2608500
263500,2607500
263500,2606500
263500,2605500
263500,2604500
263500,2603500
263500,2602500
263500,2601500
263500,2600500
263500,2599500
263500,2598500
263500,2597500
263500,2596500
263500,2595500
263500,2594500
263500,2593500
263500,2592500
263500,2591500
263500,2590500
263500,2589500
263500,2588500
263500,2587500
263500,2586500
263500,2585500
263500,2584500
263500,2583500
263500,2582500
263500,2581500
263500,2580500
263500,2579500
263500,2578500
263500,2577500
263500,2576500
263500,2575500
263500,2574500
263500,2573500
263500,2572500
263500,2571500
263500,2570500
263500,2569500
263500,2568500
263500,2567500
263500,2566500
263500,2565500
263500,2564500
263500,2563500
263500,2562500
263500,2561500
263500,2560500
263500,2559500
263500,2558500
263500,2557500
263500,2556500
263500,2555500
263500,2554500
263500,2553500
263500,2552500
263500,2551500
263500,2550500
263500,2549500
263500,2548500
263500,2547500
263500,2546500
263500,2545500
263500,2544500
263500,2543500
263500,2542500
263500,2541500
263500,2540500
263500,2539500
263500,2538500
263500,2537500
263500,2536500
263500,2535500
263500,2534500
263500,2533500
263500,2532500
263500,2531500
263500,2530500
263500,2529500
263500,2528500
263500,2527500
263500,2526500
263500,2525500
263500,2524500
263500,2523500
263500,2522500
263500,2521500
263500,2520500
263500,2519500
263500,2518500
263500,2517500
263500,2516500
263500,2515500
263500,2514500
263500,2513500
262500,2774500
262500,2773500
262500,2772500
262500,2771500
262500,2770500
262500,2769500
262500,2768500
262500,2767500
262500,2766500
262500,2765500
262500,2764500
262500,2763500
262500,2762500
262500,2761500
262500,2760500
262500,2759500
262500,2758500
262500,2757500
262500,2756500
262500,2755500
262500,2754500
262500,2753500
262500,2752500
262500,2751500
262500,2750500
262500,2749500
262500,2748500
262500,2747500
262500,2746500
262500,2745500
262500,2744500
262500,2743500
262500,2742500
262500,2741500
262500,2740500
262500,2739500
262500,2738500
262500,2737500
262500,2736500
262500,2735500
262500,2734500
262500,2733500
262500,2732500
262500,2731500
262500,2730500
262500,2729500
262500,2728500
262500,2727500
262500,2726500
262500,2725500
262500,2724500
262500,2723500
262500,2722500
262500,2721500
262500,2720500
262500,2719500
262500,2718500
262500,2717500
262500,2716500
262500,2715500
262500,2714500
262500,2713500
262500,2712500
262500,2711500
262500,2710500
262500,2709500
262500,2708500
262500,2707500
262500,2706500
262500,2705500
262500,2704500
262500,2703500
262500,2702500
262500,2701500
262500,2700500
262500,2699500
262500,2698500
262500,2697500
262500,2696500
262500,2695500
262500,2694500
262500,2693500
262500,2692500
262500,2691500
262500,2690500
262500,2689500
262500,2688500
262500,2687500
262500,2686500
262500,2685500
262500,2684500
262500,2683500
262500,2682500
262500,2681500
262500,2680500
262500,2679500
262500,2678500
262500,2677500
262500,2676500
262500,2675500
262500,2674500
262500,2673500
262500,2672500
262500,2671500
262500,2670500
262500,2669500
262500,2668500
262500,2667500
262500,2666500
262500,2665500
262500,2664500
262500,2663500
262500,2662500
262500,2661500
262500,2660500
262500,2659500
262500,2658500
262500,2657500
262500,2656500
262500,2655500
262500,2654500
262500,2653500
262500,2652500
262500,2651500
262500,2650500
262500,2649500
262500,2648500
262500,2647500
262500,2646500
262500,2645500
262500,2644500
262500,2643500
262500,2642500
262500,2641500
262500,2640500
262500,2639500
262500,2638500
262500,2637500
262500,2636500
262500,2635500
262500,2634500
262500,2633500
262500,2632500
262500,2631500
262500,2630500
262500,2629500
262500,2628500
262500,2627500
262500,2626500
262500,2625500
262500,2624500
262500,2623500
262500,2622500
262500,2621500
262500,2620500
262500,2619500
262500,2618500
262500,2617500
262500,2616500
262500,2615500
262500,2614500
262500,2613500
262500,2612500
262500,2611500
262500,2610500
262500,2609500
262500,2608500
262500,2607500
262500,2606500
262500,2605500
262500,2604500
262500,2603500
262500,2602500
262500,2601500
262500,2600500
262500,2599500
262500,2598500
262500,2597500
262500,2596500
262500,2595500
262500,2594500
262500,2593500
262500,2592500
262500,2591500
262500,2590500
262500,2589500
262500,2588500
262500,2587500
262500,2586500
262500,2585500
262500,2584500
262500,2583500
262500,2582500
262500,2581500
262500,2580500
262500,2579500
262500,2578500
262500,2577500
262500,2576500
262500,2575500
262500,2574500
262500,2573500
262500,2572500
262500,2571500
262500,2570500
262500,2569500
262500,2568500
262500,2567500
262500,2566500
262500,2565500
262500,2564500
262500,2563500
262500,2562500
262500,2561500
262500,2560500
262500,2559500
262500,2558500
262500,2557500
262500,2556500
262500,2555500
262500,2554500
262500,2553500
262500,2552500
262500,2551500
262500,2550500
262500,2549500
262500,2548500
262500,2547500
262500,2546500
262500,2545500
262500,2544500
262500,2543500
262500,2542500
262500,2541500
262500,2540500
262500,2539500
262500,2538500
262500,2537500
262500,2536500
262500,2535500
262500,2534500
262500,2533500
262500,2532500
262500,2531500
262500,2530500
262500,2529500
262500,2528500
262500,2527500
262500,2526500
262500,2525500
262500,2524500
262500,2523500
262500,2522500
262500,2521500
262500,2520500
262500,2519500
262500,2518500
262500,2517500
262500,2516500
262500,2515500
262500,2514500
262500,2513500
262500,2512500
261500,2774500
261500,2773500
261500,2772500
261500,2771500
261500,2770500
261500,2769500
261500,2768500
261500,2767500
261500,2766500
261500,2765500
261500,2764500
261500,2763500
261500,2762500
261500,2761500
261500,2760500
261500,2759500
261500,2758500
261500,2757500
261500,2756500
261500,2755500
261500,2754500
261500,2753500
261500,2752500
261500,2751500
261500,2750500
261500,2749500
261500,2748500
261500,2747500
261500,2746500
261500,2745500
261500,2744500
261500,2743500
261500,2742500
261500,2741500
261500,2740500
261500,2739500
261500,2738500
261500,2737500
261500,2736500
261500,2735500
261500,2734500
261500,2733500
261500,2732500
261500,2731500
261500,2730500
261500,2729500
261500,2728500
261500,2727500
261500,2726500
261500,2725500
261500,2724500
261500,2723500
261500,2722500
261500,2721500
261500,2720500
261500,2719500
261500,2718500
261500,2717500
261500,2716500
261500,2715500
261500,2714500
261500,2713500
261500,2712500
261500,2711500
261500,2710500
261500,2709500
261500,2708500
261500,2707500
261500,2706500
261500,2705500
261500,2704500
261500,2703500
261500,2702500
261500,2701500
261500,2700500
261500,2699500
261500,2698500
261500,2697500
261500,2696500
261500,2695500
261500,2694500
261500,2693500
261500,2692500
261500,2691500
261500,2690500
261500,2689500
261500,2688500
261500,2687500
261500,2686500
261500,2685500
261500,2684500
261500,2683500
261500,2682500
261500,2681500
261500,2680500
261500,2679500
261500,2678500
261500,2677500
261500,2676500
261500,2675500
261500,2674500
261500,2673500
261500,2672500
261500,2671500
261500,2670500
261500,2669500
261500,2668500
261500,2667500
261500,2666500
261500,2665500
261500,2664500
261500,2663500
261500,2662500
261500,2661500
261500,2660500
261500,2659500
261500,2658500
261500,2657500
261500,2656500
261500,2655500
261500,2654500
261500,2653500
261500,2652500
261500,2651500
261500,2650500
261500,2649500
261500,2648500
261500,2647500
261500,2646500
261500,2645500
261500,2644500
261500,2643500
261500,2642500
261500,2641500
261500,2640500
261500,2639500
261500,2638500
261500,2637500
261500,2636500
261500,2635500
261500,2634500
261500,2633500
261500,2632500
261500,2631500
261500,2630500
261500,2629500
261500,2628500
261500,2627500
261500,2626500
261500,2625500
261500,2624500
261500,2623500
261500,2622500
261500,2621500
261500,2620500
261500,2619500
261500,2618500
261500,2617500
261500,2616500
261500,2615500
261500,2614500
261500,2613500
261500,2612500
261500,2611500
261500,2610500
261500,2609500
261500,2608500
261500,2607500
261500,2606500
261500,2605500
261500,2604500
261500,2603500
261500,2602500
261500,2601500
261500,2600500
261500,2599500
261500,2598500
261500,2597500
261500,2596500
261500,2595500
261500,2594500
261500,2593500
261500,2592500
261500,2591500
261500,2590500
261500,2589500
261500,2588500
261500,2587500
261500,2586500
261500,2585500
261500,2584500
261500,2583500
261500,2582500
261500,2581500
261500,2580500
261500,2579500
261500,2578500
261500,2577500
261500,2576500
261500,2575500
261500,2574500
261500,2573500
261500,2572500
261500,2571500
261500,2570500
261500,2569500
261500,2568500
261500,2567500
261500,2566500
261500,2565500
261500,2564500
261500,2563500
261500,2562500
261500,2561500
261500,2560500
261500,2559500
261500,2558500
261500,2557500
261500,2556500
261500,2555500
261500,2554500
261500,2553500
261500,2552500
261500,2551500
261500,2550500
261500,2549500
261500,2548500
261500,2547500
261500,2546500
261500,2545500
261500,2544500
261500,2543500
261500,2542500
261500,2541500
261500,2540500
261500,2539500
261500,2538500
261500,2537500
261500,2536500
261500,2535500
261500,2534500
261500,2533500
261500,2532500
261500,2531500
261500,2530500
261500,2529500
261500,2528500
261500,2527500
261500,2526500
261500,2525500
261500,2524500
261500,2523500
261500,2522500
261500,2521500
261500,2520500
261500,2519500
261500,2518500
261500,2517500
261500,2516500
261500,2515500
261500,2514500
261500,2513500
261500,2512500
261500,2511500
260500,2773500
260500,2772500
260500,2771500
260500,2770500
260500,2769500
260500,2768500
260500,2767500
260500,2766500
260500,2765500
260500,2764500
260500,2763500
260500,2762500
260500,2761500
260500,2760500
260500,2759500
260500,2758500
260500,2757500
260500,2756500
260500,2755500
260500,2754500
260500,2753500
260500,2752500
260500,2751500
260500,2750500
260500,2749500
260500,2748500
260500,2747500
260500,2746500
260500,2745500
260500,2744500
260500,2743500
260500,2742500
260500,2741500
260500,2740500
260500,2739500
260500,2738500
260500,2737500
260500,2736500
260500,2735500
260500,2734500
260500,2733500
260500,2732500
260500,2731500
260500,2730500
260500,2729500
260500,2728500
260500,2727500
260500,2726500
260500,2725500
260500,2724500
260500,2723500
260500,2722500
260500,2721500
260500,2720500
260500,2719500
260500,2718500
260500,2717500
260500,2716500
260500,2715500
260500,2714500
260500,2713500
260500,2712500
260500,2711500
260500,2710500
260500,2709500
260500,2708500
260500,2707500
260500,2706500
260500,2705500
260500,2704500
260500,2703500
260500,2702500
260500,2701500
260500,2700500
260500,2699500
260500,2698500
260500,2697500
260500,2696500
260500,2695500
260500,2694500
260500,2693500
260500,2692500
260500,2691500
260500,2690500
260500,2689500
260500,2688500
260500,2687500
260500,2686500
260500,2685500
260500,2684500
260500,2683500
260500,2682500
260500,2681500
260500,2680500
260500,2679500
260500,2678500
260500,2677500
260500,2676500
260500,2675500
260500,2674500
260500,2673500
260500,2672500
260500,2671500
260500,2670500
260500,2669500
260500,2668500
260500,2667500
260500,2666500
260500,2665500
260500,2664500
260500,2663500
260500,2662500
260500,2661500
260500,2660500
260500,2659500
260500,2658500
260500,2657500
260500,2656500
260500,2655500
260500,2654500
260500,2653500
260500,2652500
260500,2651500
260500,2650500
260500,2649500
260500,2648500
260500,2647500
260500,2646500
260500,2645500
260500,2644500
260500,2643500
260500,2642500
260500,2641500
260500,2640500
260500,2639500
260500,2638500
260500,2637500
260500,2636500
260500,2635500
260500,2634500
260500,2633500
260500,2632500
260500,2631500
260500,2630500
260500,2629500
260500,2628500
260500,2627500
260500,2626500
260500,2625500
260500,2624500
260500,2623500
260500,2622500
260500,2621500
260500,2620500
260500,2619500
260500,2618500
260500,2617500
260500,2616500
260500,2615500
260500,2614500
260500,2613500
260500,2612500
260500,2611500
260500,2610500
260500,2609500
260500,2608500
260500,2607500
260500,2606500
260500,2605500
260500,2604500
260500,2603500
260500,2602500
260500,2601500
260500,2600500
260500,2599500
260500,2598500
260500,2597500
260500,2596500
260500,2595500
260500,2594500
260500,2593500
260500,2592500
260500,2591500
260500,2590500
260500,2589500
260500,2588500
260500,2587500
260500,2586500
260500,2585500
260500,2584500
260500,2583500
260500,2582500
260500,2581500
260500,2580500
260500,2579500
260500,2578500
260500,2577500
260500,2576500
260500,2575500
260500,2574500
260500,2573500
260500,2572500
260500,2571500
260500,2570500
260500,2569500
260500,2568500
260500,2567500
260500,2566500
260500,2565500
260500,2564500
260500,2563500
260500,2562500
260500,2561500
260500,2560500
260500,2559500
260500,2558500
260500,2557500
260500,2556500
260500,2555500
260500,2554500
260500,2553500
260500,2552500
260500,2551500
260500,2550500
260500,2549500
260500,2548500
260500,2547500
260500,2546500
260500,2545500
260500,2544500
260500,2543500
260500,2542500
260500,2541500
260500,2540500
260500,2539500
260500,2538500
260500,2537500
260500,2536500
260500,2535500
260500,2534500
260500,2533500
260500,2532500
260500,2531500
260500,2530500
260500,2529500
260500,2528500
260500,2527500
260500,2526500
260500,2525500
260500,2524500
260500,2523500
260500,2522500
260500,2521500
260500,2520500
260500,2519500
260500,2518500
260500,2517500
260500,2516500
260500,2515500
260500,2514500
260500,2513500
260500,2512500
260500,2511500
259500,2773500
259500,2772500
259500,2771500
259500,2770500
259500,2769500
259500,2768500
259500,2767500
259500,2766500
259500,2765500
259500,2764500
259500,2763500
259500,2762500
259500,2761500
259500,2760500
259500,2759500
259500,2758500
259500,2757500
259500,2756500
259500,2755500
259500,2754500
259500,2753500
259500,2752500
259500,2751500
259500,2750500
259500,2749500
259500,2748500
259500,2747500
259500,2746500
259500,2745500
259500,2744500
259500,2743500
259500,2742500
259500,2741500
259500,2740500
259500,2739500
259500,2738500
259500,2737500
259500,2736500
259500,2735500
259500,2734500
259500,2733500
259500,2732500
259500,2731500
259500,2730500
259500,2729500
259500,2728500
259500,2727500
259500,2726500
259500,2725500
259500,2724500
259500,2723500
259500,2722500
259500,2721500
259500,2720500
259500,2719500
259500,2718500
259500,2717500
259500,2716500
259500,2715500
259500,2714500
259500,2713500
259500,2712500
259500,2711500
259500,2710500
259500,2709500
259500,2708500
259500,2707500
259500,2706500
259500,2705500
259500,2704500
259500,2703500
259500,2702500
259500,2701500
259500,2700500
259500,2699500
259500,2698500
259500,2697500
259500,2696500
259500,2695500
259500,2694500
259500,2693500
259500,2692500
259500,2691500
259500,2690500
259500,2689500
259500,2688500
259500,2687500
259500,2686500
259500,2685500
259500,2684500
259500,2683500
259500,2682500
259500,2681500
259500,2680500
259500,2679500
259500,2678500
259500,2677500
259500,2676500
259500,2675500
259500,2674500
259500,2673500
259500,2672500
259500,2671500
259500,2670500
259500,2669500
259500,2668500
259500,2667500
259500,2666500
259500,2665500
259500,2664500
259500,2663500
259500,2662500
259500,2661500
259500,2660500
259500,2659500
259500,2658500
259500,2657500
259500,2656500
259500,2655500
259500,2654500
259500,2653500
259500,2652500
259500,2651500
259500,2650500
259500,2649500
259500,2648500
259500,2647500
259500,2646500
259500,2645500
259500,2644500
259500,2643500
259500,2642500
259500,2641500
259500,2640500
259500,2639500
259500,2638500
259500,2637500
259500,2636500
259500,2635500
259500,2634500
259500,2633500
259500,2632500
259500,2631500
259500,2630500
259500,2629500
259500,2628500
259500,2627500
259500,2626500
259500,2625500
259500,2624500
259500,2623500
259500,2622500
259500,2621500
259500,2620500
259500,2619500
259500,2618500
259500,2617500
259500,2616500
259500,2615500
259500,2614500
259500,2613500
259500,2612500
259500,2611500
259500,2610500
259500,2609500
259500,2608500
259500,2607500
259500,2606500
259500,2605500
259500,2604500
259500,2603500
259500,2602500
259500,2601500
259500,2600500
259500,2599500
259500,2598500
259500,2597500
259500,2596500
259500,2595500
259500,2594500
259500,2593500
259500,2592500
259500,2591500
259500,2590500
259500,2589500
259500,2588500
259500,2587500
259500,2586500
259500,2585500
259500,2584500
259500,2583500
259500,2582500
259500,2581500
259500,2580500
259500,2579500
259500,2578500
259500,2577500
259500,2576500
259500,2575500
259500,2574500
259500,2573500
259500,2572500
259500,2571500
259500,2570500
259500,2569500
259500,2568500
259500,2567500
259500,2566500
259500,2565500
259500,2564500
259500,2563500
259500,2562500
259500,2561500
259500,2560500
259500,2559500
259500,2558500
259500,2557500
259500,2556500
259500,2555500
259500,2554500
259500,2553500
259500,2552500
259500,2551500
259500,2550500
259500,2549500
259500,2548500
259500,2547500
259500,2546500
259500,2545500
259500,2544500
259500,2543500
259500,2542500
259500,2541500
259500,2540500
259500,2539500
259500,2538500
259500,2537500
259500,2536500
259500,2535500
259500,2534500
259500,2533500
259500,2532500
259500,2531500
259500,2530500
259500,2529500
259500,2528500
259500,2527500
259500,2526500
259500,2525500
259500,2524500
259500,2523500
259500,2522500
259500,2521500
259500,2520500
259500,2519500
259500,2518500
259500,2517500
259500,2516500
259500,2515500
259500,2514500
259500,2513500
259500,2512500
259500,2511500
258500,2772500
258500,2771500
258500,2770500
258500,2769500
258500,2768500
258500,2767500
258500,2766500
258500,2765500
258500,2764500
258500,2763500
258500,2762500
258500,2761500
258500,2760500
258500,2759500
258500,2758500
258500,2757500
258500,2756500
258500,2755500
258500,2754500
258500,2753500
258500,2752500
258500,2751500
258500,2750500
258500,2749500
258500,2748500
258500,2747500
258500,2746500
258500,2745500
258500,2744500
258500,2743500
258500,2742500
258500,2741500
258500,2740500
258500,2739500
258500,2738500
258500,2737500
258500,2736500
258500,2735500
258500,2734500
258500,2733500
258500,2732500
258500,2731500
258500,2730500
258500,2729500
258500,2728500
258500,2727500
258500,2726500
258500,2725500
258500,2724500
258500,2723500
258500,2722500
258500,2721500
258500,2720500
258500,2719500
258500,2718500
258500,2717500
258500,2716500
258500,2715500
258500,2714500
258500,2713500
258500,2712500
258500,2711500
258500,2710500
258500,2709500
258500,2708500
258500,2707500
258500,2706500
258500,2705500
258500,2704500
258500,2703500
258500,2702500
258500,2701500
258500,2700500
258500,2699500
258500,2698500
258500,2697500
258500,2696500
258500,2695500
258500,2694500
258500,2693500
258500,2692500
258500,2691500
258500,2690500
258500,2689500
258500,2688500
258500,2687500
258500,2686500
258500,2685500
258500,2684500
258500,2683500
258500,2682500
258500,2681500
258500,2680500
258500,2679500
258500,2678500
258500,2677500
258500,2676500
258500,2675500
258500,2674500
258500,2673500
258500,2672500
258500,2671500
258500,2670500
258500,2669500
258500,2668500
258500,2667500
258500,2666500
258500,2665500
258500,2664500
258500,2663500
258500,2662500
258500,2661500
258500,2660500
258500,2659500
258500,2658500
258500,2657500
258500,2656500
258500,2655500
258500,2654500
258500,2653500
258500,2652500
258500,2651500
258500,2650500
258500,2649500
258500,2648500
258500,2647500
258500,2646500
258500,2645500
258500,2644500
258500,2643500
258500,2642500
258500,2641500
258500,2640500
258500,2639500
258500,2638500
258500,2637500
258500,2636500
258500,2635500
258500,2634500
258500,2633500
258500,2632500
258500,2631500
258500,2630500
258500,2629500
258500,2628500
258500,2627500
258500,2626500
258500,2625500
258500,2624500
258500,2623500
258500,2622500
258500,2621500
258500,2620500
258500,2619500
258500,2618500
258500,2617500
258500,2616500
258500,2615500
258500,2614500
258500,2613500
258500,2612500
258500,2611500
258500,2610500
258500,2609500
258500,2608500
258500,2607500
258500,2606500
258500,2605500
258500,2604500
258500,2603500
258500,2602500
258500,2601500
258500,2600500
258500,2599500
258500,2598500
258500,2597500
258500,2596500
258500,2595500
258500,2594500
258500,2593500
258500,2592500
258500,2591500
258500,2590500
258500,2589500
258500,2588500
258500,2587500
258500,2586500
258500,2585500
258500,2584500
258500,2583500
258500,2582500
258500,2581500
258500,2580500
258500,2579500
258500,2578500
258500,2577500
258500,2576500
258500,2575500
258500,2574500
258500,2573500
258500,2572500
258500,2571500
258500,2570500
258500,2569500
258500,2568500
258500,2567500
258500,2566500
258500,2565500
258500,2564500
258500,2563500
258500,2562500
258500,2561500
258500,2560500
258500,2559500
258500,2558500
258500,2557500
258500,2556500
258500,2555500
258500,2554500
258500,2553500
258500,2552500
258500,2551500
258500,2550500
258500,2549500
258500,2548500
258500,2547500
258500,2546500
258500,2545500
258500,2544500
258500,2543500
258500,2542500
258500,2541500
258500,2540500
258500,2539500
258500,2538500
258500,2537500
258500,2536500
258500,2535500
258500,2534500
258500,2533500
258500,2532500
258500,2531500
258500,2530500
258500,2529500
258500,2528500
258500,2527500
258500,2526500
258500,2525500
258500,2524500
258500,2523500
258500,2522500
258500,2521500
258500,2520500
258500,2519500
258500,2518500
258500,2517500
258500,2516500
258500,2515500
258500,2514500
258500,2513500
258500,2512500
258500,2511500
258500,2510500
257500,2771500
257500,2770500
257500,2769500
257500,2768500
257500,2767500
257500,2766500
257500,2765500
257500,2764500
257500,2763500
257500,2762500
257500,2761500
257500,2760500
257500,2759500
257500,2758500
257500,2757500
257500,2756500
257500,2755500
257500,2754500
257500,2753500
257500,2752500
257500,2751500
257500,2750500
257500,2749500
257500,2748500
257500,2747500
257500,2746500
257500,2745500
257500,2744500
257500,2743500
257500,2742500
257500,2741500
257500,2740500
257500,2739500
257500,2738500
257500,2737500
257500,2736500
257500,2735500
257500,2734500
257500,2733500
257500,2732500
257500,2731500
257500,2730500
257500,2729500
257500,2728500
257500,2727500
257500,2726500
257500,2725500
257500,2724500
257500,2723500
257500,2722500
257500,2721500
257500,2720500
257500,2719500
257500,2718500
257500,2717500
257500,2716500
257500,2715500
257500,2714500
257500,2713500
257500,2712500
257500,2711500
257500,2710500
257500,2709500
257500,2708500
257500,2707500
257500,2706500
257500,2705500
257500,2704500
257500,2703500
257500,2702500
257500,2701500
257500,2700500
257500,2699500
257500,2698500
257500,2697500
257500,2696500
257500,2695500
257500,2694500
257500,2693500
257500,2692500
257500,2691500
257500,2690500
257500,2689500
257500,2688500
257500,2687500
257500,2686500
257500,2685500
257500,2684500
257500,2683500
257500,2682500
257500,2681500
257500,2680500
257500,2679500
257500,2678500
257500,2677500
257500,2676500
257500,2675500
257500,2674500
257500,2673500
257500,2672500
257500,2671500
257500,2670500
257500,2669500
257500,2668500
257500,2667500
257500,2666500
257500,2665500
257500,2664500
257500,2663500
257500,2662500
257500,2661500
257500,2660500
257500,2659500
257500,2658500
257500,2657500
257500,2656500
257500,2655500
257500,2654500
257500,2653500
257500,2652500
257500,2651500
257500,2650500
257500,2649500
257500,2648500
257500,2647500
257500,2646500
257500,2645500
257500,2644500
257500,2643500
257500,2642500
257500,2641500
257500,2640500
257500,2639500
257500,2638500
257500,2637500
257500,2636500
257500,2635500
257500,2634500
257500,2633500
257500,2632500
257500,2631500
257500,2630500
257500,2629500
257500,2628500
257500,2627500
257500,2626500
257500,2625500
257500,2624500
257500,2623500
257500,2622500
257500,2621500
257500,2620500
257500,2619500
257500,2618500
257500,2617500
257500,2616500
257500,2615500
257500,2614500
257500,2613500
257500,2612500
257500,2611500
257500,2610500
257500,2609500
257500,2608500
257500,2607500
257500,2606500
257500,2605500
257500,2604500
257500,2603500
257500,2602500
257500,2601500
257500,2600500
257500,2599500
257500,2598500
257500,2597500
257500,2596500
257500,2595500
257500,2594500
257500,2593500
257500,2592500
257500,2591500
257500,2590500
257500,2589500
257500,2588500
257500,2587500
257500,2586500
257500,2585500
257500,2584500
257500,2583500
257500,2582500
257500,2581500
257500,2580500
257500,2579500
257500,2578500
257500,2577500
257500,2576500
257500,2575500
257500,2574500
257500,2573500
257500,2572500
257500,2571500
257500,2570500
257500,2569500
257500,2568500
257500,2567500
257500,2566500
257500,2565500
257500,2564500
257500,2563500
257500,2562500
257500,2561500
257500,2560500
257500,2559500
257500,2558500
257500,2557500
257500,2556500
257500,2555500
257500,2554500
257500,2553500
257500,2552500
257500,2551500
257500,2550500
257500,2549500
257500,2548500
257500,2547500
257500,2546500
257500,2545500
257500,2544500
257500,2543500
257500,2542500
257500,2541500
257500,2540500
257500,2539500
257500,2538500
257500,2537500
257500,2536500
257500,2535500
257500,2534500
257500,2533500
257500,2532500
257500,2531500
257500,2530500
257500,2529500
257500,2528500
257500,2527500
257500,2526500
257500,2525500
257500,2524500
257500,2523500
257500,2522500
257500,2521500
257500,2520500
257500,2519500
257500,2518500
257500,2517500
257500,2516500
257500,2515500
257500,2514500
257500,2513500
257500,2512500
257500,2511500
257500,2510500
257500,2509500
256500,2771500
256500,2770500
256500,2769500
256500,2768500
256500,2767500
256500,2766500
256500,2765500
256500,2764500
256500,2763500
256500,2762500
256500,2761500
256500,2760500
256500,2759500
256500,2758500
256500,2757500
256500,2756500
256500,2755500
256500,2754500
256500,2753500
256500,2752500
256500,2751500
256500,2750500
256500,2749500
256500,2748500
256500,2747500
256500,2746500
256500,2745500
256500,2744500
256500,2743500
256500,2742500
256500,2741500
256500,2740500
256500,2739500
256500,2738500
256500,2737500
256500,2736500
256500,2735500
256500,2734500
256500,2733500
256500,2732500
256500,2731500
256500,2730500
256500,2729500
256500,2728500
256500,2727500
256500,2726500
256500,2725500
256500,2724500
256500,2723500
256500,2722500
256500,2721500
256500,2720500
256500,2719500
256500,2718500
256500,2717500
256500,2716500
256500,2715500
256500,2714500
256500,2713500
256500,2712500
256500,2711500
256500,2710500
256500,2709500
256500,2708500
256500,2707500
256500,2706500
256500,2705500
256500,2704500
256500,2703500
256500,2702500
256500,2701500
256500,2700500
256500,2699500
256500,2698500
256500,2697500
256500,2696500
256500,2695500
256500,2694500
256500,2693500
256500,2692500
256500,2691500
256500,2690500
256500,2689500
256500,2688500
256500,2687500
256500,2686500
256500,2685500
256500,2684500
256500,2683500
256500,2682500
256500,2681500
256500,2680500
256500,2679500
256500,2678500
256500,2677500
256500,2676500
256500,2675500
256500,2674500
256500,2673500
256500,2672500
256500,2671500
256500,2670500
256500,2669500
256500,2668500
256500,2667500
256500,2666500
256500,2665500
256500,2664500
256500,2663500
256500,2662500
256500,2661500
256500,2660500
256500,2659500
256500,2658500
256500,2657500
256500,2656500
256500,2655500
256500,2654500
256500,2653500
256500,2652500
256500,2651500
256500,2650500
256500,2649500
256500,2648500
256500,2647500
256500,2646500
256500,2645500
256500,2644500
256500,2643500
256500,2642500
256500,2641500
256500,2640500
256500,2639500
256500,2638500
256500,2637500
256500,2636500
256500,2635500
256500,2634500
256500,2633500
256500,2632500
256500,2631500
256500,2630500
256500,2629500
256500,2628500
256500,2627500
256500,2626500
256500,2625500
256500,2624500
256500,2623500
256500,2622500
256500,2621500
256500,2620500
256500,2619500
256500,2618500
256500,2617500
256500,2616500
256500,2615500
256500,2614500
256500,2613500
256500,2612500
256500,2611500
256500,2610500
256500,2609500
256500,2608500
256500,2607500
256500,2606500
256500,2605500
256500,2604500
256500,2603500
256500,2602500
256500,2601500
256500,2600500
256500,2599500
256500,2598500
256500,2597500
256500,2596500
256500,2595500
256500,2594500
256500,2593500
256500,2592500
256500,2591500
256500,2590500
256500,2589500
256500,2588500
256500,2587500
256500,2586500
256500,2585500
256500,2584500
256500,2583500
256500,2582500
256500,2581500
256500,2580500
256500,2579500
256500,2578500
256500,2577500
256500,2576500
256500,2575500
256500,2574500
256500,2573500
256500,2572500
256500,2571500
256500,2570500
256500,2569500
256500,2568500
256500,2567500
256500,2566500
256500,2565500
256500,2564500
256500,2563500
256500,2562500
256500,2561500
256500,2560500
256500,2559500
256500,2558500
256500,2557500
256500,2556500
256500,2555500
256500,2554500
256500,2553500
256500,2552500
256500,2551500
256500,2550500
256500,2549500
256500,2548500
256500,2547500
256500,2546500
256500,2545500
256500,2544500
256500,2543500
256500,2542500
256500,2541500
256500,2540500
256500,2539500
256500,2538500
256500,2537500
256500,2536500
256500,2535500
256500,2534500
256500,2533500
256500,2532500
256500,2531500
256500,2530500
256500,2529500
256500,2528500
256500,2527500
256500,2526500
256500,2525500
256500,2524500
256500,2523500
256500,2522500
256500,2521500
256500,2520500
256500,2519500
256500,2518500
256500,2517500
256500,2516500
256500,2515500
256500,2514500
256500,2513500
256500,2512500
256500,2511500
256500,2510500
256500,2509500
256500,2508500
255500,2771500
255500,2770500
255500,2769500
255500,2768500
255500,2767500
255500,2766500
255500,2765500
255500,2764500
255500,2763500
255500,2762500
255500,2761500
255500,2760500
255500,2759500
255500,2758500
255500,2757500
255500,2756500
255500,2755500
255500,2754500
255500,2753500
255500,2752500
255500,2751500
255500,2750500
255500,2749500
255500,2748500
255500,2747500
255500,2746500
255500,2745500
255500,2744500
255500,2743500
255500,2742500
255500,2741500
255500,2740500
255500,2739500
255500,2738500
255500,2737500
255500,2736500
255500,2735500
255500,2734500
255500,2733500
255500,2732500
255500,2731500
255500,2730500
255500,2729500
255500,2728500
255500,2727500
255500,2726500
255500,2725500
255500,2724500
255500,2723500
255500,2722500
255500,2721500
255500,2720500
255500,2719500
255500,2718500
255500,2717500
255500,2716500
255500,2715500
255500,2714500
255500,2713500
255500,2712500
255500,2711500
255500,2710500
255500,2709500
255500,2708500
255500,2707500
255500,2706500
255500,2705500
255500,2704500
255500,2703500
255500,2702500
255500,2701500
255500,2700500
255500,2699500
255500,2698500
255500,2697500
255500,2696500
255500,2695500
255500,2694500
255500,2693500
255500,2692500
255500,2691500
255500,2690500
255500,2689500
255500,2688500
255500,2687500
255500,2686500
255500,2685500
255500,2684500
255500,2683500
255500,2682500
255500,2681500
255500,2680500
255500,2679500
255500,2678500
255500,2677500
255500,2676500
255500,2675500
255500,2674500
255500,2673500
255500,2672500
255500,2671500
255500,2670500
255500,2669500
255500,2668500
255500,2667500
255500,2666500
255500,2665500
255500,2664500
255500,2663500
255500,2662500
255500,2661500
255500,2660500
255500,2659500
255500,2658500
255500,2657500
255500,2656500
255500,2655500
255500,2654500
255500,2653500
255500,2652500
255500,2651500
255500,2650500
255500,2649500
255500,2648500
255500,2647500
255500,2646500
255500,2645500
255500,2644500
255500,2643500
255500,2642500
255500,2641500
255500,2640500
255500,2639500
255500,2638500
255500,2637500
255500,2636500
255500,2635500
255500,2634500
255500,2633500
255500,2632500
255500,2631500
255500,2630500
255500,2629500
255500,2628500
255500,2627500
255500,2626500
255500,2625500
255500,2624500
255500,2623500
255500,2622500
255500,2621500
255500,2620500
255500,2619500
255500,2618500
255500,2617500
255500,2616500
255500,2615500
255500,2614500
255500,2613500
255500,2612500
255500,2611500
255500,2610500
255500,2609500
255500,2608500
255500,2607500
255500,2606500
255500,2605500
255500,2604500
255500,2603500
255500,2602500
255500,2601500
255500,2600500
255500,2599500
255500,2598500
255500,2597500
255500,2596500
255500,2595500
255500,2594500
255500,2593500
255500,2592500
255500,2591500
255500,2590500
255500,2589500
255500,2588500
255500,2587500
255500,2586500
255500,2585500
255500,2584500
255500,2583500
255500,2582500
255500,2581500
255500,2580500
255500,2579500
255500,2578500
255500,2577500
255500,2576500
255500,2575500
255500,2574500
255500,2573500
255500,2572500
255500,2571500
255500,2570500
255500,2569500
255500,2568500
255500,2567500
255500,2566500
255500,2565500
255500,2564500
255500,2563500
255500,2562500
255500,2561500
255500,2560500
255500,2559500
255500,2558500
255500,2557500
255500,2556500
255500,2555500
255500,2554500
255500,2553500
255500,2552500
255500,2551500
255500,2550500
255500,2549500
255500,2548500
255500,2547500
255500,2546500
255500,2545500
255500,2544500
255500,2543500
255500,2542500
255500,2541500
255500,2540500
255500,2539500
255500,2538500
255500,2537500
255500,2536500
255500,2535500
255500,2534500
255500,2533500
255500,2532500
255500,2531500
255500,2530500
255500,2529500
255500,2528500
255500,2527500
255500,2526500
255500,2525500
255500,2524500
255500,2523500
255500,2522500
255500,2521500
255500,2520500
255500,2519500
255500,2518500
255500,2517500
255500,2516500
255500,2515500
255500,2514500
255500,2513500
255500,2512500
255500,2511500
255500,2510500
255500,2509500
255500,2508500
254500,2770500
254500,2769500
254500,2768500
254500,2767500
254500,2766500
254500,2765500
254500,2764500
254500,2763500
254500,2762500
254500,2761500
254500,2760500
254500,2759500
254500,2758500
254500,2757500
254500,2756500
254500,2755500
254500,2754500
254500,2753500
254500,2752500
254500,2751500
254500,2750500
254500,2749500
254500,2748500
254500,2747500
254500,2746500
254500,2745500
254500,2744500
254500,2743500
254500,2742500
254500,2741500
254500,2740500
254500,2739500
254500,2738500
254500,2737500
254500,2736500
254500,2735500
254500,2734500
254500,2733500
254500,2732500
254500,2731500
254500,2730500
254500,2729500
254500,2728500
254500,2727500
254500,2726500
254500,2725500
254500,2724500
254500,2723500
254500,2722500
254500,2721500
254500,2720500
254500,2719500
254500,2718500
254500,2717500
254500,2716500
254500,2715500
254500,2714500
254500,2713500
254500,2712500
254500,2711500
254500,2710500
254500,2709500
254500,2708500
254500,2707500
254500,2706500
254500,2705500
254500,2704500
254500,2703500
254500,2702500
254500,2701500
254500,2700500
254500,2699500
254500,2698500
254500,2697500
254500,2696500
254500,2695500
254500,2694500
254500,2693500
254500,2692500
254500,2691500
254500,2690500
254500,2689500
254500,2688500
254500,2687500
254500,2686500
254500,2685500
254500,2684500
254500,2683500
254500,2682500
254500,2681500
254500,2680500
254500,2679500
254500,2678500
254500,2677500
254500,2676500
254500,2675500
254500,2674500
254500,2673500
254500,2672500
254500,2671500
254500,2670500
254500,2669500
254500,2668500
254500,2667500
254500,2666500
254500,2665500
254500,2664500
254500,2663500
254500,2662500
254500,2661500
254500,2660500
254500,2659500
254500,2658500
254500,2657500
254500,2656500
254500,2655500
254500,2654500
254500,2653500
254500,2652500
254500,2651500
254500,2650500
254500,2649500
254500,2648500
254500,2647500
254500,2646500
254500,2645500
254500,2644500
254500,2643500
254500,2642500
254500,2641500
254500,2640500
254500,2639500
254500,2638500
254500,2637500
254500,2636500
254500,2635500
254500,2634500
254500,2633500
254500,2632500
254500,2631500
254500,2630500
254500,2629500
254500,2628500
254500,2627500
254500,2626500
254500,2625500
254500,2624500
254500,2623500
254500,2622500
254500,2621500
254500,2620500
254500,2619500
254500,2618500
254500,2617500
254500,2616500
254500,2615500
254500,2614500
254500,2613500
254500,2612500
254500,2611500
254500,2610500
254500,2609500
254500,2608500
254500,2607500
254500,2606500
254500,2605500
254500,2604500
254500,2603500
254500,2602500
254500,2601500
254500,2600500
254500,2599500
254500,2598500
254500,2597500
254500,2596500
254500,2595500
254500,2594500
254500,2593500
254500,2592500
254500,2591500
254500,2590500
254500,2589500
254500,2588500
254500,2587500
254500,2586500
254500,2585500
254500,2584500
254500,2583500
254500,2582500
254500,2581500
254500,2580500
254500,2579500
254500,2578500
254500,2577500
254500,2576500
254500,2575500
254500,2574500
254500,2573500
254500,2572500
254500,2571500
254500,2570500
254500,2569500
254500,2568500
254500,2567500
254500,2566500
254500,2565500
254500,2564500
254500,2563500
254500,2562500
254500,2561500
254500,2560500
254500,2559500
254500,2558500
254500,2557500
254500,2556500
254500,2555500
254500,2554500
254500,2553500
254500,2552500
254500,2551500
254500,2550500
254500,2549500
254500,2548500
254500,2547500
254500,2546500
254500,2545500
254500,2544500
254500,2543500
254500,2542500
254500,2541500
254500,2540500
254500,2539500
254500,2538500
254500,2537500
254500,2536500
254500,2535500
254500,2534500
254500,2533500
254500,2532500
254500,2531500
254500,2530500
254500,2529500
254500,2528500
254500,2527500
254500,2526500
254500,2525500
254500,2524500
254500,2523500
254500,2522500
254500,2521500
254500,2520500
254500,2519500
254500,2518500
254500,2517500
254500,2516500
254500,2515500
254500,2514500
254500,2513500
254500,2512500
254500,2511500
254500,2510500
254500,2509500
254500,2508500
254500,2507500
253500,2769500
253500,2768500
253500,2767500
253500,2766500
253500,2765500
253500,2764500
253500,2763500
253500,2762500
253500,2761500
253500,2760500
253500,2759500
253500,2758500
253500,2757500
253500,2756500
253500,2755500
253500,2754500
253500,2753500
253500,2752500
253500,2751500
253500,2750500
253500,2749500
253500,2748500
253500,2747500
253500,2746500
253500,2745500
253500,2744500
253500,2743500
253500,2742500
253500,2741500
253500,2740500
253500,2739500
253500,2738500
253500,2737500
253500,2736500
253500,2735500
253500,2734500
253500,2733500
253500,2732500
253500,2731500
253500,2730500
253500,2729500
253500,2728500
253500,2727500
253500,2726500
253500,2725500
253500,2724500
253500,2723500
253500,2722500
253500,2721500
253500,2720500
253500,2719500
253500,2718500
253500,2717500
253500,2716500
253500,2715500
253500,2714500
253500,2713500
253500,2712500
253500,2711500
253500,2710500
253500,2709500
253500,2708500
253500,2707500
253500,2706500
253500,2705500
253500,2704500
253500,2703500
253500,2702500
253500,2701500
253500,2700500
253500,2699500
253500,2698500
253500,2697500
253500,2696500
253500,2695500
253500,2694500
253500,2693500
253500,2692500
253500,2691500
253500,2690500
253500,2689500
253500,2688500
253500,2687500
253500,2686500
253500,2685500
253500,2684500
253500,2683500
253500,2682500
253500,2681500
253500,2680500
253500,2679500
253500,2678500
253500,2677500
253500,2676500
253500,2675500
253500,2674500
253500,2673500
253500,2672500
253500,2671500
253500,2670500
253500,2669500
253500,2668500
253500,2667500
253500,2666500
253500,2665500
253500,2664500
253500,2663500
253500,2662500
253500,2661500
253500,2660500
253500,2659500
253500,2658500
253500,2657500
253500,2656500
253500,2655500
253500,2654500
253500,2653500
253500,2652500
253500,2651500
253500,2650500
253500,2649500
253500,2648500
253500,2647500
253500,2646500
253500,2645500
253500,2644500
253500,2643500
253500,2642500
253500,2641500
253500,2640500
253500,2639500
253500,2638500
253500,2637500
253500,2636500
253500,2635500
253500,2634500
253500,2633500
253500,2632500
253500,2631500
253500,2630500
253500,2629500
253500,2628500
253500,2627500
253500,2626500
253500,2625500
253500,2624500
253500,2623500
253500,2622500
253500,2621500
253500,2620500
253500,2619500
253500,2618500
253500,2617500
253500,2616500
253500,2615500
253500,2614500
253500,2613500
253500,2612500
253500,2611500
253500,2610500
253500,2609500
253500,2608500
253500,2607500
253500,2606500
253500,2605500
253500,2604500
253500,2603500
253500,2602500
253500,2601500
253500,2600500
253500,2599500
253500,2598500
253500,2597500
253500,2596500
253500,2595500
253500,2594500
253500,2593500
253500,2592500
253500,2591500
253500,2590500
253500,2589500
253500,2588500
253500,2587500
253500,2586500
253500,2585500
253500,2584500
253500,2583500
253500,2582500
253500,2581500
253500,2580500
253500,2579500
253500,2578500
253500,2577500
253500,2576500
253500,2575500
253500,2574500
253500,2573500
253500,2572500
253500,2571500
253500,2570500
253500,2569500
253500,2568500
253500,2567500
253500,2566500
253500,2565500
253500,2564500
253500,2563500
253500,2562500
253500,2561500
253500,2560500
253500,2559500
253500,2558500
253500,2557500
253500,2556500
253500,2555500
253500,2554500
253500,2553500
253500,2552500
253500,2551500
253500,2550500
253500,2549500
253500,2548500
253500,2547500
253500,2546500
253500,2545500
253500,2544500
253500,2543500
253500,2542500
253500,2541500
253500,2540500
253500,2539500
253500,2538500
253500,2537500
253500,2536500
253500,2535500
253500,2534500
253500,2533500
253500,2532500
253500,2531500
253500,2530500
253500,2529500
253500,2528500
253500,2527500
253500,2526500
253500,2525500
253500,2524500
253500,2523500
253500,2522500
253500,2521500
253500,2520500
253500,2519500
253500,2518500
253500,2517500
253500,2516500
253500,2515500
253500,2514500
253500,2513500
253500,2512500
253500,2511500
253500,2510500
253500,2509500
253500,2508500
253500,2507500
253500,2506500
252500,2768500
252500,2767500
252500,2766500
252500,2765500
252500,2764500
252500,2763500
252500,2762500
252500,2761500
252500,2760500
252500,2759500
252500,2758500
252500,2757500
252500,2756500
252500,2755500
252500,2754500
252500,2753500
252500,2752500
252500,2751500
252500,2750500
252500,2749500
252500,2748500
252500,2747500
252500,2746500
252500,2745500
252500,2744500
252500,2743500
252500,2742500
252500,2741500
252500,2740500
252500,2739500
252500,2738500
252500,2737500
252500,2736500
252500,2735500
252500,2734500
252500,2733500
252500,2732500
252500,2731500
252500,2730500
252500,2729500
252500,2728500
252500,2727500
252500,2726500
252500,2725500
252500,2724500
252500,2723500
252500,2722500
252500,2721500
252500,2720500
252500,2719500
252500,2718500
252500,2717500
252500,2716500
252500,2715500
252500,2714500
252500,2713500
252500,2712500
252500,2711500
252500,2710500
252500,2709500
252500,2708500
252500,2707500
252500,2706500
252500,2705500
252500,2704500
252500,2703500
252500,2702500
252500,2701500
252500,2700500
252500,2699500
252500,2698500
252500,2697500
252500,2696500
252500,2695500
252500,2694500
252500,2693500
252500,2692500
252500,2691500
252500,2690500
252500,2689500
252500,2688500
252500,2687500
252500,2686500
252500,2685500
252500,2684500
252500,2683500
252500,2682500
252500,2681500
252500,2680500
252500,2679500
252500,2678500
252500,2677500
252500,2676500
252500,2675500
252500,2674500
252500,2673500
252500,2672500
252500,2671500
252500,2670500
252500,2669500
252500,2668500
252500,2667500
252500,2666500
252500,2665500
252500,2664500
252500,2663500
252500,2662500
252500,2661500
252500,2660500
252500,2659500
252500,2658500
252500,2657500
252500,2656500
252500,2655500
252500,2654500
252500,2653500
252500,2652500
252500,2651500
252500,2650500
252500,2649500
252500,2648500
252500,2647500
252500,2646500
252500,2645500
252500,2644500
252500,2643500
252500,2642500
252500,2641500
252500,2640500
252500,2639500
252500,2638500
252500,2637500
252500,2636500
252500,2635500
252500,2634500
252500,2633500
252500,2632500
252500,2631500
252500,2630500
252500,2629500
252500,2628500
252500,2627500
252500,2626500
252500,2625500
252500,2624500
252500,2623500
252500,2622500
252500,2621500
252500,2620500
252500,2619500
252500,2618500
252500,2617500
252500,2616500
252500,2615500
252500,2614500
252500,2613500
252500,2612500
252500,2611500
252500,2610500
252500,2609500
252500,2608500
252500,2607500
252500,2606500
252500,2605500
252500,2604500
252500,2603500
252500,2602500
252500,2601500
252500,2600500
252500,2599500
252500,2598500
252500,2597500
252500,2596500
252500,2595500
252500,2594500
252500,2593500
252500,2592500
252500,2591500
252500,2590500
252500,2589500
252500,2588500
252500,2587500
252500,2586500
252500,2585500
252500,2584500
252500,2583500
252500,2582500
252500,2581500
252500,2580500
252500,2579500
252500,2578500
252500,2577500
252500,2576500
252500,2575500
252500,2574500
252500,2573500
252500,2572500
252500,2571500
252500,2570500
252500,2569500
252500,2568500
252500,2567500
252500,2566500
252500,2565500
252500,2564500
252500,2563500
252500,2562500
252500,2561500
252500,2560500
252500,2559500
252500,2558500
252500,2557500
252500,2556500
252500,2555500
252500,2554500
252500,2553500
252500,2552500
252500,2551500
252500,2550500
252500,2549500
252500,2548500
252500,2547500
252500,2546500
252500,2545500
252500,2544500
252500,2543500
252500,2542500
252500,2541500
252500,2540500
252500,2539500
252500,2538500
252500,2537500
252500,2536500
252500,2535500
252500,2534500
252500,2533500
252500,2532500
252500,2531500
252500,2530500
252500,2529500
252500,2528500
252500,2527500
252500,2526500
252500,2525500
252500,2524500
252500,2523500
252500,2522500
252500,2521500
252500,2520500
252500,2519500
252500,2518500
252500,2517500
252500,2516500
252500,2515500
252500,2514500
252500,2513500
252500,2512500
252500,2511500
252500,2510500
252500,2509500
252500,2508500
252500,2507500
252500,2506500
252500,2505500
252500,2504500
251500,2766500
251500,2765500
251500,2764500
251500,2763500
251500,2762500
251500,2761500
251500,2760500
251500,2759500
251500,2758500
251500,2757500
251500,2756500
251500,2755500
251500,2754500
251500,2753500
251500,2752500
251500,2751500
251500,2750500
251500,2749500
251500,2748500
251500,2747500
251500,2746500
251500,2745500
251500,2744500
251500,2743500
251500,2742500
251500,2741500
251500,2740500
251500,2739500
251500,2738500
251500,2737500
251500,2736500
251500,2735500
251500,2734500
251500,2733500
251500,2732500
251500,2731500
251500,2730500
251500,2729500
251500,2728500
251500,2727500
251500,2726500
251500,2725500
251500,2724500
251500,2723500
251500,2722500
251500,2721500
251500,2720500
251500,2719500
251500,2718500
251500,2717500
251500,2716500
251500,2715500
251500,2714500
251500,2713500
251500,2712500
251500,2711500
251500,2710500
251500,2709500
251500,2708500
251500,2707500
251500,2706500
251500,2705500
251500,2704500
251500,2703500
251500,2702500
251500,2701500
251500,2700500
251500,2699500
251500,2698500
251500,2697500
251500,2696500
251500,2695500
251500,2694500
251500,2693500
251500,2692500
251500,2691500
251500,2690500
251500,2689500
251500,2688500
251500,2687500
251500,2686500
251500,2685500
251500,2684500
251500,2683500
251500,2682500
251500,2681500
251500,2680500
251500,2679500
251500,2678500
251500,2677500
251500,2676500
251500,2675500
251500,2674500
251500,2673500
251500,2672500
251500,2671500
251500,2670500
251500,2669500
251500,2668500
251500,2667500
251500,2666500
251500,2665500
251500,2664500
251500,2663500
251500,2662500
251500,2661500
251500,2660500
251500,2659500
251500,2658500
251500,2657500
251500,2656500
251500,2655500
251500,2654500
251500,2653500
251500,2652500
251500,2651500
251500,2650500
251500,2649500
251500,2648500
251500,2647500
251500,2646500
251500,2645500
251500,2644500
251500,2643500
251500,2642500
251500,2641500
251500,2640500
251500,2639500
251500,2638500
251500,2637500
251500,2636500
251500,2635500
251500,2634500
251500,2633500
251500,2632500
251500,2631500
251500,2630500
251500,2629500
251500,2628500
251500,2627500
251500,2626500
251500,2625500
251500,2624500
251500,2623500
251500,2622500
251500,2621500
251500,2620500
251500,2619500
251500,2618500
251500,2617500
251500,2616500
251500,2615500
251500,2614500
251500,2613500
251500,2612500
251500,2611500
251500,2610500
251500,2609500
251500,2608500
251500,2607500
251500,2606500
251500,2605500
251500,2604500
251500,2603500
251500,2602500
251500,2601500
251500,2600500
251500,2599500
251500,2598500
251500,2597500
251500,2596500
251500,2595500
251500,2594500
251500,2593500
251500,2592500
251500,2591500
251500,2590500
251500,2589500
251500,2588500
251500,2587500
251500,2586500
251500,2585500
251500,2584500
251500,2583500
251500,2582500
251500,2581500
251500,2580500
251500,2579500
251500,2578500
251500,2577500
251500,2576500
251500,2575500
251500,2574500
251500,2573500
251500,2572500
251500,2571500
251500,2570500
251500,2569500
251500,2568500
251500,2567500
251500,2566500
251500,2565500
251500,2564500
251500,2563500
251500,2562500
251500,2561500
251500,2560500
251500,2559500
251500,2558500
251500,2557500
251500,2556500
251500,2555500
251500,2554500
251500,2553500
251500,2552500
251500,2551500
251500,2550500
251500,2549500
251500,2548500
251500,2547500
251500,2546500
251500,2545500
251500,2544500
251500,2543500
251500,2542500
251500,2541500
251500,2540500
251500,2539500
251500,2538500
251500,2537500
251500,2536500
251500,2535500
251500,2534500
251500,2533500
251500,2532500
251500,2531500
251500,2530500
251500,2529500
251500,2528500
251500,2527500
251500,2526500
251500,2525500
251500,2524500
251500,2523500
251500,2522500
251500,2521500
251500,2520500
251500,2519500
251500,2518500
251500,2517500
251500,2516500
251500,2515500
251500,2514500
251500,2513500
251500,2512500
251500,2511500
251500,2510500
251500,2509500
251500,2508500
251500,2507500
251500,2506500
251500,2505500
251500,2504500
251500,2503500
251500,2502500
251500,2501500
251500,2500500
251500,2499500
250500,2764500
250500,2763500
250500,2762500
250500,2761500
250500,2760500
250500,2759500
250500,2758500
250500,2757500
250500,2756500
250500,2755500
250500,2754500
250500,2753500
250500,2752500
250500,2751500
250500,2750500
250500,2749500
250500,2748500
250500,2747500
250500,2746500
250500,2745500
250500,2744500
250500,2743500
250500,2742500
250500,2741500
250500,2740500
250500,2739500
250500,2738500
250500,2737500
250500,2736500
250500,2735500
250500,2734500
250500,2733500
250500,2732500
250500,2731500
250500,2730500
250500,2729500
250500,2728500
250500,2727500
250500,2726500
250500,2725500
250500,2724500
250500,2723500
250500,2722500
250500,2721500
250500,2720500
250500,2719500
250500,2718500
250500,2717500
250500,2716500
250500,2715500
250500,2714500
250500,2713500
250500,2712500
250500,2711500
250500,2710500
250500,2709500
250500,2708500
250500,2707500
250500,2706500
250500,2705500
250500,2704500
250500,2703500
250500,2702500
250500,2701500
250500,2700500
250500,2699500
250500,2698500
250500,2697500
250500,2696500
250500,2695500
250500,2694500
250500,2693500
250500,2692500
250500,2691500
250500,2690500
250500,2689500
250500,2688500
250500,2687500
250500,2686500
250500,2685500
250500,2684500
250500,2683500
250500,2682500
250500,2681500
250500,2680500
250500,2679500
250500,2678500
250500,2677500
250500,2676500
250500,2675500
250500,2674500
250500,2673500
250500,2672500
250500,2671500
250500,2670500
250500,2669500
250500,2668500
250500,2667500
250500,2666500
250500,2665500
250500,2664500
250500,2663500
250500,2662500
250500,2661500
250500,2660500
250500,2659500
250500,2658500
250500,2657500
250500,2656500
250500,2655500
250500,2654500
250500,2653500
250500,2652500
250500,2651500
250500,2650500
250500,2649500
250500,2648500
250500,2647500
250500,2646500
250500,2645500
250500,2644500
250500,2643500
250500,2642500
250500,2641500
250500,2640500
250500,2639500
250500,2638500
250500,2637500
250500,2636500
250500,2635500
250500,2634500
250500,2633500
250500,2632500
250500,2631500
250500,2630500
250500,2629500
250500,2628500
250500,2627500
250500,2626500
250500,2625500
250500,2624500
250500,2623500
250500,2622500
250500,2621500
250500,2620500
250500,2619500
250500,2618500
250500,2617500
250500,2616500
250500,2615500
250500,2614500
250500,2613500
250500,2612500
250500,2611500
250500,2610500
250500,2609500
250500,2608500
250500,2607500
250500,2606500
250500,2605500
250500,2604500
250500,2603500
250500,2602500
250500,2601500
250500,2600500
250500,2599500
250500,2598500
250500,2597500
250500,2596500
250500,2595500
250500,2594500
250500,2593500
250500,2592500
250500,2591500
250500,2590500
250500,2589500
250500,2588500
250500,2587500
250500,2586500
250500,2585500
250500,2584500
250500,2583500
250500,2582500
250500,2581500
250500,2580500
250500,2579500
250500,2578500
250500,2577500
250500,2576500
250500,2575500
250500,2574500
250500,2573500
250500,2572500
250500,2571500
250500,2570500
250500,2569500
250500,2568500
250500,2567500
250500,2566500
250500,2565500
250500,2564500
250500,2563500
250500,2562500
250500,2561500
250500,2560500
250500,2559500
250500,2558500
250500,2557500
250500,2556500
250500,2555500
250500,2554500
250500,2553500
250500,2552500
250500,2551500
250500,2550500
250500,2549500
250500,2548500
250500,2547500
250500,2546500
250500,2545500
250500,2544500
250500,2543500
250500,2542500
250500,2541500
250500,2540500
250500,2539500
250500,2538500
250500,2537500
250500,2536500
250500,2535500
250500,2534500
250500,2533500
250500,2532500
250500,2531500
250500,2530500
250500,2529500
250500,2528500
250500,2527500
250500,2526500
250500,2525500
250500,2524500
250500,2523500
250500,2522500
250500,2521500
250500,2520500
250500,2519500
250500,2518500
250500,2517500
250500,2516500
250500,2515500
250500,2514500
250500,2513500
250500,2512500
250500,2511500
250500,2510500
250500,2509500
250500,2508500
250500,2507500
250500,2506500
250500,2505500
250500,2504500
250500,2503500
250500,2502500
250500,2501500
250500,2500500
250500,2499500
250500,2498500
250500,2497500
249500,2761500
249500,2760500
249500,2759500
249500,2758500
249500,2757500
249500,2756500
249500,2755500
249500,2754500
249500,2753500
249500,2752500
249500,2751500
249500,2750500
249500,2749500
249500,2748500
249500,2747500
249500,2746500
249500,2745500
249500,2744500
249500,2743500
249500,2742500
249500,2741500
249500,2740500
249500,2739500
249500,2738500
249500,2737500
249500,2736500
249500,2735500
249500,2734500
249500,2733500
249500,2732500
249500,2731500
249500,2730500
249500,2729500
249500,2728500
249500,2727500
249500,2726500
249500,2725500
249500,2724500
249500,2723500
249500,2722500
249500,2721500
249500,2720500
249500,2719500
249500,2718500
249500,2717500
249500,2716500
249500,2715500
249500,2714500
249500,2713500
249500,2712500
249500,2711500
249500,2710500
249500,2709500
249500,2708500
249500,2707500
249500,2706500
249500,2705500
249500,2704500
249500,2703500
249500,2702500
249500,2701500
249500,2700500
249500,2699500
249500,2698500
249500,2697500
249500,2696500
249500,2695500
249500,2694500
249500,2693500
249500,2692500
249500,2691500
249500,2690500
249500,2689500
249500,2688500
249500,2687500
249500,2686500
249500,2685500
249500,2684500
249500,2683500
249500,2682500
249500,2681500
249500,2680500
249500,2679500
249500,2678500
249500,2677500
249500,2676500
249500,2675500
249500,2674500
249500,2673500
249500,2672500
249500,2671500
249500,2670500
249500,2669500
249500,2668500
249500,2667500
249500,2666500
249500,2665500
249500,2664500
249500,2663500
249500,2662500
249500,2661500
249500,2660500
249500,2659500
249500,2658500
249500,2657500
249500,2656500
249500,2655500
249500,2654500
249500,2653500
249500,2652500
249500,2651500
249500,2650500
249500,2649500
249500,2648500
249500,2647500
249500,2646500
249500,2645500
249500,2644500
249500,2643500
249500,2642500
249500,2641500
249500,2640500
249500,2639500
249500,2638500
249500,2637500
249500,2636500
249500,2635500
249500,2634500
249500,2633500
249500,2632500
249500,2631500
249500,2630500
249500,2629500
249500,2628500
249500,2627500
249500,2626500
249500,2625500
249500,2624500
249500,2623500
249500,2622500
249500,2621500
249500,2620500
249500,2619500
249500,2618500
249500,2617500
249500,2616500
249500,2615500
249500,2614500
249500,2613500
249500,2612500
249500,2611500
249500,2610500
249500,2609500
249500,2608500
249500,2607500
249500,2606500
249500,2605500
249500,2604500
249500,2603500
249500,2602500
249500,2601500
249500,2600500
249500,2599500
249500,2598500
249500,2597500
249500,2596500
249500,2595500
249500,2594500
249500,2593500
249500,2592500
249500,2591500
249500,2590500
249500,2589500
249500,2588500
249500,2587500
249500,2586500
249500,2585500
249500,2584500
249500,2583500
249500,2582500
249500,2581500
249500,2580500
249500,2579500
249500,2578500
249500,2577500
249500,2576500
249500,2575500
249500,2574500
249500,2573500
249500,2572500
249500,2571500
249500,2570500
249500,2569500
249500,2568500
249500,2567500
249500,2566500
249500,2565500
249500,2564500
249500,2563500
249500,2562500
249500,2561500
249500,2560500
249500,2559500
249500,2558500
249500,2557500
249500,2556500
249500,2555500
249500,2554500
249500,2553500
249500,2552500
249500,2551500
249500,2550500
249500,2549500
249500,2548500
249500,2547500
249500,2546500
249500,2545500
249500,2544500
249500,2543500
249500,2542500
249500,2541500
249500,2540500
249500,2539500
249500,2538500
249500,2537500
249500,2536500
249500,2535500
249500,2534500
249500,2533500
249500,2532500
249500,2531500
249500,2530500
249500,2529500
249500,2528500
249500,2527500
249500,2526500
249500,2525500
249500,2524500
249500,2523500
249500,2522500
249500,2521500
249500,2520500
249500,2519500
249500,2518500
249500,2517500
249500,2516500
249500,2515500
249500,2514500
249500,2513500
249500,2512500
249500,2511500
249500,2510500
249500,2509500
249500,2508500
249500,2507500
249500,2506500
249500,2505500
249500,2504500
249500,2503500
249500,2502500
249500,2501500
249500,2500500
249500,2499500
249500,2498500
249500,2497500
248500,2760500
248500,2759500
248500,2758500
248500,2757500
248500,2756500
248500,2755500
248500,2754500
248500,2753500
248500,2752500
248500,2751500
248500,2750500
248500,2749500
248500,2748500
248500,2747500
248500,2746500
248500,2745500
248500,2744500
248500,2743500
248500,2742500
248500,2741500
248500,2740500
248500,2739500
248500,2738500
248500,2737500
248500,2736500
248500,2735500
248500,2734500
248500,2733500
248500,2732500
248500,2731500
248500,2730500
248500,2729500
248500,2728500
248500,2727500
248500,2726500
248500,2725500
248500,2724500
248500,2723500
248500,2722500
248500,2721500
248500,2720500
248500,2719500
248500,2718500
248500,2717500
248500,2716500
248500,2715500
248500,2714500
248500,2713500
248500,2712500
248500,2711500
248500,2710500
248500,2709500
248500,2708500
248500,2707500
248500,2706500
248500,2705500
248500,2704500
248500,2703500
248500,2702500
248500,2701500
248500,2700500
248500,2699500
248500,2698500
248500,2697500
248500,2696500
248500,2695500
248500,2694500
248500,2693500
248500,2692500
248500,2691500
248500,2690500
248500,2689500
248500,2688500
248500,2687500
248500,2686500
248500,2685500
248500,2684500
248500,2683500
248500,2682500
248500,2681500
248500,2680500
248500,2679500
248500,2678500
248500,2677500
248500,2676500
248500,2675500
248500,2674500
248500,2673500
248500,2672500
248500,2671500
248500,2670500
248500,2669500
248500,2668500
248500,2667500
248500,2666500
248500,2665500
248500,2664500
248500,2663500
248500,2662500
248500,2661500
248500,2660500
248500,2659500
248500,2658500
248500,2657500
248500,2656500
248500,2655500
248500,2654500
248500,2653500
248500,2652500
248500,2651500
248500,2650500
248500,2649500
248500,2648500
248500,2647500
248500,2646500
248500,2645500
248500,2644500
248500,2643500
248500,2642500
248500,2641500
248500,2640500
248500,2639500
248500,2638500
248500,2637500
248500,2636500
248500,2635500
248500,2634500
248500,2633500
248500,2632500
248500,2631500
248500,2630500
248500,2629500
248500,2628500
248500,2627500
248500,2626500
248500,2625500
248500,2624500
248500,2623500
248500,2622500
248500,2621500
248500,2620500
248500,2619500
248500,2618500
248500,2617500
248500,2616500
248500,2615500
248500,2614500
248500,2613500
248500,2612500
248500,2611500
248500,2610500
248500,2609500
248500,2608500
248500,2607500
248500,2606500
248500,2605500
248500,2604500
248500,2603500
248500,2602500
248500,2601500
248500,2600500
248500,2599500
248500,2598500
248500,2597500
248500,2596500
248500,2595500
248500,2594500
248500,2593500
248500,2592500
248500,2591500
248500,2590500
248500,2589500
248500,2588500
248500,2587500
248500,2586500
248500,2585500
248500,2584500
248500,2583500
248500,2582500
248500,2581500
248500,2580500
248500,2579500
248500,2578500
248500,2577500
248500,2576500
248500,2575500
248500,2574500
248500,2573500
248500,2572500
248500,2571500
248500,2570500
248500,2569500
248500,2568500
248500,2567500
248500,2566500
248500,2565500
248500,2564500
248500,2563500
248500,2562500
248500,2561500
248500,2560500
248500,2559500
248500,2558500
248500,2557500
248500,2556500
248500,2555500
248500,2554500
248500,2553500
248500,2552500
248500,2551500
248500,2550500
248500,2549500
248500,2548500
248500,2547500
248500,2546500
248500,2545500
248500,2544500
248500,2543500
248500,2542500
248500,2541500
248500,2540500
248500,2539500
248500,2538500
248500,2537500
248500,2536500
248500,2535500
248500,2534500
248500,2533500
248500,2532500
248500,2531500
248500,2530500
248500,2529500
248500,2528500
248500,2527500
248500,2526500
248500,2525500
248500,2524500
248500,2523500
248500,2522500
248500,2521500
248500,2520500
248500,2519500
248500,2518500
248500,2517500
248500,2516500
248500,2515500
248500,2514500
248500,2513500
248500,2512500
248500,2511500
248500,2510500
248500,2509500
248500,2508500
248500,2507500
248500,2506500
248500,2505500
248500,2504500
248500,2503500
248500,2502500
248500,2501500
248500,2500500
248500,2499500
248500,2498500
248500,2497500
248500,2496500
248500,2495500
247500,2758500
247500,2757500
247500,2756500
247500,2755500
247500,2754500
247500,2753500
247500,2752500
247500,2751500
247500,2750500
247500,2749500
247500,2748500
247500,2747500
247500,2746500
247500,2745500
247500,2744500
247500,2743500
247500,2742500
247500,2741500
247500,2740500
247500,2739500
247500,2738500
247500,2737500
247500,2736500
247500,2735500
247500,2734500
247500,2733500
247500,2732500
247500,2731500
247500,2730500
247500,2729500
247500,2728500
247500,2727500
247500,2726500
247500,2725500
247500,2724500
247500,2723500
247500,2722500
247500,2721500
247500,2720500
247500,2719500
247500,2718500
247500,2717500
247500,2716500
247500,2715500
247500,2714500
247500,2713500
247500,2712500
247500,2711500
247500,2710500
247500,2709500
247500,2708500
247500,2707500
247500,2706500
247500,2705500
247500,2704500
247500,2703500
247500,2702500
247500,2701500
247500,2700500
247500,2699500
247500,2698500
247500,2697500
247500,2696500
247500,2695500
247500,2694500
247500,2693500
247500,2692500
247500,2691500
247500,2690500
247500,2689500
247500,2688500
247500,2687500
247500,2686500
247500,2685500
247500,2684500
247500,2683500
247500,2682500
247500,2681500
247500,2680500
247500,2679500
247500,2678500
247500,2677500
247500,2676500
247500,2675500
247500,2674500
247500,2673500
247500,2672500
247500,2671500
247500,2670500
247500,2669500
247500,2668500
247500,2667500
247500,2666500
247500,2665500
247500,2664500
247500,2663500
247500,2662500
247500,2661500
247500,2660500
247500,2659500
247500,2658500
247500,2657500
247500,2656500
247500,2655500
247500,2654500
247500,2653500
247500,2652500
247500,2651500
247500,2650500
247500,2649500
247500,2648500
247500,2647500
247500,2646500
247500,2645500
247500,2644500
247500,2643500
247500,2642500
247500,2641500
247500,2640500
247500,2639500
247500,2638500
247500,2637500
247500,2636500
247500,2635500
247500,2634500
247500,2633500
247500,2632500
247500,2631500
247500,2630500
247500,2629500
247500,2628500
247500,2627500
247500,2626500
247500,2625500
247500,2624500
247500,2623500
247500,2622500
247500,2621500
247500,2620500
247500,2619500
247500,2618500
247500,2617500
247500,2616500
247500,2615500
247500,2614500
247500,2613500
247500,2612500
247500,2611500
247500,2610500
247500,2609500
247500,2608500
247500,2607500
247500,2606500
247500,2605500
247500,2604500
247500,2603500
247500,2602500
247500,2601500
247500,2600500
247500,2599500
247500,2598500
247500,2597500
247500,2596500
247500,2595500
247500,2594500
247500,2593500
247500,2592500
247500,2591500
247500,2590500
247500,2589500
247500,2588500
247500,2587500
247500,2586500
247500,2585500
247500,2584500
247500,2583500
247500,2582500
247500,2581500
247500,2580500
247500,2579500
247500,2578500
247500,2577500
247500,2576500
247500,2575500
247500,2574500
247500,2573500
247500,2572500
247500,2571500
247500,2570500
247500,2569500
247500,2568500
247500,2567500
247500,2566500
247500,2565500
247500,2564500
247500,2563500
247500,2562500
247500,2561500
247500,2560500
247500,2559500
247500,2558500
247500,2557500
247500,2556500
247500,2555500
247500,2554500
247500,2553500
247500,2552500
247500,2551500
247500,2550500
247500,2549500
247500,2548500
247500,2547500
247500,2546500
247500,2545500
247500,2544500
247500,2543500
247500,2542500
247500,2541500
247500,2540500
247500,2539500
247500,2538500
247500,2537500
247500,2536500
247500,2535500
247500,2534500
247500,2533500
247500,2532500
247500,2531500
247500,2530500
247500,2529500
247500,2528500
247500,2527500
247500,2526500
247500,2525500
247500,2524500
247500,2523500
247500,2522500
247500,2521500
247500,2520500
247500,2519500
247500,2518500
247500,2517500
247500,2516500
247500,2515500
247500,2514500
247500,2513500
247500,2512500
247500,2511500
247500,2510500
247500,2509500
247500,2508500
247500,2507500
247500,2506500
247500,2505500
247500,2504500
247500,2503500
247500,2502500
247500,2501500
247500,2500500
247500,2499500
247500,2498500
247500,2497500
247500,2496500
247500,2495500
247500,2494500
247500,2493500
247500,2492500
246500,2757500
246500,2756500
246500,2755500
246500,2754500
246500,2753500
246500,2752500
246500,2751500
246500,2750500
246500,2749500
246500,2748500
246500,2747500
246500,2746500
246500,2745500
246500,2744500
246500,2743500
246500,2742500
246500,2741500
246500,2740500
246500,2739500
246500,2738500
246500,2737500
246500,2736500
246500,2735500
246500,2734500
246500,2733500
246500,2732500
246500,2731500
246500,2730500
246500,2729500
246500,2728500
246500,2727500
246500,2726500
246500,2725500
246500,2724500
246500,2723500
246500,2722500
246500,2721500
246500,2720500
246500,2719500
246500,2718500
246500,2717500
246500,2716500
246500,2715500
246500,2714500
246500,2713500
246500,2712500
246500,2711500
246500,2710500
246500,2709500
246500,2708500
246500,2707500
246500,2706500
246500,2705500
246500,2704500
246500,2703500
246500,2702500
246500,2701500
246500,2700500
246500,2699500
246500,2698500
246500,2697500
246500,2696500
246500,2695500
246500,2694500
246500,2693500
246500,2692500
246500,2691500
246500,2690500
246500,2689500
246500,2688500
246500,2687500
246500,2686500
246500,2685500
246500,2684500
246500,2683500
246500,2682500
246500,2681500
246500,2680500
246500,2679500
246500,2678500
246500,2677500
246500,2676500
246500,2675500
246500,2674500
246500,2673500
246500,2672500
246500,2671500
246500,2670500
246500,2669500
246500,2668500
246500,2667500
246500,2666500
246500,2665500
246500,2664500
246500,2663500
246500,2662500
246500,2661500
246500,2660500
246500,2659500
246500,2658500
246500,2657500
246500,2656500
246500,2655500
246500,2654500
246500,2653500
246500,2652500
246500,2651500
246500,2650500
246500,2649500
246500,2648500
246500,2647500
246500,2646500
246500,2645500
246500,2644500
246500,2643500
246500,2642500
246500,2641500
246500,2640500
246500,2639500
246500,2638500
246500,2637500
246500,2636500
246500,2635500
246500,2634500
246500,2633500
246500,2632500
246500,2631500
246500,2630500
246500,2629500
246500,2628500
246500,2627500
246500,2626500
246500,2625500
246500,2624500
246500,2623500
246500,2622500
246500,2621500
246500,2620500
246500,2619500
246500,2618500
246500,2617500
246500,2616500
246500,2615500
246500,2614500
246500,2613500
246500,2612500
246500,2611500
246500,2610500
246500,2609500
246500,2608500
246500,2607500
246500,2606500
246500,2605500
246500,2604500
246500,2603500
246500,2602500
246500,2601500
246500,2600500
246500,2599500
246500,2598500
246500,2597500
246500,2596500
246500,2595500
246500,2594500
246500,2593500
246500,2592500
246500,2591500
246500,2590500
246500,2589500
246500,2588500
246500,2587500
246500,2586500
246500,2585500
246500,2584500
246500,2583500
246500,2582500
246500,2581500
246500,2580500
246500,2579500
246500,2578500
246500,2577500
246500,2576500
246500,2575500
246500,2574500
246500,2573500
246500,2572500
246500,2571500
246500,2570500
246500,2569500
246500,2568500
246500,2567500
246500,2566500
246500,2565500
246500,2564500
246500,2563500
246500,2562500
246500,2561500
246500,2560500
246500,2559500
246500,2558500
246500,2557500
246500,2556500
246500,2555500
246500,2554500
246500,2553500
246500,2552500
246500,2551500
246500,2550500
246500,2549500
246500,2548500
246500,2547500
246500,2546500
246500,2545500
246500,2544500
246500,2543500
246500,2542500
246500,2541500
246500,2540500
246500,2539500
246500,2538500
246500,2537500
246500,2536500
246500,2535500
246500,2534500
246500,2533500
246500,2532500
246500,2531500
246500,2530500
246500,2529500
246500,2528500
246500,2527500
246500,2526500
246500,2525500
246500,2524500
246500,2523500
246500,2522500
246500,2521500
246500,2520500
246500,2519500
246500,2518500
246500,2517500
246500,2516500
246500,2515500
246500,2514500
246500,2513500
246500,2512500
246500,2511500
246500,2510500
246500,2509500
246500,2508500
246500,2507500
246500,2506500
246500,2505500
246500,2504500
246500,2503500
246500,2502500
246500,2501500
246500,2500500
246500,2499500
246500,2498500
246500,2497500
246500,2496500
246500,2495500
246500,2494500
246500,2493500
246500,2492500
246500,2491500
246500,2490500
246500,2489500
245500,2755500
245500,2754500
245500,2753500
245500,2752500
245500,2751500
245500,2750500
245500,2749500
245500,2748500
245500,2747500
245500,2746500
245500,2745500
245500,2744500
245500,2743500
245500,2742500
245500,2741500
245500,2740500
245500,2739500
245500,2738500
245500,2737500
245500,2736500
245500,2735500
245500,2734500
245500,2733500
245500,2732500
245500,2731500
245500,2730500
245500,2729500
245500,2728500
245500,2727500
245500,2726500
245500,2725500
245500,2724500
245500,2723500
245500,2722500
245500,2721500
245500,2720500
245500,2719500
245500,2718500
245500,2717500
245500,2716500
245500,2715500
245500,2714500
245500,2713500
245500,2712500
245500,2711500
245500,2710500
245500,2709500
245500,2708500
245500,2707500
245500,2706500
245500,2705500
245500,2704500
245500,2703500
245500,2702500
245500,2701500
245500,2700500
245500,2699500
245500,2698500
245500,2697500
245500,2696500
245500,2695500
245500,2694500
245500,2693500
245500,2692500
245500,2691500
245500,2690500
245500,2689500
245500,2688500
245500,2687500
245500,2686500
245500,2685500
245500,2684500
245500,2683500
245500,2682500
245500,2681500
245500,2680500
245500,2679500
245500,2678500
245500,2677500
245500,2676500
245500,2675500
245500,2674500
245500,2673500
245500,2672500
245500,2671500
245500,2670500
245500,2669500
245500,2668500
245500,2667500
245500,2666500
245500,2665500
245500,2664500
245500,2663500
245500,2662500
245500,2661500
245500,2660500
245500,2659500
245500,2658500
245500,2657500
245500,2656500
245500,2655500
245500,2654500
245500,2653500
245500,2652500
245500,2651500
245500,2650500
245500,2649500
245500,2648500
245500,2647500
245500,2646500
245500,2645500
245500,2644500
245500,2643500
245500,2642500
245500,2641500
245500,2640500
245500,2639500
245500,2638500
245500,2637500
245500,2636500
245500,2635500
245500,2634500
245500,2633500
245500,2632500
245500,2631500
245500,2630500
245500,2629500
245500,2628500
245500,2627500
245500,2626500
245500,2625500
245500,2624500
245500,2623500
245500,2622500
245500,2621500
245500,2620500
245500,2619500
245500,2618500
245500,2617500
245500,2616500
245500,2615500
245500,2614500
245500,2613500
245500,2612500
245500,2611500
245500,2610500
245500,2609500
245500,2608500
245500,2607500
245500,2606500
245500,2605500
245500,2604500
245500,2603500
245500,2602500
245500,2601500
245500,2600500
245500,2599500
245500,2598500
245500,2597500
245500,2596500
245500,2595500
245500,2594500
245500,2593500
245500,2592500
245500,2591500
245500,2590500
245500,2589500
245500,2588500
245500,2587500
245500,2586500
245500,2585500
245500,2584500
245500,2583500
245500,2582500
245500,2581500
245500,2580500
245500,2579500
245500,2578500
245500,2577500
245500,2576500
245500,2575500
245500,2574500
245500,2573500
245500,2572500
245500,2571500
245500,2570500
245500,2569500
245500,2568500
245500,2567500
245500,2566500
245500,2565500
245500,2564500
245500,2563500
245500,2562500
245500,2561500
245500,2560500
245500,2559500
245500,2558500
245500,2557500
245500,2556500
245500,2555500
245500,2554500
245500,2553500
245500,2552500
245500,2551500
245500,2550500
245500,2549500
245500,2548500
245500,2547500
245500,2546500
245500,2545500
245500,2544500
245500,2543500
245500,2542500
245500,2541500
245500,2540500
245500,2539500
245500,2538500
245500,2537500
245500,2536500
245500,2535500
245500,2534500
245500,2533500
245500,2532500
245500,2531500
245500,2530500
245500,2529500
245500,2528500
245500,2527500
245500,2526500
245500,2525500
245500,2524500
245500,2523500
245500,2522500
245500,2521500
245500,2520500
245500,2519500
245500,2518500
245500,2517500
245500,2516500
245500,2515500
245500,2514500
245500,2513500
245500,2512500
245500,2511500
245500,2510500
245500,2509500
245500,2508500
245500,2507500
245500,2506500
245500,2505500
245500,2504500
245500,2503500
245500,2502500
245500,2501500
245500,2500500
245500,2499500
245500,2498500
245500,2497500
245500,2496500
245500,2495500
245500,2494500
245500,2493500
245500,2492500
245500,2491500
245500,2490500
245500,2489500
245500,2488500
245500,2487500
245500,2486500
244500,2753500
244500,2752500
244500,2751500
244500,2750500
244500,2749500
244500,2748500
244500,2747500
244500,2746500
244500,2745500
244500,2744500
244500,2743500
244500,2742500
244500,2741500
244500,2740500
244500,2739500
244500,2738500
244500,2737500
244500,2736500
244500,2735500
244500,2734500
244500,2733500
244500,2732500
244500,2731500
244500,2730500
244500,2729500
244500,2728500
244500,2727500
244500,2726500
244500,2725500
244500,2724500
244500,2723500
244500,2722500
244500,2721500
244500,2720500
244500,2719500
244500,2718500
244500,2717500
244500,2716500
244500,2715500
244500,2714500
244500,2713500
244500,2712500
244500,2711500
244500,2710500
244500,2709500
244500,2708500
244500,2707500
244500,2706500
244500,2705500
244500,2704500
244500,2703500
244500,2702500
244500,2701500
244500,2700500
244500,2699500
244500,2698500
244500,2697500
244500,2696500
244500,2695500
244500,2694500
244500,2693500
244500,2692500
244500,2691500
244500,2690500
244500,2689500
244500,2688500
244500,2687500
244500,2686500
244500,2685500
244500,2684500
244500,2683500
244500,2682500
244500,2681500
244500,2680500
244500,2679500
244500,2678500
244500,2677500
244500,2676500
244500,2675500
244500,2674500
244500,2673500
244500,2672500
244500,2671500
244500,2670500
244500,2669500
244500,2668500
244500,2667500
244500,2666500
244500,2665500
244500,2664500
244500,2663500
244500,2662500
244500,2661500
244500,2660500
244500,2659500
244500,2658500
244500,2657500
244500,2656500
244500,2655500
244500,2654500
244500,2653500
244500,2652500
244500,2651500
244500,2650500
244500,2649500
244500,2648500
244500,2647500
244500,2646500
244500,2645500
244500,2644500
244500,2643500
244500,2642500
244500,2641500
244500,2640500
244500,2639500
244500,2638500
244500,2637500
244500,2636500
244500,2635500
244500,2634500
244500,2633500
244500,2632500
244500,2631500
244500,2630500
244500,2629500
244500,2628500
244500,2627500
244500,2626500
244500,2625500
244500,2624500
244500,2623500
244500,2622500
244500,2621500
244500,2620500
244500,2619500
244500,2618500
244500,2617500
244500,2616500
244500,2615500
244500,2614500
244500,2613500
244500,2612500
244500,2611500
244500,2610500
244500,2609500
244500,2608500
244500,2607500
244500,2606500
244500,2605500
244500,2604500
244500,2603500
244500,2602500
244500,2601500
244500,2600500
244500,2599500
244500,2598500
244500,2597500
244500,2596500
244500,2595500
244500,2594500
244500,2593500
244500,2592500
244500,2591500
244500,2590500
244500,2589500
244500,2588500
244500,2587500
244500,2586500
244500,2585500
244500,2584500
244500,2583500
244500,2582500
244500,2581500
244500,2580500
244500,2579500
244500,2578500
244500,2577500
244500,2576500
244500,2575500
244500,2574500
244500,2573500
244500,2572500
244500,2571500
244500,2570500
244500,2569500
244500,2568500
244500,2567500
244500,2566500
244500,2565500
244500,2564500
244500,2563500
244500,2562500
244500,2561500
244500,2560500
244500,2559500
244500,2558500
244500,2557500
244500,2556500
244500,2555500
244500,2554500
244500,2553500
244500,2552500
244500,2551500
244500,2550500
244500,2549500
244500,2548500
244500,2547500
244500,2546500
244500,2545500
244500,2544500
244500,2543500
244500,2542500
244500,2541500
244500,2540500
244500,2539500
244500,2538500
244500,2537500
244500,2536500
244500,2535500
244500,2534500
244500,2533500
244500,2532500
244500,2531500
244500,2530500
244500,2529500
244500,2528500
244500,2527500
244500,2526500
244500,2525500
244500,2524500
244500,2523500
244500,2522500
244500,2521500
244500,2520500
244500,2519500
244500,2518500
244500,2517500
244500,2516500
244500,2515500
244500,2514500
244500,2513500
244500,2512500
244500,2511500
244500,2510500
244500,2509500
244500,2508500
244500,2507500
244500,2506500
244500,2505500
244500,2504500
244500,2503500
244500,2502500
244500,2501500
244500,2500500
244500,2499500
244500,2498500
244500,2497500
244500,2496500
244500,2495500
244500,2494500
244500,2493500
244500,2492500
244500,2491500
244500,2490500
244500,2489500
244500,2488500
244500,2487500
244500,2486500
244500,2485500
244500,2484500
244500,2483500
244500,2482500
243500,2751500
243500,2750500
243500,2749500
243500,2748500
243500,2747500
243500,2746500
243500,2745500
243500,2744500
243500,2743500
243500,2742500
243500,2741500
243500,2740500
243500,2739500
243500,2738500
243500,2737500
243500,2736500
243500,2735500
243500,2734500
243500,2733500
243500,2732500
243500,2731500
243500,2730500
243500,2729500
243500,2728500
243500,2727500
243500,2726500
243500,2725500
243500,2724500
243500,2723500
243500,2722500
243500,2721500
243500,2720500
243500,2719500
243500,2718500
243500,2717500
243500,2716500
243500,2715500
243500,2714500
243500,2713500
243500,2712500
243500,2711500
243500,2710500
243500,2709500
243500,2708500
243500,2707500
243500,2706500
243500,2705500
243500,2704500
243500,2703500
243500,2702500
243500,2701500
243500,2700500
243500,2699500
243500,2698500
243500,2697500
243500,2696500
243500,2695500
243500,2694500
243500,2693500
243500,2692500
243500,2691500
243500,2690500
243500,2689500
243500,2688500
243500,2687500
243500,2686500
243500,2685500
243500,2684500
243500,2683500
243500,2682500
243500,2681500
243500,2680500
243500,2679500
243500,2678500
243500,2677500
243500,2676500
243500,2675500
243500,2674500
243500,2673500
243500,2672500
243500,2671500
243500,2670500
243500,2669500
243500,2668500
243500,2667500
243500,2666500
243500,2665500
243500,2664500
243500,2663500
243500,2662500
243500,2661500
243500,2660500
243500,2659500
243500,2658500
243500,2657500
243500,2656500
243500,2655500
243500,2654500
243500,2653500
243500,2652500
243500,2651500
243500,2650500
243500,2649500
243500,2648500
243500,2647500
243500,2646500
243500,2645500
243500,2644500
243500,2643500
243500,2642500
243500,2641500
243500,2640500
243500,2639500
243500,2638500
243500,2637500
243500,2636500
243500,2635500
243500,2634500
243500,2633500
243500,2632500
243500,2631500
243500,2630500
243500,2629500
243500,2628500
243500,2627500
243500,2626500
243500,2625500
243500,2624500
243500,2623500
243500,2622500
243500,2621500
243500,2620500
243500,2619500
243500,2618500
243500,2617500
243500,2616500
243500,2615500
243500,2614500
243500,2613500
243500,2612500
243500,2611500
243500,2610500
243500,2609500
243500,2608500
243500,2607500
243500,2606500
243500,2605500
243500,2604500
243500,2603500
243500,2602500
243500,2601500
243500,2600500
243500,2599500
243500,2598500
243500,2597500
243500,2596500
243500,2595500
243500,2594500
243500,2593500
243500,2592500
243500,2591500
243500,2590500
243500,2589500
243500,2588500
243500,2587500
243500,2586500
243500,2585500
243500,2584500
243500,2583500
243500,2582500
243500,2581500
243500,2580500
243500,2579500
243500,2578500
243500,2577500
243500,2576500
243500,2575500
243500,2574500
243500,2573500
243500,2572500
243500,2571500
243500,2570500
243500,2569500
243500,2568500
243500,2567500
243500,2566500
243500,2565500
243500,2564500
243500,2563500
243500,2562500
243500,2561500
243500,2560500
243500,2559500
243500,2558500
243500,2557500
243500,2556500
243500,2555500
243500,2554500
243500,2553500
243500,2552500
243500,2551500
243500,2550500
243500,2549500
243500,2548500
243500,2547500
243500,2546500
243500,2545500
243500,2544500
243500,2543500
243500,2542500
243500,2541500
243500,2540500
243500,2539500
243500,2538500
243500,2537500
243500,2536500
243500,2535500
243500,2534500
243500,2533500
243500,2532500
243500,2531500
243500,2530500
243500,2529500
243500,2528500
243500,2527500
243500,2526500
243500,2525500
243500,2524500
243500,2523500
243500,2522500
243500,2521500
243500,2520500
243500,2519500
243500,2518500
243500,2517500
243500,2516500
243500,2515500
243500,2514500
243500,2513500
243500,2512500
243500,2511500
243500,2510500
243500,2509500
243500,2508500
243500,2507500
243500,2506500
243500,2505500
243500,2504500
243500,2503500
243500,2502500
243500,2501500
243500,2500500
243500,2499500
243500,2498500
243500,2497500
243500,2496500
243500,2495500
243500,2494500
243500,2493500
243500,2492500
243500,2491500
243500,2490500
243500,2489500
243500,2488500
243500,2487500
243500,2486500
243500,2485500
243500,2484500
243500,2483500
243500,2482500
243500,2481500
243500,2480500
242500,2750500
242500,2749500
242500,2748500
242500,2747500
242500,2746500
242500,2745500
242500,2744500
242500,2743500
242500,2742500
242500,2741500
242500,2740500
242500,2739500
242500,2738500
242500,2737500
242500,2736500
242500,2735500
242500,2734500
242500,2733500
242500,2732500
242500,2731500
242500,2730500
242500,2729500
242500,2728500
242500,2727500
242500,2726500
242500,2725500
242500,2724500
242500,2723500
242500,2722500
242500,2721500
242500,2720500
242500,2719500
242500,2718500
242500,2717500
242500,2716500
242500,2715500
242500,2714500
242500,2713500
242500,2712500
242500,2711500
242500,2710500
242500,2709500
242500,2708500
242500,2707500
242500,2706500
242500,2705500
242500,2704500
242500,2703500
242500,2702500
242500,2701500
242500,2700500
242500,2699500
242500,2698500
242500,2697500
242500,2696500
242500,2695500
242500,2694500
242500,2693500
242500,2692500
242500,2691500
242500,2690500
242500,2689500
242500,2688500
242500,2687500
242500,2686500
242500,2685500
242500,2684500
242500,2683500
242500,2682500
242500,2681500
242500,2680500
242500,2679500
242500,2678500
242500,2677500
242500,2676500
242500,2675500
242500,2674500
242500,2673500
242500,2672500
242500,2671500
242500,2670500
242500,2669500
242500,2668500
242500,2667500
242500,2666500
242500,2665500
242500,2664500
242500,2663500
242500,2662500
242500,2661500
242500,2660500
242500,2659500
242500,2658500
242500,2657500
242500,2656500
242500,2655500
242500,2654500
242500,2653500
242500,2652500
242500,2651500
242500,2650500
242500,2649500
242500,2648500
242500,2647500
242500,2646500
242500,2645500
242500,2644500
242500,2643500
242500,2642500
242500,2641500
242500,2640500
242500,2639500
242500,2638500
242500,2637500
242500,2636500
242500,2635500
242500,2634500
242500,2633500
242500,2632500
242500,2631500
242500,2630500
242500,2629500
242500,2628500
242500,2627500
242500,2626500
242500,2625500
242500,2624500
242500,2623500
242500,2622500
242500,2621500
242500,2620500
242500,2619500
242500,2618500
242500,2617500
242500,2616500
242500,2615500
242500,2614500
242500,2613500
242500,2612500
242500,2611500
242500,2610500
242500,2609500
242500,2608500
242500,2607500
242500,2606500
242500,2605500
242500,2604500
242500,2603500
242500,2602500
242500,2601500
242500,2600500
242500,2599500
242500,2598500
242500,2597500
242500,2596500
242500,2595500
242500,2594500
242500,2593500
242500,2592500
242500,2591500
242500,2590500
242500,2589500
242500,2588500
242500,2587500
242500,2586500
242500,2585500
242500,2584500
242500,2583500
242500,2582500
242500,2581500
242500,2580500
242500,2579500
242500,2578500
242500,2577500
242500,2576500
242500,2575500
242500,2574500
242500,2573500
242500,2572500
242500,2571500
242500,2570500
242500,2569500
242500,2568500
242500,2567500
242500,2566500
242500,2565500
242500,2564500
242500,2563500
242500,2562500
242500,2561500
242500,2560500
242500,2559500
242500,2558500
242500,2557500
242500,2556500
242500,2555500
242500,2554500
242500,2553500
242500,2552500
242500,2551500
242500,2550500
242500,2549500
242500,2548500
242500,2547500
242500,2546500
242500,2545500
242500,2544500
242500,2543500
242500,2542500
242500,2541500
242500,2540500
242500,2539500
242500,2538500
242500,2537500
242500,2536500
242500,2535500
242500,2534500
242500,2533500
242500,2532500
242500,2531500
242500,2530500
242500,2529500
242500,2528500
242500,2527500
242500,2526500
242500,2525500
242500,2524500
242500,2523500
242500,2522500
242500,2521500
242500,2520500
242500,2519500
242500,2518500
242500,2517500
242500,2516500
242500,2515500
242500,2514500
242500,2513500
242500,2512500
242500,2511500
242500,2510500
242500,2509500
242500,2508500
242500,2507500
242500,2506500
242500,2505500
242500,2504500
242500,2503500
242500,2502500
242500,2501500
242500,2500500
242500,2499500
242500,2498500
242500,2497500
242500,2496500
242500,2495500
242500,2494500
242500,2493500
242500,2492500
242500,2491500
242500,2490500
242500,2489500
242500,2488500
242500,2487500
242500,2486500
242500,2485500
242500,2484500
242500,2483500
242500,2482500
242500,2481500
242500,2480500
242500,2479500
242500,2478500
242500,2477500
241500,2749500
241500,2748500
241500,2747500
241500,2746500
241500,2745500
241500,2744500
241500,2743500
241500,2742500
241500,2741500
241500,2740500
241500,2739500
241500,2738500
241500,2737500
241500,2736500
241500,2735500
241500,2734500
241500,2733500
241500,2732500
241500,2731500
241500,2730500
241500,2729500
241500,2728500
241500,2727500
241500,2726500
241500,2725500
241500,2724500
241500,2723500
241500,2722500
241500,2721500
241500,2720500
241500,2719500
241500,2718500
241500,2717500
241500,2716500
241500,2715500
241500,2714500
241500,2713500
241500,2712500
241500,2711500
241500,2710500
241500,2709500
241500,2708500
241500,2707500
241500,2706500
241500,2705500
241500,2704500
241500,2703500
241500,2702500
241500,2701500
241500,2700500
241500,2699500
241500,2698500
241500,2697500
241500,2696500
241500,2695500
241500,2694500
241500,2693500
241500,2692500
241500,2691500
241500,2690500
241500,2689500
241500,2688500
241500,2687500
241500,2686500
241500,2685500
241500,2684500
241500,2683500
241500,2682500
241500,2681500
241500,2680500
241500,2679500
241500,2678500
241500,2677500
241500,2676500
241500,2675500
241500,2674500
241500,2673500
241500,2672500
241500,2671500
241500,2670500
241500,2669500
241500,2668500
241500,2667500
241500,2666500
241500,2665500
241500,2664500
241500,2663500
241500,2662500
241500,2661500
241500,2660500
241500,2659500
241500,2658500
241500,2657500
241500,2656500
241500,2655500
241500,2654500
241500,2653500
241500,2652500
241500,2651500
241500,2650500
241500,2649500
241500,2648500
241500,2647500
241500,2646500
241500,2645500
241500,2644500
241500,2643500
241500,2642500
241500,2641500
241500,2640500
241500,2639500
241500,2638500
241500,2637500
241500,2636500
241500,2635500
241500,2634500
241500,2633500
241500,2632500
241500,2631500
241500,2630500
241500,2629500
241500,2628500
241500,2627500
241500,2626500
241500,2625500
241500,2624500
241500,2623500
241500,2622500
241500,2621500
241500,2620500
241500,2619500
241500,2618500
241500,2617500
241500,2616500
241500,2615500
241500,2614500
241500,2613500
241500,2612500
241500,2611500
241500,2610500
241500,2609500
241500,2608500
241500,2607500
241500,2606500
241500,2605500
241500,2604500
241500,2603500
241500,2602500
241500,2601500
241500,2600500
241500,2599500
241500,2598500
241500,2597500
241500,2596500
241500,2595500
241500,2594500
241500,2593500
241500,2592500
241500,2591500
241500,2590500
241500,2589500
241500,2588500
241500,2587500
241500,2586500
241500,2585500
241500,2584500
241500,2583500
241500,2582500
241500,2581500
241500,2580500
241500,2579500
241500,2578500
241500,2577500
241500,2576500
241500,2575500
241500,2574500
241500,2573500
241500,2572500
241500,2571500
241500,2570500
241500,2569500
241500,2568500
241500,2567500
241500,2566500
241500,2565500
241500,2564500
241500,2563500
241500,2562500
241500,2561500
241500,2560500
241500,2559500
241500,2558500
241500,2557500
241500,2556500
241500,2555500
241500,2554500
241500,2553500
241500,2552500
241500,2551500
241500,2550500
241500,2549500
241500,2548500
241500,2547500
241500,2546500
241500,2545500
241500,2544500
241500,2543500
241500,2542500
241500,2541500
241500,2540500
241500,2539500
241500,2538500
241500,2537500
241500,2536500
241500,2535500
241500,2534500
241500,2533500
241500,2532500
241500,2531500
241500,2530500
241500,2529500
241500,2528500
241500,2527500
241500,2526500
241500,2525500
241500,2524500
241500,2523500
241500,2522500
241500,2521500
241500,2520500
241500,2519500
241500,2518500
241500,2517500
241500,2516500
241500,2515500
241500,2514500
241500,2513500
241500,2512500
241500,2511500
241500,2510500
241500,2509500
241500,2508500
241500,2507500
241500,2506500
241500,2505500
241500,2504500
241500,2503500
241500,2502500
241500,2501500
241500,2500500
241500,2499500
241500,2498500
241500,2497500
241500,2496500
241500,2495500
241500,2494500
241500,2493500
241500,2492500
241500,2491500
241500,2490500
241500,2489500
241500,2488500
241500,2487500
241500,2486500
241500,2485500
241500,2484500
241500,2483500
241500,2482500
241500,2481500
241500,2480500
241500,2479500
241500,2478500
241500,2477500
241500,2476500
241500,2475500
240500,2747500
240500,2746500
240500,2745500
240500,2744500
240500,2743500
240500,2742500
240500,2741500
240500,2740500
240500,2739500
240500,2738500
240500,2737500
240500,2736500
240500,2735500
240500,2734500
240500,2733500
240500,2732500
240500,2731500
240500,2730500
240500,2729500
240500,2728500
240500,2727500
240500,2726500
240500,2725500
240500,2724500
240500,2723500
240500,2722500
240500,2721500
240500,2720500
240500,2719500
240500,2718500
240500,2717500
240500,2716500
240500,2715500
240500,2714500
240500,2713500
240500,2712500
240500,2711500
240500,2710500
240500,2709500
240500,2708500
240500,2707500
240500,2706500
240500,2705500
240500,2704500
240500,2703500
240500,2702500
240500,2701500
240500,2700500
240500,2699500
240500,2698500
240500,2697500
240500,2696500
240500,2695500
240500,2694500
240500,2693500
240500,2692500
240500,2691500
240500,2690500
240500,2689500
240500,2688500
240500,2687500
240500,2686500
240500,2685500
240500,2684500
240500,2683500
240500,2682500
240500,2681500
240500,2680500
240500,2679500
240500,2678500
240500,2677500
240500,2676500
240500,2675500
240500,2674500
240500,2673500
240500,2672500
240500,2671500
240500,2670500
240500,2669500
240500,2668500
240500,2667500
240500,2666500
240500,2665500
240500,2664500
240500,2663500
240500,2662500
240500,2661500
240500,2660500
240500,2659500
240500,2658500
240500,2657500
240500,2656500
240500,2655500
240500,2654500
240500,2653500
240500,2652500
240500,2651500
240500,2650500
240500,2649500
240500,2648500
240500,2647500
240500,2646500
240500,2645500
240500,2644500
240500,2643500
240500,2642500
240500,2641500
240500,2640500
240500,2639500
240500,2638500
240500,2637500
240500,2636500
240500,2635500
240500,2634500
240500,2633500
240500,2632500
240500,2631500
240500,2630500
240500,2629500
240500,2628500
240500,2627500
240500,2626500
240500,2625500
240500,2624500
240500,2623500
240500,2622500
240500,2621500
240500,2620500
240500,2619500
240500,2618500
240500,2617500
240500,2616500
240500,2615500
240500,2614500
240500,2613500
240500,2612500
240500,2611500
240500,2610500
240500,2609500
240500,2608500
240500,2607500
240500,2606500
240500,2605500
240500,2604500
240500,2603500
240500,2602500
240500,2601500
240500,2600500
240500,2599500
240500,2598500
240500,2597500
240500,2596500
240500,2595500
240500,2594500
240500,2593500
240500,2592500
240500,2591500
240500,2590500
240500,2589500
240500,2588500
240500,2587500
240500,2586500
240500,2585500
240500,2584500
240500,2583500
240500,2582500
240500,2581500
240500,2580500
240500,2579500
240500,2578500
240500,2577500
240500,2576500
240500,2575500
240500,2574500
240500,2573500
240500,2572500
240500,2571500
240500,2570500
240500,2569500
240500,2568500
240500,2567500
240500,2566500
240500,2565500
240500,2564500
240500,2563500
240500,2562500
240500,2561500
240500,2560500
240500,2559500
240500,2558500
240500,2557500
240500,2556500
240500,2555500
240500,2554500
240500,2553500
240500,2552500
240500,2551500
240500,2550500
240500,2549500
240500,2548500
240500,2547500
240500,2546500
240500,2545500
240500,2544500
240500,2543500
240500,2542500
240500,2541500
240500,2540500
240500,2539500
240500,2538500
240500,2537500
240500,2536500
240500,2535500
240500,2534500
240500,2533500
240500,2532500
240500,2531500
240500,2530500
240500,2529500
240500,2528500
240500,2527500
240500,2526500
240500,2525500
240500,2524500
240500,2523500
240500,2522500
240500,2521500
240500,2520500
240500,2519500
240500,2518500
240500,2517500
240500,2516500
240500,2515500
240500,2514500
240500,2513500
240500,2512500
240500,2511500
240500,2510500
240500,2509500
240500,2508500
240500,2507500
240500,2506500
240500,2505500
240500,2504500
240500,2503500
240500,2502500
240500,2501500
240500,2500500
240500,2499500
240500,2498500
240500,2497500
240500,2496500
240500,2495500
240500,2494500
240500,2493500
240500,2492500
240500,2491500
240500,2490500
240500,2489500
240500,2488500
240500,2487500
240500,2486500
240500,2485500
240500,2484500
240500,2483500
240500,2482500
240500,2481500
240500,2480500
240500,2479500
240500,2478500
240500,2477500
240500,2476500
240500,2475500
240500,2474500
240500,2473500
240500,2472500
239500,2745500
239500,2744500
239500,2743500
239500,2742500
239500,2741500
239500,2740500
239500,2739500
239500,2738500
239500,2737500
239500,2736500
239500,2735500
239500,2734500
239500,2733500
239500,2732500
239500,2731500
239500,2730500
239500,2729500
239500,2728500
239500,2727500
239500,2726500
239500,2725500
239500,2724500
239500,2723500
239500,2722500
239500,2721500
239500,2720500
239500,2719500
239500,2718500
239500,2717500
239500,2716500
239500,2715500
239500,2714500
239500,2713500
239500,2712500
239500,2711500
239500,2710500
239500,2709500
239500,2708500
239500,2707500
239500,2706500
239500,2705500
239500,2704500
239500,2703500
239500,2702500
239500,2701500
239500,2700500
239500,2699500
239500,2698500
239500,2697500
239500,2696500
239500,2695500
239500,2694500
239500,2693500
239500,2692500
239500,2691500
239500,2690500
239500,2689500
239500,2688500
239500,2687500
239500,2686500
239500,2685500
239500,2684500
239500,2683500
239500,2682500
239500,2681500
239500,2680500
239500,2679500
239500,2678500
239500,2677500
239500,2676500
239500,2675500
239500,2674500
239500,2673500
239500,2672500
239500,2671500
239500,2670500
239500,2669500
239500,2668500
239500,2667500
239500,2666500
239500,2665500
239500,2664500
239500,2663500
239500,2662500
239500,2661500
239500,2660500
239500,2659500
239500,2658500
239500,2657500
239500,2656500
239500,2655500
239500,2654500
239500,2653500
239500,2652500
239500,2651500
239500,2650500
239500,2649500
239500,2648500
239500,2647500
239500,2646500
239500,2645500
239500,2644500
239500,2643500
239500,2642500
239500,2641500
239500,2640500
239500,2639500
239500,2638500
239500,2637500
239500,2636500
239500,2635500
239500,2634500
239500,2633500
239500,2632500
239500,2631500
239500,2630500
239500,2629500
239500,2628500
239500,2627500
239500,2626500
239500,2625500
239500,2624500
239500,2623500
239500,2622500
239500,2621500
239500,2620500
239500,2619500
239500,2618500
239500,2617500
239500,2616500
239500,2615500
239500,2614500
239500,2613500
239500,2612500
239500,2611500
239500,2610500
239500,2609500
239500,2608500
239500,2607500
239500,2606500
239500,2605500
239500,2604500
239500,2603500
239500,2602500
239500,2601500
239500,2600500
239500,2599500
239500,2598500
239500,2597500
239500,2596500
239500,2595500
239500,2594500
239500,2593500
239500,2592500
239500,2591500
239500,2590500
239500,2589500
239500,2588500
239500,2587500
239500,2586500
239500,2585500
239500,2584500
239500,2583500
239500,2582500
239500,2581500
239500,2580500
239500,2579500
239500,2578500
239500,2577500
239500,2576500
239500,2575500
239500,2574500
239500,2573500
239500,2572500
239500,2571500
239500,2570500
239500,2569500
239500,2568500
239500,2567500
239500,2566500
239500,2565500
239500,2564500
239500,2563500
239500,2562500
239500,2561500
239500,2560500
239500,2559500
239500,2558500
239500,2557500
239500,2556500
239500,2555500
239500,2554500
239500,2553500
239500,2552500
239500,2551500
239500,2550500
239500,2549500
239500,2548500
239500,2547500
239500,2546500
239500,2545500
239500,2544500
239500,2543500
239500,2542500
239500,2541500
239500,2540500
239500,2539500
239500,2538500
239500,2537500
239500,2536500
239500,2535500
239500,2534500
239500,2533500
239500,2532500
239500,2531500
239500,2530500
239500,2529500
239500,2528500
239500,2527500
239500,2526500
239500,2525500
239500,2524500
239500,2523500
239500,2522500
239500,2521500
239500,2520500
239500,2519500
239500,2518500
239500,2517500
239500,2516500
239500,2515500
239500,2514500
239500,2513500
239500,2512500
239500,2511500
239500,2510500
239500,2509500
239500,2508500
239500,2507500
239500,2506500
239500,2505500
239500,2504500
239500,2503500
239500,2502500
239500,2501500
239500,2500500
239500,2499500
239500,2498500
239500,2497500
239500,2496500
239500,2495500
239500,2494500
239500,2493500
239500,2492500
239500,2491500
239500,2490500
239500,2489500
239500,2488500
239500,2487500
239500,2486500
239500,2485500
239500,2484500
239500,2483500
239500,2482500
239500,2481500
239500,2480500
239500,2479500
239500,2478500
239500,2477500
239500,2476500
239500,2475500
239500,2474500
239500,2473500
239500,2472500
239500,2471500
239500,2470500
239500,2469500
239500,2463500
239500,2462500
239500,2461500
239500,2460500
239500,2459500
239500,2458500
239500,2457500
239500,2456500
239500,2455500
239500,2453500
239500,2452500
239500,2451500
239500,2450500
239500,2449500
239500,2448500
239500,2445500
239500,2444500
239500,2443500
239500,2442500
239500,2441500
239500,2440500
239500,2439500
239500,2438500
239500,2437500
239500,2436500
238500,2740500
238500,2739500
238500,2738500
238500,2737500
238500,2736500
238500,2735500
238500,2734500
238500,2733500
238500,2732500
238500,2731500
238500,2730500
238500,2729500
238500,2728500
238500,2727500
238500,2726500
238500,2725500
238500,2724500
238500,2723500
238500,2722500
238500,2721500
238500,2720500
238500,2719500
238500,2718500
238500,2717500
238500,2716500
238500,2715500
238500,2714500
238500,2713500
238500,2712500
238500,2711500
238500,2710500
238500,2709500
238500,2708500
238500,2707500
238500,2706500
238500,2705500
238500,2704500
238500,2703500
238500,2702500
238500,2701500
238500,2700500
238500,2699500
238500,2698500
238500,2697500
238500,2696500
238500,2695500
238500,2694500
238500,2693500
238500,2692500
238500,2691500
238500,2690500
238500,2689500
238500,2688500
238500,2687500
238500,2686500
238500,2685500
238500,2684500
238500,2683500
238500,2682500
238500,2681500
238500,2680500
238500,2679500
238500,2678500
238500,2677500
238500,2676500
238500,2675500
238500,2674500
238500,2673500
238500,2672500
238500,2671500
238500,2670500
238500,2669500
238500,2668500
238500,2667500
238500,2666500
238500,2665500
238500,2664500
238500,2663500
238500,2662500
238500,2661500
238500,2660500
238500,2659500
238500,2658500
238500,2657500
238500,2656500
238500,2655500
238500,2654500
238500,2653500
238500,2652500
238500,2651500
238500,2650500
238500,2649500
238500,2648500
238500,2647500
238500,2646500
238500,2645500
238500,2644500
238500,2643500
238500,2642500
238500,2641500
238500,2640500
238500,2639500
238500,2638500
238500,2637500
238500,2636500
238500,2635500
238500,2634500
238500,2633500
238500,2632500
238500,2631500
238500,2630500
238500,2629500
238500,2628500
238500,2627500
238500,2626500
238500,2625500
238500,2624500
238500,2623500
238500,2622500
238500,2621500
238500,2620500
238500,2619500
238500,2618500
238500,2617500
238500,2616500
238500,2615500
238500,2614500
238500,2613500
238500,2612500
238500,2611500
238500,2610500
238500,2609500
238500,2608500
238500,2607500
238500,2606500
238500,2605500
238500,2604500
238500,2603500
238500,2602500
238500,2601500
238500,2600500
238500,2599500
238500,2598500
238500,2597500
238500,2596500
238500,2595500
238500,2594500
238500,2593500
238500,2592500
238500,2591500
238500,2590500
238500,2589500
238500,2588500
238500,2587500
238500,2586500
238500,2585500
238500,2584500
238500,2583500
238500,2582500
238500,2581500
238500,2580500
238500,2579500
238500,2578500
238500,2577500
238500,2576500
238500,2575500
238500,2574500
238500,2573500
238500,2572500
238500,2571500
238500,2570500
238500,2569500
238500,2568500
238500,2567500
238500,2566500
238500,2565500
238500,2564500
238500,2563500
238500,2562500
238500,2561500
238500,2560500
238500,2559500
238500,2558500
238500,2557500
238500,2556500
238500,2555500
238500,2554500
238500,2553500
238500,2552500
238500,2551500
238500,2550500
238500,2549500
238500,2548500
238500,2547500
238500,2546500
238500,2545500
238500,2544500
238500,2543500
238500,2542500
238500,2541500
238500,2540500
238500,2539500
238500,2538500
238500,2537500
238500,2536500
238500,2535500
238500,2534500
238500,2533500
238500,2532500
238500,2531500
238500,2530500
238500,2529500
238500,2528500
238500,2527500
238500,2526500
238500,2525500
238500,2524500
238500,2523500
238500,2522500
238500,2521500
238500,2520500
238500,2519500
238500,2518500
238500,2517500
238500,2516500
238500,2515500
238500,2514500
238500,2513500
238500,2512500
238500,2511500
238500,2510500
238500,2509500
238500,2508500
238500,2507500
238500,2506500
238500,2505500
238500,2504500
238500,2503500
238500,2502500
238500,2501500
238500,2500500
238500,2499500
238500,2498500
238500,2497500
238500,2496500
238500,2495500
238500,2494500
238500,2493500
238500,2492500
238500,2491500
238500,2490500
238500,2489500
238500,2488500
238500,2487500
238500,2486500
238500,2485500
238500,2484500
238500,2483500
238500,2482500
238500,2481500
238500,2480500
238500,2479500
238500,2478500
238500,2477500
238500,2476500
238500,2475500
238500,2474500
238500,2473500
238500,2472500
238500,2471500
238500,2470500
238500,2469500
238500,2468500
238500,2467500
238500,2466500
238500,2465500
238500,2464500
238500,2463500
238500,2462500
238500,2461500
238500,2460500
238500,2459500
238500,2458500
238500,2457500
238500,2456500
238500,2455500
238500,2454500
238500,2453500
238500,2452500
238500,2451500
238500,2450500
238500,2449500
238500,2448500
238500,2447500
238500,2446500
238500,2445500
238500,2444500
238500,2443500
238500,2442500
238500,2441500
238500,2440500
238500,2439500
238500,2438500
238500,2437500
238500,2436500
238500,2435500
237500,2737500
237500,2736500
237500,2735500
237500,2734500
237500,2733500
237500,2732500
237500,2731500
237500,2730500
237500,2729500
237500,2728500
237500,2727500
237500,2726500
237500,2725500
237500,2724500
237500,2723500
237500,2722500
237500,2721500
237500,2720500
237500,2719500
237500,2718500
237500,2717500
237500,2716500
237500,2715500
237500,2714500
237500,2713500
237500,2712500
237500,2711500
237500,2710500
237500,2709500
237500,2708500
237500,2707500
237500,2706500
237500,2705500
237500,2704500
237500,2703500
237500,2702500
237500,2701500
237500,2700500
237500,2699500
237500,2698500
237500,2697500
237500,2696500
237500,2695500
237500,2694500
237500,2693500
237500,2692500
237500,2691500
237500,2690500
237500,2689500
237500,2688500
237500,2687500
237500,2686500
237500,2685500
237500,2684500
237500,2683500
237500,2682500
237500,2681500
237500,2680500
237500,2679500
237500,2678500
237500,2677500
237500,2676500
237500,2675500
237500,2674500
237500,2673500
237500,2672500
237500,2671500
237500,2670500
237500,2669500
237500,2668500
237500,2667500
237500,2666500
237500,2665500
237500,2664500
237500,2663500
237500,2662500
237500,2661500
237500,2660500
237500,2659500
237500,2658500
237500,2657500
237500,2656500
237500,2655500
237500,2654500
237500,2653500
237500,2652500
237500,2651500
237500,2650500
237500,2649500
237500,2648500
237500,2647500
237500,2646500
237500,2645500
237500,2644500
237500,2643500
237500,2642500
237500,2641500
237500,2640500
237500,2639500
237500,2638500
237500,2637500
237500,2636500
237500,2635500
237500,2634500
237500,2633500
237500,2632500
237500,2631500
237500,2630500
237500,2629500
237500,2628500
237500,2627500
237500,2626500
237500,2625500
237500,2624500
237500,2623500
237500,2622500
237500,2621500
237500,2620500
237500,2619500
237500,2618500
237500,2617500
237500,2616500
237500,2615500
237500,2614500
237500,2613500
237500,2612500
237500,2611500
237500,2610500
237500,2609500
237500,2608500
237500,2607500
237500,2606500
237500,2605500
237500,2604500
237500,2603500
237500,2602500
237500,2601500
237500,2600500
237500,2599500
237500,2598500
237500,2597500
237500,2596500
237500,2595500
237500,2594500
237500,2593500
237500,2592500
237500,2591500
237500,2590500
237500,2589500
237500,2588500
237500,2587500
237500,2586500
237500,2585500
237500,2584500
237500,2583500
237500,2582500
237500,2581500
237500,2580500
237500,2579500
237500,2578500
237500,2577500
237500,2576500
237500,2575500
237500,2574500
237500,2573500
237500,2572500
237500,2571500
237500,2570500
237500,2569500
237500,2568500
237500,2567500
237500,2566500
237500,2565500
237500,2564500
237500,2563500
237500,2562500
237500,2561500
237500,2560500
237500,2559500
237500,2558500
237500,2557500
237500,2556500
237500,2555500
237500,2554500
237500,2553500
237500,2552500
237500,2551500
237500,2550500
237500,2549500
237500,2548500
237500,2547500
237500,2546500
237500,2545500
237500,2544500
237500,2543500
237500,2542500
237500,2541500
237500,2540500
237500,2539500
237500,2538500
237500,2537500
237500,2536500
237500,2535500
237500,2534500
237500,2533500
237500,2532500
237500,2531500
237500,2530500
237500,2529500
237500,2528500
237500,2527500
237500,2526500
237500,2525500
237500,2524500
237500,2523500
237500,2522500
237500,2521500
237500,2520500
237500,2519500
237500,2518500
237500,2517500
237500,2516500
237500,2515500
237500,2514500
237500,2513500
237500,2512500
237500,2511500
237500,2510500
237500,2509500
237500,2508500
237500,2507500
237500,2506500
237500,2505500
237500,2504500
237500,2503500
237500,2502500
237500,2501500
237500,2500500
237500,2499500
237500,2498500
237500,2497500
237500,2496500
237500,2495500
237500,2494500
237500,2493500
237500,2492500
237500,2491500
237500,2490500
237500,2489500
237500,2488500
237500,2487500
237500,2486500
237500,2485500
237500,2484500
237500,2483500
237500,2482500
237500,2481500
237500,2480500
237500,2479500
237500,2478500
237500,2477500
237500,2476500
237500,2475500
237500,2474500
237500,2473500
237500,2472500
237500,2471500
237500,2470500
237500,2469500
237500,2468500
237500,2467500
237500,2466500
237500,2465500
237500,2464500
237500,2463500
237500,2462500
237500,2461500
237500,2460500
237500,2459500
237500,2458500
237500,2457500
237500,2456500
237500,2455500
237500,2454500
237500,2453500
237500,2452500
237500,2451500
237500,2450500
237500,2449500
237500,2448500
237500,2447500
237500,2446500
237500,2445500
237500,2444500
237500,2443500
237500,2442500
237500,2441500
237500,2440500
237500,2439500
237500,2438500
237500,2437500
237500,2436500
237500,2435500
237500,2434500
237500,2433500
236500,2736500
236500,2735500
236500,2734500
236500,2733500
236500,2732500
236500,2731500
236500,2730500
236500,2729500
236500,2728500
236500,2727500
236500,2726500
236500,2725500
236500,2724500
236500,2723500
236500,2722500
236500,2721500
236500,2720500
236500,2719500
236500,2718500
236500,2717500
236500,2716500
236500,2715500
236500,2714500
236500,2713500
236500,2712500
236500,2711500
236500,2710500
236500,2709500
236500,2708500
236500,2707500
236500,2706500
236500,2705500
236500,2704500
236500,2703500
236500,2702500
236500,2701500
236500,2700500
236500,2699500
236500,2698500
236500,2697500
236500,2696500
236500,2695500
236500,2694500
236500,2693500
236500,2692500
236500,2691500
236500,2690500
236500,2689500
236500,2688500
236500,2687500
236500,2686500
236500,2685500
236500,2684500
236500,2683500
236500,2682500
236500,2681500
236500,2680500
236500,2679500
236500,2678500
236500,2677500
236500,2676500
236500,2675500
236500,2674500
236500,2673500
236500,2672500
236500,2671500
236500,2670500
236500,2669500
236500,2668500
236500,2667500
236500,2666500
236500,2665500
236500,2664500
236500,2663500
236500,2662500
236500,2661500
236500,2660500
236500,2659500
236500,2658500
236500,2657500
236500,2656500
236500,2655500
236500,2654500
236500,2653500
236500,2652500
236500,2651500
236500,2650500
236500,2649500
236500,2648500
236500,2647500
236500,2646500
236500,2645500
236500,2644500
236500,2643500
236500,2642500
236500,2641500
236500,2640500
236500,2639500
236500,2638500
236500,2637500
236500,2636500
236500,2635500
236500,2634500
236500,2633500
236500,2632500
236500,2631500
236500,2630500
236500,2629500
236500,2628500
236500,2627500
236500,2626500
236500,2625500
236500,2624500
236500,2623500
236500,2622500
236500,2621500
236500,2620500
236500,2619500
236500,2618500
236500,2617500
236500,2616500
236500,2615500
236500,2614500
236500,2613500
236500,2612500
236500,2611500
236500,2610500
236500,2609500
236500,2608500
236500,2607500
236500,2606500
236500,2605500
236500,2604500
236500,2603500
236500,2602500
236500,2601500
236500,2600500
236500,2599500
236500,2598500
236500,2597500
236500,2596500
236500,2595500
236500,2594500
236500,2593500
236500,2592500
236500,2591500
236500,2590500
236500,2589500
236500,2588500
236500,2587500
236500,2586500
236500,2585500
236500,2584500
236500,2583500
236500,2582500
236500,2581500
236500,2580500
236500,2579500
236500,2578500
236500,2577500
236500,2576500
236500,2575500
236500,2574500
236500,2573500
236500,2572500
236500,2571500
236500,2570500
236500,2569500
236500,2568500
236500,2567500
236500,2566500
236500,2565500
236500,2564500
236500,2563500
236500,2562500
236500,2561500
236500,2560500
236500,2559500
236500,2558500
236500,2557500
236500,2556500
236500,2555500
236500,2554500
236500,2553500
236500,2552500
236500,2551500
236500,2550500
236500,2549500
236500,2548500
236500,2547500
236500,2546500
236500,2545500
236500,2544500
236500,2543500
236500,2542500
236500,2541500
236500,2540500
236500,2539500
236500,2538500
236500,2537500
236500,2536500
236500,2535500
236500,2534500
236500,2533500
236500,2532500
236500,2531500
236500,2530500
236500,2529500
236500,2528500
236500,2527500
236500,2526500
236500,2525500
236500,2524500
236500,2523500
236500,2522500
236500,2521500
236500,2520500
236500,2519500
236500,2518500
236500,2517500
236500,2516500
236500,2515500
236500,2514500
236500,2513500
236500,2512500
236500,2511500
236500,2510500
236500,2509500
236500,2508500
236500,2507500
236500,2506500
236500,2505500
236500,2504500
236500,2503500
236500,2502500
236500,2501500
236500,2500500
236500,2499500
236500,2498500
236500,2497500
236500,2496500
236500,2495500
236500,2494500
236500,2493500
236500,2492500
236500,2491500
236500,2490500
236500,2489500
236500,2488500
236500,2487500
236500,2486500
236500,2485500
236500,2484500
236500,2483500
236500,2482500
236500,2481500
236500,2480500
236500,2479500
236500,2478500
236500,2477500
236500,2476500
236500,2475500
236500,2474500
236500,2473500
236500,2472500
236500,2471500
236500,2470500
236500,2469500
236500,2468500
236500,2467500
236500,2466500
236500,2465500
236500,2464500
236500,2463500
236500,2462500
236500,2461500
236500,2460500
236500,2459500
236500,2458500
236500,2457500
236500,2456500
236500,2455500
236500,2454500
236500,2453500
236500,2452500
236500,2451500
236500,2450500
236500,2449500
236500,2448500
236500,2447500
236500,2446500
236500,2445500
236500,2444500
236500,2443500
236500,2442500
236500,2441500
236500,2440500
236500,2439500
236500,2438500
236500,2437500
236500,2436500
236500,2435500
236500,2434500
236500,2433500
236500,2432500
236500,2422500
235500,2735500
235500,2734500
235500,2733500
235500,2732500
235500,2731500
235500,2730500
235500,2729500
235500,2728500
235500,2727500
235500,2726500
235500,2725500
235500,2724500
235500,2723500
235500,2722500
235500,2721500
235500,2720500
235500,2719500
235500,2718500
235500,2717500
235500,2716500
235500,2715500
235500,2714500
235500,2713500
235500,2712500
235500,2711500
235500,2710500
235500,2709500
235500,2708500
235500,2707500
235500,2706500
235500,2705500
235500,2704500
235500,2703500
235500,2702500
235500,2701500
235500,2700500
235500,2699500
235500,2698500
235500,2697500
235500,2696500
235500,2695500
235500,2694500
235500,2693500
235500,2692500
235500,2691500
235500,2690500
235500,2689500
235500,2688500
235500,2687500
235500,2686500
235500,2685500
235500,2684500
235500,2683500
235500,2682500
235500,2681500
235500,2680500
235500,2679500
235500,2678500
235500,2677500
235500,2676500
235500,2675500
235500,2674500
235500,2673500
235500,2672500
235500,2671500
235500,2670500
235500,2669500
235500,2668500
235500,2667500
235500,2666500
235500,2665500
235500,2664500
235500,2663500
235500,2662500
235500,2661500
235500,2660500
235500,2659500
235500,2658500
235500,2657500
235500,2656500
235500,2655500
235500,2654500
235500,2653500
235500,2652500
235500,2651500
235500,2650500
235500,2649500
235500,2648500
235500,2647500
235500,2646500
235500,2645500
235500,2644500
235500,2643500
235500,2642500
235500,2641500
235500,2640500
235500,2639500
235500,2638500
235500,2637500
235500,2636500
235500,2635500
235500,2634500
235500,2633500
235500,2632500
235500,2631500
235500,2630500
235500,2629500
235500,2628500
235500,2627500
235500,2626500
235500,2625500
235500,2624500
235500,2623500
235500,2622500
235500,2621500
235500,2620500
235500,2619500
235500,2618500
235500,2617500
235500,2616500
235500,2615500
235500,2614500
235500,2613500
235500,2612500
235500,2611500
235500,2610500
235500,2609500
235500,2608500
235500,2607500
235500,2606500
235500,2605500
235500,2604500
235500,2603500
235500,2602500
235500,2601500
235500,2600500
235500,2599500
235500,2598500
235500,2597500
235500,2596500
235500,2595500
235500,2594500
235500,2593500
235500,2592500
235500,2591500
235500,2590500
235500,2589500
235500,2588500
235500,2587500
235500,2586500
235500,2585500
235500,2584500
235500,2583500
235500,2582500
235500,2581500
235500,2580500
235500,2579500
235500,2578500
235500,2577500
235500,2576500
235500,2575500
235500,2574500
235500,2573500
235500,2572500
235500,2571500
235500,2570500
235500,2569500
235500,2568500
235500,2567500
235500,2566500
235500,2565500
235500,2564500
235500,2563500
235500,2562500
235500,2561500
235500,2560500
235500,2559500
235500,2558500
235500,2557500
235500,2556500
235500,2555500
235500,2554500
235500,2553500
235500,2552500
235500,2551500
235500,2550500
235500,2549500
235500,2548500
235500,2547500
235500,2546500
235500,2545500
235500,2544500
235500,2543500
235500,2542500
235500,2541500
235500,2540500
235500,2539500
235500,2538500
235500,2537500
235500,2536500
235500,2535500
235500,2534500
235500,2533500
235500,2532500
235500,2531500
235500,2530500
235500,2529500
235500,2528500
235500,2527500
235500,2526500
235500,2525500
235500,2524500
235500,2523500
235500,2522500
235500,2521500
235500,2520500
235500,2519500
235500,2518500
235500,2517500
235500,2516500
235500,2515500
235500,2514500
235500,2513500
235500,2512500
235500,2511500
235500,2510500
235500,2509500
235500,2508500
235500,2507500
235500,2506500
235500,2505500
235500,2504500
235500,2503500
235500,2502500
235500,2501500
235500,2500500
235500,2499500
235500,2498500
235500,2497500
235500,2496500
235500,2495500
235500,2494500
235500,2493500
235500,2492500
235500,2491500
235500,2490500
235500,2489500
235500,2488500
235500,2487500
235500,2486500
235500,2485500
235500,2484500
235500,2483500
235500,2482500
235500,2481500
235500,2480500
235500,2479500
235500,2478500
235500,2477500
235500,2476500
235500,2475500
235500,2474500
235500,2473500
235500,2472500
235500,2471500
235500,2470500
235500,2469500
235500,2468500
235500,2467500
235500,2466500
235500,2465500
235500,2464500
235500,2463500
235500,2462500
235500,2461500
235500,2460500
235500,2459500
235500,2458500
235500,2457500
235500,2456500
235500,2455500
235500,2454500
235500,2453500
235500,2452500
235500,2451500
235500,2450500
235500,2449500
235500,2448500
235500,2447500
235500,2446500
235500,2445500
235500,2444500
235500,2443500
235500,2442500
235500,2441500
235500,2440500
235500,2439500
235500,2438500
235500,2437500
235500,2436500
235500,2435500
235500,2434500
235500,2433500
235500,2432500
235500,2425500
235500,2424500
235500,2423500
235500,2422500
234500,2732500
234500,2731500
234500,2730500
234500,2729500
234500,2728500
234500,2727500
234500,2726500
234500,2725500
234500,2724500
234500,2723500
234500,2722500
234500,2721500
234500,2720500
234500,2719500
234500,2718500
234500,2717500
234500,2716500
234500,2715500
234500,2714500
234500,2713500
234500,2712500
234500,2711500
234500,2710500
234500,2709500
234500,2708500
234500,2707500
234500,2706500
234500,2705500
234500,2704500
234500,2703500
234500,2702500
234500,2701500
234500,2700500
234500,2699500
234500,2698500
234500,2697500
234500,2696500
234500,2695500
234500,2694500
234500,2693500
234500,2692500
234500,2691500
234500,2690500
234500,2689500
234500,2688500
234500,2687500
234500,2686500
234500,2685500
234500,2684500
234500,2683500
234500,2682500
234500,2681500
234500,2680500
234500,2679500
234500,2678500
234500,2677500
234500,2676500
234500,2675500
234500,2674500
234500,2673500
234500,2672500
234500,2671500
234500,2670500
234500,2669500
234500,2668500
234500,2667500
234500,2666500
234500,2665500
234500,2664500
234500,2663500
234500,2662500
234500,2661500
234500,2660500
234500,2659500
234500,2658500
234500,2657500
234500,2656500
234500,2655500
234500,2654500
234500,2653500
234500,2652500
234500,2651500
234500,2650500
234500,2649500
234500,2648500
234500,2647500
234500,2646500
234500,2645500
234500,2644500
234500,2643500
234500,2642500
234500,2641500
234500,2640500
234500,2639500
234500,2638500
234500,2637500
234500,2636500
234500,2635500
234500,2634500
234500,2633500
234500,2632500
234500,2631500
234500,2630500
234500,2629500
234500,2628500
234500,2627500
234500,2626500
234500,2625500
234500,2624500
234500,2623500
234500,2622500
234500,2621500
234500,2620500
234500,2619500
234500,2618500
234500,2617500
234500,2616500
234500,2615500
234500,2614500
234500,2613500
234500,2612500
234500,2611500
234500,2610500
234500,2609500
234500,2608500
234500,2607500
234500,2606500
234500,2605500
234500,2604500
234500,2603500
234500,2602500
234500,2601500
234500,2600500
234500,2599500
234500,2598500
234500,2597500
234500,2596500
234500,2595500
234500,2594500
234500,2593500
234500,2592500
234500,2591500
234500,2590500
234500,2589500
234500,2588500
234500,2587500
234500,2586500
234500,2585500
234500,2584500
234500,2583500
234500,2582500
234500,2581500
234500,2580500
234500,2579500
234500,2578500
234500,2577500
234500,2576500
234500,2575500
234500,2574500
234500,2573500
234500,2572500
234500,2571500
234500,2570500
234500,2569500
234500,2568500
234500,2567500
234500,2566500
234500,2565500
234500,2564500
234500,2563500
234500,2562500
234500,2561500
234500,2560500
234500,2559500
234500,2558500
234500,2557500
234500,2556500
234500,2555500
234500,2554500
234500,2553500
234500,2552500
234500,2551500
234500,2550500
234500,2549500
234500,2548500
234500,2547500
234500,2546500
234500,2545500
234500,2544500
234500,2543500
234500,2542500
234500,2541500
234500,2540500
234500,2539500
234500,2538500
234500,2537500
234500,2536500
234500,2535500
234500,2534500
234500,2533500
234500,2532500
234500,2531500
234500,2530500
234500,2529500
234500,2528500
234500,2527500
234500,2526500
234500,2525500
234500,2524500
234500,2523500
234500,2522500
234500,2521500
234500,2520500
234500,2519500
234500,2518500
234500,2517500
234500,2516500
234500,2515500
234500,2514500
234500,2513500
234500,2512500
234500,2511500
234500,2510500
234500,2509500
234500,2508500
234500,2507500
234500,2506500
234500,2505500
234500,2504500
234500,2503500
234500,2502500
234500,2501500
234500,2500500
234500,2499500
234500,2498500
234500,2497500
234500,2496500
234500,2495500
234500,2494500
234500,2493500
234500,2492500
234500,2491500
234500,2490500
234500,2489500
234500,2488500
234500,2487500
234500,2486500
234500,2485500
234500,2484500
234500,2483500
234500,2482500
234500,2481500
234500,2480500
234500,2479500
234500,2478500
234500,2477500
234500,2476500
234500,2475500
234500,2474500
234500,2473500
234500,2472500
234500,2471500
234500,2470500
234500,2469500
234500,2468500
234500,2467500
234500,2466500
234500,2465500
234500,2464500
234500,2463500
234500,2462500
234500,2461500
234500,2460500
234500,2459500
234500,2458500
234500,2457500
234500,2456500
234500,2455500
234500,2454500
234500,2453500
234500,2452500
234500,2451500
234500,2450500
234500,2449500
234500,2448500
234500,2447500
234500,2446500
234500,2445500
234500,2444500
234500,2443500
234500,2442500
234500,2441500
234500,2440500
234500,2439500
234500,2438500
234500,2437500
234500,2436500
234500,2435500
234500,2434500
234500,2433500
234500,2432500
234500,2431500
234500,2430500
234500,2427500
234500,2426500
234500,2425500
234500,2424500
234500,2423500
234500,2422500
233500,2731500
233500,2730500
233500,2729500
233500,2728500
233500,2727500
233500,2726500
233500,2725500
233500,2724500
233500,2723500
233500,2722500
233500,2721500
233500,2720500
233500,2719500
233500,2718500
233500,2717500
233500,2716500
233500,2715500
233500,2714500
233500,2713500
233500,2712500
233500,2711500
233500,2710500
233500,2709500
233500,2708500
233500,2707500
233500,2706500
233500,2705500
233500,2704500
233500,2703500
233500,2702500
233500,2701500
233500,2700500
233500,2699500
233500,2698500
233500,2697500
233500,2696500
233500,2695500
233500,2694500
233500,2693500
233500,2692500
233500,2691500
233500,2690500
233500,2689500
233500,2688500
233500,2687500
233500,2686500
233500,2685500
233500,2684500
233500,2683500
233500,2682500
233500,2681500
233500,2680500
233500,2679500
233500,2678500
233500,2677500
233500,2676500
233500,2675500
233500,2674500
233500,2673500
233500,2672500
233500,2671500
233500,2670500
233500,2669500
233500,2668500
233500,2667500
233500,2666500
233500,2665500
233500,2664500
233500,2663500
233500,2662500
233500,2661500
233500,2660500
233500,2659500
233500,2658500
233500,2657500
233500,2656500
233500,2655500
233500,2654500
233500,2653500
233500,2652500
233500,2651500
233500,2650500
233500,2649500
233500,2648500
233500,2647500
233500,2646500
233500,2645500
233500,2644500
233500,2643500
233500,2642500
233500,2641500
233500,2640500
233500,2639500
233500,2638500
233500,2637500
233500,2636500
233500,2635500
233500,2634500
233500,2633500
233500,2632500
233500,2631500
233500,2630500
233500,2629500
233500,2628500
233500,2627500
233500,2626500
233500,2625500
233500,2624500
233500,2623500
233500,2622500
233500,2621500
233500,2620500
233500,2619500
233500,2618500
233500,2617500
233500,2616500
233500,2615500
233500,2614500
233500,2613500
233500,2612500
233500,2611500
233500,2610500
233500,2609500
233500,2608500
233500,2607500
233500,2606500
233500,2605500
233500,2604500
233500,2603500
233500,2602500
233500,2601500
233500,2600500
233500,2599500
233500,2598500
233500,2597500
233500,2596500
233500,2595500
233500,2594500
233500,2593500
233500,2592500
233500,2591500
233500,2590500
233500,2589500
233500,2588500
233500,2587500
233500,2586500
233500,2585500
233500,2584500
233500,2583500
233500,2582500
233500,2581500
233500,2580500
233500,2579500
233500,2578500
233500,2577500
233500,2576500
233500,2575500
233500,2574500
233500,2573500
233500,2572500
233500,2571500
233500,2570500
233500,2569500
233500,2568500
233500,2567500
233500,2566500
233500,2565500
233500,2564500
233500,2563500
233500,2562500
233500,2561500
233500,2560500
233500,2559500
233500,2558500
233500,2557500
233500,2556500
233500,2555500
233500,2554500
233500,2553500
233500,2552500
233500,2551500
233500,2550500
233500,2549500
233500,2548500
233500,2547500
233500,2546500
233500,2545500
233500,2544500
233500,2543500
233500,2542500
233500,2541500
233500,2540500
233500,2539500
233500,2538500
233500,2537500
233500,2536500
233500,2535500
233500,2534500
233500,2533500
233500,2532500
233500,2531500
233500,2530500
233500,2529500
233500,2528500
233500,2527500
233500,2526500
233500,2525500
233500,2524500
233500,2523500
233500,2522500
233500,2521500
233500,2520500
233500,2519500
233500,2518500
233500,2517500
233500,2516500
233500,2515500
233500,2514500
233500,2513500
233500,2512500
233500,2511500
233500,2510500
233500,2509500
233500,2508500
233500,2507500
233500,2506500
233500,2505500
233500,2504500
233500,2503500
233500,2502500
233500,2501500
233500,2500500
233500,2499500
233500,2498500
233500,2497500
233500,2496500
233500,2495500
233500,2494500
233500,2493500
233500,2492500
233500,2491500
233500,2490500
233500,2489500
233500,2488500
233500,2487500
233500,2486500
233500,2485500
233500,2484500
233500,2483500
233500,2482500
233500,2481500
233500,2480500
233500,2479500
233500,2478500
233500,2477500
233500,2476500
233500,2475500
233500,2474500
233500,2473500
233500,2472500
233500,2471500
233500,2470500
233500,2469500
233500,2468500
233500,2467500
233500,2466500
233500,2465500
233500,2464500
233500,2463500
233500,2462500
233500,2461500
233500,2460500
233500,2459500
233500,2458500
233500,2457500
233500,2456500
233500,2455500
233500,2454500
233500,2453500
233500,2452500
233500,2451500
233500,2450500
233500,2449500
233500,2448500
233500,2447500
233500,2446500
233500,2445500
233500,2444500
233500,2443500
233500,2442500
233500,2441500
233500,2440500
233500,2439500
233500,2438500
233500,2437500
233500,2436500
233500,2435500
233500,2434500
233500,2433500
233500,2432500
233500,2431500
233500,2430500
233500,2429500
233500,2428500
233500,2427500
233500,2426500
233500,2425500
233500,2424500
232500,2730500
232500,2729500
232500,2728500
232500,2727500
232500,2726500
232500,2725500
232500,2724500
232500,2723500
232500,2722500
232500,2721500
232500,2720500
232500,2719500
232500,2718500
232500,2717500
232500,2716500
232500,2715500
232500,2714500
232500,2713500
232500,2712500
232500,2711500
232500,2710500
232500,2709500
232500,2708500
232500,2707500
232500,2706500
232500,2705500
232500,2704500
232500,2703500
232500,2702500
232500,2701500
232500,2700500
232500,2699500
232500,2698500
232500,2697500
232500,2696500
232500,2695500
232500,2694500
232500,2693500
232500,2692500
232500,2691500
232500,2690500
232500,2689500
232500,2688500
232500,2687500
232500,2686500
232500,2685500
232500,2684500
232500,2683500
232500,2682500
232500,2681500
232500,2680500
232500,2679500
232500,2678500
232500,2677500
232500,2676500
232500,2675500
232500,2674500
232500,2673500
232500,2672500
232500,2671500
232500,2670500
232500,2669500
232500,2668500
232500,2667500
232500,2666500
232500,2665500
232500,2664500
232500,2663500
232500,2662500
232500,2661500
232500,2660500
232500,2659500
232500,2658500
232500,2657500
232500,2656500
232500,2655500
232500,2654500
232500,2653500
232500,2652500
232500,2651500
232500,2650500
232500,2649500
232500,2648500
232500,2647500
232500,2646500
232500,2645500
232500,2644500
232500,2643500
232500,2642500
232500,2641500
232500,2640500
232500,2639500
232500,2638500
232500,2637500
232500,2636500
232500,2635500
232500,2634500
232500,2633500
232500,2632500
232500,2631500
232500,2630500
232500,2629500
232500,2628500
232500,2627500
232500,2626500
232500,2625500
232500,2624500
232500,2623500
232500,2622500
232500,2621500
232500,2620500
232500,2619500
232500,2618500
232500,2617500
232500,2616500
232500,2615500
232500,2614500
232500,2613500
232500,2612500
232500,2611500
232500,2610500
232500,2609500
232500,2608500
232500,2607500
232500,2606500
232500,2605500
232500,2604500
232500,2603500
232500,2602500
232500,2601500
232500,2600500
232500,2599500
232500,2598500
232500,2597500
232500,2596500
232500,2595500
232500,2594500
232500,2593500
232500,2592500
232500,2591500
232500,2590500
232500,2589500
232500,2588500
232500,2587500
232500,2586500
232500,2585500
232500,2584500
232500,2583500
232500,2582500
232500,2581500
232500,2580500
232500,2579500
232500,2578500
232500,2577500
232500,2576500
232500,2575500
232500,2574500
232500,2573500
232500,2572500
232500,2571500
232500,2570500
232500,2569500
232500,2568500
232500,2567500
232500,2566500
232500,2565500
232500,2564500
232500,2563500
232500,2562500
232500,2561500
232500,2560500
232500,2559500
232500,2558500
232500,2557500
232500,2556500
232500,2555500
232500,2554500
232500,2553500
232500,2552500
232500,2551500
232500,2550500
232500,2549500
232500,2548500
232500,2547500
232500,2546500
232500,2545500
232500,2544500
232500,2543500
232500,2542500
232500,2541500
232500,2540500
232500,2539500
232500,2538500
232500,2537500
232500,2536500
232500,2535500
232500,2534500
232500,2533500
232500,2532500
232500,2531500
232500,2530500
232500,2529500
232500,2528500
232500,2527500
232500,2526500
232500,2525500
232500,2524500
232500,2523500
232500,2522500
232500,2521500
232500,2520500
232500,2519500
232500,2518500
232500,2517500
232500,2516500
232500,2515500
232500,2514500
232500,2513500
232500,2512500
232500,2511500
232500,2510500
232500,2509500
232500,2508500
232500,2507500
232500,2506500
232500,2505500
232500,2504500
232500,2503500
232500,2502500
232500,2501500
232500,2500500
232500,2499500
232500,2498500
232500,2497500
232500,2496500
232500,2495500
232500,2494500
232500,2493500
232500,2492500
232500,2491500
232500,2490500
232500,2489500
232500,2488500
232500,2487500
232500,2486500
232500,2485500
232500,2484500
232500,2483500
232500,2482500
232500,2481500
232500,2480500
232500,2479500
232500,2478500
232500,2477500
232500,2476500
232500,2475500
232500,2474500
232500,2473500
232500,2472500
232500,2471500
232500,2470500
232500,2469500
232500,2468500
232500,2467500
232500,2466500
232500,2465500
232500,2464500
232500,2463500
232500,2462500
232500,2461500
232500,2460500
232500,2459500
232500,2458500
232500,2457500
232500,2456500
232500,2455500
232500,2454500
232500,2453500
232500,2452500
232500,2451500
232500,2450500
232500,2449500
232500,2448500
232500,2447500
232500,2446500
232500,2445500
232500,2444500
232500,2443500
232500,2442500
232500,2441500
232500,2440500
232500,2439500
232500,2438500
232500,2437500
232500,2436500
232500,2435500
232500,2434500
232500,2433500
232500,2432500
232500,2431500
232500,2430500
232500,2429500
232500,2428500
232500,2427500
232500,2426500
232500,2425500
232500,2424500
231500,2729500
231500,2728500
231500,2727500
231500,2726500
231500,2725500
231500,2724500
231500,2723500
231500,2722500
231500,2721500
231500,2720500
231500,2719500
231500,2718500
231500,2717500
231500,2716500
231500,2715500
231500,2714500
231500,2713500
231500,2712500
231500,2711500
231500,2710500
231500,2709500
231500,2708500
231500,2707500
231500,2706500
231500,2705500
231500,2704500
231500,2703500
231500,2702500
231500,2701500
231500,2700500
231500,2699500
231500,2698500
231500,2697500
231500,2696500
231500,2695500
231500,2694500
231500,2693500
231500,2692500
231500,2691500
231500,2690500
231500,2689500
231500,2688500
231500,2687500
231500,2686500
231500,2685500
231500,2684500
231500,2683500
231500,2682500
231500,2681500
231500,2680500
231500,2679500
231500,2678500
231500,2677500
231500,2676500
231500,2675500
231500,2674500
231500,2673500
231500,2672500
231500,2671500
231500,2670500
231500,2669500
231500,2668500
231500,2667500
231500,2666500
231500,2665500
231500,2664500
231500,2663500
231500,2662500
231500,2661500
231500,2660500
231500,2659500
231500,2658500
231500,2657500
231500,2656500
231500,2655500
231500,2654500
231500,2653500
231500,2652500
231500,2651500
231500,2650500
231500,2649500
231500,2648500
231500,2647500
231500,2646500
231500,2645500
231500,2644500
231500,2643500
231500,2642500
231500,2641500
231500,2640500
231500,2639500
231500,2638500
231500,2637500
231500,2636500
231500,2635500
231500,2634500
231500,2633500
231500,2632500
231500,2631500
231500,2630500
231500,2629500
231500,2628500
231500,2627500
231500,2626500
231500,2625500
231500,2624500
231500,2623500
231500,2622500
231500,2621500
231500,2620500
231500,2619500
231500,2618500
231500,2617500
231500,2616500
231500,2615500
231500,2614500
231500,2613500
231500,2612500
231500,2611500
231500,2610500
231500,2609500
231500,2608500
231500,2607500
231500,2606500
231500,2605500
231500,2604500
231500,2603500
231500,2602500
231500,2601500
231500,2600500
231500,2599500
231500,2598500
231500,2597500
231500,2596500
231500,2595500
231500,2594500
231500,2593500
231500,2592500
231500,2591500
231500,2590500
231500,2589500
231500,2588500
231500,2587500
231500,2586500
231500,2585500
231500,2584500
231500,2583500
231500,2582500
231500,2581500
231500,2580500
231500,2579500
231500,2578500
231500,2577500
231500,2576500
231500,2575500
231500,2574500
231500,2573500
231500,2572500
231500,2571500
231500,2570500
231500,2569500
231500,2568500
231500,2567500
231500,2566500
231500,2565500
231500,2564500
231500,2563500
231500,2562500
231500,2561500
231500,2560500
231500,2559500
231500,2558500
231500,2557500
231500,2556500
231500,2555500
231500,2554500
231500,2553500
231500,2552500
231500,2551500
231500,2550500
231500,2549500
231500,2548500
231500,2547500
231500,2546500
231500,2545500
231500,2544500
231500,2543500
231500,2542500
231500,2541500
231500,2540500
231500,2539500
231500,2538500
231500,2537500
231500,2536500
231500,2535500
231500,2534500
231500,2533500
231500,2532500
231500,2531500
231500,2530500
231500,2529500
231500,2528500
231500,2527500
231500,2526500
231500,2525500
231500,2524500
231500,2523500
231500,2522500
231500,2521500
231500,2520500
231500,2519500
231500,2518500
231500,2517500
231500,2516500
231500,2515500
231500,2514500
231500,2513500
231500,2512500
231500,2511500
231500,2510500
231500,2509500
231500,2508500
231500,2507500
231500,2506500
231500,2505500
231500,2504500
231500,2503500
231500,2502500
231500,2501500
231500,2500500
231500,2499500
231500,2498500
231500,2497500
231500,2496500
231500,2495500
231500,2494500
231500,2493500
231500,2492500
231500,2491500
231500,2490500
231500,2489500
231500,2488500
231500,2487500
231500,2486500
231500,2485500
231500,2484500
231500,2483500
231500,2482500
231500,2481500
231500,2480500
231500,2479500
231500,2478500
231500,2477500
231500,2476500
231500,2475500
231500,2474500
231500,2473500
231500,2472500
231500,2471500
231500,2470500
231500,2469500
231500,2468500
231500,2467500
231500,2466500
231500,2465500
231500,2464500
231500,2463500
231500,2462500
231500,2461500
231500,2460500
231500,2459500
231500,2458500
231500,2457500
231500,2456500
231500,2455500
231500,2454500
231500,2453500
231500,2452500
231500,2451500
231500,2450500
231500,2449500
231500,2448500
231500,2447500
231500,2446500
231500,2445500
231500,2444500
231500,2443500
231500,2442500
231500,2441500
231500,2440500
231500,2439500
231500,2438500
231500,2437500
231500,2436500
231500,2435500
231500,2434500
231500,2433500
231500,2432500
231500,2431500
231500,2430500
231500,2429500
231500,2428500
231500,2427500
231500,2426500
231500,2425500
230500,2729500
230500,2728500
230500,2727500
230500,2726500
230500,2725500
230500,2724500
230500,2723500
230500,2722500
230500,2721500
230500,2720500
230500,2719500
230500,2718500
230500,2717500
230500,2716500
230500,2715500
230500,2714500
230500,2713500
230500,2712500
230500,2711500
230500,2710500
230500,2709500
230500,2708500
230500,2707500
230500,2706500
230500,2705500
230500,2704500
230500,2703500
230500,2702500
230500,2701500
230500,2700500
230500,2699500
230500,2698500
230500,2697500
230500,2696500
230500,2695500
230500,2694500
230500,2693500
230500,2692500
230500,2691500
230500,2690500
230500,2689500
230500,2688500
230500,2687500
230500,2686500
230500,2685500
230500,2684500
230500,2683500
230500,2682500
230500,2681500
230500,2680500
230500,2679500
230500,2678500
230500,2677500
230500,2676500
230500,2675500
230500,2674500
230500,2673500
230500,2672500
230500,2671500
230500,2670500
230500,2669500
230500,2668500
230500,2667500
230500,2666500
230500,2665500
230500,2664500
230500,2663500
230500,2662500
230500,2661500
230500,2660500
230500,2659500
230500,2658500
230500,2657500
230500,2656500
230500,2655500
230500,2654500
230500,2653500
230500,2652500
230500,2651500
230500,2650500
230500,2649500
230500,2648500
230500,2647500
230500,2646500
230500,2645500
230500,2644500
230500,2643500
230500,2642500
230500,2641500
230500,2640500
230500,2639500
230500,2638500
230500,2637500
230500,2636500
230500,2635500
230500,2634500
230500,2633500
230500,2632500
230500,2631500
230500,2630500
230500,2629500
230500,2628500
230500,2627500
230500,2626500
230500,2625500
230500,2624500
230500,2623500
230500,2622500
230500,2621500
230500,2620500
230500,2619500
230500,2618500
230500,2617500
230500,2616500
230500,2615500
230500,2614500
230500,2613500
230500,2612500
230500,2611500
230500,2610500
230500,2609500
230500,2608500
230500,2607500
230500,2606500
230500,2605500
230500,2604500
230500,2603500
230500,2602500
230500,2601500
230500,2600500
230500,2599500
230500,2598500
230500,2597500
230500,2596500
230500,2595500
230500,2594500
230500,2593500
230500,2592500
230500,2591500
230500,2590500
230500,2589500
230500,2588500
230500,2587500
230500,2586500
230500,2585500
230500,2584500
230500,2583500
230500,2582500
230500,2581500
230500,2580500
230500,2579500
230500,2578500
230500,2577500
230500,2576500
230500,2575500
230500,2574500
230500,2573500
230500,2572500
230500,2571500
230500,2570500
230500,2569500
230500,2568500
230500,2567500
230500,2566500
230500,2565500
230500,2564500
230500,2563500
230500,2562500
230500,2561500
230500,2560500
230500,2559500
230500,2558500
230500,2557500
230500,2556500
230500,2555500
230500,2554500
230500,2553500
230500,2552500
230500,2551500
230500,2550500
230500,2549500
230500,2548500
230500,2547500
230500,2546500
230500,2545500
230500,2544500
230500,2543500
230500,2542500
230500,2541500
230500,2540500
230500,2539500
230500,2538500
230500,2537500
230500,2536500
230500,2535500
230500,2534500
230500,2533500
230500,2532500
230500,2531500
230500,2530500
230500,2529500
230500,2528500
230500,2527500
230500,2526500
230500,2525500
230500,2524500
230500,2523500
230500,2522500
230500,2521500
230500,2520500
230500,2519500
230500,2518500
230500,2517500
230500,2516500
230500,2515500
230500,2514500
230500,2513500
230500,2512500
230500,2511500
230500,2510500
230500,2509500
230500,2508500
230500,2507500
230500,2506500
230500,2505500
230500,2504500
230500,2503500
230500,2502500
230500,2501500
230500,2500500
230500,2499500
230500,2498500
230500,2497500
230500,2496500
230500,2495500
230500,2494500
230500,2493500
230500,2492500
230500,2491500
230500,2490500
230500,2489500
230500,2488500
230500,2487500
230500,2486500
230500,2485500
230500,2484500
230500,2483500
230500,2482500
230500,2481500
230500,2480500
230500,2479500
230500,2478500
230500,2477500
230500,2476500
230500,2475500
230500,2474500
230500,2473500
230500,2472500
230500,2471500
230500,2470500
230500,2469500
230500,2468500
230500,2467500
230500,2466500
230500,2465500
230500,2464500
230500,2463500
230500,2462500
230500,2461500
230500,2460500
230500,2459500
230500,2458500
230500,2457500
230500,2456500
230500,2455500
230500,2454500
230500,2453500
230500,2452500
230500,2451500
230500,2450500
230500,2449500
230500,2448500
230500,2447500
230500,2446500
230500,2445500
230500,2444500
230500,2443500
230500,2442500
230500,2441500
230500,2440500
230500,2439500
230500,2438500
230500,2437500
230500,2436500
230500,2435500
230500,2434500
230500,2433500
230500,2432500
230500,2431500
230500,2430500
230500,2429500
230500,2428500
230500,2427500
230500,2426500
229500,2729500
229500,2728500
229500,2727500
229500,2726500
229500,2725500
229500,2724500
229500,2723500
229500,2722500
229500,2721500
229500,2720500
229500,2719500
229500,2718500
229500,2717500
229500,2716500
229500,2715500
229500,2714500
229500,2713500
229500,2712500
229500,2711500
229500,2710500
229500,2709500
229500,2708500
229500,2707500
229500,2706500
229500,2705500
229500,2704500
229500,2703500
229500,2702500
229500,2701500
229500,2700500
229500,2699500
229500,2698500
229500,2697500
229500,2696500
229500,2695500
229500,2694500
229500,2693500
229500,2692500
229500,2691500
229500,2690500
229500,2689500
229500,2688500
229500,2687500
229500,2686500
229500,2685500
229500,2684500
229500,2683500
229500,2682500
229500,2681500
229500,2680500
229500,2679500
229500,2678500
229500,2677500
229500,2676500
229500,2675500
229500,2674500
229500,2673500
229500,2672500
229500,2671500
229500,2670500
229500,2669500
229500,2668500
229500,2667500
229500,2666500
229500,2665500
229500,2664500
229500,2663500
229500,2662500
229500,2661500
229500,2660500
229500,2659500
229500,2658500
229500,2657500
229500,2656500
229500,2655500
229500,2654500
229500,2653500
229500,2652500
229500,2651500
229500,2650500
229500,2649500
229500,2648500
229500,2647500
229500,2646500
229500,2645500
229500,2644500
229500,2643500
229500,2642500
229500,2641500
229500,2640500
229500,2639500
229500,2638500
229500,2637500
229500,2636500
229500,2635500
229500,2634500
229500,2633500
229500,2632500
229500,2631500
229500,2630500
229500,2629500
229500,2628500
229500,2627500
229500,2626500
229500,2625500
229500,2624500
229500,2623500
229500,2622500
229500,2621500
229500,2620500
229500,2619500
229500,2618500
229500,2617500
229500,2616500
229500,2615500
229500,2614500
229500,2613500
229500,2612500
229500,2611500
229500,2610500
229500,2609500
229500,2608500
229500,2607500
229500,2606500
229500,2605500
229500,2604500
229500,2603500
229500,2602500
229500,2601500
229500,2600500
229500,2599500
229500,2598500
229500,2597500
229500,2596500
229500,2595500
229500,2594500
229500,2593500
229500,2592500
229500,2591500
229500,2590500
229500,2589500
229500,2588500
229500,2587500
229500,2586500
229500,2585500
229500,2584500
229500,2583500
229500,2582500
229500,2581500
229500,2580500
229500,2579500
229500,2578500
229500,2577500
229500,2576500
229500,2575500
229500,2574500
229500,2573500
229500,2572500
229500,2571500
229500,2570500
229500,2569500
229500,2568500
229500,2567500
229500,2566500
229500,2565500
229500,2564500
229500,2563500
229500,2562500
229500,2561500
229500,2560500
229500,2559500
229500,2558500
229500,2557500
229500,2556500
229500,2555500
229500,2554500
229500,2553500
229500,2552500
229500,2551500
229500,2550500
229500,2549500
229500,2548500
229500,2547500
229500,2546500
229500,2545500
229500,2544500
229500,2543500
229500,2542500
229500,2541500
229500,2540500
229500,2539500
229500,2538500
229500,2537500
229500,2536500
229500,2535500
229500,2534500
229500,2533500
229500,2532500
229500,2531500
229500,2530500
229500,2529500
229500,2528500
229500,2527500
229500,2526500
229500,2525500
229500,2524500
229500,2523500
229500,2522500
229500,2521500
229500,2520500
229500,2519500
229500,2518500
229500,2517500
229500,2516500
229500,2515500
229500,2514500
229500,2513500
229500,2512500
229500,2511500
229500,2510500
229500,2509500
229500,2508500
229500,2507500
229500,2506500
229500,2505500
229500,2504500
229500,2503500
229500,2502500
229500,2501500
229500,2500500
229500,2499500
229500,2498500
229500,2497500
229500,2496500
229500,2495500
229500,2494500
229500,2493500
229500,2492500
229500,2491500
229500,2490500
229500,2489500
229500,2488500
229500,2487500
229500,2486500
229500,2485500
229500,2484500
229500,2483500
229500,2482500
229500,2481500
229500,2480500
229500,2479500
229500,2478500
229500,2477500
229500,2476500
229500,2475500
229500,2474500
229500,2473500
229500,2472500
229500,2471500
229500,2470500
229500,2469500
229500,2468500
229500,2467500
229500,2466500
229500,2465500
229500,2464500
229500,2463500
229500,2462500
229500,2461500
229500,2460500
229500,2459500
229500,2458500
229500,2457500
229500,2456500
229500,2455500
229500,2454500
229500,2453500
229500,2452500
229500,2451500
229500,2450500
229500,2449500
229500,2448500
229500,2447500
229500,2446500
229500,2445500
229500,2444500
229500,2443500
229500,2442500
229500,2441500
229500,2440500
229500,2439500
229500,2438500
229500,2437500
229500,2436500
229500,2435500
229500,2434500
229500,2433500
229500,2432500
229500,2431500
229500,2430500
229500,2429500
229500,2428500
229500,2427500
229500,2426500
228500,2729500
228500,2728500
228500,2727500
228500,2726500
228500,2725500
228500,2724500
228500,2723500
228500,2722500
228500,2721500
228500,2720500
228500,2719500
228500,2718500
228500,2717500
228500,2716500
228500,2715500
228500,2714500
228500,2713500
228500,2712500
228500,2711500
228500,2710500
228500,2709500
228500,2708500
228500,2707500
228500,2706500
228500,2705500
228500,2704500
228500,2703500
228500,2702500
228500,2701500
228500,2700500
228500,2699500
228500,2698500
228500,2697500
228500,2696500
228500,2695500
228500,2694500
228500,2693500
228500,2692500
228500,2691500
228500,2690500
228500,2689500
228500,2688500
228500,2687500
228500,2686500
228500,2685500
228500,2684500
228500,2683500
228500,2682500
228500,2681500
228500,2680500
228500,2679500
228500,2678500
228500,2677500
228500,2676500
228500,2675500
228500,2674500
228500,2673500
228500,2672500
228500,2671500
228500,2670500
228500,2669500
228500,2668500
228500,2667500
228500,2666500
228500,2665500
228500,2664500
228500,2663500
228500,2662500
228500,2661500
228500,2660500
228500,2659500
228500,2658500
228500,2657500
228500,2656500
228500,2655500
228500,2654500
228500,2653500
228500,2652500
228500,2651500
228500,2650500
228500,2649500
228500,2648500
228500,2647500
228500,2646500
228500,2645500
228500,2644500
228500,2643500
228500,2642500
228500,2641500
228500,2640500
228500,2639500
228500,2638500
228500,2637500
228500,2636500
228500,2635500
228500,2634500
228500,2633500
228500,2632500
228500,2631500
228500,2630500
228500,2629500
228500,2628500
228500,2627500
228500,2626500
228500,2625500
228500,2624500
228500,2623500
228500,2622500
228500,2621500
228500,2620500
228500,2619500
228500,2618500
228500,2617500
228500,2616500
228500,2615500
228500,2614500
228500,2613500
228500,2612500
228500,2611500
228500,2610500
228500,2609500
228500,2608500
228500,2607500
228500,2606500
228500,2605500
228500,2604500
228500,2603500
228500,2602500
228500,2601500
228500,2600500
228500,2599500
228500,2598500
228500,2597500
228500,2596500
228500,2595500
228500,2594500
228500,2593500
228500,2592500
228500,2591500
228500,2590500
228500,2589500
228500,2588500
228500,2587500
228500,2586500
228500,2585500
228500,2584500
228500,2583500
228500,2582500
228500,2581500
228500,2580500
228500,2579500
228500,2578500
228500,2577500
228500,2576500
228500,2575500
228500,2574500
228500,2573500
228500,2572500
228500,2571500
228500,2570500
228500,2569500
228500,2568500
228500,2567500
228500,2566500
228500,2565500
228500,2564500
228500,2563500
228500,2562500
228500,2561500
228500,2560500
228500,2559500
228500,2558500
228500,2557500
228500,2556500
228500,2555500
228500,2554500
228500,2553500
228500,2552500
228500,2551500
228500,2550500
228500,2549500
228500,2548500
228500,2547500
228500,2546500
228500,2545500
228500,2544500
228500,2543500
228500,2542500
228500,2541500
228500,2540500
228500,2539500
228500,2538500
228500,2537500
228500,2536500
228500,2535500
228500,2534500
228500,2533500
228500,2532500
228500,2531500
228500,2530500
228500,2529500
228500,2528500
228500,2527500
228500,2526500
228500,2525500
228500,2524500
228500,2523500
228500,2522500
228500,2521500
228500,2520500
228500,2519500
228500,2518500
228500,2517500
228500,2516500
228500,2515500
228500,2514500
228500,2513500
228500,2512500
228500,2511500
228500,2510500
228500,2509500
228500,2508500
228500,2507500
228500,2506500
228500,2505500
228500,2504500
228500,2503500
228500,2502500
228500,2501500
228500,2500500
228500,2499500
228500,2498500
228500,2497500
228500,2496500
228500,2495500
228500,2494500
228500,2493500
228500,2492500
228500,2491500
228500,2490500
228500,2489500
228500,2488500
228500,2487500
228500,2486500
228500,2485500
228500,2484500
228500,2483500
228500,2482500
228500,2481500
228500,2480500
228500,2479500
228500,2478500
228500,2477500
228500,2476500
228500,2475500
228500,2474500
228500,2473500
228500,2472500
228500,2471500
228500,2470500
228500,2469500
228500,2468500
228500,2467500
228500,2466500
228500,2465500
228500,2464500
228500,2463500
228500,2462500
228500,2461500
228500,2460500
228500,2459500
228500,2458500
228500,2457500
228500,2456500
228500,2455500
228500,2454500
228500,2453500
228500,2452500
228500,2451500
228500,2450500
228500,2449500
228500,2448500
228500,2447500
228500,2446500
228500,2445500
228500,2444500
228500,2443500
228500,2442500
228500,2441500
228500,2440500
228500,2439500
228500,2438500
228500,2437500
228500,2436500
228500,2435500
228500,2434500
228500,2433500
228500,2432500
228500,2431500
228500,2430500
228500,2429500
228500,2428500
228500,2427500
227500,2728500
227500,2727500
227500,2726500
227500,2725500
227500,2724500
227500,2723500
227500,2722500
227500,2721500
227500,2720500
227500,2719500
227500,2718500
227500,2717500
227500,2716500
227500,2715500
227500,2714500
227500,2713500
227500,2712500
227500,2711500
227500,2710500
227500,2709500
227500,2708500
227500,2707500
227500,2706500
227500,2705500
227500,2704500
227500,2703500
227500,2702500
227500,2701500
227500,2700500
227500,2699500
227500,2698500
227500,2697500
227500,2696500
227500,2695500
227500,2694500
227500,2693500
227500,2692500
227500,2691500
227500,2690500
227500,2689500
227500,2688500
227500,2687500
227500,2686500
227500,2685500
227500,2684500
227500,2683500
227500,2682500
227500,2681500
227500,2680500
227500,2679500
227500,2678500
227500,2677500
227500,2676500
227500,2675500
227500,2674500
227500,2673500
227500,2672500
227500,2671500
227500,2670500
227500,2669500
227500,2668500
227500,2667500
227500,2666500
227500,2665500
227500,2664500
227500,2663500
227500,2662500
227500,2661500
227500,2660500
227500,2659500
227500,2658500
227500,2657500
227500,2656500
227500,2655500
227500,2654500
227500,2653500
227500,2652500
227500,2651500
227500,2650500
227500,2649500
227500,2648500
227500,2647500
227500,2646500
227500,2645500
227500,2644500
227500,2643500
227500,2642500
227500,2641500
227500,2640500
227500,2639500
227500,2638500
227500,2637500
227500,2636500
227500,2635500
227500,2634500
227500,2633500
227500,2632500
227500,2631500
227500,2630500
227500,2629500
227500,2628500
227500,2627500
227500,2626500
227500,2625500
227500,2624500
227500,2623500
227500,2622500
227500,2621500
227500,2620500
227500,2619500
227500,2618500
227500,2617500
227500,2616500
227500,2615500
227500,2614500
227500,2613500
227500,2612500
227500,2611500
227500,2610500
227500,2609500
227500,2608500
227500,2607500
227500,2606500
227500,2605500
227500,2604500
227500,2603500
227500,2602500
227500,2601500
227500,2600500
227500,2599500
227500,2598500
227500,2597500
227500,2596500
227500,2595500
227500,2594500
227500,2593500
227500,2592500
227500,2591500
227500,2590500
227500,2589500
227500,2588500
227500,2587500
227500,2586500
227500,2585500
227500,2584500
227500,2583500
227500,2582500
227500,2581500
227500,2580500
227500,2579500
227500,2578500
227500,2577500
227500,2576500
227500,2575500
227500,2574500
227500,2573500
227500,2572500
227500,2571500
227500,2570500
227500,2569500
227500,2568500
227500,2567500
227500,2566500
227500,2565500
227500,2564500
227500,2563500
227500,2562500
227500,2561500
227500,2560500
227500,2559500
227500,2558500
227500,2557500
227500,2556500
227500,2555500
227500,2554500
227500,2553500
227500,2552500
227500,2551500
227500,2550500
227500,2549500
227500,2548500
227500,2547500
227500,2546500
227500,2545500
227500,2544500
227500,2543500
227500,2542500
227500,2541500
227500,2540500
227500,2539500
227500,2538500
227500,2537500
227500,2536500
227500,2535500
227500,2534500
227500,2533500
227500,2532500
227500,2531500
227500,2530500
227500,2529500
227500,2528500
227500,2527500
227500,2526500
227500,2525500
227500,2524500
227500,2523500
227500,2522500
227500,2521500
227500,2520500
227500,2519500
227500,2518500
227500,2517500
227500,2516500
227500,2515500
227500,2514500
227500,2513500
227500,2512500
227500,2511500
227500,2510500
227500,2509500
227500,2508500
227500,2507500
227500,2506500
227500,2505500
227500,2504500
227500,2503500
227500,2502500
227500,2501500
227500,2500500
227500,2499500
227500,2498500
227500,2497500
227500,2496500
227500,2495500
227500,2494500
227500,2493500
227500,2492500
227500,2491500
227500,2490500
227500,2489500
227500,2488500
227500,2487500
227500,2486500
227500,2485500
227500,2484500
227500,2483500
227500,2482500
227500,2481500
227500,2480500
227500,2479500
227500,2478500
227500,2477500
227500,2476500
227500,2475500
227500,2474500
227500,2473500
227500,2472500
227500,2471500
227500,2470500
227500,2469500
227500,2468500
227500,2467500
227500,2466500
227500,2465500
227500,2464500
227500,2463500
227500,2462500
227500,2461500
227500,2460500
227500,2459500
227500,2458500
227500,2457500
227500,2456500
227500,2455500
227500,2454500
227500,2453500
227500,2452500
227500,2451500
227500,2450500
227500,2449500
227500,2448500
227500,2447500
227500,2446500
227500,2445500
227500,2444500
227500,2443500
227500,2442500
227500,2441500
227500,2440500
227500,2439500
227500,2438500
227500,2437500
227500,2436500
227500,2435500
227500,2434500
227500,2433500
227500,2432500
227500,2431500
227500,2430500
227500,2429500
227500,2428500
227500,2427500
226500,2727500
226500,2726500
226500,2725500
226500,2724500
226500,2723500
226500,2722500
226500,2721500
226500,2720500
226500,2719500
226500,2718500
226500,2717500
226500,2716500
226500,2715500
226500,2714500
226500,2713500
226500,2712500
226500,2711500
226500,2710500
226500,2709500
226500,2708500
226500,2707500
226500,2706500
226500,2705500
226500,2704500
226500,2703500
226500,2702500
226500,2701500
226500,2700500
226500,2699500
226500,2698500
226500,2697500
226500,2696500
226500,2695500
226500,2694500
226500,2693500
226500,2692500
226500,2691500
226500,2690500
226500,2689500
226500,2688500
226500,2687500
226500,2686500
226500,2685500
226500,2684500
226500,2683500
226500,2682500
226500,2681500
226500,2680500
226500,2679500
226500,2678500
226500,2677500
226500,2676500
226500,2675500
226500,2674500
226500,2673500
226500,2672500
226500,2671500
226500,2670500
226500,2669500
226500,2668500
226500,2667500
226500,2666500
226500,2665500
226500,2664500
226500,2663500
226500,2662500
226500,2661500
226500,2660500
226500,2659500
226500,2658500
226500,2657500
226500,2656500
226500,2655500
226500,2654500
226500,2653500
226500,2652500
226500,2651500
226500,2650500
226500,2649500
226500,2648500
226500,2647500
226500,2646500
226500,2645500
226500,2644500
226500,2643500
226500,2642500
226500,2641500
226500,2640500
226500,2639500
226500,2638500
226500,2637500
226500,2636500
226500,2635500
226500,2634500
226500,2633500
226500,2632500
226500,2631500
226500,2630500
226500,2629500
226500,2628500
226500,2627500
226500,2626500
226500,2625500
226500,2624500
226500,2623500
226500,2622500
226500,2621500
226500,2620500
226500,2619500
226500,2618500
226500,2617500
226500,2616500
226500,2615500
226500,2614500
226500,2613500
226500,2612500
226500,2611500
226500,2610500
226500,2609500
226500,2608500
226500,2607500
226500,2606500
226500,2605500
226500,2604500
226500,2603500
226500,2602500
226500,2601500
226500,2600500
226500,2599500
226500,2598500
226500,2597500
226500,2596500
226500,2595500
226500,2594500
226500,2593500
226500,2592500
226500,2591500
226500,2590500
226500,2589500
226500,2588500
226500,2587500
226500,2586500
226500,2585500
226500,2584500
226500,2583500
226500,2582500
226500,2581500
226500,2580500
226500,2579500
226500,2578500
226500,2577500
226500,2576500
226500,2575500
226500,2574500
226500,2573500
226500,2572500
226500,2571500
226500,2570500
226500,2569500
226500,2568500
226500,2567500
226500,2566500
226500,2565500
226500,2564500
226500,2563500
226500,2562500
226500,2561500
226500,2560500
226500,2559500
226500,2558500
226500,2557500
226500,2556500
226500,2555500
226500,2554500
226500,2553500
226500,2552500
226500,2551500
226500,2550500
226500,2549500
226500,2548500
226500,2547500
226500,2546500
226500,2545500
226500,2544500
226500,2543500
226500,2542500
226500,2541500
226500,2540500
226500,2539500
226500,2538500
226500,2537500
226500,2536500
226500,2535500
226500,2534500
226500,2533500
226500,2532500
226500,2531500
226500,2530500
226500,2529500
226500,2528500
226500,2527500
226500,2526500
226500,2525500
226500,2524500
226500,2523500
226500,2522500
226500,2521500
226500,2520500
226500,2519500
226500,2518500
226500,2517500
226500,2516500
226500,2515500
226500,2514500
226500,2513500
226500,2512500
226500,2511500
226500,2510500
226500,2509500
226500,2508500
226500,2507500
226500,2506500
226500,2505500
226500,2504500
226500,2503500
226500,2502500
226500,2501500
226500,2500500
226500,2499500
226500,2498500
226500,2497500
226500,2496500
226500,2495500
226500,2494500
226500,2493500
226500,2492500
226500,2491500
226500,2490500
226500,2489500
226500,2488500
226500,2487500
226500,2486500
226500,2485500
226500,2484500
226500,2483500
226500,2482500
226500,2481500
226500,2480500
226500,2479500
226500,2478500
226500,2477500
226500,2476500
226500,2475500
226500,2474500
226500,2473500
226500,2472500
226500,2471500
226500,2470500
226500,2469500
226500,2468500
226500,2467500
226500,2466500
226500,2465500
226500,2464500
226500,2463500
226500,2462500
226500,2461500
226500,2460500
226500,2459500
226500,2458500
226500,2457500
226500,2456500
226500,2455500
226500,2454500
226500,2453500
226500,2452500
226500,2451500
226500,2450500
226500,2449500
226500,2448500
226500,2447500
226500,2446500
226500,2445500
226500,2444500
226500,2443500
226500,2442500
226500,2441500
226500,2440500
226500,2439500
226500,2438500
226500,2437500
226500,2436500
226500,2435500
226500,2434500
226500,2433500
226500,2432500
226500,2431500
226500,2430500
226500,2429500
226500,2428500
226500,2427500
225500,2726500
225500,2725500
225500,2724500
225500,2723500
225500,2722500
225500,2721500
225500,2720500
225500,2719500
225500,2718500
225500,2717500
225500,2716500
225500,2715500
225500,2714500
225500,2713500
225500,2712500
225500,2711500
225500,2710500
225500,2709500
225500,2708500
225500,2707500
225500,2706500
225500,2705500
225500,2704500
225500,2703500
225500,2702500
225500,2701500
225500,2700500
225500,2699500
225500,2698500
225500,2697500
225500,2696500
225500,2695500
225500,2694500
225500,2693500
225500,2692500
225500,2691500
225500,2690500
225500,2689500
225500,2688500
225500,2687500
225500,2686500
225500,2685500
225500,2684500
225500,2683500
225500,2682500
225500,2681500
225500,2680500
225500,2679500
225500,2678500
225500,2677500
225500,2676500
225500,2675500
225500,2674500
225500,2673500
225500,2672500
225500,2671500
225500,2670500
225500,2669500
225500,2668500
225500,2667500
225500,2666500
225500,2665500
225500,2664500
225500,2663500
225500,2662500
225500,2661500
225500,2660500
225500,2659500
225500,2658500
225500,2657500
225500,2656500
225500,2655500
225500,2654500
225500,2653500
225500,2652500
225500,2651500
225500,2650500
225500,2649500
225500,2648500
225500,2647500
225500,2646500
225500,2645500
225500,2644500
225500,2643500
225500,2642500
225500,2641500
225500,2640500
225500,2639500
225500,2638500
225500,2637500
225500,2636500
225500,2635500
225500,2634500
225500,2633500
225500,2632500
225500,2631500
225500,2630500
225500,2629500
225500,2628500
225500,2627500
225500,2626500
225500,2625500
225500,2624500
225500,2623500
225500,2622500
225500,2621500
225500,2620500
225500,2619500
225500,2618500
225500,2617500
225500,2616500
225500,2615500
225500,2614500
225500,2613500
225500,2612500
225500,2611500
225500,2610500
225500,2609500
225500,2608500
225500,2607500
225500,2606500
225500,2605500
225500,2604500
225500,2603500
225500,2602500
225500,2601500
225500,2600500
225500,2599500
225500,2598500
225500,2597500
225500,2596500
225500,2595500
225500,2594500
225500,2593500
225500,2592500
225500,2591500
225500,2590500
225500,2589500
225500,2588500
225500,2587500
225500,2586500
225500,2585500
225500,2584500
225500,2583500
225500,2582500
225500,2581500
225500,2580500
225500,2579500
225500,2578500
225500,2577500
225500,2576500
225500,2575500
225500,2574500
225500,2573500
225500,2572500
225500,2571500
225500,2570500
225500,2569500
225500,2568500
225500,2567500
225500,2566500
225500,2565500
225500,2564500
225500,2563500
225500,2562500
225500,2561500
225500,2560500
225500,2559500
225500,2558500
225500,2557500
225500,2556500
225500,2555500
225500,2554500
225500,2553500
225500,2552500
225500,2551500
225500,2550500
225500,2549500
225500,2548500
225500,2547500
225500,2546500
225500,2545500
225500,2544500
225500,2543500
225500,2542500
225500,2541500
225500,2540500
225500,2539500
225500,2538500
225500,2537500
225500,2536500
225500,2535500
225500,2534500
225500,2533500
225500,2532500
225500,2531500
225500,2530500
225500,2529500
225500,2528500
225500,2527500
225500,2526500
225500,2525500
225500,2524500
225500,2523500
225500,2522500
225500,2521500
225500,2520500
225500,2519500
225500,2518500
225500,2517500
225500,2516500
225500,2515500
225500,2514500
225500,2513500
225500,2512500
225500,2511500
225500,2510500
225500,2509500
225500,2508500
225500,2507500
225500,2506500
225500,2505500
225500,2504500
225500,2503500
225500,2502500
225500,2501500
225500,2500500
225500,2499500
225500,2498500
225500,2497500
225500,2496500
225500,2495500
225500,2494500
225500,2493500
225500,2492500
225500,2491500
225500,2490500
225500,2489500
225500,2488500
225500,2487500
225500,2486500
225500,2485500
225500,2484500
225500,2483500
225500,2482500
225500,2481500
225500,2480500
225500,2479500
225500,2478500
225500,2477500
225500,2476500
225500,2475500
225500,2474500
225500,2473500
225500,2472500
225500,2471500
225500,2470500
225500,2469500
225500,2468500
225500,2467500
225500,2466500
225500,2465500
225500,2464500
225500,2463500
225500,2462500
225500,2461500
225500,2460500
225500,2459500
225500,2458500
225500,2457500
225500,2456500
225500,2455500
225500,2454500
225500,2453500
225500,2452500
225500,2451500
225500,2450500
225500,2449500
225500,2448500
225500,2447500
225500,2446500
225500,2445500
225500,2444500
225500,2443500
225500,2442500
225500,2441500
225500,2440500
225500,2439500
225500,2438500
225500,2437500
225500,2436500
225500,2435500
225500,2434500
225500,2433500
225500,2432500
225500,2431500
225500,2430500
225500,2429500
225500,2428500
224500,2724500
224500,2723500
224500,2722500
224500,2721500
224500,2720500
224500,2719500
224500,2718500
224500,2717500
224500,2716500
224500,2715500
224500,2714500
224500,2713500
224500,2712500
224500,2711500
224500,2710500
224500,2709500
224500,2708500
224500,2707500
224500,2706500
224500,2705500
224500,2704500
224500,2703500
224500,2702500
224500,2701500
224500,2700500
224500,2699500
224500,2698500
224500,2697500
224500,2696500
224500,2695500
224500,2694500
224500,2693500
224500,2692500
224500,2691500
224500,2690500
224500,2689500
224500,2688500
224500,2687500
224500,2686500
224500,2685500
224500,2684500
224500,2683500
224500,2682500
224500,2681500
224500,2680500
224500,2679500
224500,2678500
224500,2677500
224500,2676500
224500,2675500
224500,2674500
224500,2673500
224500,2672500
224500,2671500
224500,2670500
224500,2669500
224500,2668500
224500,2667500
224500,2666500
224500,2665500
224500,2664500
224500,2663500
224500,2662500
224500,2661500
224500,2660500
224500,2659500
224500,2658500
224500,2657500
224500,2656500
224500,2655500
224500,2654500
224500,2653500
224500,2652500
224500,2651500
224500,2650500
224500,2649500
224500,2648500
224500,2647500
224500,2646500
224500,2645500
224500,2644500
224500,2643500
224500,2642500
224500,2641500
224500,2640500
224500,2639500
224500,2638500
224500,2637500
224500,2636500
224500,2635500
224500,2634500
224500,2633500
224500,2632500
224500,2631500
224500,2630500
224500,2629500
224500,2628500
224500,2627500
224500,2626500
224500,2625500
224500,2624500
224500,2623500
224500,2622500
224500,2621500
224500,2620500
224500,2619500
224500,2618500
224500,2617500
224500,2616500
224500,2615500
224500,2614500
224500,2613500
224500,2612500
224500,2611500
224500,2610500
224500,2609500
224500,2608500
224500,2607500
224500,2606500
224500,2605500
224500,2604500
224500,2603500
224500,2602500
224500,2601500
224500,2600500
224500,2599500
224500,2598500
224500,2597500
224500,2596500
224500,2595500
224500,2594500
224500,2593500
224500,2592500
224500,2591500
224500,2590500
224500,2589500
224500,2588500
224500,2587500
224500,2586500
224500,2585500
224500,2584500
224500,2583500
224500,2582500
224500,2581500
224500,2580500
224500,2579500
224500,2578500
224500,2577500
224500,2576500
224500,2575500
224500,2574500
224500,2573500
224500,2572500
224500,2571500
224500,2570500
224500,2569500
224500,2568500
224500,2567500
224500,2566500
224500,2565500
224500,2564500
224500,2563500
224500,2562500
224500,2561500
224500,2560500
224500,2559500
224500,2558500
224500,2557500
224500,2556500
224500,2555500
224500,2554500
224500,2553500
224500,2552500
224500,2551500
224500,2550500
224500,2549500
224500,2548500
224500,2547500
224500,2546500
224500,2545500
224500,2544500
224500,2543500
224500,2542500
224500,2541500
224500,2540500
224500,2539500
224500,2538500
224500,2537500
224500,2536500
224500,2535500
224500,2534500
224500,2533500
224500,2532500
224500,2531500
224500,2530500
224500,2529500
224500,2528500
224500,2527500
224500,2526500
224500,2525500
224500,2524500
224500,2523500
224500,2522500
224500,2521500
224500,2520500
224500,2519500
224500,2518500
224500,2517500
224500,2516500
224500,2515500
224500,2514500
224500,2513500
224500,2512500
224500,2511500
224500,2510500
224500,2509500
224500,2508500
224500,2507500
224500,2506500
224500,2505500
224500,2504500
224500,2503500
224500,2502500
224500,2501500
224500,2500500
224500,2499500
224500,2498500
224500,2497500
224500,2496500
224500,2495500
224500,2494500
224500,2493500
224500,2492500
224500,2491500
224500,2490500
224500,2489500
224500,2488500
224500,2487500
224500,2486500
224500,2485500
224500,2484500
224500,2483500
224500,2482500
224500,2481500
224500,2480500
224500,2479500
224500,2478500
224500,2477500
224500,2476500
224500,2475500
224500,2474500
224500,2473500
224500,2472500
224500,2471500
224500,2470500
224500,2469500
224500,2468500
224500,2467500
224500,2466500
224500,2465500
224500,2464500
224500,2463500
224500,2462500
224500,2461500
224500,2460500
224500,2459500
224500,2458500
224500,2457500
224500,2456500
224500,2455500
224500,2454500
224500,2453500
224500,2452500
224500,2451500
224500,2450500
224500,2449500
224500,2448500
224500,2447500
224500,2446500
224500,2445500
224500,2444500
224500,2443500
224500,2442500
224500,2441500
224500,2440500
224500,2439500
224500,2438500
224500,2437500
224500,2436500
224500,2435500
224500,2434500
224500,2433500
224500,2432500
224500,2431500
224500,2430500
224500,2429500
224500,2428500
224500,2427500
223500,2723500
223500,2722500
223500,2721500
223500,2720500
223500,2719500
223500,2718500
223500,2717500
223500,2716500
223500,2715500
223500,2714500
223500,2713500
223500,2712500
223500,2711500
223500,2710500
223500,2709500
223500,2708500
223500,2707500
223500,2706500
223500,2705500
223500,2704500
223500,2703500
223500,2702500
223500,2701500
223500,2700500
223500,2699500
223500,2698500
223500,2697500
223500,2696500
223500,2695500
223500,2694500
223500,2693500
223500,2692500
223500,2691500
223500,2690500
223500,2689500
223500,2688500
223500,2687500
223500,2686500
223500,2685500
223500,2684500
223500,2683500
223500,2682500
223500,2681500
223500,2680500
223500,2679500
223500,2678500
223500,2677500
223500,2676500
223500,2675500
223500,2674500
223500,2673500
223500,2672500
223500,2671500
223500,2670500
223500,2669500
223500,2668500
223500,2667500
223500,2666500
223500,2665500
223500,2664500
223500,2663500
223500,2662500
223500,2661500
223500,2660500
223500,2659500
223500,2658500
223500,2657500
223500,2656500
223500,2655500
223500,2654500
223500,2653500
223500,2652500
223500,2651500
223500,2650500
223500,2649500
223500,2648500
223500,2647500
223500,2646500
223500,2645500
223500,2644500
223500,2643500
223500,2642500
223500,2641500
223500,2640500
223500,2639500
223500,2638500
223500,2637500
223500,2636500
223500,2635500
223500,2634500
223500,2633500
223500,2632500
223500,2631500
223500,2630500
223500,2629500
223500,2628500
223500,2627500
223500,2626500
223500,2625500
223500,2624500
223500,2623500
223500,2622500
223500,2621500
223500,2620500
223500,2619500
223500,2618500
223500,2617500
223500,2616500
223500,2615500
223500,2614500
223500,2613500
223500,2612500
223500,2611500
223500,2610500
223500,2609500
223500,2608500
223500,2607500
223500,2606500
223500,2605500
223500,2604500
223500,2603500
223500,2602500
223500,2601500
223500,2600500
223500,2599500
223500,2598500
223500,2597500
223500,2596500
223500,2595500
223500,2594500
223500,2593500
223500,2592500
223500,2591500
223500,2590500
223500,2589500
223500,2588500
223500,2587500
223500,2586500
223500,2585500
223500,2584500
223500,2583500
223500,2582500
223500,2581500
223500,2580500
223500,2579500
223500,2578500
223500,2577500
223500,2576500
223500,2575500
223500,2574500
223500,2573500
223500,2572500
223500,2571500
223500,2570500
223500,2569500
223500,2568500
223500,2567500
223500,2566500
223500,2565500
223500,2564500
223500,2563500
223500,2562500
223500,2561500
223500,2560500
223500,2559500
223500,2558500
223500,2557500
223500,2556500
223500,2555500
223500,2554500
223500,2553500
223500,2552500
223500,2551500
223500,2550500
223500,2549500
223500,2548500
223500,2547500
223500,2546500
223500,2545500
223500,2544500
223500,2543500
223500,2542500
223500,2541500
223500,2540500
223500,2539500
223500,2538500
223500,2537500
223500,2536500
223500,2535500
223500,2534500
223500,2533500
223500,2532500
223500,2531500
223500,2530500
223500,2529500
223500,2528500
223500,2527500
223500,2526500
223500,2525500
223500,2524500
223500,2523500
223500,2522500
223500,2521500
223500,2520500
223500,2519500
223500,2518500
223500,2517500
223500,2516500
223500,2515500
223500,2514500
223500,2513500
223500,2512500
223500,2511500
223500,2510500
223500,2509500
223500,2508500
223500,2507500
223500,2506500
223500,2505500
223500,2504500
223500,2503500
223500,2502500
223500,2501500
223500,2500500
223500,2499500
223500,2498500
223500,2497500
223500,2496500
223500,2495500
223500,2494500
223500,2493500
223500,2492500
223500,2491500
223500,2490500
223500,2489500
223500,2488500
223500,2487500
223500,2486500
223500,2485500
223500,2484500
223500,2483500
223500,2482500
223500,2481500
223500,2480500
223500,2479500
223500,2478500
223500,2477500
223500,2476500
223500,2475500
223500,2474500
223500,2473500
223500,2472500
223500,2471500
223500,2470500
223500,2469500
223500,2468500
223500,2467500
223500,2466500
223500,2465500
223500,2464500
223500,2463500
223500,2462500
223500,2461500
223500,2460500
223500,2459500
223500,2458500
223500,2457500
223500,2456500
223500,2455500
223500,2454500
223500,2453500
223500,2452500
223500,2451500
223500,2450500
223500,2449500
223500,2448500
223500,2447500
223500,2446500
223500,2445500
223500,2444500
223500,2443500
223500,2442500
223500,2441500
223500,2440500
223500,2439500
223500,2438500
223500,2437500
223500,2436500
223500,2435500
223500,2434500
223500,2433500
223500,2432500
223500,2431500
223500,2430500
223500,2429500
223500,2428500
223500,2427500
223500,2426500
223500,2425500
223500,2424500
222500,2723500
222500,2722500
222500,2721500
222500,2720500
222500,2719500
222500,2718500
222500,2717500
222500,2716500
222500,2715500
222500,2714500
222500,2713500
222500,2712500
222500,2711500
222500,2710500
222500,2709500
222500,2708500
222500,2707500
222500,2706500
222500,2705500
222500,2704500
222500,2703500
222500,2702500
222500,2701500
222500,2700500
222500,2699500
222500,2698500
222500,2697500
222500,2696500
222500,2695500
222500,2694500
222500,2693500
222500,2692500
222500,2691500
222500,2690500
222500,2689500
222500,2688500
222500,2687500
222500,2686500
222500,2685500
222500,2684500
222500,2683500
222500,2682500
222500,2681500
222500,2680500
222500,2679500
222500,2678500
222500,2677500
222500,2676500
222500,2675500
222500,2674500
222500,2673500
222500,2672500
222500,2671500
222500,2670500
222500,2669500
222500,2668500
222500,2667500
222500,2666500
222500,2665500
222500,2664500
222500,2663500
222500,2662500
222500,2661500
222500,2660500
222500,2659500
222500,2658500
222500,2657500
222500,2656500
222500,2655500
222500,2654500
222500,2653500
222500,2652500
222500,2651500
222500,2650500
222500,2649500
222500,2648500
222500,2647500
222500,2646500
222500,2645500
222500,2644500
222500,2643500
222500,2642500
222500,2641500
222500,2640500
222500,2639500
222500,2638500
222500,2637500
222500,2636500
222500,2635500
222500,2634500
222500,2633500
222500,2632500
222500,2631500
222500,2630500
222500,2629500
222500,2628500
222500,2627500
222500,2626500
222500,2625500
222500,2624500
222500,2623500
222500,2622500
222500,2621500
222500,2620500
222500,2619500
222500,2618500
222500,2617500
222500,2616500
222500,2615500
222500,2614500
222500,2613500
222500,2612500
222500,2611500
222500,2610500
222500,2609500
222500,2608500
222500,2607500
222500,2606500
222500,2605500
222500,2604500
222500,2603500
222500,2602500
222500,2601500
222500,2600500
222500,2599500
222500,2598500
222500,2597500
222500,2596500
222500,2595500
222500,2594500
222500,2593500
222500,2592500
222500,2591500
222500,2590500
222500,2589500
222500,2588500
222500,2587500
222500,2586500
222500,2585500
222500,2584500
222500,2583500
222500,2582500
222500,2581500
222500,2580500
222500,2579500
222500,2578500
222500,2577500
222500,2576500
222500,2575500
222500,2574500
222500,2573500
222500,2572500
222500,2571500
222500,2570500
222500,2569500
222500,2568500
222500,2567500
222500,2566500
222500,2565500
222500,2564500
222500,2563500
222500,2562500
222500,2561500
222500,2560500
222500,2559500
222500,2558500
222500,2557500
222500,2556500
222500,2555500
222500,2554500
222500,2553500
222500,2552500
222500,2551500
222500,2550500
222500,2549500
222500,2548500
222500,2547500
222500,2546500
222500,2545500
222500,2544500
222500,2543500
222500,2542500
222500,2541500
222500,2540500
222500,2539500
222500,2538500
222500,2537500
222500,2536500
222500,2535500
222500,2534500
222500,2533500
222500,2532500
222500,2531500
222500,2530500
222500,2529500
222500,2528500
222500,2527500
222500,2526500
222500,2525500
222500,2524500
222500,2523500
222500,2522500
222500,2521500
222500,2520500
222500,2519500
222500,2518500
222500,2517500
222500,2516500
222500,2515500
222500,2514500
222500,2513500
222500,2512500
222500,2511500
222500,2510500
222500,2509500
222500,2508500
222500,2507500
222500,2506500
222500,2505500
222500,2504500
222500,2503500
222500,2502500
222500,2501500
222500,2500500
222500,2499500
222500,2498500
222500,2497500
222500,2496500
222500,2495500
222500,2494500
222500,2493500
222500,2492500
222500,2491500
222500,2490500
222500,2489500
222500,2488500
222500,2487500
222500,2486500
222500,2485500
222500,2484500
222500,2483500
222500,2482500
222500,2481500
222500,2480500
222500,2479500
222500,2478500
222500,2477500
222500,2476500
222500,2475500
222500,2474500
222500,2473500
222500,2472500
222500,2471500
222500,2470500
222500,2469500
222500,2468500
222500,2467500
222500,2466500
222500,2465500
222500,2464500
222500,2463500
222500,2462500
222500,2461500
222500,2460500
222500,2459500
222500,2458500
222500,2457500
222500,2456500
222500,2455500
222500,2454500
222500,2453500
222500,2452500
222500,2451500
222500,2450500
222500,2449500
222500,2448500
222500,2447500
222500,2446500
222500,2445500
222500,2444500
222500,2443500
222500,2442500
222500,2441500
222500,2440500
222500,2439500
222500,2438500
222500,2437500
222500,2436500
222500,2435500
222500,2434500
222500,2433500
222500,2432500
222500,2431500
222500,2430500
222500,2429500
222500,2428500
222500,2427500
222500,2426500
222500,2425500
222500,2424500
221500,2722500
221500,2721500
221500,2720500
221500,2719500
221500,2718500
221500,2717500
221500,2716500
221500,2715500
221500,2714500
221500,2713500
221500,2712500
221500,2711500
221500,2710500
221500,2709500
221500,2708500
221500,2707500
221500,2706500
221500,2705500
221500,2704500
221500,2703500
221500,2702500
221500,2701500
221500,2700500
221500,2699500
221500,2698500
221500,2697500
221500,2696500
221500,2695500
221500,2694500
221500,2693500
221500,2692500
221500,2691500
221500,2690500
221500,2689500
221500,2688500
221500,2687500
221500,2686500
221500,2685500
221500,2684500
221500,2683500
221500,2682500
221500,2681500
221500,2680500
221500,2679500
221500,2678500
221500,2677500
221500,2676500
221500,2675500
221500,2674500
221500,2673500
221500,2672500
221500,2671500
221500,2670500
221500,2669500
221500,2668500
221500,2667500
221500,2666500
221500,2665500
221500,2664500
221500,2663500
221500,2662500
221500,2661500
221500,2660500
221500,2659500
221500,2658500
221500,2657500
221500,2656500
221500,2655500
221500,2654500
221500,2653500
221500,2652500
221500,2651500
221500,2650500
221500,2649500
221500,2648500
221500,2647500
221500,2646500
221500,2645500
221500,2644500
221500,2643500
221500,2642500
221500,2641500
221500,2640500
221500,2639500
221500,2638500
221500,2637500
221500,2636500
221500,2635500
221500,2634500
221500,2633500
221500,2632500
221500,2631500
221500,2630500
221500,2629500
221500,2628500
221500,2627500
221500,2626500
221500,2625500
221500,2624500
221500,2623500
221500,2622500
221500,2621500
221500,2620500
221500,2619500
221500,2618500
221500,2617500
221500,2616500
221500,2615500
221500,2614500
221500,2613500
221500,2612500
221500,2611500
221500,2610500
221500,2609500
221500,2608500
221500,2607500
221500,2606500
221500,2605500
221500,2604500
221500,2603500
221500,2602500
221500,2601500
221500,2600500
221500,2599500
221500,2598500
221500,2597500
221500,2596500
221500,2595500
221500,2594500
221500,2593500
221500,2592500
221500,2591500
221500,2590500
221500,2589500
221500,2588500
221500,2587500
221500,2586500
221500,2585500
221500,2584500
221500,2583500
221500,2582500
221500,2581500
221500,2580500
221500,2579500
221500,2578500
221500,2577500
221500,2576500
221500,2575500
221500,2574500
221500,2573500
221500,2572500
221500,2571500
221500,2570500
221500,2569500
221500,2568500
221500,2567500
221500,2566500
221500,2565500
221500,2564500
221500,2563500
221500,2562500
221500,2561500
221500,2560500
221500,2559500
221500,2558500
221500,2557500
221500,2556500
221500,2555500
221500,2554500
221500,2553500
221500,2552500
221500,2551500
221500,2550500
221500,2549500
221500,2548500
221500,2547500
221500,2546500
221500,2545500
221500,2544500
221500,2543500
221500,2542500
221500,2541500
221500,2540500
221500,2539500
221500,2538500
221500,2537500
221500,2536500
221500,2535500
221500,2534500
221500,2533500
221500,2532500
221500,2531500
221500,2530500
221500,2529500
221500,2528500
221500,2527500
221500,2526500
221500,2525500
221500,2524500
221500,2523500
221500,2522500
221500,2521500
221500,2520500
221500,2519500
221500,2518500
221500,2517500
221500,2516500
221500,2515500
221500,2514500
221500,2513500
221500,2512500
221500,2511500
221500,2510500
221500,2509500
221500,2508500
221500,2507500
221500,2506500
221500,2505500
221500,2504500
221500,2503500
221500,2502500
221500,2501500
221500,2500500
221500,2499500
221500,2498500
221500,2497500
221500,2496500
221500,2495500
221500,2494500
221500,2493500
221500,2492500
221500,2491500
221500,2490500
221500,2489500
221500,2488500
221500,2487500
221500,2486500
221500,2485500
221500,2484500
221500,2483500
221500,2482500
221500,2481500
221500,2480500
221500,2479500
221500,2478500
221500,2477500
221500,2476500
221500,2475500
221500,2474500
221500,2473500
221500,2472500
221500,2471500
221500,2470500
221500,2469500
221500,2468500
221500,2467500
221500,2466500
221500,2465500
221500,2464500
221500,2463500
221500,2462500
221500,2461500
221500,2460500
221500,2459500
221500,2458500
221500,2457500
221500,2456500
221500,2455500
221500,2454500
221500,2453500
221500,2452500
221500,2451500
221500,2450500
221500,2449500
221500,2448500
221500,2447500
221500,2446500
221500,2445500
221500,2444500
221500,2443500
221500,2442500
221500,2441500
221500,2440500
221500,2439500
221500,2438500
221500,2437500
221500,2436500
221500,2435500
221500,2434500
221500,2433500
221500,2432500
221500,2431500
221500,2430500
221500,2429500
221500,2428500
221500,2427500
221500,2426500
221500,2425500
221500,2424500
220500,2720500
220500,2719500
220500,2718500
220500,2717500
220500,2716500
220500,2715500
220500,2714500
220500,2713500
220500,2712500
220500,2711500
220500,2710500
220500,2709500
220500,2708500
220500,2707500
220500,2706500
220500,2705500
220500,2704500
220500,2703500
220500,2702500
220500,2701500
220500,2700500
220500,2699500
220500,2698500
220500,2697500
220500,2696500
220500,2695500
220500,2694500
220500,2693500
220500,2692500
220500,2691500
220500,2690500
220500,2689500
220500,2688500
220500,2687500
220500,2686500
220500,2685500
220500,2684500
220500,2683500
220500,2682500
220500,2681500
220500,2680500
220500,2679500
220500,2678500
220500,2677500
220500,2676500
220500,2675500
220500,2674500
220500,2673500
220500,2672500
220500,2671500
220500,2670500
220500,2669500
220500,2668500
220500,2667500
220500,2666500
220500,2665500
220500,2664500
220500,2663500
220500,2662500
220500,2661500
220500,2660500
220500,2659500
220500,2658500
220500,2657500
220500,2656500
220500,2655500
220500,2654500
220500,2653500
220500,2652500
220500,2651500
220500,2650500
220500,2649500
220500,2648500
220500,2647500
220500,2646500
220500,2645500
220500,2644500
220500,2643500
220500,2642500
220500,2641500
220500,2640500
220500,2639500
220500,2638500
220500,2637500
220500,2636500
220500,2635500
220500,2634500
220500,2633500
220500,2632500
220500,2631500
220500,2630500
220500,2629500
220500,2628500
220500,2627500
220500,2626500
220500,2625500
220500,2624500
220500,2623500
220500,2622500
220500,2621500
220500,2620500
220500,2619500
220500,2618500
220500,2617500
220500,2616500
220500,2615500
220500,2614500
220500,2613500
220500,2612500
220500,2611500
220500,2610500
220500,2609500
220500,2608500
220500,2607500
220500,2606500
220500,2605500
220500,2604500
220500,2603500
220500,2602500
220500,2601500
220500,2600500
220500,2599500
220500,2598500
220500,2597500
220500,2596500
220500,2595500
220500,2594500
220500,2593500
220500,2592500
220500,2591500
220500,2590500
220500,2589500
220500,2588500
220500,2587500
220500,2586500
220500,2585500
220500,2584500
220500,2583500
220500,2582500
220500,2581500
220500,2580500
220500,2579500
220500,2578500
220500,2577500
220500,2576500
220500,2575500
220500,2574500
220500,2573500
220500,2572500
220500,2571500
220500,2570500
220500,2569500
220500,2568500
220500,2567500
220500,2566500
220500,2565500
220500,2564500
220500,2563500
220500,2562500
220500,2561500
220500,2560500
220500,2559500
220500,2558500
220500,2557500
220500,2556500
220500,2555500
220500,2554500
220500,2553500
220500,2552500
220500,2551500
220500,2550500
220500,2549500
220500,2548500
220500,2547500
220500,2546500
220500,2545500
220500,2544500
220500,2543500
220500,2542500
220500,2541500
220500,2540500
220500,2539500
220500,2538500
220500,2537500
220500,2536500
220500,2535500
220500,2534500
220500,2533500
220500,2532500
220500,2531500
220500,2530500
220500,2529500
220500,2528500
220500,2527500
220500,2526500
220500,2525500
220500,2524500
220500,2523500
220500,2522500
220500,2521500
220500,2520500
220500,2519500
220500,2518500
220500,2517500
220500,2516500
220500,2515500
220500,2514500
220500,2513500
220500,2512500
220500,2511500
220500,2510500
220500,2509500
220500,2508500
220500,2507500
220500,2506500
220500,2505500
220500,2504500
220500,2503500
220500,2502500
220500,2501500
220500,2500500
220500,2499500
220500,2498500
220500,2497500
220500,2496500
220500,2495500
220500,2494500
220500,2493500
220500,2492500
220500,2491500
220500,2490500
220500,2489500
220500,2488500
220500,2487500
220500,2486500
220500,2485500
220500,2484500
220500,2483500
220500,2482500
220500,2481500
220500,2480500
220500,2479500
220500,2478500
220500,2477500
220500,2476500
220500,2475500
220500,2474500
220500,2473500
220500,2472500
220500,2471500
220500,2470500
220500,2469500
220500,2468500
220500,2467500
220500,2466500
220500,2465500
220500,2464500
220500,2463500
220500,2462500
220500,2461500
220500,2460500
220500,2459500
220500,2458500
220500,2457500
220500,2456500
220500,2455500
220500,2454500
220500,2453500
220500,2452500
220500,2451500
220500,2450500
220500,2449500
220500,2448500
220500,2447500
220500,2446500
220500,2445500
220500,2444500
220500,2443500
220500,2442500
220500,2441500
220500,2440500
220500,2439500
220500,2438500
220500,2437500
220500,2436500
220500,2435500
220500,2434500
220500,2433500
220500,2432500
220500,2431500
220500,2430500
220500,2429500
220500,2428500
220500,2427500
220500,2426500
220500,2425500
219500,2718500
219500,2717500
219500,2716500
219500,2715500
219500,2714500
219500,2713500
219500,2712500
219500,2711500
219500,2710500
219500,2709500
219500,2708500
219500,2707500
219500,2706500
219500,2705500
219500,2704500
219500,2703500
219500,2702500
219500,2701500
219500,2700500
219500,2699500
219500,2698500
219500,2697500
219500,2696500
219500,2695500
219500,2694500
219500,2693500
219500,2692500
219500,2691500
219500,2690500
219500,2689500
219500,2688500
219500,2687500
219500,2686500
219500,2685500
219500,2684500
219500,2683500
219500,2682500
219500,2681500
219500,2680500
219500,2679500
219500,2678500
219500,2677500
219500,2676500
219500,2675500
219500,2674500
219500,2673500
219500,2672500
219500,2671500
219500,2670500
219500,2669500
219500,2668500
219500,2667500
219500,2666500
219500,2665500
219500,2664500
219500,2663500
219500,2662500
219500,2661500
219500,2660500
219500,2659500
219500,2658500
219500,2657500
219500,2656500
219500,2655500
219500,2654500
219500,2653500
219500,2652500
219500,2651500
219500,2650500
219500,2649500
219500,2648500
219500,2647500
219500,2646500
219500,2645500
219500,2644500
219500,2643500
219500,2642500
219500,2641500
219500,2640500
219500,2639500
219500,2638500
219500,2637500
219500,2636500
219500,2635500
219500,2634500
219500,2633500
219500,2632500
219500,2631500
219500,2630500
219500,2629500
219500,2628500
219500,2627500
219500,2626500
219500,2625500
219500,2624500
219500,2623500
219500,2622500
219500,2621500
219500,2620500
219500,2619500
219500,2618500
219500,2617500
219500,2616500
219500,2615500
219500,2614500
219500,2613500
219500,2612500
219500,2611500
219500,2610500
219500,2609500
219500,2608500
219500,2607500
219500,2606500
219500,2605500
219500,2604500
219500,2603500
219500,2602500
219500,2601500
219500,2600500
219500,2599500
219500,2598500
219500,2597500
219500,2596500
219500,2595500
219500,2594500
219500,2593500
219500,2592500
219500,2591500
219500,2590500
219500,2589500
219500,2588500
219500,2587500
219500,2586500
219500,2585500
219500,2584500
219500,2583500
219500,2582500
219500,2581500
219500,2580500
219500,2579500
219500,2578500
219500,2577500
219500,2576500
219500,2575500
219500,2574500
219500,2573500
219500,2572500
219500,2571500
219500,2570500
219500,2569500
219500,2568500
219500,2567500
219500,2566500
219500,2565500
219500,2564500
219500,2563500
219500,2562500
219500,2561500
219500,2560500
219500,2559500
219500,2558500
219500,2557500
219500,2556500
219500,2555500
219500,2554500
219500,2553500
219500,2552500
219500,2551500
219500,2550500
219500,2549500
219500,2548500
219500,2547500
219500,2546500
219500,2545500
219500,2544500
219500,2543500
219500,2542500
219500,2541500
219500,2540500
219500,2539500
219500,2538500
219500,2537500
219500,2536500
219500,2535500
219500,2534500
219500,2533500
219500,2532500
219500,2531500
219500,2530500
219500,2529500
219500,2528500
219500,2527500
219500,2526500
219500,2525500
219500,2524500
219500,2523500
219500,2522500
219500,2521500
219500,2520500
219500,2519500
219500,2518500
219500,2517500
219500,2516500
219500,2515500
219500,2514500
219500,2513500
219500,2512500
219500,2511500
219500,2510500
219500,2509500
219500,2508500
219500,2507500
219500,2506500
219500,2505500
219500,2504500
219500,2503500
219500,2502500
219500,2501500
219500,2500500
219500,2499500
219500,2498500
219500,2497500
219500,2496500
219500,2495500
219500,2494500
219500,2493500
219500,2492500
219500,2491500
219500,2490500
219500,2489500
219500,2488500
219500,2487500
219500,2486500
219500,2485500
219500,2484500
219500,2483500
219500,2482500
219500,2481500
219500,2480500
219500,2479500
219500,2478500
219500,2477500
219500,2476500
219500,2475500
219500,2474500
219500,2473500
219500,2472500
219500,2471500
219500,2470500
219500,2469500
219500,2468500
219500,2467500
219500,2466500
219500,2465500
219500,2464500
219500,2463500
219500,2462500
219500,2461500
219500,2460500
219500,2459500
219500,2458500
219500,2457500
219500,2456500
219500,2455500
219500,2454500
219500,2453500
219500,2452500
219500,2451500
219500,2450500
219500,2449500
219500,2448500
219500,2447500
219500,2443500
219500,2442500
219500,2441500
219500,2440500
219500,2439500
219500,2438500
219500,2437500
219500,2436500
219500,2435500
219500,2434500
219500,2433500
219500,2432500
218500,2715500
218500,2714500
218500,2713500
218500,2712500
218500,2711500
218500,2710500
218500,2709500
218500,2708500
218500,2707500
218500,2706500
218500,2705500
218500,2704500
218500,2703500
218500,2702500
218500,2701500
218500,2700500
218500,2699500
218500,2698500
218500,2697500
218500,2696500
218500,2695500
218500,2694500
218500,2693500
218500,2692500
218500,2691500
218500,2690500
218500,2689500
218500,2688500
218500,2687500
218500,2686500
218500,2685500
218500,2684500
218500,2683500
218500,2682500
218500,2681500
218500,2680500
218500,2679500
218500,2678500
218500,2677500
218500,2676500
218500,2675500
218500,2674500
218500,2673500
218500,2672500
218500,2671500
218500,2670500
218500,2669500
218500,2668500
218500,2667500
218500,2666500
218500,2665500
218500,2664500
218500,2663500
218500,2662500
218500,2661500
218500,2660500
218500,2659500
218500,2658500
218500,2657500
218500,2656500
218500,2655500
218500,2654500
218500,2653500
218500,2652500
218500,2651500
218500,2650500
218500,2649500
218500,2648500
218500,2647500
218500,2646500
218500,2645500
218500,2644500
218500,2643500
218500,2642500
218500,2641500
218500,2640500
218500,2639500
218500,2638500
218500,2637500
218500,2636500
218500,2635500
218500,2634500
218500,2633500
218500,2632500
218500,2631500
218500,2630500
218500,2629500
218500,2628500
218500,2627500
218500,2626500
218500,2625500
218500,2624500
218500,2623500
218500,2622500
218500,2621500
218500,2620500
218500,2619500
218500,2618500
218500,2617500
218500,2616500
218500,2615500
218500,2614500
218500,2613500
218500,2612500
218500,2611500
218500,2610500
218500,2609500
218500,2608500
218500,2607500
218500,2606500
218500,2605500
218500,2604500
218500,2603500
218500,2602500
218500,2601500
218500,2600500
218500,2599500
218500,2598500
218500,2597500
218500,2596500
218500,2595500
218500,2594500
218500,2593500
218500,2592500
218500,2591500
218500,2590500
218500,2589500
218500,2588500
218500,2587500
218500,2586500
218500,2585500
218500,2584500
218500,2583500
218500,2582500
218500,2581500
218500,2580500
218500,2579500
218500,2578500
218500,2577500
218500,2576500
218500,2575500
218500,2574500
218500,2573500
218500,2572500
218500,2571500
218500,2570500
218500,2569500
218500,2568500
218500,2567500
218500,2566500
218500,2565500
218500,2564500
218500,2563500
218500,2562500
218500,2561500
218500,2560500
218500,2559500
218500,2558500
218500,2557500
218500,2556500
218500,2555500
218500,2554500
218500,2553500
218500,2552500
218500,2551500
218500,2550500
218500,2549500
218500,2548500
218500,2547500
218500,2546500
218500,2545500
218500,2544500
218500,2543500
218500,2542500
218500,2541500
218500,2540500
218500,2539500
218500,2538500
218500,2537500
218500,2536500
218500,2535500
218500,2534500
218500,2533500
218500,2532500
218500,2531500
218500,2530500
218500,2529500
218500,2528500
218500,2527500
218500,2526500
218500,2525500
218500,2524500
218500,2523500
218500,2522500
218500,2521500
218500,2520500
218500,2519500
218500,2518500
218500,2517500
218500,2516500
218500,2515500
218500,2514500
218500,2513500
218500,2512500
218500,2511500
218500,2510500
218500,2509500
218500,2508500
218500,2507500
218500,2506500
218500,2505500
218500,2504500
218500,2503500
218500,2502500
218500,2501500
218500,2500500
218500,2499500
218500,2498500
218500,2497500
218500,2496500
218500,2495500
218500,2494500
218500,2493500
218500,2492500
218500,2491500
218500,2490500
218500,2489500
218500,2488500
218500,2487500
218500,2486500
218500,2485500
218500,2484500
218500,2483500
218500,2482500
218500,2481500
218500,2480500
218500,2479500
218500,2478500
218500,2477500
218500,2476500
218500,2475500
218500,2474500
218500,2473500
218500,2472500
218500,2471500
218500,2470500
218500,2469500
218500,2468500
218500,2467500
218500,2466500
218500,2465500
218500,2464500
218500,2463500
218500,2462500
218500,2461500
218500,2460500
218500,2459500
218500,2458500
218500,2457500
218500,2456500
218500,2455500
218500,2454500
218500,2453500
218500,2452500
218500,2451500
218500,2450500
218500,2449500
218500,2448500
218500,2442500
218500,2439500
218500,2438500
218500,2437500
218500,2436500
218500,2435500
218500,2434500
218500,2433500
217500,2712500
217500,2711500
217500,2710500
217500,2709500
217500,2708500
217500,2707500
217500,2706500
217500,2705500
217500,2704500
217500,2703500
217500,2702500
217500,2701500
217500,2700500
217500,2699500
217500,2698500
217500,2697500
217500,2696500
217500,2695500
217500,2694500
217500,2693500
217500,2692500
217500,2691500
217500,2690500
217500,2689500
217500,2688500
217500,2687500
217500,2686500
217500,2685500
217500,2684500
217500,2683500
217500,2682500
217500,2681500
217500,2680500
217500,2679500
217500,2678500
217500,2677500
217500,2676500
217500,2675500
217500,2674500
217500,2673500
217500,2672500
217500,2671500
217500,2670500
217500,2669500
217500,2668500
217500,2667500
217500,2666500
217500,2665500
217500,2664500
217500,2663500
217500,2662500
217500,2661500
217500,2660500
217500,2659500
217500,2658500
217500,2657500
217500,2656500
217500,2655500
217500,2654500
217500,2653500
217500,2652500
217500,2651500
217500,2650500
217500,2649500
217500,2648500
217500,2647500
217500,2646500
217500,2645500
217500,2644500
217500,2643500
217500,2642500
217500,2641500
217500,2640500
217500,2639500
217500,2638500
217500,2637500
217500,2636500
217500,2635500
217500,2634500
217500,2633500
217500,2632500
217500,2631500
217500,2630500
217500,2629500
217500,2628500
217500,2627500
217500,2626500
217500,2625500
217500,2624500
217500,2623500
217500,2622500
217500,2621500
217500,2620500
217500,2619500
217500,2618500
217500,2617500
217500,2616500
217500,2615500
217500,2614500
217500,2613500
217500,2612500
217500,2611500
217500,2610500
217500,2609500
217500,2608500
217500,2607500
217500,2606500
217500,2605500
217500,2604500
217500,2603500
217500,2602500
217500,2601500
217500,2600500
217500,2599500
217500,2598500
217500,2597500
217500,2596500
217500,2595500
217500,2594500
217500,2593500
217500,2592500
217500,2591500
217500,2590500
217500,2589500
217500,2588500
217500,2587500
217500,2586500
217500,2585500
217500,2584500
217500,2583500
217500,2582500
217500,2581500
217500,2580500
217500,2579500
217500,2578500
217500,2577500
217500,2576500
217500,2575500
217500,2574500
217500,2573500
217500,2572500
217500,2571500
217500,2570500
217500,2569500
217500,2568500
217500,2567500
217500,2566500
217500,2565500
217500,2564500
217500,2563500
217500,2562500
217500,2561500
217500,2560500
217500,2559500
217500,2558500
217500,2557500
217500,2556500
217500,2555500
217500,2554500
217500,2553500
217500,2552500
217500,2551500
217500,2550500
217500,2549500
217500,2548500
217500,2547500
217500,2546500
217500,2545500
217500,2544500
217500,2543500
217500,2542500
217500,2541500
217500,2540500
217500,2539500
217500,2538500
217500,2537500
217500,2536500
217500,2535500
217500,2534500
217500,2533500
217500,2532500
217500,2531500
217500,2530500
217500,2529500
217500,2528500
217500,2527500
217500,2526500
217500,2525500
217500,2524500
217500,2523500
217500,2522500
217500,2521500
217500,2520500
217500,2519500
217500,2518500
217500,2517500
217500,2516500
217500,2515500
217500,2514500
217500,2513500
217500,2512500
217500,2511500
217500,2510500
217500,2509500
217500,2508500
217500,2507500
217500,2506500
217500,2505500
217500,2504500
217500,2503500
217500,2502500
217500,2501500
217500,2500500
217500,2499500
217500,2498500
217500,2497500
217500,2496500
217500,2495500
217500,2494500
217500,2493500
217500,2492500
217500,2491500
217500,2490500
217500,2489500
217500,2488500
217500,2487500
217500,2486500
217500,2485500
217500,2484500
217500,2483500
217500,2482500
217500,2481500
217500,2480500
217500,2479500
217500,2478500
217500,2477500
217500,2476500
217500,2475500
217500,2474500
217500,2473500
217500,2472500
217500,2471500
217500,2470500
217500,2469500
217500,2468500
217500,2467500
217500,2466500
217500,2465500
217500,2464500
217500,2463500
217500,2462500
217500,2461500
217500,2460500
217500,2459500
217500,2458500
217500,2457500
217500,2456500
217500,2455500
217500,2454500
217500,2437500
217500,2436500
217500,2435500
216500,2711500
216500,2710500
216500,2709500
216500,2708500
216500,2707500
216500,2706500
216500,2705500
216500,2704500
216500,2703500
216500,2702500
216500,2701500
216500,2700500
216500,2699500
216500,2698500
216500,2697500
216500,2696500
216500,2695500
216500,2694500
216500,2693500
216500,2692500
216500,2691500
216500,2690500
216500,2689500
216500,2688500
216500,2687500
216500,2686500
216500,2685500
216500,2684500
216500,2683500
216500,2682500
216500,2681500
216500,2680500
216500,2679500
216500,2678500
216500,2677500
216500,2676500
216500,2675500
216500,2674500
216500,2673500
216500,2672500
216500,2671500
216500,2670500
216500,2669500
216500,2668500
216500,2667500
216500,2666500
216500,2665500
216500,2664500
216500,2663500
216500,2662500
216500,2661500
216500,2660500
216500,2659500
216500,2658500
216500,2657500
216500,2656500
216500,2655500
216500,2654500
216500,2653500
216500,2652500
216500,2651500
216500,2650500
216500,2649500
216500,2648500
216500,2647500
216500,2646500
216500,2645500
216500,2644500
216500,2643500
216500,2642500
216500,2641500
216500,2640500
216500,2639500
216500,2638500
216500,2637500
216500,2636500
216500,2635500
216500,2634500
216500,2633500
216500,2632500
216500,2631500
216500,2630500
216500,2629500
216500,2628500
216500,2627500
216500,2626500
216500,2625500
216500,2624500
216500,2623500
216500,2622500
216500,2621500
216500,2620500
216500,2619500
216500,2618500
216500,2617500
216500,2616500
216500,2615500
216500,2614500
216500,2613500
216500,2612500
216500,2611500
216500,2610500
216500,2609500
216500,2608500
216500,2607500
216500,2606500
216500,2605500
216500,2604500
216500,2603500
216500,2602500
216500,2601500
216500,2600500
216500,2599500
216500,2598500
216500,2597500
216500,2596500
216500,2595500
216500,2594500
216500,2593500
216500,2592500
216500,2591500
216500,2590500
216500,2589500
216500,2588500
216500,2587500
216500,2586500
216500,2585500
216500,2584500
216500,2583500
216500,2582500
216500,2581500
216500,2580500
216500,2579500
216500,2578500
216500,2577500
216500,2576500
216500,2575500
216500,2574500
216500,2573500
216500,2572500
216500,2571500
216500,2570500
216500,2569500
216500,2568500
216500,2567500
216500,2566500
216500,2565500
216500,2564500
216500,2563500
216500,2562500
216500,2561500
216500,2560500
216500,2559500
216500,2558500
216500,2557500
216500,2556500
216500,2555500
216500,2554500
216500,2553500
216500,2552500
216500,2551500
216500,2550500
216500,2549500
216500,2548500
216500,2547500
216500,2546500
216500,2545500
216500,2544500
216500,2543500
216500,2542500
216500,2541500
216500,2540500
216500,2539500
216500,2538500
216500,2537500
216500,2536500
216500,2535500
216500,2534500
216500,2533500
216500,2532500
216500,2531500
216500,2530500
216500,2529500
216500,2528500
216500,2527500
216500,2526500
216500,2525500
216500,2524500
216500,2523500
216500,2522500
216500,2521500
216500,2520500
216500,2519500
216500,2518500
216500,2517500
216500,2516500
216500,2515500
216500,2514500
216500,2513500
216500,2512500
216500,2511500
216500,2510500
216500,2509500
216500,2508500
216500,2507500
216500,2506500
216500,2505500
216500,2504500
216500,2503500
216500,2502500
216500,2501500
216500,2500500
216500,2499500
216500,2498500
216500,2497500
216500,2496500
216500,2495500
216500,2494500
216500,2493500
216500,2492500
216500,2491500
216500,2490500
216500,2489500
216500,2488500
216500,2487500
216500,2486500
216500,2485500
216500,2484500
216500,2483500
216500,2482500
216500,2481500
216500,2480500
216500,2479500
216500,2478500
216500,2477500
216500,2476500
216500,2475500
216500,2474500
216500,2473500
216500,2472500
216500,2471500
216500,2470500
216500,2469500
216500,2468500
216500,2467500
216500,2466500
216500,2465500
216500,2464500
216500,2463500
216500,2462500
216500,2461500
216500,2460500
216500,2459500
216500,2458500
216500,2457500
215500,2708500
215500,2707500
215500,2706500
215500,2705500
215500,2704500
215500,2703500
215500,2702500
215500,2701500
215500,2700500
215500,2699500
215500,2698500
215500,2697500
215500,2696500
215500,2695500
215500,2694500
215500,2693500
215500,2692500
215500,2691500
215500,2690500
215500,2689500
215500,2688500
215500,2687500
215500,2686500
215500,2685500
215500,2684500
215500,2683500
215500,2682500
215500,2681500
215500,2680500
215500,2679500
215500,2678500
215500,2677500
215500,2676500
215500,2675500
215500,2674500
215500,2673500
215500,2672500
215500,2671500
215500,2670500
215500,2669500
215500,2668500
215500,2667500
215500,2666500
215500,2665500
215500,2664500
215500,2663500
215500,2662500
215500,2661500
215500,2660500
215500,2659500
215500,2658500
215500,2657500
215500,2656500
215500,2655500
215500,2654500
215500,2653500
215500,2652500
215500,2651500
215500,2650500
215500,2649500
215500,2648500
215500,2647500
215500,2646500
215500,2645500
215500,2644500
215500,2643500
215500,2642500
215500,2641500
215500,2640500
215500,2639500
215500,2638500
215500,2637500
215500,2636500
215500,2635500
215500,2634500
215500,2633500
215500,2632500
215500,2631500
215500,2630500
215500,2629500
215500,2628500
215500,2627500
215500,2626500
215500,2625500
215500,2624500
215500,2623500
215500,2622500
215500,2621500
215500,2620500
215500,2619500
215500,2618500
215500,2617500
215500,2616500
215500,2615500
215500,2614500
215500,2613500
215500,2612500
215500,2611500
215500,2610500
215500,2609500
215500,2608500
215500,2607500
215500,2606500
215500,2605500
215500,2604500
215500,2603500
215500,2602500
215500,2601500
215500,2600500
215500,2599500
215500,2598500
215500,2597500
215500,2596500
215500,2595500
215500,2594500
215500,2593500
215500,2592500
215500,2591500
215500,2590500
215500,2589500
215500,2588500
215500,2587500
215500,2586500
215500,2585500
215500,2584500
215500,2583500
215500,2582500
215500,2581500
215500,2580500
215500,2579500
215500,2578500
215500,2577500
215500,2576500
215500,2575500
215500,2574500
215500,2573500
215500,2572500
215500,2571500
215500,2570500
215500,2569500
215500,2568500
215500,2567500
215500,2566500
215500,2565500
215500,2564500
215500,2563500
215500,2562500
215500,2561500
215500,2560500
215500,2559500
215500,2558500
215500,2557500
215500,2556500
215500,2555500
215500,2554500
215500,2553500
215500,2552500
215500,2551500
215500,2550500
215500,2549500
215500,2548500
215500,2547500
215500,2546500
215500,2545500
215500,2544500
215500,2543500
215500,2542500
215500,2541500
215500,2540500
215500,2539500
215500,2538500
215500,2537500
215500,2536500
215500,2535500
215500,2534500
215500,2533500
215500,2532500
215500,2531500
215500,2530500
215500,2529500
215500,2528500
215500,2527500
215500,2526500
215500,2525500
215500,2524500
215500,2523500
215500,2522500
215500,2521500
215500,2520500
215500,2519500
215500,2518500
215500,2517500
215500,2516500
215500,2515500
215500,2514500
215500,2513500
215500,2512500
215500,2511500
215500,2510500
215500,2509500
215500,2508500
215500,2507500
215500,2506500
215500,2505500
215500,2504500
215500,2503500
215500,2502500
215500,2501500
215500,2500500
215500,2499500
215500,2498500
215500,2497500
215500,2496500
215500,2495500
215500,2494500
215500,2493500
215500,2492500
215500,2491500
215500,2490500
215500,2489500
215500,2488500
215500,2487500
215500,2486500
215500,2485500
215500,2484500
215500,2483500
215500,2482500
215500,2481500
215500,2480500
215500,2479500
215500,2478500
215500,2477500
215500,2476500
215500,2475500
215500,2474500
215500,2473500
215500,2472500
215500,2471500
215500,2470500
215500,2469500
215500,2468500
215500,2467500
215500,2466500
215500,2465500
215500,2464500
215500,2463500
215500,2462500
215500,2461500
215500,2460500
215500,2459500
214500,2707500
214500,2706500
214500,2705500
214500,2704500
214500,2703500
214500,2702500
214500,2701500
214500,2700500
214500,2699500
214500,2698500
214500,2697500
214500,2696500
214500,2695500
214500,2694500
214500,2693500
214500,2692500
214500,2691500
214500,2690500
214500,2689500
214500,2688500
214500,2687500
214500,2686500
214500,2685500
214500,2684500
214500,2683500
214500,2682500
214500,2681500
214500,2680500
214500,2679500
214500,2678500
214500,2677500
214500,2676500
214500,2675500
214500,2674500
214500,2673500
214500,2672500
214500,2671500
214500,2670500
214500,2669500
214500,2668500
214500,2667500
214500,2666500
214500,2665500
214500,2664500
214500,2663500
214500,2662500
214500,2661500
214500,2660500
214500,2659500
214500,2658500
214500,2657500
214500,2656500
214500,2655500
214500,2654500
214500,2653500
214500,2652500
214500,2651500
214500,2650500
214500,2649500
214500,2648500
214500,2647500
214500,2646500
214500,2645500
214500,2644500
214500,2643500
214500,2642500
214500,2641500
214500,2640500
214500,2639500
214500,2638500
214500,2637500
214500,2636500
214500,2635500
214500,2634500
214500,2633500
214500,2632500
214500,2631500
214500,2630500
214500,2629500
214500,2628500
214500,2627500
214500,2626500
214500,2625500
214500,2624500
214500,2623500
214500,2622500
214500,2621500
214500,2620500
214500,2619500
214500,2618500
214500,2617500
214500,2616500
214500,2615500
214500,2614500
214500,2613500
214500,2612500
214500,2611500
214500,2610500
214500,2609500
214500,2608500
214500,2607500
214500,2606500
214500,2605500
214500,2604500
214500,2603500
214500,2602500
214500,2601500
214500,2600500
214500,2599500
214500,2598500
214500,2597500
214500,2596500
214500,2595500
214500,2594500
214500,2593500
214500,2592500
214500,2591500
214500,2590500
214500,2589500
214500,2588500
214500,2587500
214500,2586500
214500,2585500
214500,2584500
214500,2583500
214500,2582500
214500,2581500
214500,2580500
214500,2579500
214500,2578500
214500,2577500
214500,2576500
214500,2575500
214500,2574500
214500,2573500
214500,2572500
214500,2571500
214500,2570500
214500,2569500
214500,2568500
214500,2567500
214500,2566500
214500,2565500
214500,2564500
214500,2563500
214500,2562500
214500,2561500
214500,2560500
214500,2559500
214500,2558500
214500,2557500
214500,2556500
214500,2555500
214500,2554500
214500,2553500
214500,2552500
214500,2551500
214500,2550500
214500,2549500
214500,2548500
214500,2547500
214500,2546500
214500,2545500
214500,2544500
214500,2543500
214500,2542500
214500,2541500
214500,2540500
214500,2539500
214500,2538500
214500,2537500
214500,2536500
214500,2535500
214500,2534500
214500,2533500
214500,2532500
214500,2531500
214500,2530500
214500,2529500
214500,2528500
214500,2527500
214500,2526500
214500,2525500
214500,2524500
214500,2523500
214500,2522500
214500,2521500
214500,2520500
214500,2519500
214500,2518500
214500,2517500
214500,2516500
214500,2515500
214500,2514500
214500,2513500
214500,2512500
214500,2511500
214500,2510500
214500,2509500
214500,2508500
214500,2507500
214500,2506500
214500,2505500
214500,2504500
214500,2503500
214500,2502500
214500,2501500
214500,2500500
214500,2499500
214500,2498500
214500,2497500
214500,2496500
214500,2495500
214500,2494500
214500,2493500
214500,2492500
214500,2491500
214500,2490500
214500,2489500
214500,2488500
214500,2487500
214500,2486500
214500,2485500
214500,2484500
214500,2483500
214500,2482500
214500,2481500
214500,2480500
214500,2479500
214500,2478500
214500,2477500
214500,2476500
214500,2475500
214500,2474500
214500,2473500
214500,2472500
214500,2471500
214500,2470500
214500,2469500
214500,2468500
214500,2467500
214500,2466500
214500,2465500
214500,2464500
214500,2463500
214500,2462500
214500,2461500
214500,2460500
213500,2706500
213500,2705500
213500,2704500
213500,2703500
213500,2702500
213500,2701500
213500,2700500
213500,2699500
213500,2698500
213500,2697500
213500,2696500
213500,2695500
213500,2694500
213500,2693500
213500,2692500
213500,2691500
213500,2690500
213500,2689500
213500,2688500
213500,2687500
213500,2686500
213500,2685500
213500,2684500
213500,2683500
213500,2682500
213500,2681500
213500,2680500
213500,2679500
213500,2678500
213500,2677500
213500,2676500
213500,2675500
213500,2674500
213500,2673500
213500,2672500
213500,2671500
213500,2670500
213500,2669500
213500,2668500
213500,2667500
213500,2666500
213500,2665500
213500,2664500
213500,2663500
213500,2662500
213500,2661500
213500,2660500
213500,2659500
213500,2658500
213500,2657500
213500,2656500
213500,2655500
213500,2654500
213500,2653500
213500,2652500
213500,2651500
213500,2650500
213500,2649500
213500,2648500
213500,2647500
213500,2646500
213500,2645500
213500,2644500
213500,2643500
213500,2642500
213500,2641500
213500,2640500
213500,2639500
213500,2638500
213500,2637500
213500,2636500
213500,2635500
213500,2634500
213500,2633500
213500,2632500
213500,2631500
213500,2630500
213500,2629500
213500,2628500
213500,2627500
213500,2626500
213500,2625500
213500,2624500
213500,2623500
213500,2622500
213500,2621500
213500,2620500
213500,2619500
213500,2618500
213500,2617500
213500,2616500
213500,2615500
213500,2614500
213500,2613500
213500,2612500
213500,2611500
213500,2610500
213500,2609500
213500,2608500
213500,2607500
213500,2606500
213500,2605500
213500,2604500
213500,2603500
213500,2602500
213500,2601500
213500,2600500
213500,2599500
213500,2598500
213500,2597500
213500,2596500
213500,2595500
213500,2594500
213500,2593500
213500,2592500
213500,2591500
213500,2590500
213500,2589500
213500,2588500
213500,2587500
213500,2586500
213500,2585500
213500,2584500
213500,2583500
213500,2582500
213500,2581500
213500,2580500
213500,2579500
213500,2578500
213500,2577500
213500,2576500
213500,2575500
213500,2574500
213500,2573500
213500,2572500
213500,2571500
213500,2570500
213500,2569500
213500,2568500
213500,2567500
213500,2566500
213500,2565500
213500,2564500
213500,2563500
213500,2562500
213500,2561500
213500,2560500
213500,2559500
213500,2558500
213500,2557500
213500,2556500
213500,2555500
213500,2554500
213500,2553500
213500,2552500
213500,2551500
213500,2550500
213500,2549500
213500,2548500
213500,2547500
213500,2546500
213500,2545500
213500,2544500
213500,2543500
213500,2542500
213500,2541500
213500,2540500
213500,2539500
213500,2538500
213500,2537500
213500,2536500
213500,2535500
213500,2534500
213500,2533500
213500,2532500
213500,2531500
213500,2530500
213500,2529500
213500,2528500
213500,2527500
213500,2526500
213500,2525500
213500,2524500
213500,2523500
213500,2522500
213500,2521500
213500,2520500
213500,2519500
213500,2518500
213500,2517500
213500,2516500
213500,2515500
213500,2514500
213500,2513500
213500,2512500
213500,2511500
213500,2510500
213500,2509500
213500,2508500
213500,2507500
213500,2506500
213500,2505500
213500,2504500
213500,2503500
213500,2502500
213500,2501500
213500,2500500
213500,2499500
213500,2498500
213500,2497500
213500,2496500
213500,2495500
213500,2494500
213500,2493500
213500,2492500
213500,2491500
213500,2490500
213500,2489500
213500,2488500
213500,2487500
213500,2486500
213500,2485500
213500,2484500
213500,2483500
213500,2482500
213500,2481500
213500,2480500
213500,2479500
213500,2478500
213500,2477500
213500,2476500
213500,2475500
213500,2474500
213500,2473500
213500,2472500
213500,2471500
213500,2470500
213500,2469500
213500,2468500
213500,2467500
213500,2466500
213500,2465500
213500,2464500
213500,2463500
213500,2462500
213500,2461500
212500,2705500
212500,2704500
212500,2703500
212500,2702500
212500,2701500
212500,2700500
212500,2699500
212500,2698500
212500,2697500
212500,2696500
212500,2695500
212500,2694500
212500,2693500
212500,2692500
212500,2691500
212500,2690500
212500,2689500
212500,2688500
212500,2687500
212500,2686500
212500,2685500
212500,2684500
212500,2683500
212500,2682500
212500,2681500
212500,2680500
212500,2679500
212500,2678500
212500,2677500
212500,2676500
212500,2675500
212500,2674500
212500,2673500
212500,2672500
212500,2671500
212500,2670500
212500,2669500
212500,2668500
212500,2667500
212500,2666500
212500,2665500
212500,2664500
212500,2663500
212500,2662500
212500,2661500
212500,2660500
212500,2659500
212500,2658500
212500,2657500
212500,2656500
212500,2655500
212500,2654500
212500,2653500
212500,2652500
212500,2651500
212500,2650500
212500,2649500
212500,2648500
212500,2647500
212500,2646500
212500,2645500
212500,2644500
212500,2643500
212500,2642500
212500,2641500
212500,2640500
212500,2639500
212500,2638500
212500,2637500
212500,2636500
212500,2635500
212500,2634500
212500,2633500
212500,2632500
212500,2631500
212500,2630500
212500,2629500
212500,2628500
212500,2627500
212500,2626500
212500,2625500
212500,2624500
212500,2623500
212500,2622500
212500,2621500
212500,2620500
212500,2619500
212500,2618500
212500,2617500
212500,2616500
212500,2615500
212500,2614500
212500,2613500
212500,2612500
212500,2611500
212500,2610500
212500,2609500
212500,2608500
212500,2607500
212500,2606500
212500,2605500
212500,2604500
212500,2603500
212500,2602500
212500,2601500
212500,2600500
212500,2599500
212500,2598500
212500,2597500
212500,2596500
212500,2595500
212500,2594500
212500,2593500
212500,2592500
212500,2591500
212500,2590500
212500,2589500
212500,2588500
212500,2587500
212500,2586500
212500,2585500
212500,2584500
212500,2583500
212500,2582500
212500,2581500
212500,2580500
212500,2579500
212500,2578500
212500,2577500
212500,2576500
212500,2575500
212500,2574500
212500,2573500
212500,2572500
212500,2571500
212500,2570500
212500,2569500
212500,2568500
212500,2567500
212500,2566500
212500,2565500
212500,2564500
212500,2563500
212500,2562500
212500,2561500
212500,2560500
212500,2559500
212500,2558500
212500,2557500
212500,2556500
212500,2555500
212500,2554500
212500,2553500
212500,2552500
212500,2551500
212500,2550500
212500,2549500
212500,2548500
212500,2547500
212500,2546500
212500,2545500
212500,2544500
212500,2543500
212500,2542500
212500,2541500
212500,2540500
212500,2539500
212500,2538500
212500,2537500
212500,2536500
212500,2535500
212500,2534500
212500,2533500
212500,2532500
212500,2531500
212500,2530500
212500,2529500
212500,2528500
212500,2527500
212500,2526500
212500,2525500
212500,2524500
212500,2523500
212500,2522500
212500,2521500
212500,2520500
212500,2519500
212500,2518500
212500,2517500
212500,2516500
212500,2515500
212500,2514500
212500,2513500
212500,2512500
212500,2511500
212500,2510500
212500,2509500
212500,2508500
212500,2507500
212500,2506500
212500,2505500
212500,2504500
212500,2503500
212500,2502500
212500,2501500
212500,2500500
212500,2499500
212500,2498500
212500,2497500
212500,2496500
212500,2495500
212500,2494500
212500,2493500
212500,2492500
212500,2491500
212500,2490500
212500,2489500
212500,2488500
212500,2487500
212500,2486500
212500,2485500
212500,2484500
212500,2483500
212500,2482500
212500,2481500
212500,2480500
212500,2479500
212500,2478500
212500,2477500
212500,2476500
212500,2475500
212500,2474500
212500,2473500
212500,2472500
212500,2471500
212500,2470500
212500,2469500
212500,2468500
212500,2467500
211500,2704500
211500,2703500
211500,2702500
211500,2701500
211500,2700500
211500,2699500
211500,2698500
211500,2697500
211500,2696500
211500,2695500
211500,2694500
211500,2693500
211500,2692500
211500,2691500
211500,2690500
211500,2689500
211500,2688500
211500,2687500
211500,2686500
211500,2685500
211500,2684500
211500,2683500
211500,2682500
211500,2681500
211500,2680500
211500,2679500
211500,2678500
211500,2677500
211500,2676500
211500,2675500
211500,2674500
211500,2673500
211500,2672500
211500,2671500
211500,2670500
211500,2669500
211500,2668500
211500,2667500
211500,2666500
211500,2665500
211500,2664500
211500,2663500
211500,2662500
211500,2661500
211500,2660500
211500,2659500
211500,2658500
211500,2657500
211500,2656500
211500,2655500
211500,2654500
211500,2653500
211500,2652500
211500,2651500
211500,2650500
211500,2649500
211500,2648500
211500,2647500
211500,2646500
211500,2645500
211500,2644500
211500,2643500
211500,2642500
211500,2641500
211500,2640500
211500,2639500
211500,2638500
211500,2637500
211500,2636500
211500,2635500
211500,2634500
211500,2633500
211500,2632500
211500,2631500
211500,2630500
211500,2629500
211500,2628500
211500,2627500
211500,2626500
211500,2625500
211500,2624500
211500,2623500
211500,2622500
211500,2621500
211500,2620500
211500,2619500
211500,2618500
211500,2617500
211500,2616500
211500,2615500
211500,2614500
211500,2613500
211500,2612500
211500,2611500
211500,2610500
211500,2609500
211500,2608500
211500,2607500
211500,2606500
211500,2605500
211500,2604500
211500,2603500
211500,2602500
211500,2601500
211500,2600500
211500,2599500
211500,2598500
211500,2597500
211500,2596500
211500,2595500
211500,2594500
211500,2593500
211500,2592500
211500,2591500
211500,2590500
211500,2589500
211500,2588500
211500,2587500
211500,2586500
211500,2585500
211500,2584500
211500,2583500
211500,2582500
211500,2581500
211500,2580500
211500,2579500
211500,2578500
211500,2577500
211500,2576500
211500,2575500
211500,2574500
211500,2573500
211500,2572500
211500,2571500
211500,2570500
211500,2569500
211500,2568500
211500,2567500
211500,2566500
211500,2565500
211500,2564500
211500,2563500
211500,2562500
211500,2561500
211500,2560500
211500,2559500
211500,2558500
211500,2557500
211500,2556500
211500,2555500
211500,2554500
211500,2553500
211500,2552500
211500,2551500
211500,2550500
211500,2549500
211500,2548500
211500,2547500
211500,2546500
211500,2545500
211500,2544500
211500,2543500
211500,2542500
211500,2541500
211500,2540500
211500,2539500
211500,2538500
211500,2537500
211500,2536500
211500,2535500
211500,2534500
211500,2533500
211500,2532500
211500,2531500
211500,2530500
211500,2529500
211500,2528500
211500,2527500
211500,2526500
211500,2525500
211500,2524500
211500,2523500
211500,2522500
211500,2521500
211500,2520500
211500,2519500
211500,2518500
211500,2517500
211500,2516500
211500,2515500
211500,2514500
211500,2513500
211500,2512500
211500,2511500
211500,2510500
211500,2509500
211500,2508500
211500,2507500
211500,2506500
211500,2505500
211500,2504500
211500,2503500
211500,2502500
211500,2501500
211500,2500500
211500,2499500
211500,2498500
211500,2497500
211500,2496500
211500,2495500
211500,2494500
211500,2493500
211500,2492500
211500,2491500
211500,2490500
211500,2489500
211500,2488500
211500,2487500
211500,2486500
211500,2485500
211500,2484500
211500,2483500
211500,2482500
211500,2481500
211500,2480500
211500,2479500
211500,2478500
211500,2477500
211500,2476500
211500,2475500
211500,2474500
211500,2473500
211500,2472500
211500,2471500
211500,2470500
211500,2469500
211500,2468500
210500,2702500
210500,2701500
210500,2700500
210500,2699500
210500,2698500
210500,2697500
210500,2696500
210500,2695500
210500,2694500
210500,2693500
210500,2692500
210500,2691500
210500,2690500
210500,2689500
210500,2688500
210500,2687500
210500,2686500
210500,2685500
210500,2684500
210500,2683500
210500,2682500
210500,2681500
210500,2680500
210500,2679500
210500,2678500
210500,2677500
210500,2676500
210500,2675500
210500,2674500
210500,2673500
210500,2672500
210500,2671500
210500,2670500
210500,2669500
210500,2668500
210500,2667500
210500,2666500
210500,2665500
210500,2664500
210500,2663500
210500,2662500
210500,2661500
210500,2660500
210500,2659500
210500,2658500
210500,2657500
210500,2656500
210500,2655500
210500,2654500
210500,2653500
210500,2652500
210500,2651500
210500,2650500
210500,2649500
210500,2648500
210500,2647500
210500,2646500
210500,2645500
210500,2644500
210500,2643500
210500,2642500
210500,2641500
210500,2640500
210500,2639500
210500,2638500
210500,2637500
210500,2636500
210500,2635500
210500,2634500
210500,2633500
210500,2632500
210500,2631500
210500,2630500
210500,2629500
210500,2628500
210500,2627500
210500,2626500
210500,2625500
210500,2624500
210500,2623500
210500,2622500
210500,2621500
210500,2620500
210500,2619500
210500,2618500
210500,2617500
210500,2616500
210500,2615500
210500,2614500
210500,2613500
210500,2612500
210500,2611500
210500,2610500
210500,2609500
210500,2608500
210500,2607500
210500,2606500
210500,2605500
210500,2604500
210500,2603500
210500,2602500
210500,2601500
210500,2600500
210500,2599500
210500,2598500
210500,2597500
210500,2596500
210500,2595500
210500,2594500
210500,2593500
210500,2592500
210500,2591500
210500,2590500
210500,2589500
210500,2588500
210500,2587500
210500,2586500
210500,2585500
210500,2584500
210500,2583500
210500,2582500
210500,2581500
210500,2580500
210500,2579500
210500,2578500
210500,2577500
210500,2576500
210500,2575500
210500,2574500
210500,2573500
210500,2572500
210500,2571500
210500,2570500
210500,2569500
210500,2568500
210500,2567500
210500,2566500
210500,2565500
210500,2564500
210500,2563500
210500,2562500
210500,2561500
210500,2560500
210500,2559500
210500,2558500
210500,2557500
210500,2556500
210500,2555500
210500,2554500
210500,2553500
210500,2552500
210500,2551500
210500,2550500
210500,2549500
210500,2548500
210500,2547500
210500,2546500
210500,2545500
210500,2544500
210500,2543500
210500,2542500
210500,2541500
210500,2540500
210500,2539500
210500,2538500
210500,2537500
210500,2536500
210500,2535500
210500,2534500
210500,2533500
210500,2532500
210500,2531500
210500,2530500
210500,2529500
210500,2528500
210500,2527500
210500,2526500
210500,2525500
210500,2524500
210500,2523500
210500,2522500
210500,2521500
210500,2520500
210500,2519500
210500,2518500
210500,2517500
210500,2516500
210500,2515500
210500,2514500
210500,2513500
210500,2512500
210500,2511500
210500,2510500
210500,2509500
210500,2508500
210500,2507500
210500,2506500
210500,2505500
210500,2504500
210500,2503500
210500,2502500
210500,2501500
210500,2500500
210500,2499500
210500,2498500
210500,2497500
210500,2496500
210500,2495500
210500,2494500
210500,2493500
210500,2492500
210500,2491500
210500,2490500
210500,2489500
210500,2488500
210500,2487500
210500,2486500
210500,2485500
210500,2484500
210500,2483500
210500,2482500
210500,2481500
210500,2480500
210500,2479500
210500,2478500
210500,2477500
210500,2476500
210500,2475500
210500,2474500
210500,2473500
210500,2472500
210500,2471500
210500,2470500
210500,2469500
209500,2701500
209500,2700500
209500,2699500
209500,2698500
209500,2697500
209500,2696500
209500,2695500
209500,2694500
209500,2693500
209500,2692500
209500,2691500
209500,2690500
209500,2689500
209500,2688500
209500,2687500
209500,2686500
209500,2685500
209500,2684500
209500,2683500
209500,2682500
209500,2681500
209500,2680500
209500,2679500
209500,2678500
209500,2677500
209500,2676500
209500,2675500
209500,2674500
209500,2673500
209500,2672500
209500,2671500
209500,2670500
209500,2669500
209500,2668500
209500,2667500
209500,2666500
209500,2665500
209500,2664500
209500,2663500
209500,2662500
209500,2661500
209500,2660500
209500,2659500
209500,2658500
209500,2657500
209500,2656500
209500,2655500
209500,2654500
209500,2653500
209500,2652500
209500,2651500
209500,2650500
209500,2649500
209500,2648500
209500,2647500
209500,2646500
209500,2645500
209500,2644500
209500,2643500
209500,2642500
209500,2641500
209500,2640500
209500,2639500
209500,2638500
209500,2637500
209500,2636500
209500,2635500
209500,2634500
209500,2633500
209500,2632500
209500,2631500
209500,2630500
209500,2629500
209500,2628500
209500,2627500
209500,2626500
209500,2625500
209500,2624500
209500,2623500
209500,2622500
209500,2621500
209500,2620500
209500,2619500
209500,2618500
209500,2617500
209500,2616500
209500,2615500
209500,2614500
209500,2613500
209500,2612500
209500,2611500
209500,2610500
209500,2609500
209500,2608500
209500,2607500
209500,2606500
209500,2605500
209500,2604500
209500,2603500
209500,2602500
209500,2601500
209500,2600500
209500,2599500
209500,2598500
209500,2597500
209500,2596500
209500,2595500
209500,2594500
209500,2593500
209500,2592500
209500,2591500
209500,2590500
209500,2589500
209500,2588500
209500,2587500
209500,2586500
209500,2585500
209500,2584500
209500,2583500
209500,2582500
209500,2581500
209500,2580500
209500,2579500
209500,2578500
209500,2577500
209500,2576500
209500,2575500
209500,2574500
209500,2573500
209500,2572500
209500,2571500
209500,2570500
209500,2569500
209500,2568500
209500,2567500
209500,2566500
209500,2565500
209500,2564500
209500,2563500
209500,2562500
209500,2561500
209500,2560500
209500,2559500
209500,2558500
209500,2557500
209500,2556500
209500,2555500
209500,2554500
209500,2553500
209500,2552500
209500,2551500
209500,2550500
209500,2549500
209500,2548500
209500,2547500
209500,2546500
209500,2545500
209500,2544500
209500,2543500
209500,2542500
209500,2541500
209500,2540500
209500,2539500
209500,2538500
209500,2537500
209500,2536500
209500,2535500
209500,2534500
209500,2533500
209500,2532500
209500,2531500
209500,2530500
209500,2529500
209500,2528500
209500,2527500
209500,2526500
209500,2525500
209500,2524500
209500,2523500
209500,2522500
209500,2521500
209500,2520500
209500,2519500
209500,2518500
209500,2517500
209500,2516500
209500,2515500
209500,2514500
209500,2513500
209500,2512500
209500,2511500
209500,2510500
209500,2509500
209500,2508500
209500,2507500
209500,2506500
209500,2505500
209500,2504500
209500,2503500
209500,2502500
209500,2501500
209500,2500500
209500,2499500
209500,2498500
209500,2497500
209500,2496500
209500,2495500
209500,2494500
209500,2493500
209500,2492500
209500,2491500
209500,2490500
209500,2489500
209500,2488500
209500,2487500
209500,2486500
209500,2485500
209500,2484500
209500,2483500
209500,2482500
209500,2481500
209500,2480500
209500,2479500
209500,2478500
209500,2477500
209500,2476500
209500,2475500
209500,2474500
209500,2473500
209500,2472500
209500,2471500
209500,2470500
208500,2700500
208500,2699500
208500,2698500
208500,2697500
208500,2696500
208500,2695500
208500,2694500
208500,2693500
208500,2692500
208500,2691500
208500,2690500
208500,2689500
208500,2688500
208500,2687500
208500,2686500
208500,2685500
208500,2684500
208500,2683500
208500,2682500
208500,2681500
208500,2680500
208500,2679500
208500,2678500
208500,2677500
208500,2676500
208500,2675500
208500,2674500
208500,2673500
208500,2672500
208500,2671500
208500,2670500
208500,2669500
208500,2668500
208500,2667500
208500,2666500
208500,2665500
208500,2664500
208500,2663500
208500,2662500
208500,2661500
208500,2660500
208500,2659500
208500,2658500
208500,2657500
208500,2656500
208500,2655500
208500,2654500
208500,2653500
208500,2652500
208500,2651500
208500,2650500
208500,2649500
208500,2648500
208500,2647500
208500,2646500
208500,2645500
208500,2644500
208500,2643500
208500,2642500
208500,2641500
208500,2640500
208500,2639500
208500,2638500
208500,2637500
208500,2636500
208500,2635500
208500,2634500
208500,2633500
208500,2632500
208500,2631500
208500,2630500
208500,2629500
208500,2628500
208500,2627500
208500,2626500
208500,2625500
208500,2624500
208500,2623500
208500,2622500
208500,2621500
208500,2620500
208500,2619500
208500,2618500
208500,2617500
208500,2616500
208500,2615500
208500,2614500
208500,2613500
208500,2612500
208500,2611500
208500,2610500
208500,2609500
208500,2608500
208500,2607500
208500,2606500
208500,2605500
208500,2604500
208500,2603500
208500,2602500
208500,2601500
208500,2600500
208500,2599500
208500,2598500
208500,2597500
208500,2596500
208500,2595500
208500,2594500
208500,2593500
208500,2592500
208500,2591500
208500,2590500
208500,2589500
208500,2588500
208500,2587500
208500,2586500
208500,2585500
208500,2584500
208500,2583500
208500,2582500
208500,2581500
208500,2580500
208500,2579500
208500,2578500
208500,2577500
208500,2576500
208500,2575500
208500,2574500
208500,2573500
208500,2572500
208500,2571500
208500,2570500
208500,2569500
208500,2568500
208500,2567500
208500,2566500
208500,2565500
208500,2564500
208500,2563500
208500,2562500
208500,2561500
208500,2560500
208500,2559500
208500,2558500
208500,2557500
208500,2556500
208500,2555500
208500,2554500
208500,2553500
208500,2552500
208500,2551500
208500,2550500
208500,2549500
208500,2548500
208500,2547500
208500,2546500
208500,2545500
208500,2544500
208500,2543500
208500,2542500
208500,2541500
208500,2540500
208500,2539500
208500,2538500
208500,2537500
208500,2536500
208500,2535500
208500,2534500
208500,2533500
208500,2532500
208500,2531500
208500,2530500
208500,2529500
208500,2528500
208500,2527500
208500,2526500
208500,2525500
208500,2524500
208500,2523500
208500,2522500
208500,2521500
208500,2520500
208500,2519500
208500,2518500
208500,2517500
208500,2516500
208500,2515500
208500,2514500
208500,2513500
208500,2512500
208500,2511500
208500,2510500
208500,2509500
208500,2508500
208500,2507500
208500,2506500
208500,2505500
208500,2504500
208500,2503500
208500,2502500
208500,2501500
208500,2500500
208500,2499500
208500,2498500
208500,2497500
208500,2496500
208500,2495500
208500,2494500
208500,2493500
208500,2492500
208500,2491500
208500,2490500
208500,2489500
208500,2488500
208500,2487500
208500,2486500
208500,2485500
208500,2484500
208500,2483500
208500,2482500
208500,2481500
208500,2480500
208500,2479500
208500,2478500
208500,2477500
208500,2476500
208500,2475500
208500,2474500
208500,2473500
208500,2472500
207500,2698500
207500,2697500
207500,2696500
207500,2695500
207500,2694500
207500,2693500
207500,2692500
207500,2691500
207500,2690500
207500,2689500
207500,2688500
207500,2687500
207500,2686500
207500,2685500
207500,2684500
207500,2683500
207500,2682500
207500,2681500
207500,2680500
207500,2679500
207500,2678500
207500,2677500
207500,2676500
207500,2675500
207500,2674500
207500,2673500
207500,2672500
207500,2671500
207500,2670500
207500,2669500
207500,2668500
207500,2667500
207500,2666500
207500,2665500
207500,2664500
207500,2663500
207500,2662500
207500,2661500
207500,2660500
207500,2659500
207500,2658500
207500,2657500
207500,2656500
207500,2655500
207500,2654500
207500,2653500
207500,2652500
207500,2651500
207500,2650500
207500,2649500
207500,2648500
207500,2647500
207500,2646500
207500,2645500
207500,2644500
207500,2643500
207500,2642500
207500,2641500
207500,2640500
207500,2639500
207500,2638500
207500,2637500
207500,2636500
207500,2635500
207500,2634500
207500,2633500
207500,2632500
207500,2631500
207500,2630500
207500,2629500
207500,2628500
207500,2627500
207500,2626500
207500,2625500
207500,2624500
207500,2623500
207500,2622500
207500,2621500
207500,2620500
207500,2619500
207500,2618500
207500,2617500
207500,2616500
207500,2615500
207500,2614500
207500,2613500
207500,2612500
207500,2611500
207500,2610500
207500,2609500
207500,2608500
207500,2607500
207500,2606500
207500,2605500
207500,2604500
207500,2603500
207500,2602500
207500,2601500
207500,2600500
207500,2599500
207500,2598500
207500,2597500
207500,2596500
207500,2595500
207500,2594500
207500,2593500
207500,2592500
207500,2591500
207500,2590500
207500,2589500
207500,2588500
207500,2587500
207500,2586500
207500,2585500
207500,2584500
207500,2583500
207500,2582500
207500,2581500
207500,2580500
207500,2579500
207500,2578500
207500,2577500
207500,2576500
207500,2575500
207500,2574500
207500,2573500
207500,2572500
207500,2571500
207500,2570500
207500,2569500
207500,2568500
207500,2567500
207500,2566500
207500,2565500
207500,2564500
207500,2563500
207500,2562500
207500,2561500
207500,2560500
207500,2559500
207500,2558500
207500,2557500
207500,2556500
207500,2555500
207500,2554500
207500,2553500
207500,2552500
207500,2551500
207500,2550500
207500,2549500
207500,2548500
207500,2547500
207500,2546500
207500,2545500
207500,2544500
207500,2543500
207500,2542500
207500,2541500
207500,2540500
207500,2539500
207500,2538500
207500,2537500
207500,2536500
207500,2535500
207500,2534500
207500,2533500
207500,2532500
207500,2531500
207500,2530500
207500,2529500
207500,2528500
207500,2527500
207500,2526500
207500,2525500
207500,2524500
207500,2523500
207500,2522500
207500,2521500
207500,2520500
207500,2519500
207500,2518500
207500,2517500
207500,2516500
207500,2515500
207500,2514500
207500,2513500
207500,2512500
207500,2511500
207500,2510500
207500,2509500
207500,2508500
207500,2507500
207500,2506500
207500,2505500
207500,2504500
207500,2503500
207500,2502500
207500,2501500
207500,2500500
207500,2499500
207500,2498500
207500,2497500
207500,2496500
207500,2495500
207500,2494500
207500,2493500
207500,2492500
207500,2491500
207500,2490500
207500,2489500
207500,2488500
207500,2487500
207500,2486500
207500,2485500
207500,2484500
207500,2483500
207500,2482500
207500,2481500
207500,2480500
207500,2479500
207500,2478500
207500,2477500
207500,2476500
207500,2475500
207500,2474500
207500,2473500
206500,2697500
206500,2696500
206500,2695500
206500,2694500
206500,2693500
206500,2692500
206500,2691500
206500,2690500
206500,2689500
206500,2688500
206500,2687500
206500,2686500
206500,2685500
206500,2684500
206500,2683500
206500,2682500
206500,2681500
206500,2680500
206500,2679500
206500,2678500
206500,2677500
206500,2676500
206500,2675500
206500,2674500
206500,2673500
206500,2672500
206500,2671500
206500,2670500
206500,2669500
206500,2668500
206500,2667500
206500,2666500
206500,2665500
206500,2664500
206500,2663500
206500,2662500
206500,2661500
206500,2660500
206500,2659500
206500,2658500
206500,2657500
206500,2656500
206500,2655500
206500,2654500
206500,2653500
206500,2652500
206500,2651500
206500,2650500
206500,2649500
206500,2648500
206500,2647500
206500,2646500
206500,2645500
206500,2644500
206500,2643500
206500,2642500
206500,2641500
206500,2640500
206500,2639500
206500,2638500
206500,2637500
206500,2636500
206500,2635500
206500,2634500
206500,2633500
206500,2632500
206500,2631500
206500,2630500
206500,2629500
206500,2628500
206500,2627500
206500,2626500
206500,2625500
206500,2624500
206500,2623500
206500,2622500
206500,2621500
206500,2620500
206500,2619500
206500,2618500
206500,2617500
206500,2616500
206500,2615500
206500,2614500
206500,2613500
206500,2612500
206500,2611500
206500,2610500
206500,2609500
206500,2608500
206500,2607500
206500,2606500
206500,2605500
206500,2604500
206500,2603500
206500,2602500
206500,2601500
206500,2600500
206500,2599500
206500,2598500
206500,2597500
206500,2596500
206500,2595500
206500,2594500
206500,2593500
206500,2592500
206500,2591500
206500,2590500
206500,2589500
206500,2588500
206500,2587500
206500,2586500
206500,2585500
206500,2584500
206500,2583500
206500,2582500
206500,2581500
206500,2580500
206500,2579500
206500,2578500
206500,2577500
206500,2576500
206500,2575500
206500,2574500
206500,2573500
206500,2572500
206500,2571500
206500,2570500
206500,2569500
206500,2568500
206500,2567500
206500,2566500
206500,2565500
206500,2564500
206500,2563500
206500,2562500
206500,2561500
206500,2560500
206500,2559500
206500,2558500
206500,2557500
206500,2556500
206500,2555500
206500,2554500
206500,2553500
206500,2552500
206500,2551500
206500,2550500
206500,2549500
206500,2548500
206500,2547500
206500,2546500
206500,2545500
206500,2544500
206500,2543500
206500,2542500
206500,2541500
206500,2540500
206500,2539500
206500,2538500
206500,2537500
206500,2536500
206500,2535500
206500,2534500
206500,2533500
206500,2532500
206500,2531500
206500,2530500
206500,2529500
206500,2528500
206500,2527500
206500,2526500
206500,2525500
206500,2524500
206500,2523500
206500,2522500
206500,2521500
206500,2520500
206500,2519500
206500,2518500
206500,2517500
206500,2516500
206500,2515500
206500,2514500
206500,2513500
206500,2512500
206500,2511500
206500,2510500
206500,2509500
206500,2508500
206500,2507500
206500,2506500
206500,2505500
206500,2504500
206500,2503500
206500,2502500
206500,2501500
206500,2500500
206500,2499500
206500,2498500
206500,2497500
206500,2496500
206500,2495500
206500,2494500
206500,2493500
206500,2492500
206500,2491500
206500,2490500
206500,2489500
206500,2488500
206500,2487500
206500,2486500
206500,2485500
206500,2484500
206500,2483500
206500,2482500
206500,2481500
206500,2480500
206500,2479500
206500,2478500
206500,2477500
206500,2476500
206500,2475500
206500,2474500
205500,2695500
205500,2694500
205500,2693500
205500,2692500
205500,2691500
205500,2690500
205500,2689500
205500,2688500
205500,2687500
205500,2686500
205500,2685500
205500,2684500
205500,2683500
205500,2682500
205500,2681500
205500,2680500
205500,2679500
205500,2678500
205500,2677500
205500,2676500
205500,2675500
205500,2674500
205500,2673500
205500,2672500
205500,2671500
205500,2670500
205500,2669500
205500,2668500
205500,2667500
205500,2666500
205500,2665500
205500,2664500
205500,2663500
205500,2662500
205500,2661500
205500,2660500
205500,2659500
205500,2658500
205500,2657500
205500,2656500
205500,2655500
205500,2654500
205500,2653500
205500,2652500
205500,2651500
205500,2650500
205500,2649500
205500,2648500
205500,2647500
205500,2646500
205500,2645500
205500,2644500
205500,2643500
205500,2642500
205500,2641500
205500,2640500
205500,2639500
205500,2638500
205500,2637500
205500,2636500
205500,2635500
205500,2634500
205500,2633500
205500,2632500
205500,2631500
205500,2630500
205500,2629500
205500,2628500
205500,2627500
205500,2626500
205500,2625500
205500,2624500
205500,2623500
205500,2622500
205500,2621500
205500,2620500
205500,2619500
205500,2618500
205500,2617500
205500,2616500
205500,2615500
205500,2614500
205500,2613500
205500,2612500
205500,2611500
205500,2610500
205500,2609500
205500,2608500
205500,2607500
205500,2606500
205500,2605500
205500,2604500
205500,2603500
205500,2602500
205500,2601500
205500,2600500
205500,2599500
205500,2598500
205500,2597500
205500,2596500
205500,2595500
205500,2594500
205500,2593500
205500,2592500
205500,2591500
205500,2590500
205500,2589500
205500,2588500
205500,2587500
205500,2586500
205500,2585500
205500,2584500
205500,2583500
205500,2582500
205500,2581500
205500,2580500
205500,2579500
205500,2578500
205500,2577500
205500,2576500
205500,2575500
205500,2574500
205500,2573500
205500,2572500
205500,2571500
205500,2570500
205500,2569500
205500,2568500
205500,2567500
205500,2566500
205500,2565500
205500,2564500
205500,2563500
205500,2562500
205500,2561500
205500,2560500
205500,2559500
205500,2558500
205500,2557500
205500,2556500
205500,2555500
205500,2554500
205500,2553500
205500,2552500
205500,2551500
205500,2550500
205500,2549500
205500,2548500
205500,2547500
205500,2546500
205500,2545500
205500,2544500
205500,2543500
205500,2542500
205500,2541500
205500,2540500
205500,2539500
205500,2538500
205500,2537500
205500,2536500
205500,2535500
205500,2534500
205500,2533500
205500,2532500
205500,2531500
205500,2530500
205500,2529500
205500,2528500
205500,2527500
205500,2526500
205500,2525500
205500,2524500
205500,2523500
205500,2522500
205500,2521500
205500,2520500
205500,2519500
205500,2518500
205500,2517500
205500,2516500
205500,2515500
205500,2514500
205500,2513500
205500,2512500
205500,2511500
205500,2510500
205500,2509500
205500,2508500
205500,2507500
205500,2506500
205500,2505500
205500,2504500
205500,2503500
205500,2502500
205500,2501500
205500,2500500
205500,2499500
205500,2498500
205500,2497500
205500,2496500
205500,2495500
205500,2494500
205500,2493500
205500,2492500
205500,2491500
205500,2490500
205500,2489500
205500,2488500
205500,2487500
205500,2486500
205500,2485500
205500,2484500
205500,2483500
205500,2482500
205500,2481500
205500,2480500
205500,2479500
205500,2478500
205500,2477500
205500,2476500
205500,2475500
204500,2693500
204500,2692500
204500,2691500
204500,2690500
204500,2689500
204500,2688500
204500,2687500
204500,2686500
204500,2685500
204500,2684500
204500,2683500
204500,2682500
204500,2681500
204500,2680500
204500,2679500
204500,2678500
204500,2677500
204500,2676500
204500,2675500
204500,2674500
204500,2673500
204500,2672500
204500,2671500
204500,2670500
204500,2669500
204500,2668500
204500,2667500
204500,2666500
204500,2665500
204500,2664500
204500,2663500
204500,2662500
204500,2661500
204500,2660500
204500,2659500
204500,2658500
204500,2657500
204500,2656500
204500,2655500
204500,2654500
204500,2653500
204500,2652500
204500,2651500
204500,2650500
204500,2649500
204500,2648500
204500,2647500
204500,2646500
204500,2645500
204500,2644500
204500,2643500
204500,2642500
204500,2641500
204500,2640500
204500,2639500
204500,2638500
204500,2637500
204500,2636500
204500,2635500
204500,2634500
204500,2633500
204500,2632500
204500,2631500
204500,2630500
204500,2629500
204500,2628500
204500,2627500
204500,2626500
204500,2625500
204500,2624500
204500,2623500
204500,2622500
204500,2621500
204500,2620500
204500,2619500
204500,2618500
204500,2617500
204500,2616500
204500,2615500
204500,2614500
204500,2613500
204500,2612500
204500,2611500
204500,2610500
204500,2609500
204500,2608500
204500,2607500
204500,2606500
204500,2605500
204500,2604500
204500,2603500
204500,2602500
204500,2601500
204500,2600500
204500,2599500
204500,2598500
204500,2597500
204500,2596500
204500,2595500
204500,2594500
204500,2593500
204500,2592500
204500,2591500
204500,2590500
204500,2589500
204500,2588500
204500,2587500
204500,2586500
204500,2585500
204500,2584500
204500,2583500
204500,2582500
204500,2581500
204500,2580500
204500,2579500
204500,2578500
204500,2577500
204500,2576500
204500,2575500
204500,2574500
204500,2573500
204500,2572500
204500,2571500
204500,2570500
204500,2569500
204500,2568500
204500,2567500
204500,2566500
204500,2565500
204500,2564500
204500,2563500
204500,2562500
204500,2561500
204500,2560500
204500,2559500
204500,2558500
204500,2557500
204500,2556500
204500,2555500
204500,2554500
204500,2553500
204500,2552500
204500,2551500
204500,2550500
204500,2549500
204500,2548500
204500,2547500
204500,2546500
204500,2545500
204500,2544500
204500,2543500
204500,2542500
204500,2541500
204500,2540500
204500,2539500
204500,2538500
204500,2537500
204500,2536500
204500,2535500
204500,2534500
204500,2533500
204500,2532500
204500,2531500
204500,2530500
204500,2529500
204500,2528500
204500,2527500
204500,2526500
204500,2525500
204500,2524500
204500,2523500
204500,2522500
204500,2521500
204500,2520500
204500,2519500
204500,2518500
204500,2517500
204500,2516500
204500,2515500
204500,2514500
204500,2513500
204500,2512500
204500,2511500
204500,2510500
204500,2509500
204500,2508500
204500,2507500
204500,2506500
204500,2505500
204500,2504500
204500,2503500
204500,2502500
204500,2501500
204500,2500500
204500,2499500
204500,2498500
204500,2497500
204500,2496500
204500,2495500
204500,2494500
204500,2493500
204500,2492500
204500,2491500
204500,2490500
204500,2489500
204500,2488500
204500,2487500
204500,2486500
204500,2485500
204500,2484500
204500,2483500
204500,2482500
204500,2481500
204500,2480500
204500,2479500
204500,2478500
204500,2477500
204500,2476500
203500,2692500
203500,2691500
203500,2689500
203500,2688500
203500,2687500
203500,2686500
203500,2685500
203500,2684500
203500,2683500
203500,2682500
203500,2681500
203500,2680500
203500,2679500
203500,2678500
203500,2677500
203500,2676500
203500,2675500
203500,2674500
203500,2673500
203500,2672500
203500,2671500
203500,2670500
203500,2669500
203500,2668500
203500,2667500
203500,2666500
203500,2665500
203500,2664500
203500,2663500
203500,2662500
203500,2661500
203500,2660500
203500,2659500
203500,2658500
203500,2657500
203500,2656500
203500,2655500
203500,2654500
203500,2653500
203500,2652500
203500,2651500
203500,2650500
203500,2649500
203500,2648500
203500,2647500
203500,2646500
203500,2645500
203500,2644500
203500,2643500
203500,2642500
203500,2641500
203500,2640500
203500,2639500
203500,2638500
203500,2637500
203500,2636500
203500,2635500
203500,2634500
203500,2633500
203500,2632500
203500,2631500
203500,2630500
203500,2629500
203500,2628500
203500,2627500
203500,2626500
203500,2625500
203500,2624500
203500,2623500
203500,2622500
203500,2621500
203500,2620500
203500,2619500
203500,2618500
203500,2617500
203500,2616500
203500,2615500
203500,2614500
203500,2613500
203500,2612500
203500,2611500
203500,2610500
203500,2609500
203500,2608500
203500,2607500
203500,2606500
203500,2605500
203500,2604500
203500,2603500
203500,2602500
203500,2601500
203500,2600500
203500,2599500
203500,2598500
203500,2597500
203500,2596500
203500,2595500
203500,2594500
203500,2593500
203500,2592500
203500,2591500
203500,2590500
203500,2589500
203500,2588500
203500,2587500
203500,2586500
203500,2585500
203500,2584500
203500,2583500
203500,2582500
203500,2581500
203500,2580500
203500,2579500
203500,2578500
203500,2577500
203500,2576500
203500,2575500
203500,2574500
203500,2573500
203500,2572500
203500,2571500
203500,2570500
203500,2569500
203500,2568500
203500,2567500
203500,2566500
203500,2565500
203500,2564500
203500,2563500
203500,2562500
203500,2561500
203500,2560500
203500,2559500
203500,2558500
203500,2557500
203500,2556500
203500,2555500
203500,2554500
203500,2553500
203500,2552500
203500,2551500
203500,2550500
203500,2549500
203500,2548500
203500,2547500
203500,2546500
203500,2545500
203500,2544500
203500,2543500
203500,2542500
203500,2541500
203500,2540500
203500,2539500
203500,2538500
203500,2537500
203500,2536500
203500,2535500
203500,2534500
203500,2533500
203500,2532500
203500,2531500
203500,2530500
203500,2529500
203500,2528500
203500,2527500
203500,2526500
203500,2525500
203500,2524500
203500,2523500
203500,2522500
203500,2521500
203500,2520500
203500,2519500
203500,2518500
203500,2517500
203500,2516500
203500,2515500
203500,2514500
203500,2513500
203500,2512500
203500,2511500
203500,2510500
203500,2509500
203500,2508500
203500,2507500
203500,2506500
203500,2505500
203500,2504500
203500,2503500
203500,2502500
203500,2501500
203500,2500500
203500,2499500
203500,2498500
203500,2497500
203500,2496500
203500,2495500
203500,2494500
203500,2493500
203500,2492500
203500,2491500
203500,2490500
203500,2489500
203500,2488500
203500,2487500
203500,2486500
203500,2485500
203500,2484500
203500,2483500
203500,2482500
203500,2481500
203500,2480500
203500,2479500
203500,2478500
203500,2477500
203500,2476500
202500,2691500
202500,2690500
202500,2689500
202500,2688500
202500,2687500
202500,2686500
202500,2685500
202500,2684500
202500,2683500
202500,2682500
202500,2681500
202500,2680500
202500,2679500
202500,2678500
202500,2677500
202500,2676500
202500,2675500
202500,2674500
202500,2673500
202500,2672500
202500,2671500
202500,2670500
202500,2669500
202500,2668500
202500,2667500
202500,2666500
202500,2665500
202500,2664500
202500,2663500
202500,2662500
202500,2661500
202500,2660500
202500,2659500
202500,2658500
202500,2657500
202500,2656500
202500,2655500
202500,2654500
202500,2653500
202500,2652500
202500,2651500
202500,2650500
202500,2649500
202500,2648500
202500,2647500
202500,2646500
202500,2645500
202500,2644500
202500,2643500
202500,2642500
202500,2641500
202500,2640500
202500,2639500
202500,2638500
202500,2637500
202500,2636500
202500,2635500
202500,2634500
202500,2633500
202500,2632500
202500,2631500
202500,2630500
202500,2629500
202500,2628500
202500,2627500
202500,2626500
202500,2625500
202500,2624500
202500,2623500
202500,2622500
202500,2621500
202500,2620500
202500,2619500
202500,2618500
202500,2617500
202500,2616500
202500,2615500
202500,2614500
202500,2613500
202500,2612500
202500,2611500
202500,2610500
202500,2609500
202500,2608500
202500,2607500
202500,2606500
202500,2605500
202500,2604500
202500,2603500
202500,2602500
202500,2601500
202500,2600500
202500,2599500
202500,2598500
202500,2597500
202500,2596500
202500,2595500
202500,2594500
202500,2593500
202500,2592500
202500,2591500
202500,2590500
202500,2589500
202500,2588500
202500,2587500
202500,2586500
202500,2585500
202500,2584500
202500,2583500
202500,2582500
202500,2581500
202500,2580500
202500,2579500
202500,2578500
202500,2577500
202500,2576500
202500,2575500
202500,2574500
202500,2573500
202500,2572500
202500,2571500
202500,2570500
202500,2569500
202500,2568500
202500,2567500
202500,2566500
202500,2565500
202500,2564500
202500,2563500
202500,2562500
202500,2561500
202500,2560500
202500,2559500
202500,2558500
202500,2557500
202500,2556500
202500,2555500
202500,2554500
202500,2553500
202500,2552500
202500,2551500
202500,2550500
202500,2549500
202500,2548500
202500,2547500
202500,2546500
202500,2545500
202500,2544500
202500,2543500
202500,2542500
202500,2541500
202500,2540500
202500,2539500
202500,2538500
202500,2537500
202500,2536500
202500,2535500
202500,2534500
202500,2533500
202500,2532500
202500,2531500
202500,2530500
202500,2529500
202500,2528500
202500,2527500
202500,2526500
202500,2525500
202500,2524500
202500,2523500
202500,2522500
202500,2521500
202500,2520500
202500,2519500
202500,2518500
202500,2517500
202500,2516500
202500,2515500
202500,2514500
202500,2513500
202500,2512500
202500,2511500
202500,2510500
202500,2509500
202500,2508500
202500,2507500
202500,2506500
202500,2505500
202500,2504500
202500,2503500
202500,2502500
202500,2501500
202500,2500500
202500,2499500
202500,2498500
202500,2497500
202500,2496500
202500,2495500
202500,2494500
202500,2493500
202500,2492500
202500,2491500
202500,2490500
202500,2489500
202500,2488500
202500,2487500
202500,2486500
202500,2485500
202500,2484500
202500,2483500
202500,2482500
202500,2481500
202500,2480500
202500,2479500
202500,2478500
202500,2477500
201500,2690500
201500,2689500
201500,2688500
201500,2687500
201500,2686500
201500,2685500
201500,2684500
201500,2683500
201500,2682500
201500,2681500
201500,2680500
201500,2679500
201500,2678500
201500,2677500
201500,2676500
201500,2675500
201500,2674500
201500,2673500
201500,2672500
201500,2671500
201500,2670500
201500,2669500
201500,2668500
201500,2667500
201500,2666500
201500,2665500
201500,2664500
201500,2663500
201500,2662500
201500,2661500
201500,2660500
201500,2659500
201500,2658500
201500,2657500
201500,2656500
201500,2655500
201500,2654500
201500,2653500
201500,2652500
201500,2651500
201500,2650500
201500,2649500
201500,2648500
201500,2647500
201500,2646500
201500,2645500
201500,2644500
201500,2643500
201500,2642500
201500,2641500
201500,2640500
201500,2639500
201500,2638500
201500,2637500
201500,2636500
201500,2635500
201500,2634500
201500,2633500
201500,2632500
201500,2631500
201500,2630500
201500,2629500
201500,2628500
201500,2627500
201500,2626500
201500,2625500
201500,2624500
201500,2623500
201500,2622500
201500,2621500
201500,2620500
201500,2619500
201500,2618500
201500,2617500
201500,2616500
201500,2615500
201500,2614500
201500,2613500
201500,2612500
201500,2611500
201500,2610500
201500,2609500
201500,2608500
201500,2607500
201500,2606500
201500,2605500
201500,2604500
201500,2603500
201500,2602500
201500,2601500
201500,2600500
201500,2599500
201500,2598500
201500,2597500
201500,2596500
201500,2595500
201500,2594500
201500,2593500
201500,2592500
201500,2591500
201500,2590500
201500,2589500
201500,2588500
201500,2587500
201500,2586500
201500,2585500
201500,2584500
201500,2583500
201500,2582500
201500,2581500
201500,2580500
201500,2579500
201500,2578500
201500,2577500
201500,2576500
201500,2575500
201500,2574500
201500,2573500
201500,2572500
201500,2571500
201500,2570500
201500,2569500
201500,2568500
201500,2567500
201500,2566500
201500,2565500
201500,2564500
201500,2563500
201500,2562500
201500,2561500
201500,2560500
201500,2559500
201500,2558500
201500,2557500
201500,2556500
201500,2555500
201500,2554500
201500,2553500
201500,2552500
201500,2551500
201500,2550500
201500,2549500
201500,2548500
201500,2547500
201500,2546500
201500,2545500
201500,2544500
201500,2543500
201500,2542500
201500,2541500
201500,2540500
201500,2539500
201500,2538500
201500,2537500
201500,2536500
201500,2535500
201500,2534500
201500,2533500
201500,2532500
201500,2531500
201500,2530500
201500,2529500
201500,2528500
201500,2527500
201500,2526500
201500,2525500
201500,2524500
201500,2523500
201500,2522500
201500,2521500
201500,2520500
201500,2519500
201500,2518500
201500,2517500
201500,2516500
201500,2515500
201500,2514500
201500,2513500
201500,2512500
201500,2511500
201500,2510500
201500,2509500
201500,2508500
201500,2507500
201500,2506500
201500,2505500
201500,2504500
201500,2503500
201500,2502500
201500,2501500
201500,2500500
201500,2499500
201500,2498500
201500,2497500
201500,2496500
201500,2495500
201500,2494500
201500,2493500
201500,2492500
201500,2491500
201500,2490500
201500,2489500
201500,2488500
201500,2487500
201500,2486500
201500,2485500
201500,2484500
201500,2483500
201500,2482500
201500,2481500
201500,2480500
201500,2479500
201500,2478500
201500,2477500
200500,2689500
200500,2688500
200500,2687500
200500,2686500
200500,2685500
200500,2684500
200500,2683500
200500,2682500
200500,2681500
200500,2680500
200500,2679500
200500,2678500
200500,2677500
200500,2676500
200500,2675500
200500,2674500
200500,2673500
200500,2672500
200500,2671500
200500,2670500
200500,2669500
200500,2668500
200500,2667500
200500,2666500
200500,2665500
200500,2664500
200500,2663500
200500,2662500
200500,2661500
200500,2660500
200500,2659500
200500,2658500
200500,2657500
200500,2656500
200500,2655500
200500,2654500
200500,2653500
200500,2652500
200500,2651500
200500,2650500
200500,2649500
200500,2648500
200500,2647500
200500,2646500
200500,2645500
200500,2644500
200500,2643500
200500,2642500
200500,2641500
200500,2640500
200500,2639500
200500,2638500
200500,2637500
200500,2636500
200500,2635500
200500,2634500
200500,2633500
200500,2632500
200500,2631500
200500,2630500
200500,2629500
200500,2628500
200500,2627500
200500,2626500
200500,2625500
200500,2624500
200500,2623500
200500,2622500
200500,2621500
200500,2620500
200500,2619500
200500,2618500
200500,2617500
200500,2616500
200500,2615500
200500,2614500
200500,2613500
200500,2612500
200500,2611500
200500,2610500
200500,2609500
200500,2608500
200500,2607500
200500,2606500
200500,2605500
200500,2604500
200500,2603500
200500,2602500
200500,2601500
200500,2600500
200500,2599500
200500,2598500
200500,2597500
200500,2596500
200500,2595500
200500,2594500
200500,2593500
200500,2592500
200500,2591500
200500,2590500
200500,2589500
200500,2588500
200500,2587500
200500,2586500
200500,2585500
200500,2584500
200500,2583500
200500,2582500
200500,2581500
200500,2580500
200500,2579500
200500,2578500
200500,2577500
200500,2576500
200500,2575500
200500,2574500
200500,2573500
200500,2572500
200500,2571500
200500,2570500
200500,2569500
200500,2568500
200500,2567500
200500,2566500
200500,2565500
200500,2564500
200500,2563500
200500,2562500
200500,2561500
200500,2560500
200500,2559500
200500,2558500
200500,2557500
200500,2556500
200500,2555500
200500,2554500
200500,2553500
200500,2552500
200500,2551500
200500,2550500
200500,2549500
200500,2548500
200500,2547500
200500,2546500
200500,2545500
200500,2544500
200500,2543500
200500,2542500
200500,2541500
200500,2540500
200500,2539500
200500,2538500
200500,2537500
200500,2536500
200500,2535500
200500,2534500
200500,2533500
200500,2532500
200500,2531500
200500,2530500
200500,2529500
200500,2528500
200500,2527500
200500,2526500
200500,2525500
200500,2524500
200500,2523500
200500,2522500
200500,2521500
200500,2520500
200500,2519500
200500,2518500
200500,2517500
200500,2516500
200500,2515500
200500,2514500
200500,2513500
200500,2512500
200500,2511500
200500,2510500
200500,2509500
200500,2508500
200500,2507500
200500,2506500
200500,2505500
200500,2504500
200500,2503500
200500,2502500
200500,2501500
200500,2500500
200500,2499500
200500,2498500
200500,2497500
200500,2496500
200500,2495500
200500,2494500
200500,2493500
200500,2492500
200500,2491500
200500,2490500
200500,2489500
200500,2488500
200500,2487500
200500,2486500
200500,2485500
200500,2484500
200500,2483500
200500,2482500
200500,2481500
200500,2480500
200500,2479500
200500,2478500
199500,2688500
199500,2687500
199500,2686500
199500,2685500
199500,2684500
199500,2683500
199500,2682500
199500,2681500
199500,2680500
199500,2679500
199500,2678500
199500,2677500
199500,2676500
199500,2675500
199500,2674500
199500,2673500
199500,2672500
199500,2671500
199500,2670500
199500,2669500
199500,2668500
199500,2667500
199500,2666500
199500,2665500
199500,2664500
199500,2663500
199500,2662500
199500,2661500
199500,2660500
199500,2659500
199500,2658500
199500,2657500
199500,2656500
199500,2655500
199500,2654500
199500,2653500
199500,2652500
199500,2651500
199500,2650500
199500,2649500
199500,2648500
199500,2647500
199500,2646500
199500,2645500
199500,2644500
199500,2643500
199500,2642500
199500,2641500
199500,2640500
199500,2639500
199500,2638500
199500,2637500
199500,2636500
199500,2635500
199500,2634500
199500,2633500
199500,2632500
199500,2631500
199500,2630500
199500,2629500
199500,2628500
199500,2627500
199500,2626500
199500,2625500
199500,2624500
199500,2623500
199500,2622500
199500,2621500
199500,2620500
199500,2619500
199500,2618500
199500,2617500
199500,2616500
199500,2615500
199500,2614500
199500,2613500
199500,2612500
199500,2611500
199500,2610500
199500,2609500
199500,2608500
199500,2607500
199500,2606500
199500,2605500
199500,2604500
199500,2603500
199500,2602500
199500,2601500
199500,2600500
199500,2599500
199500,2598500
199500,2597500
199500,2596500
199500,2595500
199500,2594500
199500,2593500
199500,2592500
199500,2591500
199500,2590500
199500,2589500
199500,2588500
199500,2587500
199500,2586500
199500,2585500
199500,2584500
199500,2583500
199500,2582500
199500,2581500
199500,2580500
199500,2579500
199500,2578500
199500,2577500
199500,2576500
199500,2575500
199500,2574500
199500,2573500
199500,2572500
199500,2571500
199500,2570500
199500,2569500
199500,2568500
199500,2567500
199500,2566500
199500,2565500
199500,2564500
199500,2563500
199500,2562500
199500,2561500
199500,2560500
199500,2559500
199500,2558500
199500,2557500
199500,2556500
199500,2555500
199500,2554500
199500,2553500
199500,2552500
199500,2551500
199500,2550500
199500,2549500
199500,2548500
199500,2547500
199500,2546500
199500,2545500
199500,2544500
199500,2543500
199500,2542500
199500,2541500
199500,2540500
199500,2539500
199500,2538500
199500,2537500
199500,2536500
199500,2535500
199500,2534500
199500,2533500
199500,2532500
199500,2531500
199500,2530500
199500,2529500
199500,2528500
199500,2527500
199500,2526500
199500,2525500
199500,2524500
199500,2523500
199500,2522500
199500,2521500
199500,2520500
199500,2519500
199500,2518500
199500,2517500
199500,2516500
199500,2515500
199500,2514500
199500,2513500
199500,2512500
199500,2511500
199500,2510500
199500,2509500
199500,2508500
199500,2507500
199500,2506500
199500,2505500
199500,2504500
199500,2503500
199500,2502500
199500,2501500
199500,2500500
199500,2499500
199500,2498500
199500,2497500
199500,2496500
199500,2495500
199500,2494500
199500,2493500
199500,2492500
199500,2491500
199500,2490500
199500,2489500
199500,2488500
199500,2487500
199500,2486500
199500,2485500
199500,2484500
199500,2483500
199500,2482500
199500,2481500
199500,2480500
199500,2479500
198500,2688500
198500,2687500
198500,2685500
198500,2684500
198500,2683500
198500,2682500
198500,2681500
198500,2680500
198500,2679500
198500,2678500
198500,2677500
198500,2676500
198500,2675500
198500,2674500
198500,2673500
198500,2672500
198500,2671500
198500,2670500
198500,2669500
198500,2668500
198500,2667500
198500,2666500
198500,2665500
198500,2664500
198500,2663500
198500,2662500
198500,2661500
198500,2660500
198500,2659500
198500,2658500
198500,2657500
198500,2656500
198500,2655500
198500,2654500
198500,2653500
198500,2652500
198500,2651500
198500,2650500
198500,2649500
198500,2648500
198500,2647500
198500,2646500
198500,2645500
198500,2644500
198500,2643500
198500,2642500
198500,2641500
198500,2640500
198500,2639500
198500,2638500
198500,2637500
198500,2636500
198500,2635500
198500,2634500
198500,2633500
198500,2632500
198500,2631500
198500,2630500
198500,2629500
198500,2628500
198500,2627500
198500,2626500
198500,2625500
198500,2624500
198500,2623500
198500,2622500
198500,2621500
198500,2620500
198500,2619500
198500,2618500
198500,2617500
198500,2616500
198500,2615500
198500,2614500
198500,2613500
198500,2612500
198500,2611500
198500,2610500
198500,2609500
198500,2608500
198500,2607500
198500,2606500
198500,2605500
198500,2604500
198500,2603500
198500,2602500
198500,2601500
198500,2600500
198500,2599500
198500,2598500
198500,2597500
198500,2596500
198500,2595500
198500,2594500
198500,2593500
198500,2592500
198500,2591500
198500,2590500
198500,2589500
198500,2588500
198500,2587500
198500,2586500
198500,2585500
198500,2584500
198500,2583500
198500,2582500
198500,2581500
198500,2580500
198500,2579500
198500,2578500
198500,2577500
198500,2576500
198500,2575500
198500,2574500
198500,2573500
198500,2572500
198500,2571500
198500,2570500
198500,2569500
198500,2568500
198500,2567500
198500,2566500
198500,2565500
198500,2564500
198500,2563500
198500,2562500
198500,2561500
198500,2560500
198500,2559500
198500,2558500
198500,2557500
198500,2556500
198500,2555500
198500,2554500
198500,2553500
198500,2552500
198500,2551500
198500,2550500
198500,2549500
198500,2548500
198500,2547500
198500,2546500
198500,2545500
198500,2544500
198500,2543500
198500,2542500
198500,2541500
198500,2540500
198500,2539500
198500,2538500
198500,2537500
198500,2536500
198500,2535500
198500,2534500
198500,2533500
198500,2532500
198500,2531500
198500,2530500
198500,2529500
198500,2528500
198500,2527500
198500,2526500
198500,2525500
198500,2524500
198500,2523500
198500,2522500
198500,2521500
198500,2520500
198500,2519500
198500,2518500
198500,2517500
198500,2516500
198500,2515500
198500,2514500
198500,2513500
198500,2512500
198500,2511500
198500,2510500
198500,2509500
198500,2508500
198500,2507500
198500,2506500
198500,2505500
198500,2504500
198500,2503500
198500,2502500
198500,2501500
198500,2500500
198500,2499500
198500,2498500
198500,2497500
198500,2496500
198500,2495500
198500,2494500
198500,2493500
198500,2492500
198500,2491500
198500,2490500
198500,2489500
198500,2488500
198500,2487500
198500,2486500
198500,2485500
198500,2484500
198500,2483500
198500,2482500
198500,2481500
198500,2480500
198500,2479500
197500,2688500
197500,2683500
197500,2682500
197500,2681500
197500,2680500
197500,2679500
197500,2678500
197500,2677500
197500,2676500
197500,2675500
197500,2674500
197500,2673500
197500,2672500
197500,2671500
197500,2670500
197500,2669500
197500,2668500
197500,2667500
197500,2666500
197500,2665500
197500,2664500
197500,2663500
197500,2662500
197500,2661500
197500,2660500
197500,2659500
197500,2658500
197500,2657500
197500,2656500
197500,2655500
197500,2654500
197500,2653500
197500,2652500
197500,2651500
197500,2650500
197500,2649500
197500,2648500
197500,2647500
197500,2646500
197500,2645500
197500,2644500
197500,2643500
197500,2642500
197500,2641500
197500,2640500
197500,2639500
197500,2638500
197500,2637500
197500,2636500
197500,2635500
197500,2634500
197500,2633500
197500,2632500
197500,2631500
197500,2630500
197500,2629500
197500,2628500
197500,2627500
197500,2626500
197500,2625500
197500,2624500
197500,2623500
197500,2622500
197500,2621500
197500,2620500
197500,2619500
197500,2618500
197500,2617500
197500,2616500
197500,2615500
197500,2614500
197500,2613500
197500,2612500
197500,2611500
197500,2610500
197500,2609500
197500,2608500
197500,2607500
197500,2606500
197500,2605500
197500,2604500
197500,2603500
197500,2602500
197500,2601500
197500,2600500
197500,2599500
197500,2598500
197500,2597500
197500,2596500
197500,2595500
197500,2594500
197500,2593500
197500,2592500
197500,2591500
197500,2590500
197500,2589500
197500,2588500
197500,2587500
197500,2586500
197500,2585500
197500,2584500
197500,2583500
197500,2582500
197500,2581500
197500,2580500
197500,2579500
197500,2578500
197500,2577500
197500,2576500
197500,2575500
197500,2574500
197500,2573500
197500,2572500
197500,2571500
197500,2570500
197500,2569500
197500,2568500
197500,2567500
197500,2566500
197500,2565500
197500,2564500
197500,2563500
197500,2562500
197500,2561500
197500,2560500
197500,2559500
197500,2558500
197500,2557500
197500,2556500
197500,2555500
197500,2554500
197500,2553500
197500,2552500
197500,2551500
197500,2550500
197500,2549500
197500,2548500
197500,2547500
197500,2546500
197500,2545500
197500,2544500
197500,2543500
197500,2542500
197500,2541500
197500,2540500
197500,2539500
197500,2538500
197500,2537500
197500,2536500
197500,2535500
197500,2534500
197500,2533500
197500,2532500
197500,2531500
197500,2530500
197500,2529500
197500,2528500
197500,2527500
197500,2526500
197500,2525500
197500,2524500
197500,2523500
197500,2522500
197500,2521500
197500,2520500
197500,2519500
197500,2518500
197500,2517500
197500,2516500
197500,2515500
197500,2514500
197500,2513500
197500,2512500
197500,2511500
197500,2510500
197500,2509500
197500,2508500
197500,2507500
197500,2506500
197500,2505500
197500,2504500
197500,2503500
197500,2502500
197500,2501500
197500,2500500
197500,2499500
197500,2498500
197500,2497500
197500,2496500
197500,2495500
197500,2494500
197500,2493500
197500,2492500
197500,2491500
197500,2490500
197500,2489500
197500,2488500
197500,2487500
197500,2486500
197500,2485500
197500,2484500
197500,2483500
197500,2482500
197500,2481500
197500,2480500
196500,2681500
196500,2680500
196500,2679500
196500,2678500
196500,2677500
196500,2676500
196500,2675500
196500,2674500
196500,2673500
196500,2672500
196500,2671500
196500,2670500
196500,2669500
196500,2668500
196500,2667500
196500,2666500
196500,2665500
196500,2664500
196500,2663500
196500,2662500
196500,2661500
196500,2660500
196500,2659500
196500,2658500
196500,2657500
196500,2656500
196500,2655500
196500,2654500
196500,2653500
196500,2652500
196500,2651500
196500,2650500
196500,2649500
196500,2648500
196500,2647500
196500,2646500
196500,2645500
196500,2644500
196500,2643500
196500,2642500
196500,2641500
196500,2640500
196500,2639500
196500,2638500
196500,2637500
196500,2636500
196500,2635500
196500,2634500
196500,2633500
196500,2632500
196500,2631500
196500,2630500
196500,2629500
196500,2628500
196500,2627500
196500,2626500
196500,2625500
196500,2624500
196500,2623500
196500,2622500
196500,2621500
196500,2620500
196500,2619500
196500,2618500
196500,2617500
196500,2616500
196500,2615500
196500,2614500
196500,2613500
196500,2612500
196500,2611500
196500,2610500
196500,2609500
196500,2608500
196500,2607500
196500,2606500
196500,2605500
196500,2604500
196500,2603500
196500,2602500
196500,2601500
196500,2600500
196500,2599500
196500,2598500
196500,2597500
196500,2596500
196500,2595500
196500,2594500
196500,2593500
196500,2592500
196500,2591500
196500,2590500
196500,2589500
196500,2588500
196500,2587500
196500,2586500
196500,2585500
196500,2584500
196500,2583500
196500,2582500
196500,2581500
196500,2580500
196500,2579500
196500,2578500
196500,2577500
196500,2576500
196500,2575500
196500,2574500
196500,2573500
196500,2572500
196500,2571500
196500,2570500
196500,2569500
196500,2568500
196500,2567500
196500,2566500
196500,2565500
196500,2564500
196500,2563500
196500,2562500
196500,2561500
196500,2560500
196500,2559500
196500,2558500
196500,2557500
196500,2556500
196500,2555500
196500,2554500
196500,2553500
196500,2552500
196500,2551500
196500,2550500
196500,2549500
196500,2548500
196500,2547500
196500,2546500
196500,2545500
196500,2544500
196500,2543500
196500,2542500
196500,2541500
196500,2540500
196500,2539500
196500,2538500
196500,2537500
196500,2536500
196500,2535500
196500,2534500
196500,2533500
196500,2532500
196500,2531500
196500,2530500
196500,2529500
196500,2528500
196500,2527500
196500,2526500
196500,2525500
196500,2524500
196500,2523500
196500,2522500
196500,2521500
196500,2520500
196500,2519500
196500,2518500
196500,2517500
196500,2516500
196500,2515500
196500,2514500
196500,2513500
196500,2512500
196500,2511500
196500,2510500
196500,2509500
196500,2508500
196500,2507500
196500,2506500
196500,2505500
196500,2504500
196500,2503500
196500,2502500
196500,2501500
196500,2500500
196500,2499500
196500,2498500
196500,2497500
196500,2496500
196500,2495500
196500,2494500
196500,2493500
196500,2492500
196500,2491500
196500,2490500
196500,2489500
196500,2488500
196500,2487500
196500,2486500
196500,2485500
196500,2484500
196500,2483500
196500,2482500
196500,2481500
196500,2480500
195500,2680500
195500,2679500
195500,2678500
195500,2676500
195500,2675500
195500,2674500
195500,2673500
195500,2672500
195500,2671500
195500,2670500
195500,2669500
195500,2668500
195500,2667500
195500,2666500
195500,2665500
195500,2664500
195500,2663500
195500,2662500
195500,2661500
195500,2660500
195500,2659500
195500,2658500
195500,2657500
195500,2656500
195500,2655500
195500,2654500
195500,2653500
195500,2652500
195500,2651500
195500,2650500
195500,2649500
195500,2648500
195500,2647500
195500,2646500
195500,2645500
195500,2644500
195500,2643500
195500,2642500
195500,2641500
195500,2640500
195500,2639500
195500,2638500
195500,2637500
195500,2636500
195500,2635500
195500,2634500
195500,2633500
195500,2632500
195500,2631500
195500,2630500
195500,2629500
195500,2628500
195500,2627500
195500,2626500
195500,2625500
195500,2624500
195500,2623500
195500,2622500
195500,2621500
195500,2620500
195500,2619500
195500,2618500
195500,2617500
195500,2616500
195500,2615500
195500,2614500
195500,2613500
195500,2612500
195500,2611500
195500,2610500
195500,2609500
195500,2608500
195500,2607500
195500,2606500
195500,2605500
195500,2604500
195500,2603500
195500,2602500
195500,2601500
195500,2600500
195500,2599500
195500,2598500
195500,2597500
195500,2596500
195500,2595500
195500,2594500
195500,2593500
195500,2592500
195500,2591500
195500,2590500
195500,2589500
195500,2588500
195500,2587500
195500,2586500
195500,2585500
195500,2584500
195500,2583500
195500,2582500
195500,2581500
195500,2580500
195500,2579500
195500,2578500
195500,2577500
195500,2576500
195500,2575500
195500,2574500
195500,2573500
195500,2572500
195500,2571500
195500,2570500
195500,2569500
195500,2568500
195500,2567500
195500,2566500
195500,2565500
195500,2564500
195500,2563500
195500,2562500
195500,2561500
195500,2560500
195500,2559500
195500,2558500
195500,2557500
195500,2556500
195500,2555500
195500,2554500
195500,2553500
195500,2552500
195500,2551500
195500,2550500
195500,2549500
195500,2548500
195500,2547500
195500,2546500
195500,2545500
195500,2544500
195500,2543500
195500,2542500
195500,2541500
195500,2540500
195500,2539500
195500,2538500
195500,2537500
195500,2536500
195500,2535500
195500,2534500
195500,2533500
195500,2532500
195500,2531500
195500,2530500
195500,2529500
195500,2528500
195500,2527500
195500,2526500
195500,2525500
195500,2524500
195500,2523500
195500,2522500
195500,2521500
195500,2520500
195500,2519500
195500,2518500
195500,2517500
195500,2516500
195500,2515500
195500,2514500
195500,2513500
195500,2512500
195500,2511500
195500,2510500
195500,2509500
195500,2508500
195500,2507500
195500,2506500
195500,2505500
195500,2504500
195500,2503500
195500,2502500
195500,2501500
195500,2500500
195500,2499500
195500,2498500
195500,2497500
195500,2496500
195500,2495500
195500,2494500
195500,2493500
195500,2492500
195500,2491500
195500,2490500
195500,2489500
195500,2488500
195500,2487500
195500,2486500
195500,2485500
195500,2484500
195500,2483500
195500,2482500
195500,2481500
194500,2678500
194500,2677500
194500,2676500
194500,2675500
194500,2673500
194500,2672500
194500,2671500
194500,2670500
194500,2669500
194500,2668500
194500,2667500
194500,2666500
194500,2665500
194500,2664500
194500,2663500
194500,2662500
194500,2661500
194500,2660500
194500,2659500
194500,2658500
194500,2657500
194500,2656500
194500,2655500
194500,2654500
194500,2653500
194500,2652500
194500,2651500
194500,2650500
194500,2649500
194500,2648500
194500,2647500
194500,2646500
194500,2645500
194500,2644500
194500,2643500
194500,2642500
194500,2641500
194500,2640500
194500,2639500
194500,2638500
194500,2637500
194500,2636500
194500,2635500
194500,2634500
194500,2633500
194500,2632500
194500,2631500
194500,2630500
194500,2629500
194500,2628500
194500,2627500
194500,2626500
194500,2625500
194500,2624500
194500,2623500
194500,2622500
194500,2621500
194500,2620500
194500,2619500
194500,2618500
194500,2617500
194500,2616500
194500,2615500
194500,2614500
194500,2613500
194500,2612500
194500,2611500
194500,2610500
194500,2609500
194500,2608500
194500,2607500
194500,2606500
194500,2605500
194500,2604500
194500,2603500
194500,2602500
194500,2601500
194500,2600500
194500,2599500
194500,2598500
194500,2597500
194500,2596500
194500,2595500
194500,2594500
194500,2593500
194500,2592500
194500,2591500
194500,2590500
194500,2589500
194500,2588500
194500,2587500
194500,2586500
194500,2585500
194500,2584500
194500,2583500
194500,2582500
194500,2581500
194500,2580500
194500,2579500
194500,2578500
194500,2577500
194500,2576500
194500,2575500
194500,2574500
194500,2573500
194500,2572500
194500,2571500
194500,2570500
194500,2569500
194500,2568500
194500,2567500
194500,2566500
194500,2565500
194500,2564500
194500,2563500
194500,2562500
194500,2561500
194500,2560500
194500,2559500
194500,2558500
194500,2557500
194500,2556500
194500,2555500
194500,2554500
194500,2553500
194500,2552500
194500,2551500
194500,2550500
194500,2549500
194500,2548500
194500,2547500
194500,2546500
194500,2545500
194500,2544500
194500,2543500
194500,2542500
194500,2541500
194500,2540500
194500,2539500
194500,2538500
194500,2537500
194500,2536500
194500,2535500
194500,2534500
194500,2533500
194500,2532500
194500,2531500
194500,2530500
194500,2529500
194500,2528500
194500,2527500
194500,2526500
194500,2525500
194500,2524500
194500,2523500
194500,2522500
194500,2521500
194500,2520500
194500,2519500
194500,2518500
194500,2517500
194500,2516500
194500,2515500
194500,2514500
194500,2513500
194500,2512500
194500,2511500
194500,2510500
194500,2509500
194500,2508500
194500,2507500
194500,2506500
194500,2505500
194500,2504500
194500,2503500
194500,2502500
194500,2501500
194500,2500500
194500,2499500
194500,2498500
194500,2497500
194500,2496500
194500,2495500
194500,2494500
194500,2493500
194500,2492500
194500,2491500
194500,2490500
194500,2489500
194500,2488500
194500,2487500
194500,2486500
194500,2485500
194500,2484500
194500,2483500
194500,2482500
194500,2481500
193500,2676500
193500,2675500
193500,2672500
193500,2671500
193500,2670500
193500,2669500
193500,2668500
193500,2667500
193500,2666500
193500,2665500
193500,2664500
193500,2663500
193500,2662500
193500,2661500
193500,2660500
193500,2659500
193500,2658500
193500,2657500
193500,2656500
193500,2655500
193500,2654500
193500,2653500
193500,2652500
193500,2651500
193500,2650500
193500,2649500
193500,2648500
193500,2647500
193500,2646500
193500,2645500
193500,2644500
193500,2643500
193500,2642500
193500,2641500
193500,2640500
193500,2639500
193500,2638500
193500,2637500
193500,2636500
193500,2635500
193500,2634500
193500,2633500
193500,2632500
193500,2631500
193500,2630500
193500,2629500
193500,2628500
193500,2627500
193500,2626500
193500,2625500
193500,2624500
193500,2623500
193500,2622500
193500,2621500
193500,2620500
193500,2619500
193500,2618500
193500,2617500
193500,2616500
193500,2615500
193500,2614500
193500,2613500
193500,2612500
193500,2611500
193500,2610500
193500,2609500
193500,2608500
193500,2607500
193500,2606500
193500,2605500
193500,2604500
193500,2603500
193500,2602500
193500,2601500
193500,2600500
193500,2599500
193500,2598500
193500,2597500
193500,2596500
193500,2595500
193500,2594500
193500,2593500
193500,2592500
193500,2591500
193500,2590500
193500,2589500
193500,2588500
193500,2587500
193500,2586500
193500,2585500
193500,2584500
193500,2583500
193500,2582500
193500,2581500
193500,2580500
193500,2579500
193500,2578500
193500,2577500
193500,2576500
193500,2575500
193500,2574500
193500,2573500
193500,2572500
193500,2571500
193500,2570500
193500,2569500
193500,2568500
193500,2567500
193500,2566500
193500,2565500
193500,2564500
193500,2563500
193500,2562500
193500,2561500
193500,2560500
193500,2559500
193500,2558500
193500,2557500
193500,2556500
193500,2555500
193500,2554500
193500,2553500
193500,2552500
193500,2551500
193500,2550500
193500,2549500
193500,2548500
193500,2547500
193500,2546500
193500,2545500
193500,2544500
193500,2543500
193500,2542500
193500,2541500
193500,2540500
193500,2539500
193500,2538500
193500,2537500
193500,2536500
193500,2535500
193500,2534500
193500,2533500
193500,2532500
193500,2531500
193500,2530500
193500,2529500
193500,2528500
193500,2527500
193500,2526500
193500,2525500
193500,2524500
193500,2523500
193500,2522500
193500,2521500
193500,2520500
193500,2519500
193500,2518500
193500,2517500
193500,2516500
193500,2515500
193500,2514500
193500,2513500
193500,2512500
193500,2511500
193500,2510500
193500,2509500
193500,2508500
193500,2507500
193500,2506500
193500,2505500
193500,2504500
193500,2503500
193500,2502500
193500,2501500
193500,2500500
193500,2499500
193500,2498500
193500,2497500
193500,2496500
193500,2495500
193500,2494500
193500,2493500
193500,2492500
193500,2491500
193500,2490500
193500,2489500
193500,2488500
193500,2487500
193500,2486500
193500,2485500
193500,2484500
193500,2483500
193500,2482500
192500,2675500
192500,2672500
192500,2671500
192500,2670500
192500,2669500
192500,2668500
192500,2667500
192500,2666500
192500,2665500
192500,2664500
192500,2663500
192500,2662500
192500,2661500
192500,2660500
192500,2659500
192500,2658500
192500,2657500
192500,2656500
192500,2655500
192500,2654500
192500,2653500
192500,2652500
192500,2651500
192500,2650500
192500,2649500
192500,2648500
192500,2647500
192500,2646500
192500,2645500
192500,2644500
192500,2643500
192500,2642500
192500,2641500
192500,2640500
192500,2639500
192500,2638500
192500,2637500
192500,2636500
192500,2635500
192500,2634500
192500,2633500
192500,2632500
192500,2631500
192500,2630500
192500,2629500
192500,2628500
192500,2627500
192500,2626500
192500,2625500
192500,2624500
192500,2623500
192500,2622500
192500,2621500
192500,2620500
192500,2619500
192500,2618500
192500,2617500
192500,2616500
192500,2615500
192500,2614500
192500,2613500
192500,2612500
192500,2611500
192500,2610500
192500,2609500
192500,2608500
192500,2607500
192500,2606500
192500,2605500
192500,2604500
192500,2603500
192500,2602500
192500,2601500
192500,2600500
192500,2599500
192500,2598500
192500,2597500
192500,2596500
192500,2595500
192500,2594500
192500,2593500
192500,2592500
192500,2591500
192500,2590500
192500,2589500
192500,2588500
192500,2587500
192500,2586500
192500,2585500
192500,2584500
192500,2583500
192500,2582500
192500,2581500
192500,2580500
192500,2579500
192500,2578500
192500,2577500
192500,2576500
192500,2575500
192500,2574500
192500,2573500
192500,2572500
192500,2571500
192500,2570500
192500,2569500
192500,2568500
192500,2567500
192500,2566500
192500,2565500
192500,2564500
192500,2563500
192500,2562500
192500,2561500
192500,2560500
192500,2559500
192500,2558500
192500,2557500
192500,2556500
192500,2555500
192500,2554500
192500,2553500
192500,2552500
192500,2551500
192500,2550500
192500,2549500
192500,2548500
192500,2547500
192500,2546500
192500,2545500
192500,2544500
192500,2543500
192500,2542500
192500,2541500
192500,2540500
192500,2539500
192500,2538500
192500,2537500
192500,2536500
192500,2535500
192500,2534500
192500,2533500
192500,2532500
192500,2531500
192500,2530500
192500,2529500
192500,2528500
192500,2527500
192500,2526500
192500,2525500
192500,2524500
192500,2523500
192500,2522500
192500,2521500
192500,2520500
192500,2519500
192500,2518500
192500,2517500
192500,2516500
192500,2515500
192500,2514500
192500,2513500
192500,2512500
192500,2511500
192500,2510500
192500,2509500
192500,2508500
192500,2507500
192500,2506500
192500,2505500
192500,2504500
192500,2503500
192500,2502500
192500,2501500
192500,2500500
192500,2499500
192500,2498500
192500,2497500
192500,2496500
192500,2495500
192500,2494500
192500,2493500
192500,2492500
192500,2491500
192500,2490500
192500,2489500
192500,2488500
192500,2487500
192500,2486500
192500,2485500
192500,2484500
192500,2483500
191500,2675500
191500,2674500
191500,2672500
191500,2671500
191500,2670500
191500,2669500
191500,2668500
191500,2665500
191500,2664500
191500,2663500
191500,2662500
191500,2661500
191500,2660500
191500,2659500
191500,2658500
191500,2657500
191500,2656500
191500,2655500
191500,2654500
191500,2653500
191500,2652500
191500,2651500
191500,2650500
191500,2649500
191500,2648500
191500,2647500
191500,2646500
191500,2645500
191500,2644500
191500,2643500
191500,2642500
191500,2641500
191500,2640500
191500,2639500
191500,2638500
191500,2637500
191500,2636500
191500,2635500
191500,2634500
191500,2633500
191500,2632500
191500,2631500
191500,2630500
191500,2629500
191500,2628500
191500,2627500
191500,2626500
191500,2625500
191500,2624500
191500,2623500
191500,2622500
191500,2621500
191500,2620500
191500,2619500
191500,2618500
191500,2617500
191500,2616500
191500,2615500
191500,2614500
191500,2613500
191500,2612500
191500,2611500
191500,2610500
191500,2609500
191500,2608500
191500,2607500
191500,2606500
191500,2605500
191500,2604500
191500,2603500
191500,2602500
191500,2601500
191500,2600500
191500,2599500
191500,2598500
191500,2597500
191500,2596500
191500,2595500
191500,2594500
191500,2593500
191500,2592500
191500,2591500
191500,2590500
191500,2589500
191500,2588500
191500,2587500
191500,2586500
191500,2585500
191500,2584500
191500,2583500
191500,2582500
191500,2581500
191500,2580500
191500,2579500
191500,2578500
191500,2577500
191500,2576500
191500,2575500
191500,2574500
191500,2573500
191500,2572500
191500,2571500
191500,2570500
191500,2569500
191500,2568500
191500,2567500
191500,2566500
191500,2565500
191500,2564500
191500,2563500
191500,2562500
191500,2561500
191500,2560500
191500,2559500
191500,2558500
191500,2557500
191500,2556500
191500,2555500
191500,2554500
191500,2553500
191500,2552500
191500,2551500
191500,2550500
191500,2549500
191500,2548500
191500,2547500
191500,2546500
191500,2545500
191500,2544500
191500,2543500
191500,2542500
191500,2541500
191500,2540500
191500,2539500
191500,2538500
191500,2537500
191500,2536500
191500,2535500
191500,2534500
191500,2533500
191500,2532500
191500,2531500
191500,2530500
191500,2529500
191500,2528500
191500,2527500
191500,2526500
191500,2525500
191500,2524500
191500,2523500
191500,2522500
191500,2521500
191500,2520500
191500,2519500
191500,2518500
191500,2517500
191500,2516500
191500,2515500
191500,2514500
191500,2513500
191500,2512500
191500,2511500
191500,2510500
191500,2509500
191500,2508500
191500,2507500
191500,2506500
191500,2505500
191500,2504500
191500,2503500
191500,2502500
191500,2501500
191500,2500500
191500,2499500
191500,2498500
191500,2497500
191500,2496500
191500,2495500
191500,2494500
191500,2493500
191500,2492500
191500,2491500
191500,2490500
191500,2489500
191500,2488500
191500,2487500
191500,2486500
191500,2485500
191500,2484500
190500,2674500
190500,2673500
190500,2672500
190500,2671500
190500,2670500
190500,2669500
190500,2668500
190500,2667500
190500,2666500
190500,2664500
190500,2663500
190500,2662500
190500,2661500
190500,2660500
190500,2659500
190500,2658500
190500,2657500
190500,2656500
190500,2655500
190500,2654500
190500,2653500
190500,2652500
190500,2651500
190500,2650500
190500,2649500
190500,2648500
190500,2647500
190500,2646500
190500,2645500
190500,2644500
190500,2643500
190500,2642500
190500,2641500
190500,2640500
190500,2639500
190500,2638500
190500,2637500
190500,2636500
190500,2635500
190500,2634500
190500,2633500
190500,2632500
190500,2631500
190500,2630500
190500,2629500
190500,2628500
190500,2627500
190500,2626500
190500,2625500
190500,2624500
190500,2623500
190500,2622500
190500,2621500
190500,2620500
190500,2619500
190500,2618500
190500,2617500
190500,2616500
190500,2615500
190500,2614500
190500,2613500
190500,2612500
190500,2611500
190500,2610500
190500,2609500
190500,2608500
190500,2607500
190500,2606500
190500,2605500
190500,2604500
190500,2603500
190500,2602500
190500,2601500
190500,2600500
190500,2599500
190500,2598500
190500,2597500
190500,2596500
190500,2595500
190500,2594500
190500,2593500
190500,2592500
190500,2591500
190500,2590500
190500,2589500
190500,2588500
190500,2587500
190500,2586500
190500,2585500
190500,2584500
190500,2583500
190500,2582500
190500,2581500
190500,2580500
190500,2579500
190500,2578500
190500,2577500
190500,2576500
190500,2575500
190500,2574500
190500,2573500
190500,2572500
190500,2571500
190500,2570500
190500,2569500
190500,2568500
190500,2567500
190500,2566500
190500,2565500
190500,2564500
190500,2563500
190500,2562500
190500,2561500
190500,2560500
190500,2559500
190500,2558500
190500,2557500
190500,2556500
190500,2555500
190500,2554500
190500,2553500
190500,2552500
190500,2551500
190500,2550500
190500,2549500
190500,2548500
190500,2547500
190500,2546500
190500,2545500
190500,2544500
190500,2543500
190500,2542500
190500,2541500
190500,2540500
190500,2539500
190500,2538500
190500,2537500
190500,2536500
190500,2535500
190500,2534500
190500,2533500
190500,2532500
190500,2531500
190500,2530500
190500,2529500
190500,2528500
190500,2527500
190500,2526500
190500,2525500
190500,2524500
190500,2523500
190500,2522500
190500,2521500
190500,2520500
190500,2519500
190500,2518500
190500,2517500
190500,2516500
190500,2515500
190500,2514500
190500,2513500
190500,2512500
190500,2511500
190500,2510500
190500,2509500
190500,2508500
190500,2507500
190500,2506500
190500,2505500
190500,2504500
190500,2503500
190500,2502500
190500,2501500
190500,2500500
190500,2499500
190500,2498500
190500,2497500
190500,2496500
190500,2495500
190500,2494500
190500,2493500
190500,2492500
190500,2491500
190500,2490500
190500,2489500
190500,2488500
190500,2487500
190500,2486500
190500,2485500
189500,2672500
189500,2671500
189500,2670500
189500,2669500
189500,2668500
189500,2667500
189500,2666500
189500,2664500
189500,2663500
189500,2662500
189500,2661500
189500,2660500
189500,2659500
189500,2658500
189500,2657500
189500,2656500
189500,2655500
189500,2654500
189500,2653500
189500,2652500
189500,2651500
189500,2650500
189500,2649500
189500,2648500
189500,2647500
189500,2646500
189500,2645500
189500,2644500
189500,2643500
189500,2642500
189500,2641500
189500,2640500
189500,2639500
189500,2638500
189500,2637500
189500,2636500
189500,2635500
189500,2634500
189500,2633500
189500,2632500
189500,2631500
189500,2630500
189500,2629500
189500,2628500
189500,2627500
189500,2626500
189500,2625500
189500,2624500
189500,2623500
189500,2622500
189500,2621500
189500,2620500
189500,2619500
189500,2618500
189500,2617500
189500,2616500
189500,2615500
189500,2614500
189500,2613500
189500,2612500
189500,2611500
189500,2610500
189500,2609500
189500,2608500
189500,2607500
189500,2606500
189500,2605500
189500,2604500
189500,2603500
189500,2602500
189500,2601500
189500,2600500
189500,2599500
189500,2598500
189500,2597500
189500,2596500
189500,2595500
189500,2594500
189500,2593500
189500,2592500
189500,2591500
189500,2590500
189500,2589500
189500,2588500
189500,2587500
189500,2586500
189500,2585500
189500,2584500
189500,2583500
189500,2582500
189500,2581500
189500,2580500
189500,2579500
189500,2578500
189500,2577500
189500,2576500
189500,2575500
189500,2574500
189500,2573500
189500,2572500
189500,2571500
189500,2570500
189500,2569500
189500,2568500
189500,2567500
189500,2566500
189500,2565500
189500,2564500
189500,2563500
189500,2562500
189500,2561500
189500,2560500
189500,2559500
189500,2558500
189500,2557500
189500,2556500
189500,2555500
189500,2554500
189500,2553500
189500,2552500
189500,2551500
189500,2550500
189500,2549500
189500,2548500
189500,2547500
189500,2546500
189500,2545500
189500,2544500
189500,2543500
189500,2542500
189500,2541500
189500,2540500
189500,2539500
189500,2538500
189500,2537500
189500,2536500
189500,2535500
189500,2534500
189500,2533500
189500,2532500
189500,2531500
189500,2530500
189500,2529500
189500,2528500
189500,2527500
189500,2526500
189500,2525500
189500,2524500
189500,2523500
189500,2522500
189500,2521500
189500,2520500
189500,2519500
189500,2518500
189500,2517500
189500,2516500
189500,2515500
189500,2514500
189500,2513500
189500,2512500
189500,2511500
189500,2510500
189500,2509500
189500,2508500
189500,2507500
189500,2506500
189500,2505500
189500,2504500
189500,2503500
189500,2502500
189500,2501500
189500,2500500
189500,2499500
189500,2498500
189500,2497500
189500,2496500
189500,2495500
189500,2494500
189500,2493500
189500,2492500
189500,2491500
189500,2490500
189500,2489500
189500,2488500
189500,2487500
189500,2486500
189500,2485500
188500,2670500
188500,2669500
188500,2668500
188500,2667500
188500,2666500
188500,2665500
188500,2664500
188500,2663500
188500,2662500
188500,2661500
188500,2660500
188500,2659500
188500,2658500
188500,2657500
188500,2656500
188500,2655500
188500,2654500
188500,2653500
188500,2652500
188500,2651500
188500,2650500
188500,2649500
188500,2648500
188500,2647500
188500,2646500
188500,2645500
188500,2644500
188500,2643500
188500,2642500
188500,2641500
188500,2640500
188500,2639500
188500,2638500
188500,2637500
188500,2636500
188500,2635500
188500,2634500
188500,2633500
188500,2632500
188500,2631500
188500,2630500
188500,2629500
188500,2628500
188500,2627500
188500,2626500
188500,2625500
188500,2624500
188500,2623500
188500,2622500
188500,2621500
188500,2620500
188500,2619500
188500,2618500
188500,2617500
188500,2616500
188500,2615500
188500,2614500
188500,2613500
188500,2612500
188500,2611500
188500,2610500
188500,2609500
188500,2608500
188500,2607500
188500,2606500
188500,2605500
188500,2604500
188500,2603500
188500,2602500
188500,2601500
188500,2600500
188500,2599500
188500,2598500
188500,2597500
188500,2596500
188500,2595500
188500,2594500
188500,2593500
188500,2592500
188500,2591500
188500,2590500
188500,2589500
188500,2588500
188500,2587500
188500,2586500
188500,2585500
188500,2584500
188500,2583500
188500,2582500
188500,2581500
188500,2580500
188500,2579500
188500,2578500
188500,2577500
188500,2576500
188500,2575500
188500,2574500
188500,2573500
188500,2572500
188500,2571500
188500,2570500
188500,2569500
188500,2568500
188500,2567500
188500,2566500
188500,2565500
188500,2564500
188500,2563500
188500,2562500
188500,2561500
188500,2560500
188500,2559500
188500,2558500
188500,2557500
188500,2556500
188500,2555500
188500,2554500
188500,2553500
188500,2552500
188500,2551500
188500,2550500
188500,2549500
188500,2548500
188500,2547500
188500,2546500
188500,2545500
188500,2544500
188500,2543500
188500,2542500
188500,2541500
188500,2540500
188500,2539500
188500,2538500
188500,2537500
188500,2536500
188500,2535500
188500,2534500
188500,2533500
188500,2532500
188500,2531500
188500,2530500
188500,2529500
188500,2528500
188500,2527500
188500,2526500
188500,2525500
188500,2524500
188500,2523500
188500,2522500
188500,2521500
188500,2520500
188500,2519500
188500,2518500
188500,2517500
188500,2516500
188500,2515500
188500,2514500
188500,2513500
188500,2512500
188500,2511500
188500,2510500
188500,2509500
188500,2508500
188500,2507500
188500,2506500
188500,2505500
188500,2504500
188500,2503500
188500,2502500
188500,2501500
188500,2500500
188500,2499500
188500,2498500
188500,2497500
188500,2496500
188500,2495500
188500,2494500
188500,2493500
188500,2492500
188500,2491500
188500,2490500
188500,2489500
188500,2488500
188500,2487500
188500,2486500
188500,2485500
187500,2667500
187500,2666500
187500,2665500
187500,2664500
187500,2663500
187500,2662500
187500,2661500
187500,2660500
187500,2659500
187500,2658500
187500,2657500
187500,2656500
187500,2655500
187500,2654500
187500,2653500
187500,2652500
187500,2651500
187500,2650500
187500,2649500
187500,2648500
187500,2647500
187500,2646500
187500,2645500
187500,2644500
187500,2643500
187500,2642500
187500,2641500
187500,2640500
187500,2639500
187500,2638500
187500,2637500
187500,2636500
187500,2635500
187500,2634500
187500,2633500
187500,2632500
187500,2631500
187500,2630500
187500,2629500
187500,2628500
187500,2627500
187500,2626500
187500,2625500
187500,2624500
187500,2623500
187500,2622500
187500,2621500
187500,2620500
187500,2619500
187500,2618500
187500,2617500
187500,2616500
187500,2615500
187500,2614500
187500,2613500
187500,2612500
187500,2611500
187500,2610500
187500,2609500
187500,2608500
187500,2607500
187500,2606500
187500,2605500
187500,2604500
187500,2603500
187500,2602500
187500,2601500
187500,2600500
187500,2599500
187500,2598500
187500,2597500
187500,2596500
187500,2595500
187500,2594500
187500,2593500
187500,2592500
187500,2591500
187500,2590500
187500,2589500
187500,2588500
187500,2587500
187500,2586500
187500,2585500
187500,2584500
187500,2583500
187500,2582500
187500,2581500
187500,2580500
187500,2579500
187500,2578500
187500,2577500
187500,2576500
187500,2575500
187500,2574500
187500,2573500
187500,2572500
187500,2571500
187500,2570500
187500,2569500
187500,2568500
187500,2567500
187500,2566500
187500,2565500
187500,2564500
187500,2563500
187500,2562500
187500,2561500
187500,2560500
187500,2559500
187500,2558500
187500,2557500
187500,2556500
187500,2555500
187500,2554500
187500,2553500
187500,2552500
187500,2551500
187500,2550500
187500,2549500
187500,2548500
187500,2547500
187500,2546500
187500,2545500
187500,2544500
187500,2543500
187500,2542500
187500,2541500
187500,2540500
187500,2539500
187500,2538500
187500,2537500
187500,2536500
187500,2535500
187500,2534500
187500,2533500
187500,2532500
187500,2531500
187500,2530500
187500,2529500
187500,2528500
187500,2527500
187500,2526500
187500,2525500
187500,2524500
187500,2523500
187500,2522500
187500,2521500
187500,2520500
187500,2519500
187500,2518500
187500,2517500
187500,2516500
187500,2515500
187500,2514500
187500,2513500
187500,2512500
187500,2511500
187500,2510500
187500,2509500
187500,2508500
187500,2507500
187500,2506500
187500,2505500
187500,2504500
187500,2503500
187500,2502500
187500,2501500
187500,2500500
187500,2499500
187500,2498500
187500,2497500
187500,2496500
187500,2495500
187500,2494500
187500,2493500
187500,2492500
187500,2491500
187500,2490500
187500,2489500
187500,2488500
187500,2487500
187500,2486500
187500,2472500
187500,2471500
186500,2665500
186500,2664500
186500,2663500
186500,2662500
186500,2661500
186500,2660500
186500,2659500
186500,2658500
186500,2657500
186500,2656500
186500,2655500
186500,2654500
186500,2653500
186500,2652500
186500,2651500
186500,2650500
186500,2649500
186500,2648500
186500,2647500
186500,2646500
186500,2645500
186500,2644500
186500,2643500
186500,2642500
186500,2641500
186500,2640500
186500,2639500
186500,2638500
186500,2637500
186500,2636500
186500,2635500
186500,2634500
186500,2633500
186500,2632500
186500,2631500
186500,2630500
186500,2629500
186500,2628500
186500,2627500
186500,2626500
186500,2625500
186500,2624500
186500,2623500
186500,2622500
186500,2621500
186500,2620500
186500,2619500
186500,2618500
186500,2617500
186500,2616500
186500,2615500
186500,2614500
186500,2613500
186500,2612500
186500,2611500
186500,2610500
186500,2609500
186500,2608500
186500,2607500
186500,2606500
186500,2605500
186500,2604500
186500,2603500
186500,2602500
186500,2601500
186500,2600500
186500,2599500
186500,2598500
186500,2597500
186500,2596500
186500,2595500
186500,2594500
186500,2593500
186500,2592500
186500,2591500
186500,2590500
186500,2589500
186500,2588500
186500,2587500
186500,2586500
186500,2585500
186500,2584500
186500,2583500
186500,2582500
186500,2581500
186500,2580500
186500,2579500
186500,2578500
186500,2577500
186500,2576500
186500,2575500
186500,2574500
186500,2573500
186500,2572500
186500,2571500
186500,2570500
186500,2569500
186500,2568500
186500,2567500
186500,2566500
186500,2565500
186500,2564500
186500,2563500
186500,2562500
186500,2561500
186500,2560500
186500,2559500
186500,2558500
186500,2557500
186500,2556500
186500,2555500
186500,2554500
186500,2553500
186500,2552500
186500,2551500
186500,2550500
186500,2549500
186500,2548500
186500,2547500
186500,2546500
186500,2545500
186500,2544500
186500,2543500
186500,2542500
186500,2541500
186500,2540500
186500,2539500
186500,2538500
186500,2537500
186500,2536500
186500,2535500
186500,2534500
186500,2533500
186500,2532500
186500,2531500
186500,2530500
186500,2529500
186500,2528500
186500,2527500
186500,2526500
186500,2525500
186500,2524500
186500,2523500
186500,2522500
186500,2521500
186500,2520500
186500,2519500
186500,2518500
186500,2517500
186500,2516500
186500,2515500
186500,2514500
186500,2513500
186500,2512500
186500,2511500
186500,2510500
186500,2509500
186500,2508500
186500,2507500
186500,2506500
186500,2505500
186500,2504500
186500,2503500
186500,2502500
186500,2501500
186500,2500500
186500,2499500
186500,2498500
186500,2497500
186500,2496500
186500,2495500
186500,2494500
186500,2493500
186500,2492500
186500,2491500
186500,2490500
186500,2489500
186500,2488500
186500,2487500
186500,2473500
186500,2472500
186500,2471500
185500,2664500
185500,2663500
185500,2662500
185500,2661500
185500,2659500
185500,2658500
185500,2657500
185500,2656500
185500,2655500
185500,2654500
185500,2653500
185500,2652500
185500,2651500
185500,2650500
185500,2649500
185500,2648500
185500,2647500
185500,2646500
185500,2645500
185500,2644500
185500,2643500
185500,2642500
185500,2641500
185500,2640500
185500,2639500
185500,2638500
185500,2637500
185500,2636500
185500,2635500
185500,2634500
185500,2633500
185500,2632500
185500,2631500
185500,2630500
185500,2629500
185500,2628500
185500,2627500
185500,2626500
185500,2625500
185500,2624500
185500,2623500
185500,2622500
185500,2621500
185500,2620500
185500,2619500
185500,2618500
185500,2617500
185500,2616500
185500,2615500
185500,2614500
185500,2613500
185500,2612500
185500,2611500
185500,2610500
185500,2609500
185500,2608500
185500,2607500
185500,2606500
185500,2605500
185500,2604500
185500,2603500
185500,2602500
185500,2601500
185500,2600500
185500,2599500
185500,2598500
185500,2597500
185500,2596500
185500,2595500
185500,2594500
185500,2593500
185500,2592500
185500,2591500
185500,2590500
185500,2589500
185500,2588500
185500,2587500
185500,2586500
185500,2585500
185500,2584500
185500,2583500
185500,2582500
185500,2581500
185500,2580500
185500,2579500
185500,2578500
185500,2577500
185500,2576500
185500,2575500
185500,2574500
185500,2573500
185500,2572500
185500,2571500
185500,2570500
185500,2569500
185500,2568500
185500,2567500
185500,2566500
185500,2565500
185500,2564500
185500,2563500
185500,2562500
185500,2561500
185500,2560500
185500,2559500
185500,2558500
185500,2557500
185500,2556500
185500,2555500
185500,2554500
185500,2553500
185500,2552500
185500,2551500
185500,2550500
185500,2549500
185500,2548500
185500,2547500
185500,2546500
185500,2545500
185500,2544500
185500,2543500
185500,2542500
185500,2541500
185500,2540500
185500,2539500
185500,2538500
185500,2537500
185500,2536500
185500,2535500
185500,2534500
185500,2533500
185500,2532500
185500,2531500
185500,2530500
185500,2529500
185500,2528500
185500,2527500
185500,2526500
185500,2525500
185500,2524500
185500,2523500
185500,2522500
185500,2521500
185500,2520500
185500,2519500
185500,2518500
185500,2517500
185500,2516500
185500,2515500
185500,2514500
185500,2513500
185500,2512500
185500,2511500
185500,2510500
185500,2509500
185500,2508500
185500,2507500
185500,2506500
185500,2505500
185500,2504500
185500,2503500
185500,2502500
185500,2501500
185500,2500500
185500,2499500
185500,2498500
185500,2497500
185500,2496500
185500,2495500
185500,2494500
185500,2493500
185500,2492500
185500,2491500
185500,2490500
185500,2489500
185500,2488500
185500,2487500
185500,2473500
185500,2472500
185500,2471500
185500,2470500
185500,2469500
184500,2663500
184500,2657500
184500,2656500
184500,2655500
184500,2654500
184500,2653500
184500,2652500
184500,2651500
184500,2650500
184500,2649500
184500,2648500
184500,2647500
184500,2646500
184500,2645500
184500,2644500
184500,2643500
184500,2642500
184500,2641500
184500,2640500
184500,2639500
184500,2638500
184500,2637500
184500,2636500
184500,2635500
184500,2634500
184500,2633500
184500,2632500
184500,2631500
184500,2630500
184500,2629500
184500,2628500
184500,2627500
184500,2626500
184500,2625500
184500,2624500
184500,2623500
184500,2622500
184500,2621500
184500,2620500
184500,2619500
184500,2618500
184500,2617500
184500,2616500
184500,2615500
184500,2614500
184500,2613500
184500,2612500
184500,2611500
184500,2610500
184500,2609500
184500,2608500
184500,2607500
184500,2606500
184500,2605500
184500,2604500
184500,2603500
184500,2602500
184500,2601500
184500,2600500
184500,2599500
184500,2598500
184500,2597500
184500,2596500
184500,2595500
184500,2594500
184500,2593500
184500,2592500
184500,2591500
184500,2590500
184500,2589500
184500,2588500
184500,2587500
184500,2586500
184500,2585500
184500,2584500
184500,2583500
184500,2582500
184500,2581500
184500,2580500
184500,2579500
184500,2578500
184500,2577500
184500,2576500
184500,2575500
184500,2574500
184500,2573500
184500,2572500
184500,2571500
184500,2570500
184500,2569500
184500,2568500
184500,2567500
184500,2566500
184500,2565500
184500,2564500
184500,2563500
184500,2562500
184500,2561500
184500,2560500
184500,2559500
184500,2558500
184500,2557500
184500,2556500
184500,2555500
184500,2554500
184500,2553500
184500,2552500
184500,2551500
184500,2550500
184500,2549500
184500,2548500
184500,2547500
184500,2546500
184500,2545500
184500,2544500
184500,2543500
184500,2542500
184500,2541500
184500,2540500
184500,2539500
184500,2538500
184500,2537500
184500,2536500
184500,2535500
184500,2534500
184500,2533500
184500,2532500
184500,2531500
184500,2530500
184500,2529500
184500,2528500
184500,2527500
184500,2526500
184500,2525500
184500,2524500
184500,2523500
184500,2522500
184500,2521500
184500,2520500
184500,2519500
184500,2518500
184500,2517500
184500,2516500
184500,2515500
184500,2514500
184500,2513500
184500,2512500
184500,2511500
184500,2510500
184500,2509500
184500,2508500
184500,2507500
184500,2506500
184500,2505500
184500,2504500
184500,2503500
184500,2502500
184500,2501500
184500,2500500
184500,2499500
184500,2498500
184500,2497500
184500,2496500
184500,2495500
184500,2494500
184500,2493500
184500,2492500
184500,2491500
184500,2490500
184500,2489500
184500,2488500
184500,2472500
184500,2471500
184500,2470500
184500,2469500
183500,2663500
183500,2662500
183500,2661500
183500,2660500
183500,2659500
183500,2657500
183500,2656500
183500,2655500
183500,2654500
183500,2653500
183500,2652500
183500,2651500
183500,2650500
183500,2649500
183500,2648500
183500,2647500
183500,2646500
183500,2645500
183500,2644500
183500,2643500
183500,2642500
183500,2641500
183500,2640500
183500,2639500
183500,2638500
183500,2637500
183500,2636500
183500,2635500
183500,2634500
183500,2633500
183500,2632500
183500,2631500
183500,2630500
183500,2629500
183500,2628500
183500,2627500
183500,2626500
183500,2625500
183500,2624500
183500,2623500
183500,2622500
183500,2621500
183500,2620500
183500,2619500
183500,2618500
183500,2617500
183500,2616500
183500,2615500
183500,2614500
183500,2613500
183500,2612500
183500,2611500
183500,2610500
183500,2609500
183500,2608500
183500,2607500
183500,2606500
183500,2605500
183500,2604500
183500,2603500
183500,2602500
183500,2601500
183500,2600500
183500,2599500
183500,2598500
183500,2597500
183500,2596500
183500,2595500
183500,2594500
183500,2593500
183500,2592500
183500,2591500
183500,2590500
183500,2589500
183500,2588500
183500,2587500
183500,2586500
183500,2585500
183500,2584500
183500,2583500
183500,2582500
183500,2581500
183500,2580500
183500,2579500
183500,2578500
183500,2577500
183500,2576500
183500,2575500
183500,2574500
183500,2573500
183500,2572500
183500,2571500
183500,2570500
183500,2569500
183500,2568500
183500,2567500
183500,2566500
183500,2565500
183500,2564500
183500,2563500
183500,2562500
183500,2561500
183500,2560500
183500,2559500
183500,2558500
183500,2557500
183500,2556500
183500,2555500
183500,2554500
183500,2553500
183500,2552500
183500,2551500
183500,2550500
183500,2549500
183500,2548500
183500,2547500
183500,2546500
183500,2545500
183500,2544500
183500,2543500
183500,2542500
183500,2541500
183500,2540500
183500,2539500
183500,2538500
183500,2537500
183500,2536500
183500,2535500
183500,2534500
183500,2533500
183500,2532500
183500,2531500
183500,2530500
183500,2529500
183500,2528500
183500,2527500
183500,2526500
183500,2525500
183500,2524500
183500,2523500
183500,2522500
183500,2521500
183500,2520500
183500,2519500
183500,2518500
183500,2517500
183500,2516500
183500,2515500
183500,2514500
183500,2513500
183500,2512500
183500,2511500
183500,2510500
183500,2509500
183500,2508500
183500,2507500
183500,2506500
183500,2505500
183500,2504500
183500,2503500
183500,2502500
183500,2501500
183500,2500500
183500,2499500
183500,2498500
183500,2497500
183500,2496500
183500,2495500
183500,2494500
183500,2493500
183500,2492500
183500,2491500
183500,2490500
183500,2489500
183500,2470500
183500,2469500
182500,2661500
182500,2659500
182500,2658500
182500,2657500
182500,2656500
182500,2655500
182500,2654500
182500,2653500
182500,2652500
182500,2651500
182500,2650500
182500,2649500
182500,2648500
182500,2647500
182500,2646500
182500,2645500
182500,2644500
182500,2643500
182500,2642500
182500,2641500
182500,2640500
182500,2639500
182500,2638500
182500,2637500
182500,2636500
182500,2635500
182500,2634500
182500,2633500
182500,2632500
182500,2631500
182500,2630500
182500,2629500
182500,2628500
182500,2627500
182500,2626500
182500,2625500
182500,2624500
182500,2623500
182500,2622500
182500,2621500
182500,2620500
182500,2619500
182500,2618500
182500,2617500
182500,2616500
182500,2615500
182500,2614500
182500,2613500
182500,2612500
182500,2611500
182500,2610500
182500,2609500
182500,2608500
182500,2607500
182500,2606500
182500,2605500
182500,2604500
182500,2603500
182500,2602500
182500,2601500
182500,2600500
182500,2599500
182500,2598500
182500,2597500
182500,2596500
182500,2595500
182500,2594500
182500,2593500
182500,2592500
182500,2591500
182500,2590500
182500,2589500
182500,2588500
182500,2587500
182500,2586500
182500,2585500
182500,2584500
182500,2583500
182500,2582500
182500,2581500
182500,2580500
182500,2579500
182500,2578500
182500,2577500
182500,2576500
182500,2575500
182500,2574500
182500,2573500
182500,2572500
182500,2571500
182500,2570500
182500,2569500
182500,2568500
182500,2567500
182500,2566500
182500,2565500
182500,2564500
182500,2563500
182500,2562500
182500,2561500
182500,2560500
182500,2559500
182500,2558500
182500,2557500
182500,2556500
182500,2555500
182500,2554500
182500,2553500
182500,2552500
182500,2551500
182500,2550500
182500,2549500
182500,2548500
182500,2547500
182500,2546500
182500,2545500
182500,2544500
182500,2543500
182500,2542500
182500,2541500
182500,2540500
182500,2539500
182500,2538500
182500,2537500
182500,2536500
182500,2535500
182500,2534500
182500,2533500
182500,2532500
182500,2531500
182500,2530500
182500,2529500
182500,2528500
182500,2527500
182500,2526500
182500,2525500
182500,2524500
182500,2523500
182500,2522500
182500,2521500
182500,2520500
182500,2519500
182500,2518500
182500,2517500
182500,2516500
182500,2515500
182500,2514500
182500,2513500
182500,2512500
182500,2511500
182500,2510500
182500,2509500
182500,2508500
182500,2507500
182500,2506500
182500,2505500
182500,2504500
182500,2503500
182500,2502500
182500,2501500
182500,2500500
182500,2499500
182500,2498500
182500,2497500
182500,2496500
182500,2495500
182500,2494500
182500,2493500
182500,2492500
182500,2491500
182500,2490500
181500,2656500
181500,2655500
181500,2654500
181500,2653500
181500,2652500
181500,2651500
181500,2650500
181500,2649500
181500,2648500
181500,2647500
181500,2646500
181500,2645500
181500,2644500
181500,2643500
181500,2642500
181500,2641500
181500,2640500
181500,2639500
181500,2638500
181500,2637500
181500,2636500
181500,2635500
181500,2634500
181500,2633500
181500,2632500
181500,2631500
181500,2630500
181500,2629500
181500,2628500
181500,2627500
181500,2626500
181500,2625500
181500,2624500
181500,2623500
181500,2622500
181500,2621500
181500,2620500
181500,2619500
181500,2618500
181500,2617500
181500,2616500
181500,2615500
181500,2614500
181500,2613500
181500,2612500
181500,2611500
181500,2610500
181500,2609500
181500,2608500
181500,2607500
181500,2606500
181500,2605500
181500,2604500
181500,2603500
181500,2602500
181500,2601500
181500,2600500
181500,2599500
181500,2598500
181500,2597500
181500,2596500
181500,2595500
181500,2594500
181500,2593500
181500,2592500
181500,2591500
181500,2590500
181500,2589500
181500,2588500
181500,2587500
181500,2586500
181500,2585500
181500,2584500
181500,2583500
181500,2582500
181500,2581500
181500,2580500
181500,2579500
181500,2578500
181500,2577500
181500,2576500
181500,2575500
181500,2574500
181500,2573500
181500,2572500
181500,2571500
181500,2570500
181500,2569500
181500,2568500
181500,2567500
181500,2566500
181500,2565500
181500,2564500
181500,2563500
181500,2562500
181500,2561500
181500,2560500
181500,2559500
181500,2558500
181500,2557500
181500,2556500
181500,2555500
181500,2554500
181500,2553500
181500,2552500
181500,2551500
181500,2550500
181500,2549500
181500,2548500
181500,2547500
181500,2546500
181500,2545500
181500,2544500
181500,2543500
181500,2542500
181500,2541500
181500,2540500
181500,2539500
181500,2538500
181500,2537500
181500,2536500
181500,2535500
181500,2534500
181500,2533500
181500,2532500
181500,2531500
181500,2530500
181500,2529500
181500,2528500
181500,2527500
181500,2526500
181500,2525500
181500,2524500
181500,2523500
181500,2522500
181500,2521500
181500,2520500
181500,2519500
181500,2518500
181500,2517500
181500,2516500
181500,2515500
181500,2514500
181500,2513500
181500,2512500
181500,2511500
181500,2510500
181500,2509500
181500,2508500
181500,2507500
181500,2506500
181500,2505500
181500,2504500
181500,2503500
181500,2502500
181500,2501500
181500,2500500
181500,2499500
181500,2498500
181500,2497500
181500,2496500
181500,2495500
181500,2494500
181500,2493500
181500,2492500
181500,2491500
181500,2490500
180500,2655500
180500,2654500
180500,2651500
180500,2650500
180500,2649500
180500,2648500
180500,2647500
180500,2646500
180500,2645500
180500,2644500
180500,2643500
180500,2642500
180500,2641500
180500,2640500
180500,2639500
180500,2638500
180500,2637500
180500,2636500
180500,2635500
180500,2634500
180500,2633500
180500,2632500
180500,2631500
180500,2630500
180500,2629500
180500,2628500
180500,2627500
180500,2626500
180500,2625500
180500,2624500
180500,2623500
180500,2622500
180500,2621500
180500,2620500
180500,2619500
180500,2618500
180500,2617500
180500,2616500
180500,2615500
180500,2614500
180500,2613500
180500,2612500
180500,2611500
180500,2610500
180500,2609500
180500,2608500
180500,2607500
180500,2606500
180500,2605500
180500,2604500
180500,2603500
180500,2602500
180500,2601500
180500,2600500
180500,2599500
180500,2598500
180500,2597500
180500,2596500
180500,2595500
180500,2594500
180500,2593500
180500,2592500
180500,2591500
180500,2590500
180500,2589500
180500,2588500
180500,2587500
180500,2586500
180500,2585500
180500,2584500
180500,2583500
180500,2582500
180500,2581500
180500,2580500
180500,2579500
180500,2578500
180500,2577500
180500,2576500
180500,2575500
180500,2574500
180500,2573500
180500,2572500
180500,2571500
180500,2570500
180500,2569500
180500,2568500
180500,2567500
180500,2566500
180500,2565500
180500,2564500
180500,2563500
180500,2562500
180500,2561500
180500,2560500
180500,2559500
180500,2558500
180500,2557500
180500,2556500
180500,2555500
180500,2554500
180500,2553500
180500,2552500
180500,2551500
180500,2550500
180500,2549500
180500,2548500
180500,2547500
180500,2546500
180500,2545500
180500,2544500
180500,2543500
180500,2542500
180500,2541500
180500,2540500
180500,2539500
180500,2538500
180500,2537500
180500,2536500
180500,2535500
180500,2534500
180500,2533500
180500,2532500
180500,2531500
180500,2530500
180500,2529500
180500,2528500
180500,2527500
180500,2526500
180500,2525500
180500,2524500
180500,2523500
180500,2522500
180500,2521500
180500,2520500
180500,2519500
180500,2518500
180500,2517500
180500,2516500
180500,2515500
180500,2514500
180500,2513500
180500,2512500
180500,2511500
180500,2510500
180500,2509500
180500,2508500
180500,2507500
180500,2506500
180500,2505500
180500,2504500
180500,2503500
180500,2502500
180500,2501500
180500,2500500
180500,2499500
180500,2498500
180500,2497500
180500,2496500
180500,2495500
180500,2494500
180500,2493500
180500,2492500
180500,2491500
179500,2654500
179500,2653500
179500,2652500
179500,2651500
179500,2650500
179500,2649500
179500,2648500
179500,2646500
179500,2645500
179500,2644500
179500,2643500
179500,2642500
179500,2641500
179500,2640500
179500,2639500
179500,2638500
179500,2637500
179500,2636500
179500,2635500
179500,2634500
179500,2633500
179500,2632500
179500,2631500
179500,2630500
179500,2629500
179500,2628500
179500,2627500
179500,2626500
179500,2625500
179500,2624500
179500,2623500
179500,2622500
179500,2621500
179500,2620500
179500,2619500
179500,2618500
179500,2617500
179500,2616500
179500,2615500
179500,2614500
179500,2613500
179500,2612500
179500,2611500
179500,2610500
179500,2609500
179500,2608500
179500,2607500
179500,2606500
179500,2605500
179500,2604500
179500,2603500
179500,2602500
179500,2601500
179500,2600500
179500,2599500
179500,2598500
179500,2597500
179500,2596500
179500,2595500
179500,2594500
179500,2593500
179500,2592500
179500,2591500
179500,2590500
179500,2589500
179500,2588500
179500,2587500
179500,2586500
179500,2585500
179500,2584500
179500,2583500
179500,2582500
179500,2581500
179500,2580500
179500,2579500
179500,2578500
179500,2577500
179500,2576500
179500,2575500
179500,2574500
179500,2573500
179500,2572500
179500,2571500
179500,2570500
179500,2569500
179500,2568500
179500,2567500
179500,2566500
179500,2565500
179500,2564500
179500,2563500
179500,2562500
179500,2561500
179500,2560500
179500,2559500
179500,2558500
179500,2557500
179500,2556500
179500,2555500
179500,2554500
179500,2553500
179500,2552500
179500,2551500
179500,2550500
179500,2549500
179500,2548500
179500,2547500
179500,2546500
179500,2545500
179500,2544500
179500,2543500
179500,2542500
179500,2541500
179500,2540500
179500,2539500
179500,2538500
179500,2537500
179500,2536500
179500,2535500
179500,2534500
179500,2533500
179500,2532500
179500,2531500
179500,2530500
179500,2529500
179500,2528500
179500,2527500
179500,2526500
179500,2525500
179500,2524500
179500,2523500
179500,2522500
179500,2521500
179500,2520500
179500,2519500
179500,2518500
179500,2517500
179500,2516500
179500,2515500
179500,2514500
179500,2513500
179500,2512500
179500,2511500
179500,2510500
179500,2509500
179500,2508500
179500,2507500
179500,2506500
179500,2505500
179500,2504500
179500,2503500
179500,2502500
179500,2501500
179500,2500500
179500,2499500
179500,2498500
179500,2497500
179500,2496500
179500,2495500
179500,2494500
179500,2493500
179500,2492500
179500,2491500
179500,2490500
178500,2651500
178500,2650500
178500,2649500
178500,2645500
178500,2644500
178500,2643500
178500,2642500
178500,2641500
178500,2640500
178500,2639500
178500,2638500
178500,2637500
178500,2636500
178500,2635500
178500,2634500
178500,2633500
178500,2632500
178500,2631500
178500,2630500
178500,2629500
178500,2628500
178500,2627500
178500,2626500
178500,2625500
178500,2624500
178500,2623500
178500,2622500
178500,2621500
178500,2620500
178500,2619500
178500,2618500
178500,2617500
178500,2616500
178500,2615500
178500,2614500
178500,2613500
178500,2612500
178500,2611500
178500,2610500
178500,2609500
178500,2608500
178500,2607500
178500,2606500
178500,2605500
178500,2604500
178500,2603500
178500,2602500
178500,2601500
178500,2600500
178500,2599500
178500,2598500
178500,2597500
178500,2596500
178500,2595500
178500,2594500
178500,2593500
178500,2592500
178500,2591500
178500,2590500
178500,2589500
178500,2588500
178500,2587500
178500,2586500
178500,2585500
178500,2584500
178500,2583500
178500,2582500
178500,2581500
178500,2580500
178500,2579500
178500,2578500
178500,2577500
178500,2576500
178500,2575500
178500,2574500
178500,2573500
178500,2572500
178500,2571500
178500,2570500
178500,2569500
178500,2568500
178500,2567500
178500,2566500
178500,2565500
178500,2564500
178500,2563500
178500,2562500
178500,2561500
178500,2560500
178500,2559500
178500,2558500
178500,2557500
178500,2556500
178500,2555500
178500,2554500
178500,2553500
178500,2552500
178500,2551500
178500,2550500
178500,2549500
178500,2548500
178500,2547500
178500,2546500
178500,2545500
178500,2544500
178500,2543500
178500,2542500
178500,2541500
178500,2540500
178500,2539500
178500,2538500
178500,2537500
178500,2536500
178500,2535500
178500,2534500
178500,2533500
178500,2532500
178500,2531500
178500,2530500
178500,2529500
178500,2528500
178500,2527500
178500,2526500
178500,2525500
178500,2524500
178500,2523500
178500,2522500
178500,2521500
178500,2520500
178500,2519500
178500,2518500
178500,2517500
178500,2516500
178500,2515500
178500,2514500
178500,2513500
178500,2512500
178500,2511500
178500,2510500
178500,2509500
178500,2508500
178500,2507500
178500,2506500
178500,2505500
178500,2504500
178500,2503500
178500,2502500
178500,2501500
178500,2500500
178500,2499500
178500,2498500
178500,2497500
178500,2496500
178500,2495500
178500,2494500
178500,2493500
178500,2492500
178500,2491500
177500,2650500
177500,2642500
177500,2641500
177500,2640500
177500,2639500
177500,2638500
177500,2637500
177500,2636500
177500,2635500
177500,2634500
177500,2633500
177500,2632500
177500,2631500
177500,2630500
177500,2629500
177500,2628500
177500,2627500
177500,2626500
177500,2625500
177500,2624500
177500,2623500
177500,2622500
177500,2621500
177500,2620500
177500,2619500
177500,2618500
177500,2617500
177500,2616500
177500,2615500
177500,2614500
177500,2613500
177500,2612500
177500,2611500
177500,2610500
177500,2609500
177500,2608500
177500,2607500
177500,2606500
177500,2605500
177500,2604500
177500,2603500
177500,2602500
177500,2601500
177500,2600500
177500,2599500
177500,2598500
177500,2597500
177500,2596500
177500,2595500
177500,2594500
177500,2593500
177500,2592500
177500,2591500
177500,2590500
177500,2589500
177500,2588500
177500,2587500
177500,2586500
177500,2585500
177500,2584500
177500,2583500
177500,2582500
177500,2581500
177500,2580500
177500,2579500
177500,2578500
177500,2577500
177500,2576500
177500,2575500
177500,2574500
177500,2573500
177500,2572500
177500,2571500
177500,2570500
177500,2569500
177500,2568500
177500,2567500
177500,2566500
177500,2565500
177500,2564500
177500,2563500
177500,2562500
177500,2561500
177500,2560500
177500,2559500
177500,2558500
177500,2557500
177500,2556500
177500,2555500
177500,2554500
177500,2553500
177500,2552500
177500,2551500
177500,2550500
177500,2549500
177500,2548500
177500,2547500
177500,2546500
177500,2545500
177500,2544500
177500,2543500
177500,2542500
177500,2541500
177500,2540500
177500,2539500
177500,2538500
177500,2537500
177500,2536500
177500,2535500
177500,2534500
177500,2533500
177500,2532500
177500,2531500
177500,2530500
177500,2529500
177500,2528500
177500,2527500
177500,2526500
177500,2525500
177500,2524500
177500,2523500
177500,2522500
177500,2521500
177500,2520500
177500,2519500
177500,2518500
177500,2517500
177500,2516500
177500,2515500
177500,2514500
177500,2513500
177500,2512500
177500,2511500
177500,2510500
177500,2509500
177500,2508500
177500,2507500
177500,2506500
177500,2505500
177500,2504500
177500,2503500
177500,2502500
177500,2501500
177500,2500500
177500,2499500
177500,2498500
177500,2497500
177500,2496500
177500,2495500
177500,2494500
177500,2493500
177500,2492500
176500,2650500
176500,2649500
176500,2648500
176500,2647500
176500,2641500
176500,2640500
176500,2639500
176500,2638500
176500,2637500
176500,2636500
176500,2635500
176500,2634500
176500,2633500
176500,2632500
176500,2631500
176500,2630500
176500,2629500
176500,2628500
176500,2627500
176500,2626500
176500,2625500
176500,2624500
176500,2623500
176500,2622500
176500,2621500
176500,2620500
176500,2619500
176500,2618500
176500,2617500
176500,2616500
176500,2615500
176500,2614500
176500,2613500
176500,2612500
176500,2611500
176500,2610500
176500,2609500
176500,2608500
176500,2607500
176500,2606500
176500,2605500
176500,2604500
176500,2603500
176500,2602500
176500,2601500
176500,2600500
176500,2599500
176500,2598500
176500,2597500
176500,2596500
176500,2595500
176500,2594500
176500,2593500
176500,2592500
176500,2591500
176500,2590500
176500,2589500
176500,2588500
176500,2587500
176500,2586500
176500,2585500
176500,2584500
176500,2583500
176500,2582500
176500,2581500
176500,2580500
176500,2579500
176500,2578500
176500,2577500
176500,2576500
176500,2575500
176500,2574500
176500,2573500
176500,2572500
176500,2571500
176500,2570500
176500,2569500
176500,2568500
176500,2567500
176500,2566500
176500,2565500
176500,2564500
176500,2563500
176500,2562500
176500,2561500
176500,2560500
176500,2559500
176500,2558500
176500,2557500
176500,2556500
176500,2555500
176500,2554500
176500,2553500
176500,2552500
176500,2551500
176500,2550500
176500,2549500
176500,2548500
176500,2547500
176500,2546500
176500,2545500
176500,2544500
176500,2543500
176500,2542500
176500,2541500
176500,2540500
176500,2539500
176500,2538500
176500,2537500
176500,2536500
176500,2535500
176500,2534500
176500,2533500
176500,2532500
176500,2531500
176500,2530500
176500,2529500
176500,2528500
176500,2527500
176500,2526500
176500,2525500
176500,2524500
176500,2523500
176500,2522500
176500,2521500
176500,2520500
176500,2519500
176500,2518500
176500,2517500
176500,2516500
176500,2515500
176500,2514500
176500,2513500
176500,2512500
176500,2511500
176500,2510500
176500,2509500
176500,2508500
176500,2507500
176500,2506500
176500,2505500
176500,2504500
176500,2503500
176500,2502500
176500,2501500
176500,2500500
176500,2499500
176500,2498500
176500,2497500
176500,2494500
176500,2493500
175500,2647500
175500,2646500
175500,2640500
175500,2639500
175500,2638500
175500,2637500
175500,2636500
175500,2635500
175500,2634500
175500,2633500
175500,2632500
175500,2631500
175500,2630500
175500,2629500
175500,2628500
175500,2627500
175500,2626500
175500,2625500
175500,2624500
175500,2623500
175500,2622500
175500,2621500
175500,2620500
175500,2619500
175500,2618500
175500,2617500
175500,2616500
175500,2615500
175500,2614500
175500,2613500
175500,2612500
175500,2611500
175500,2610500
175500,2609500
175500,2608500
175500,2607500
175500,2606500
175500,2605500
175500,2604500
175500,2603500
175500,2602500
175500,2601500
175500,2600500
175500,2599500
175500,2598500
175500,2597500
175500,2596500
175500,2595500
175500,2594500
175500,2593500
175500,2592500
175500,2591500
175500,2590500
175500,2589500
175500,2588500
175500,2587500
175500,2586500
175500,2585500
175500,2584500
175500,2583500
175500,2582500
175500,2581500
175500,2580500
175500,2579500
175500,2578500
175500,2577500
175500,2576500
175500,2575500
175500,2574500
175500,2573500
175500,2572500
175500,2571500
175500,2570500
175500,2569500
175500,2568500
175500,2567500
175500,2566500
175500,2565500
175500,2564500
175500,2563500
175500,2562500
175500,2561500
175500,2560500
175500,2559500
175500,2558500
175500,2557500
175500,2556500
175500,2555500
175500,2554500
175500,2553500
175500,2552500
175500,2551500
175500,2550500
175500,2549500
175500,2548500
175500,2547500
175500,2546500
175500,2545500
175500,2544500
175500,2543500
175500,2542500
175500,2541500
175500,2540500
175500,2539500
175500,2538500
175500,2537500
175500,2536500
175500,2535500
175500,2534500
175500,2533500
175500,2532500
175500,2531500
175500,2530500
175500,2529500
175500,2528500
175500,2527500
175500,2526500
175500,2525500
175500,2524500
175500,2523500
175500,2522500
175500,2521500
175500,2520500
175500,2519500
175500,2518500
175500,2517500
175500,2516500
175500,2515500
175500,2514500
175500,2513500
175500,2512500
175500,2511500
175500,2510500
175500,2509500
175500,2508500
175500,2507500
175500,2506500
175500,2505500
175500,2504500
175500,2503500
175500,2502500
175500,2501500
175500,2500500
175500,2499500
175500,2498500
174500,2646500
174500,2645500
174500,2644500
174500,2643500
174500,2641500
174500,2640500
174500,2639500
174500,2638500
174500,2637500
174500,2636500
174500,2635500
174500,2634500
174500,2633500
174500,2632500
174500,2631500
174500,2630500
174500,2629500
174500,2628500
174500,2627500
174500,2626500
174500,2625500
174500,2624500
174500,2623500
174500,2622500
174500,2621500
174500,2620500
174500,2619500
174500,2618500
174500,2617500
174500,2616500
174500,2615500
174500,2614500
174500,2613500
174500,2612500
174500,2611500
174500,2610500
174500,2609500
174500,2608500
174500,2607500
174500,2606500
174500,2605500
174500,2604500
174500,2603500
174500,2602500
174500,2601500
174500,2600500
174500,2599500
174500,2598500
174500,2597500
174500,2596500
174500,2595500
174500,2594500
174500,2593500
174500,2592500
174500,2591500
174500,2590500
174500,2589500
174500,2588500
174500,2587500
174500,2586500
174500,2585500
174500,2584500
174500,2583500
174500,2582500
174500,2581500
174500,2580500
174500,2579500
174500,2578500
174500,2577500
174500,2576500
174500,2575500
174500,2574500
174500,2573500
174500,2572500
174500,2571500
174500,2570500
174500,2569500
174500,2568500
174500,2567500
174500,2566500
174500,2565500
174500,2564500
174500,2563500
174500,2562500
174500,2561500
174500,2560500
174500,2559500
174500,2558500
174500,2557500
174500,2556500
174500,2555500
174500,2554500
174500,2553500
174500,2552500
174500,2551500
174500,2550500
174500,2549500
174500,2548500
174500,2547500
174500,2546500
174500,2545500
174500,2544500
174500,2543500
174500,2542500
174500,2541500
174500,2540500
174500,2539500
174500,2538500
174500,2537500
174500,2536500
174500,2535500
174500,2534500
174500,2533500
174500,2532500
174500,2531500
174500,2530500
174500,2529500
174500,2528500
174500,2527500
174500,2526500
174500,2525500
174500,2524500
174500,2523500
174500,2522500
174500,2521500
174500,2520500
174500,2519500
174500,2518500
174500,2517500
174500,2516500
174500,2515500
174500,2514500
174500,2513500
174500,2512500
174500,2511500
174500,2510500
174500,2509500
174500,2508500
174500,2507500
174500,2506500
174500,2505500
174500,2504500
174500,2503500
174500,2502500
174500,2501500
174500,2500500
174500,2499500
173500,2643500
173500,2642500
173500,2641500
173500,2640500
173500,2639500
173500,2638500
173500,2637500
173500,2636500
173500,2635500
173500,2634500
173500,2633500
173500,2632500
173500,2631500
173500,2630500
173500,2629500
173500,2628500
173500,2627500
173500,2626500
173500,2625500
173500,2624500
173500,2623500
173500,2622500
173500,2621500
173500,2620500
173500,2619500
173500,2618500
173500,2617500
173500,2616500
173500,2615500
173500,2614500
173500,2613500
173500,2612500
173500,2611500
173500,2610500
173500,2609500
173500,2608500
173500,2607500
173500,2606500
173500,2605500
173500,2604500
173500,2603500
173500,2602500
173500,2601500
173500,2600500
173500,2599500
173500,2598500
173500,2597500
173500,2596500
173500,2595500
173500,2594500
173500,2593500
173500,2592500
173500,2591500
173500,2590500
173500,2589500
173500,2588500
173500,2587500
173500,2586500
173500,2585500
173500,2584500
173500,2583500
173500,2582500
173500,2581500
173500,2580500
173500,2579500
173500,2578500
173500,2577500
173500,2576500
173500,2575500
173500,2574500
173500,2573500
173500,2572500
173500,2571500
173500,2570500
173500,2569500
173500,2568500
173500,2567500
173500,2566500
173500,2565500
173500,2564500
173500,2563500
173500,2562500
173500,2561500
173500,2560500
173500,2559500
173500,2558500
173500,2557500
173500,2556500
173500,2555500
173500,2554500
173500,2553500
173500,2552500
173500,2551500
173500,2550500
173500,2549500
173500,2548500
173500,2547500
173500,2546500
173500,2545500
173500,2544500
173500,2543500
173500,2542500
173500,2541500
173500,2540500
173500,2539500
173500,2538500
173500,2537500
173500,2536500
173500,2535500
173500,2534500
173500,2533500
173500,2532500
173500,2531500
173500,2530500
173500,2529500
173500,2528500
173500,2527500
173500,2526500
173500,2525500
173500,2524500
173500,2523500
173500,2522500
173500,2521500
173500,2520500
173500,2519500
173500,2518500
173500,2517500
173500,2516500
173500,2515500
173500,2514500
173500,2513500
173500,2512500
173500,2511500
173500,2510500
173500,2507500
173500,2506500
173500,2505500
173500,2504500
173500,2503500
173500,2502500
173500,2501500
172500,2642500
172500,2641500
172500,2640500
172500,2639500
172500,2638500
172500,2637500
172500,2636500
172500,2635500
172500,2634500
172500,2633500
172500,2632500
172500,2631500
172500,2630500
172500,2629500
172500,2628500
172500,2627500
172500,2626500
172500,2625500
172500,2624500
172500,2623500
172500,2622500
172500,2621500
172500,2620500
172500,2619500
172500,2618500
172500,2617500
172500,2616500
172500,2615500
172500,2614500
172500,2613500
172500,2612500
172500,2611500
172500,2610500
172500,2609500
172500,2608500
172500,2607500
172500,2606500
172500,2605500
172500,2604500
172500,2603500
172500,2602500
172500,2601500
172500,2600500
172500,2599500
172500,2598500
172500,2597500
172500,2596500
172500,2595500
172500,2594500
172500,2593500
172500,2592500
172500,2591500
172500,2590500
172500,2589500
172500,2588500
172500,2587500
172500,2586500
172500,2585500
172500,2584500
172500,2583500
172500,2582500
172500,2581500
172500,2580500
172500,2579500
172500,2578500
172500,2577500
172500,2576500
172500,2575500
172500,2574500
172500,2573500
172500,2572500
172500,2571500
172500,2570500
172500,2569500
172500,2568500
172500,2567500
172500,2566500
172500,2565500
172500,2564500
172500,2563500
172500,2562500
172500,2561500
172500,2560500
172500,2559500
172500,2558500
172500,2557500
172500,2556500
172500,2555500
172500,2554500
172500,2553500
172500,2552500
172500,2551500
172500,2550500
172500,2549500
172500,2548500
172500,2547500
172500,2546500
172500,2545500
172500,2544500
172500,2543500
172500,2542500
172500,2541500
172500,2540500
172500,2539500
172500,2538500
172500,2537500
172500,2536500
172500,2535500
172500,2534500
172500,2533500
172500,2532500
172500,2531500
172500,2530500
172500,2529500
172500,2528500
172500,2527500
172500,2526500
172500,2525500
172500,2524500
172500,2523500
172500,2522500
172500,2521500
172500,2520500
172500,2519500
172500,2518500
172500,2517500
172500,2516500
172500,2515500
172500,2514500
172500,2513500
172500,2507500
172500,2506500
172500,2505500
171500,2642500
171500,2641500
171500,2640500
171500,2639500
171500,2638500
171500,2637500
171500,2636500
171500,2635500
171500,2634500
171500,2633500
171500,2632500
171500,2631500
171500,2630500
171500,2629500
171500,2628500
171500,2627500
171500,2626500
171500,2625500
171500,2624500
171500,2623500
171500,2622500
171500,2621500
171500,2620500
171500,2619500
171500,2618500
171500,2617500
171500,2616500
171500,2615500
171500,2614500
171500,2613500
171500,2612500
171500,2611500
171500,2610500
171500,2609500
171500,2608500
171500,2607500
171500,2606500
171500,2605500
171500,2604500
171500,2603500
171500,2602500
171500,2601500
171500,2600500
171500,2599500
171500,2598500
171500,2597500
171500,2596500
171500,2595500
171500,2594500
171500,2593500
171500,2592500
171500,2591500
171500,2590500
171500,2589500
171500,2588500
171500,2587500
171500,2586500
171500,2585500
171500,2584500
171500,2583500
171500,2582500
171500,2581500
171500,2580500
171500,2579500
171500,2578500
171500,2577500
171500,2576500
171500,2575500
171500,2574500
171500,2573500
171500,2572500
171500,2571500
171500,2570500
171500,2569500
171500,2568500
171500,2567500
171500,2566500
171500,2565500
171500,2564500
171500,2563500
171500,2562500
171500,2561500
171500,2560500
171500,2559500
171500,2558500
171500,2557500
171500,2556500
171500,2555500
171500,2554500
171500,2553500
171500,2552500
171500,2551500
171500,2550500
171500,2549500
171500,2548500
171500,2547500
171500,2546500
171500,2545500
171500,2544500
171500,2543500
171500,2542500
171500,2541500
171500,2540500
171500,2539500
171500,2538500
171500,2537500
171500,2536500
171500,2535500
171500,2534500
171500,2533500
171500,2532500
171500,2531500
171500,2530500
171500,2529500
171500,2528500
171500,2527500
171500,2526500
171500,2525500
171500,2524500
171500,2523500
171500,2522500
171500,2521500
171500,2520500
171500,2519500
171500,2518500
171500,2517500
171500,2516500
170500,2641500
170500,2640500
170500,2639500
170500,2638500
170500,2637500
170500,2636500
170500,2635500
170500,2634500
170500,2633500
170500,2632500
170500,2631500
170500,2630500
170500,2629500
170500,2628500
170500,2627500
170500,2626500
170500,2625500
170500,2624500
170500,2623500
170500,2622500
170500,2621500
170500,2620500
170500,2619500
170500,2618500
170500,2617500
170500,2616500
170500,2615500
170500,2614500
170500,2613500
170500,2612500
170500,2611500
170500,2610500
170500,2609500
170500,2608500
170500,2607500
170500,2606500
170500,2605500
170500,2604500
170500,2603500
170500,2602500
170500,2601500
170500,2600500
170500,2599500
170500,2598500
170500,2597500
170500,2596500
170500,2595500
170500,2594500
170500,2593500
170500,2592500
170500,2591500
170500,2590500
170500,2589500
170500,2588500
170500,2587500
170500,2586500
170500,2585500
170500,2584500
170500,2583500
170500,2582500
170500,2581500
170500,2580500
170500,2579500
170500,2578500
170500,2577500
170500,2576500
170500,2575500
170500,2574500
170500,2573500
170500,2572500
170500,2571500
170500,2570500
170500,2569500
170500,2568500
170500,2567500
170500,2566500
170500,2565500
170500,2564500
170500,2563500
170500,2562500
170500,2561500
170500,2560500
170500,2559500
170500,2558500
170500,2557500
170500,2556500
170500,2555500
170500,2554500
170500,2553500
170500,2552500
170500,2551500
170500,2550500
170500,2549500
170500,2548500
170500,2547500
170500,2546500
170500,2545500
170500,2544500
170500,2543500
170500,2542500
170500,2541500
170500,2540500
170500,2539500
170500,2538500
170500,2537500
170500,2536500
170500,2535500
170500,2534500
170500,2533500
170500,2532500
170500,2531500
170500,2530500
170500,2529500
170500,2528500
170500,2527500
170500,2526500
170500,2525500
170500,2524500
170500,2523500
170500,2522500
170500,2521500
170500,2520500
170500,2519500
170500,2518500
170500,2517500
169500,2640500
169500,2639500
169500,2638500
169500,2637500
169500,2636500
169500,2635500
169500,2634500
169500,2633500
169500,2632500
169500,2631500
169500,2630500
169500,2629500
169500,2628500
169500,2627500
169500,2626500
169500,2625500
169500,2624500
169500,2623500
169500,2622500
169500,2621500
169500,2620500
169500,2619500
169500,2618500
169500,2617500
169500,2616500
169500,2615500
169500,2614500
169500,2613500
169500,2612500
169500,2611500
169500,2610500
169500,2609500
169500,2608500
169500,2607500
169500,2606500
169500,2605500
169500,2604500
169500,2603500
169500,2602500
169500,2601500
169500,2600500
169500,2599500
169500,2598500
169500,2597500
169500,2596500
169500,2595500
169500,2594500
169500,2593500
169500,2592500
169500,2591500
169500,2590500
169500,2589500
169500,2588500
169500,2587500
169500,2586500
169500,2585500
169500,2584500
169500,2583500
169500,2582500
169500,2581500
169500,2580500
169500,2579500
169500,2578500
169500,2577500
169500,2576500
169500,2575500
169500,2574500
169500,2573500
169500,2572500
169500,2571500
169500,2570500
169500,2569500
169500,2568500
169500,2567500
169500,2566500
169500,2565500
169500,2564500
169500,2563500
169500,2562500
169500,2561500
169500,2560500
169500,2559500
169500,2558500
169500,2557500
169500,2556500
169500,2555500
169500,2554500
169500,2553500
169500,2552500
169500,2551500
169500,2550500
169500,2549500
169500,2548500
169500,2547500
169500,2546500
169500,2545500
169500,2544500
169500,2543500
169500,2542500
169500,2541500
169500,2540500
169500,2539500
169500,2538500
169500,2537500
169500,2536500
169500,2535500
169500,2534500
169500,2533500
169500,2532500
169500,2531500
169500,2530500
169500,2529500
169500,2528500
169500,2527500
169500,2526500
169500,2525500
169500,2524500
169500,2523500
169500,2522500
169500,2521500
168500,2638500
168500,2637500
168500,2636500
168500,2635500
168500,2634500
168500,2633500
168500,2632500
168500,2631500
168500,2630500
168500,2629500
168500,2628500
168500,2627500
168500,2626500
168500,2625500
168500,2624500
168500,2623500
168500,2622500
168500,2621500
168500,2620500
168500,2619500
168500,2618500
168500,2617500
168500,2616500
168500,2615500
168500,2614500
168500,2613500
168500,2612500
168500,2611500
168500,2610500
168500,2609500
168500,2608500
168500,2607500
168500,2606500
168500,2605500
168500,2604500
168500,2603500
168500,2602500
168500,2601500
168500,2600500
168500,2599500
168500,2598500
168500,2597500
168500,2596500
168500,2595500
168500,2594500
168500,2593500
168500,2592500
168500,2591500
168500,2590500
168500,2589500
168500,2588500
168500,2587500
168500,2586500
168500,2585500
168500,2584500
168500,2583500
168500,2582500
168500,2581500
168500,2580500
168500,2579500
168500,2578500
168500,2577500
168500,2576500
168500,2575500
168500,2574500
168500,2573500
168500,2572500
168500,2571500
168500,2570500
168500,2569500
168500,2568500
168500,2567500
168500,2566500
168500,2565500
168500,2564500
168500,2563500
168500,2562500
168500,2561500
168500,2560500
168500,2559500
168500,2558500
168500,2557500
168500,2556500
168500,2555500
168500,2554500
168500,2553500
168500,2552500
168500,2551500
168500,2550500
168500,2549500
168500,2548500
168500,2547500
168500,2546500
168500,2545500
168500,2544500
168500,2543500
168500,2542500
168500,2541500
168500,2540500
168500,2539500
168500,2538500
168500,2537500
168500,2536500
168500,2535500
168500,2534500
168500,2533500
168500,2532500
168500,2531500
168500,2530500
168500,2529500
168500,2528500
168500,2527500
168500,2526500
168500,2525500
168500,2524500
168500,2523500
167500,2637500
167500,2636500
167500,2635500
167500,2634500
167500,2633500
167500,2632500
167500,2631500
167500,2630500
167500,2629500
167500,2628500
167500,2627500
167500,2626500
167500,2625500
167500,2624500
167500,2623500
167500,2622500
167500,2621500
167500,2620500
167500,2619500
167500,2618500
167500,2617500
167500,2616500
167500,2615500
167500,2614500
167500,2613500
167500,2612500
167500,2611500
167500,2610500
167500,2609500
167500,2608500
167500,2607500
167500,2606500
167500,2605500
167500,2604500
167500,2603500
167500,2602500
167500,2601500
167500,2600500
167500,2599500
167500,2598500
167500,2597500
167500,2596500
167500,2595500
167500,2594500
167500,2593500
167500,2592500
167500,2591500
167500,2590500
167500,2589500
167500,2588500
167500,2587500
167500,2586500
167500,2585500
167500,2584500
167500,2583500
167500,2582500
167500,2581500
167500,2580500
167500,2579500
167500,2578500
167500,2577500
167500,2576500
167500,2575500
167500,2574500
167500,2573500
167500,2572500
167500,2571500
167500,2570500
167500,2569500
167500,2568500
167500,2567500
167500,2566500
167500,2565500
167500,2564500
167500,2563500
167500,2562500
167500,2561500
167500,2560500
167500,2559500
167500,2558500
167500,2557500
167500,2556500
167500,2555500
167500,2554500
167500,2553500
167500,2552500
167500,2551500
167500,2550500
167500,2549500
167500,2548500
167500,2547500
167500,2546500
167500,2545500
167500,2544500
167500,2543500
167500,2542500
167500,2541500
167500,2540500
167500,2539500
167500,2538500
167500,2537500
167500,2536500
167500,2535500
167500,2534500
167500,2533500
167500,2532500
167500,2531500
167500,2530500
167500,2529500
167500,2528500
167500,2527500
167500,2526500
167500,2524500
167500,2523500
167500,2522500
166500,2634500
166500,2633500
166500,2632500
166500,2631500
166500,2630500
166500,2629500
166500,2628500
166500,2627500
166500,2626500
166500,2625500
166500,2624500
166500,2623500
166500,2622500
166500,2621500
166500,2620500
166500,2619500
166500,2618500
166500,2617500
166500,2616500
166500,2615500
166500,2614500
166500,2613500
166500,2612500
166500,2611500
166500,2610500
166500,2609500
166500,2608500
166500,2607500
166500,2606500
166500,2605500
166500,2604500
166500,2603500
166500,2602500
166500,2601500
166500,2600500
166500,2599500
166500,2598500
166500,2597500
166500,2596500
166500,2595500
166500,2594500
166500,2593500
166500,2592500
166500,2591500
166500,2590500
166500,2589500
166500,2588500
166500,2587500
166500,2586500
166500,2585500
166500,2584500
166500,2583500
166500,2582500
166500,2581500
166500,2580500
166500,2579500
166500,2578500
166500,2577500
166500,2576500
166500,2575500
166500,2574500
166500,2573500
166500,2572500
166500,2571500
166500,2570500
166500,2569500
166500,2568500
166500,2567500
166500,2566500
166500,2565500
166500,2564500
166500,2563500
166500,2562500
166500,2561500
166500,2560500
166500,2559500
166500,2558500
166500,2557500
166500,2556500
166500,2555500
166500,2554500
166500,2553500
166500,2552500
166500,2551500
166500,2550500
166500,2549500
166500,2548500
166500,2547500
166500,2546500
166500,2545500
166500,2544500
166500,2543500
166500,2542500
166500,2541500
166500,2540500
166500,2539500
166500,2538500
166500,2537500
166500,2536500
166500,2535500
166500,2534500
166500,2533500
166500,2532500
166500,2531500
166500,2530500
166500,2529500
166500,2528500
166500,2527500
166500,2526500
166500,2524500
166500,2523500
165500,2633500
165500,2632500
165500,2631500
165500,2630500
165500,2629500
165500,2628500
165500,2627500
165500,2626500
165500,2625500
165500,2624500
165500,2623500
165500,2622500
165500,2621500
165500,2620500
165500,2619500
165500,2618500
165500,2617500
165500,2616500
165500,2615500
165500,2614500
165500,2613500
165500,2612500
165500,2611500
165500,2610500
165500,2609500
165500,2608500
165500,2607500
165500,2606500
165500,2605500
165500,2604500
165500,2603500
165500,2602500
165500,2601500
165500,2600500
165500,2599500
165500,2598500
165500,2597500
165500,2596500
165500,2595500
165500,2594500
165500,2593500
165500,2592500
165500,2591500
165500,2590500
165500,2589500
165500,2588500
165500,2587500
165500,2586500
165500,2585500
165500,2584500
165500,2583500
165500,2582500
165500,2581500
165500,2580500
165500,2579500
165500,2578500
165500,2577500
165500,2576500
165500,2575500
165500,2574500
165500,2573500
165500,2572500
165500,2571500
165500,2570500
165500,2569500
165500,2568500
165500,2567500
165500,2566500
165500,2565500
165500,2564500
165500,2563500
165500,2562500
165500,2561500
165500,2560500
165500,2559500
165500,2558500
165500,2557500
165500,2556500
165500,2555500
165500,2554500
165500,2553500
165500,2552500
165500,2551500
165500,2550500
165500,2549500
165500,2548500
165500,2547500
165500,2546500
165500,2545500
165500,2544500
165500,2543500
165500,2542500
165500,2541500
165500,2540500
165500,2539500
165500,2538500
165500,2537500
165500,2536500
165500,2535500
165500,2534500
165500,2533500
165500,2532500
164500,2632500
164500,2631500
164500,2630500
164500,2629500
164500,2628500
164500,2627500
164500,2626500
164500,2625500
164500,2624500
164500,2623500
164500,2622500
164500,2621500
164500,2620500
164500,2619500
164500,2618500
164500,2617500
164500,2616500
164500,2615500
164500,2614500
164500,2613500
164500,2612500
164500,2611500
164500,2610500
164500,2609500
164500,2608500
164500,2607500
164500,2606500
164500,2605500
164500,2604500
164500,2603500
164500,2602500
164500,2601500
164500,2600500
164500,2599500
164500,2598500
164500,2597500
164500,2596500
164500,2595500
164500,2594500
164500,2593500
164500,2592500
164500,2591500
164500,2590500
164500,2589500
164500,2588500
164500,2587500
164500,2586500
164500,2585500
164500,2584500
164500,2583500
164500,2582500
164500,2581500
164500,2580500
164500,2579500
164500,2578500
164500,2577500
164500,2576500
164500,2575500
164500,2574500
164500,2573500
164500,2572500
164500,2571500
164500,2570500
164500,2569500
164500,2568500
164500,2567500
164500,2566500
164500,2565500
164500,2564500
164500,2563500
164500,2562500
164500,2561500
164500,2560500
164500,2559500
164500,2558500
164500,2557500
164500,2556500
164500,2555500
164500,2554500
164500,2553500
164500,2552500
164500,2551500
164500,2550500
164500,2549500
164500,2548500
164500,2547500
164500,2546500
164500,2545500
164500,2544500
164500,2543500
164500,2542500
164500,2541500
164500,2540500
164500,2539500
164500,2538500
164500,2534500
163500,2631500
163500,2630500
163500,2626500
163500,2625500
163500,2624500
163500,2623500
163500,2621500
163500,2620500
163500,2619500
163500,2618500
163500,2617500
163500,2616500
163500,2615500
163500,2614500
163500,2613500
163500,2612500
163500,2611500
163500,2610500
163500,2609500
163500,2608500
163500,2607500
163500,2606500
163500,2605500
163500,2604500
163500,2603500
163500,2602500
163500,2601500
163500,2600500
163500,2599500
163500,2598500
163500,2597500
163500,2596500
163500,2595500
163500,2594500
163500,2593500
163500,2592500
163500,2591500
163500,2590500
163500,2589500
163500,2588500
163500,2587500
163500,2586500
163500,2585500
163500,2584500
163500,2583500
163500,2582500
163500,2581500
163500,2580500
163500,2579500
163500,2578500
163500,2577500
163500,2576500
163500,2575500
163500,2574500
163500,2573500
163500,2572500
163500,2571500
163500,2570500
163500,2569500
163500,2568500
163500,2567500
163500,2566500
163500,2565500
163500,2564500
163500,2563500
163500,2562500
163500,2561500
163500,2560500
163500,2559500
163500,2558500
163500,2557500
163500,2556500
163500,2555500
163500,2554500
163500,2553500
163500,2552500
163500,2551500
163500,2550500
163500,2549500
163500,2548500
163500,2547500
163500,2546500
163500,2545500
163500,2544500
163500,2543500
163500,2542500
163500,2541500
163500,2540500
162500,2618500
162500,2617500
162500,2616500
162500,2615500
162500,2614500
162500,2613500
162500,2612500
162500,2611500
162500,2610500
162500,2609500
162500,2608500
162500,2607500
162500,2606500
162500,2605500
162500,2604500
162500,2603500
162500,2602500
162500,2601500
162500,2600500
162500,2599500
162500,2598500
162500,2597500
162500,2596500
162500,2595500
162500,2594500
162500,2593500
162500,2592500
162500,2591500
162500,2590500
162500,2589500
162500,2587500
162500,2586500
162500,2585500
162500,2584500
162500,2583500
162500,2582500
162500,2581500
162500,2580500
162500,2579500
162500,2578500
162500,2577500
162500,2576500
162500,2575500
162500,2574500
162500,2573500
162500,2572500
162500,2571500
162500,2570500
162500,2569500
162500,2568500
162500,2567500
162500,2566500
162500,2565500
162500,2564500
162500,2563500
162500,2562500
162500,2561500
162500,2560500
162500,2559500
162500,2558500
162500,2557500
162500,2556500
162500,2555500
162500,2554500
162500,2553500
162500,2552500
162500,2551500
162500,2550500
162500,2549500
162500,2548500
162500,2547500
162500,2546500
162500,2545500
162500,2544500
162500,2543500
162500,2542500
162500,2541500
162500,2540500
161500,2614500
161500,2613500
161500,2612500
161500,2611500
161500,2610500
161500,2606500
161500,2602500
161500,2601500
161500,2600500
161500,2599500
161500,2598500
161500,2595500
161500,2594500
161500,2593500
161500,2592500
161500,2587500
161500,2586500
161500,2585500
161500,2584500
161500,2583500
161500,2582500
161500,2581500
161500,2580500
161500,2579500
161500,2578500
161500,2577500
161500,2576500
161500,2575500
161500,2574500
161500,2573500
161500,2572500
161500,2571500
161500,2570500
161500,2569500
161500,2568500
161500,2567500
161500,2566500
161500,2565500
161500,2564500
161500,2563500
161500,2562500
161500,2561500
161500,2560500
161500,2559500
161500,2558500
161500,2557500
161500,2556500
161500,2555500
161500,2554500
161500,2553500
161500,2552500
161500,2551500
161500,2550500
161500,2549500
161500,2548500
161500,2547500
161500,2546500
161500,2545500
161500,2544500
161500,2543500
160500,2612500
160500,2611500
160500,2610500
160500,2609500
160500,2608500
160500,2607500
160500,2606500
160500,2605500
160500,2603500
160500,2602500
160500,2601500
160500,2600500
160500,2599500
160500,2598500
160500,2594500
160500,2593500
160500,2587500
160500,2586500
160500,2585500
160500,2584500
160500,2583500
160500,2582500
160500,2581500
160500,2580500
160500,2579500
160500,2578500
160500,2577500
160500,2576500
160500,2575500
160500,2574500
160500,2573500
160500,2572500
160500,2571500
160500,2570500
160500,2569500
160500,2568500
160500,2567500
160500,2566500
160500,2565500
160500,2564500
160500,2563500
160500,2562500
160500,2561500
160500,2560500
160500,2559500
160500,2558500
160500,2557500
160500,2556500
160500,2555500
160500,2554500
160500,2553500
160500,2552500
160500,2551500
160500,2550500
160500,2549500
160500,2548500
160500,2547500
160500,2546500
160500,2545500
160500,2544500
159500,2608500
159500,2607500
159500,2606500
159500,2603500
159500,2602500
159500,2583500
159500,2582500
159500,2581500
159500,2580500
159500,2579500
159500,2578500
159500,2577500
159500,2576500
159500,2575500
159500,2574500
159500,2573500
159500,2572500
159500,2571500
159500,2570500
159500,2569500
159500,2568500
159500,2567500
159500,2566500
159500,2565500
159500,2564500
159500,2563500
159500,2562500
159500,2561500
159500,2560500
159500,2559500
159500,2558500
159500,2557500
159500,2556500
159500,2555500
159500,2554500
159500,2553500
159500,2552500
159500,2551500
159500,2550500
159500,2549500
159500,2548500
159500,2547500
159500,2546500
159500,2545500
158500,2603500
158500,2602500
158500,2601500
158500,2600500
158500,2578500
158500,2577500
158500,2576500
158500,2575500
158500,2574500
158500,2573500
158500,2572500
158500,2571500
158500,2570500
158500,2569500
158500,2568500
158500,2567500
158500,2566500
158500,2565500
158500,2564500
158500,2563500
158500,2562500
158500,2561500
158500,2560500
158500,2559500
158500,2558500
158500,2557500
158500,2556500
158500,2555500
158500,2554500
158500,2553500
158500,2552500
158500,2551500
158500,2550500
158500,2549500
158500,2548500
158500,2547500
158500,2546500
157500,2602500
157500,2601500
157500,2600500
157500,2599500
157500,2577500
157500,2576500
157500,2575500
157500,2574500
157500,2573500
157500,2572500
157500,2571500
157500,2570500
157500,2569500
157500,2568500
157500,2567500
157500,2566500
157500,2565500
157500,2564500
157500,2563500
157500,2562500
157500,2561500
157500,2560500
157500,2559500
157500,2558500
157500,2557500
157500,2556500
157500,2555500
157500,2554500
157500,2553500
157500,2552500
157500,2551500
157500,2550500
157500,2549500
157500,2548500
157500,2547500
156500,2601500
156500,2600500
156500,2599500
156500,2598500
156500,2597500
156500,2572500
156500,2571500
156500,2570500
156500,2569500
156500,2568500
156500,2567500
156500,2566500
156500,2565500
156500,2564500
156500,2563500
156500,2562500
156500,2561500
156500,2560500
156500,2559500
156500,2558500
156500,2557500
156500,2556500
156500,2555500
156500,2554500
156500,2553500
156500,2552500
156500,2551500
156500,2550500
156500,2549500
156500,2548500
156500,2547500
155500,2600500
155500,2599500
155500,2598500
155500,2597500
155500,2593500
155500,2571500
155500,2570500
155500,2569500
155500,2568500
155500,2567500
155500,2566500
155500,2565500
155500,2564500
155500,2563500
155500,2562500
155500,2561500
155500,2560500
155500,2559500
155500,2558500
155500,2557500
155500,2556500
155500,2555500
155500,2554500
155500,2553500
155500,2552500
155500,2551500
155500,2550500
155500,2549500
155500,2548500
154500,2598500
154500,2597500
154500,2596500
154500,2565500
154500,2564500
154500,2563500
154500,2562500
154500,2561500
154500,2560500
154500,2558500
154500,2557500
154500,2556500
154500,2555500
154500,2554500
154500,2553500
154500,2552500
154500,2551500
154500,2550500
154500,2549500
154500,2548500
153500,2597500
153500,2596500
153500,2595500
153500,2594500
153500,2593500
153500,2563500
153500,2562500
153500,2561500
153500,2560500
153500,2559500
153500,2558500
153500,2557500
153500,2556500
153500,2555500
153500,2554500
153500,2553500
153500,2552500
153500,2551500
153500,2550500
153500,2549500
152500,2596500
152500,2595500
152500,2594500
152500,2593500
152500,2559500
152500,2558500
152500,2557500
152500,2556500
152500,2555500
152500,2554500
152500,2553500
152500,2552500
152500,2551500
152500,2550500
152500,2549500
151500,2593500
151500,2557500
151500,2556500
151500,2555500
151500,2554500
151500,2553500
151500,2552500
151500,2551500
151500,2550500
