K+,Na+,NH4+,NO3-,PM2.5,SO42-,Month,Season,WB_100,WB_300,WB_500,WB_1000,WB_5000,NG_100,NG_300,NG_500,NG_1000,NG_5000,HNG_100,HNG_300,HNG_500,HNG_1000,HNG_5000,NNG_100,NNG_300,NNG_500,NNG_1000,NNG_5000,F_100,F_300,F_500,F_1000,F_5000,BL_100,BL_300,BL_500,BL_1000,BL_5000,NIB_100,NIB_300,NIB_500,NIB_1000,NIB_5000,IB_100,IB_300,IB_500,IB_1000,IB_5000,R_25,R_50,R_100,R_300,R_500,R_1000,Elevation,CLD,H8_AOD,H8_NAOD,H8_NPM,Rainfall,Temperature,RH,Wind u,Wind v,ISO,H8_NPMAP,H8_NPMBB
0.05338215927105615,0.5478874055676709,0.5264126972831249,0.5078714341532736,9.7,1.788852367862195,11.0,4.0,144.0,1296.0,13824.0,212580.0,4250628.0,0.0,72.0,7992.0,169992.0,2584656.0,0.0,5292.0,35028.0,119232.0,3711276.0,6084.0,39528.0,98388.0,284940.0,5554620.0,0.0,0.0,0.0,81684.0,387216.0,2628.0,8748.0,41652.0,258912.0,11876724.0,15948.0,108144.0,291708.0,1076688.0,28221228.0,0.0,180.0,252.0,828.0,1158588.0,576.0,1800.0,6696.0,119196.0,296604.0,936540.0,2.0,17057.75366,0.4777402182400932,0.0898578872786502,30.906988035173484,0.32368,23.138696666666664,68.98633333333333,-3.4200000000000004,-0.6839999999999999,272.63058125700013,19.476800299517066,30.906988035173484
0.24133717138513733,0.37503045697943105,3.487807546078935,5.9616227786717095,29.11111111111111,4.400831384420694,3.0,1.0,504.0,4464.0,8496.0,49644.0,1112580.0,0.0,684.0,14292.0,75024.0,9852588.0,0.0,0.0,10944.0,32292.0,961812.0,15156.0,103104.0,175428.0,389268.0,6043032.0,0.0,3096.0,24408.0,267120.0,27030996.0,4572.0,56556.0,128340.0,413424.0,8626428.0,2808.0,51444.0,214848.0,999360.0,12290652.0,0.0,1512.0,4860.0,87372.0,1592532.0,792.0,2700.0,8424.0,62028.0,203688.0,827748.0,33.0,30649.61061,0.2756571428571429,0.19527211860643798,60.725848852166024,2.402132258064516,22.0349806451613,60.13290322580646,0.6661290322580645,-1.010645161290323,526.9622428091,11.630730376683445,36.53375932855682
0.058796774313617475,0.5162478847778157,0.5529797063672499,0.6051180721340692,9.9,1.9003594996089148,11.0,4.0,0.0,36.0,504.0,2880.0,2287188.0,0.0,0.0,0.0,10404.0,5999760.0,360.0,8280.0,13824.0,51984.0,3838176.0,1080.0,3456.0,4752.0,12672.0,1858428.0,0.0,0.0,180.0,10728.0,2787408.0,12852.0,87696.0,190080.0,736488.0,16177392.0,11952.0,115056.0,340452.0,1379700.0,24128460.0,0.0,0.0,0.0,13428.0,4451220.0,0.0,1440.0,5256.0,67824.0,235944.0,922968.0,6.0,17454.33105,0.3020974166666667,0.11655664105318175,37.13984071361729,0.5281166666666667,23.148530000000004,68.20333333333333,-2.85,-0.8190000000000001,253.20155112629976,22.83573798247938,37.13984071361729
0.04495657973143086,0.2258951102376804,0.7290899417366205,0.4030217136656609,7.9,2.233354347435605,1.0,4.0,0.0,72.0,144.0,900.0,30143844.0,0.0,36.0,540.0,21888.0,4385412.0,0.0,0.0,13032.0,214236.0,1961064.0,396.0,2736.0,5400.0,103104.0,1754496.0,144.0,216.0,1872.0,43632.0,18564408.0,4644.0,57456.0,156888.0,544752.0,11634660.0,17136.0,137736.0,388908.0,1485180.0,5468832.0,0.0,396.0,1800.0,7920.0,149724.0,540.0,2268.0,9072.0,84168.0,216864.0,719856.0,13.0,537.3484137,0.28588557396663283,0.21216556914185655,59.14827166259403,0.8512967741935484,20.130706451612898,64.76258064516131,-0.40129032258064506,-1.2590322580645161,360.47450808070016,20.977162485652883,59.14827166259403
0.11356012902116464,0.46568330360937865,0.8230597773340446,1.6522850437165115,10.8,2.4968227411458956,12.0,4.0,0.0,3348.0,4392.0,56448.0,1260072.0,0.0,3096.0,20808.0,638892.0,39235824.0,0.0,3744.0,64512.0,213840.0,822600.0,1764.0,3636.0,8316.0,71244.0,4220388.0,0.0,9576.0,19728.0,235188.0,18702396.0,6516.0,26352.0,68976.0,413496.0,5373504.0,18324.0,166428.0,399996.0,1011888.0,5169276.0,0.0,1368.0,1476.0,1944.0,760500.0,0.0,0.0,4752.0,65376.0,197244.0,498348.0,111.0,18978.38682,0.11607076707642772,0.07905538117028116,27.73402580531554,1.7753870967741938,16.90857419354839,67.99258064516128,-0.6803225806451613,-0.841935483870968,328.7817803544152,19.323232180055136,27.73402580531554
0.1728635243543959,0.438348489788228,2.1925650568020836,3.0933257749501717,22.2,3.889692566322041,4.0,1.0,0.0,828.0,4968.0,30276.0,4214916.0,0.0,72.0,468.0,48888.0,6909048.0,0.0,5040.0,5796.0,60228.0,1280772.0,3348.0,20484.0,56340.0,156744.0,2644560.0,180.0,180.0,792.0,4356.0,6750540.0,14544.0,109044.0,329400.0,1117188.0,20372976.0,8496.0,88092.0,245232.0,1018296.0,20647584.0,0.0,0.0,0.0,648.0,1803168.0,0.0,288.0,4896.0,58752.0,142416.0,704772.0,12.0,5480.991045,0.327409423474356,0.18838579384855436,67.67854692958349,0.7820066666666665,23.32484,61.66499999999999,0.7896666666666667,-1.7126666666666663,604.9272888007607,16.62837096700471,35.280432313521146
0.06019839735434309,0.24235504302271996,0.9463193969811337,0.29861865200943016,6.5,2.071090665156943,7.0,2.0,0.0,180.0,828.0,3204.0,20377008.0,24804.0,195660.0,592704.0,2582748.0,42100380.0,0.0,0.0,0.0,0.0,139752.0,0.0,108.0,5292.0,63036.0,2830356.0,5868.0,58716.0,130356.0,286848.0,2839068.0,792.0,26856.0,52056.0,183384.0,4262976.0,0.0,1008.0,2736.0,14724.0,875124.0,0.0,0.0,0.0,72.0,2052.0,0.0,0.0,0.0,0.0,1440.0,7308.0,72.0,1508.7111,0.6510858697169937,0.37367929642585385,45.23321075038271,129.80280000000002,28.526351612903223,81.21061290322581,0.6964516129032258,0.3677419354838708,700.4089315044997,17.611338276081415,48.646786944021606
0.04106827644106567,0.2572594530425831,0.38547583664958335,0.2882489423509838,6.4,1.3417408949831044,7.0,2.0,0.0,35208.0,60804.0,122148.0,18437760.0,0.0,2268.0,3888.0,143244.0,7604460.0,0.0,12996.0,29484.0,108108.0,2827908.0,4212.0,14976.0,18936.0,67572.0,5161536.0,0.0,0.0,504.0,1800.0,252000.0,2916.0,27936.0,65448.0,256500.0,4584384.0,19980.0,114804.0,361764.0,1471644.0,24566616.0,0.0,864.0,3744.0,34812.0,1090944.0,0.0,936.0,4356.0,73656.0,240444.0,935460.0,3.0,3430.762574,0.5442266768600833,0.2969962942389693,58.55514280455516,3.919064516129032,30.21375161290323,71.87967741935482,1.0851612903225802,0.9780645161290322,648.567896876,16.444598320746422,27.207453717626866
0.05502123365644727,0.5732674394260286,0.48440710827109373,0.593933387273297,8.875,1.9923414711248137,5.0,2.0,0.0,36.0,108.0,11340.0,3994740.0,0.0,72.0,972.0,45288.0,3933756.0,0.0,360.0,720.0,29088.0,977220.0,180.0,2232.0,7740.0,47772.0,3698136.0,396.0,5040.0,28836.0,383796.0,18280116.0,7776.0,55584.0,150480.0,727668.0,12757932.0,17424.0,156420.0,412668.0,1235736.0,9623160.0,0.0,72.0,2628.0,8316.0,866448.0,252.0,1044.0,5760.0,63108.0,180720.0,652716.0,10.0,446.5182684,0.2627600436212815,0.1206416505308396,57.476840592883505,3.8030870967741937,26.677454838709675,70.45645161290322,-0.4641935483870968,0.392258064516129,665.8249672468005,23.34791443080405,34.12892616207946
0.2516100411088099,0.5415706335483359,0.9956007962671368,1.0742296139086696,15.181818181818182,3.599444504924192,10.0,3.0,0.0,40356.0,69480.0,137772.0,8090604.0,0.0,540.0,792.0,128484.0,7688448.0,0.0,4104.0,9324.0,47088.0,1636704.0,7884.0,24552.0,36036.0,159444.0,6909444.0,0.0,108.0,684.0,2376.0,268020.0,16164.0,112932.0,297360.0,1203912.0,21801528.0,3888.0,32868.0,138780.0,531252.0,7912656.0,0.0,72.0,828.0,14472.0,425124.0,0.0,864.0,3528.0,67248.0,231912.0,916488.0,3.0,3430.762574,0.5733741160972259,0.2732562087926479,61.96850232909002,3.0710741935483874,27.500961290322582,68.33967741935484,0.9854838709677419,-0.777741935483871,478.7287945106,23.6476774577299,38.320824871360124
0.17806419802163445,0.14386660606235377,2.815776750948826,4.5340639406739065,28.181818181818183,4.543512893352642,3.0,1.0,1800.0,18864.0,59976.0,229500.0,1440612.0,0.0,6156.0,23400.0,136980.0,15704424.0,0.0,1476.0,6228.0,6804.0,89136.0,4644.0,30780.0,67140.0,305280.0,6315048.0,216.0,13248.0,61092.0,303984.0,33500052.0,19800.0,164160.0,429336.0,1587024.0,16685100.0,108.0,1800.0,3708.0,25524.0,329652.0,0.0,0.0,0.0,720.0,176580.0,0.0,0.0,4932.0,46404.0,133992.0,545652.0,90.0,33384.18737,0.5026089389762184,0.22917344155683203,64.86974689852545,4.921435483870966,21.16842903225806,62.72161290322581,0.4158064516129032,-0.5225806451612904,400.80019558956496,13.514449745989268,37.55005186635156
0.24609983710039435,0.27434572103033855,1.6398362629443128,0.891077553768685,14.0,3.091437462033435,8.0,3.0,72.0,468.0,1044.0,5400.0,1631988.0,0.0,5436.0,38916.0,160704.0,7778952.0,0.0,5004.0,16776.0,35640.0,527652.0,2952.0,8928.0,43596.0,184860.0,6713064.0,0.0,15948.0,76716.0,385992.0,22281840.0,8424.0,34200.0,109656.0,381456.0,10997712.0,14220.0,151920.0,346536.0,1225944.0,13950468.0,0.0,0.0,2268.0,25056.0,4760928.0,396.0,1512.0,5868.0,61056.0,149004.0,736560.0,136.0,15407.79543,0.0,0.0,0.0,118.3134,28.836506451612898,63.902806451612896,0.8200000000000001,-0.5461290322580644,581.6948671307807,15.973776880931673,28.081069006253074
0.12492760105934105,0.3764129484942012,0.9437763720235417,1.1338429575159448,15.545454545454545,2.642105164868069,1.0,4.0,180.0,2304.0,22536.0,50184.0,2289348.0,0.0,4932.0,39996.0,170100.0,8950140.0,0.0,2556.0,11520.0,31140.0,470556.0,3132.0,10296.0,38304.0,183168.0,5881428.0,0.0,16056.0,77040.0,385992.0,22149324.0,10116.0,76248.0,179784.0,610200.0,12737160.0,12528.0,111852.0,269604.0,971784.0,12116988.0,0.0,0.0,2952.0,27072.0,4443120.0,576.0,1548.0,5616.0,58608.0,143676.0,712224.0,136.0,15407.79543,0.49864901535704,0.26869962061246344,70.26750752905465,1.5611645161290324,14.345858064516127,69.0383870967742,-2.0525806451612905,-1.1548387096774193,291.2322509917,18.70286471873325,38.989384156178296
0.07880005817837141,0.1833193042516333,0.77943413676825,0.17206141192834012,6.8,1.6936347355925758,6.0,2.0,612.0,3528.0,5112.0,24768.0,1285056.0,0.0,144.0,12528.0,39960.0,7385724.0,0.0,0.0,7920.0,22680.0,662292.0,14724.0,87948.0,143784.0,249120.0,4104180.0,36.0,2628.0,21240.0,232452.0,25188264.0,7128.0,75528.0,159840.0,522108.0,10818432.0,2952.0,64908.0,255276.0,1161000.0,16313040.0,0.0,1512.0,4932.0,82044.0,1626444.0,540.0,1692.0,6012.0,46692.0,174672.0,807120.0,33.0,30649.61061,0.22925833333333331,0.1799359645727338,48.55394140115356,8.344750000000001,28.175816666666666,62.446666666666665,0.7486666666666666,1.5723333333333331,499.89397909634977,11.1752921642128,28.328786636452968
0.08795944324593291,0.5550373133121579,0.3391669091520301,0.7007568530419961,7.0,1.7877221646667165,7.0,2.0,612.0,720.0,3600.0,11592.0,730656.0,36.0,2700.0,13176.0,217044.0,5406300.0,0.0,1872.0,29376.0,61884.0,360288.0,4248.0,13176.0,32508.0,312768.0,3733632.0,0.0,936.0,9036.0,78300.0,44746380.0,11448.0,83844.0,240228.0,879156.0,9486324.0,10944.0,116784.0,278208.0,887832.0,5650632.0,0.0,0.0,3096.0,54144.0,1911708.0,0.0,828.0,4140.0,62568.0,176148.0,638604.0,13.0,19435.77403,0.4066572187852798,0.2165963097025869,74.4580106962207,5.939716129032258,28.574251612903232,71.30645161290322,0.2812903225806451,0.19935483870967732,597.5977727907696,20.481168428081677,37.724977178858374
0.0628102058804898,0.2606439262025336,0.9999144536631667,0.48871800782648966,16.555555555555557,4.0674388756960145,9.0,3.0,0.0,0.0,6984.0,29664.0,731304.0,0.0,504.0,17424.0,341208.0,18685944.0,0.0,0.0,216.0,30528.0,211680.0,72.0,4284.0,17568.0,126972.0,3778056.0,684.0,13248.0,108756.0,447732.0,21329280.0,22536.0,137484.0,313128.0,1068732.0,14592240.0,5220.0,56160.0,120492.0,444312.0,8848296.0,900.0,33156.0,85860.0,216144.0,3438720.0,0.0,288.0,2052.0,38196.0,114120.0,436716.0,244.0,21222.17111,0.26628143223443224,0.24300332951854622,56.186130147351996,1.3597066666666666,26.312869999999993,66.07433333333333,-0.2796666666666667,-0.8753333333333334,514.6976527635298,15.746501410004745,26.757958623281773
0.045991436450101564,0.34487418890391686,0.8857226235487501,0.8030353780882837,11.9,3.200407694689017,3.0,1.0,0.0,0.0,144.0,4500.0,1258848.0,0.0,0.0,4536.0,29232.0,7207164.0,0.0,7920.0,15732.0,44784.0,1071612.0,9684.0,50400.0,79596.0,226800.0,5407596.0,0.0,13140.0,51516.0,539244.0,41023224.0,11628.0,72900.0,214452.0,767448.0,8379360.0,8784.0,104724.0,291276.0,980676.0,7258608.0,0.0,0.0,0.0,5688.0,452988.0,252.0,792.0,1404.0,33804.0,127692.0,542988.0,5.0,6703.15719,0.5274596659923583,0.22500360531999025,16.279819022541247,1.348183870967742,20.266699999999997,71.86806451612901,-0.3393548387096775,-0.31774193548387103,380.3727924791799,18.309938672846783,35.21770521605099
0.054470408337106355,0.30553835408840996,0.8759984060824584,0.4799230970596321,11.3,2.8451295619799444,9.0,3.0,468.0,3672.0,5652.0,10260.0,14356188.0,2016.0,30924.0,192024.0,1402488.0,35351172.0,108.0,1440.0,2376.0,42192.0,705816.0,6408.0,32364.0,71208.0,222516.0,4530708.0,0.0,2628.0,12528.0,41652.0,2106468.0,10116.0,88272.0,204084.0,558396.0,7673292.0,7236.0,69228.0,174708.0,526356.0,8055252.0,0.0,72.0,72.0,2304.0,409104.0,0.0,756.0,5148.0,53676.0,123192.0,335124.0,5.0,3129.911321,0.31960350528837334,0.19125788492355597,59.56708374937199,14.560400000000003,26.425899999999995,68.28133333333334,-0.41466666666666663,-0.5033333333333333,423.0781733353,10.036428077522688,32.63049557293919
0.05238139754951909,0.4169145322344177,1.178543460416667,0.7676070209509487,12.090909090909092,3.6315415479445505,8.0,3.0,180.0,1080.0,17172.0,123912.0,2553768.0,468.0,2016.0,12132.0,174276.0,4952880.0,0.0,468.0,3312.0,36360.0,205380.0,2232.0,25272.0,63936.0,137520.0,2397924.0,0.0,3276.0,55044.0,873036.0,44607456.0,8244.0,67464.0,162720.0,429912.0,7908012.0,13644.0,113436.0,286416.0,819144.0,9133344.0,0.0,72.0,576.0,3312.0,633312.0,828.0,2016.0,6696.0,69840.0,183420.0,544176.0,5.0,10720.10518,0.3884934170786423,0.22967928345560343,53.98243923399659,7.786625806451611,28.32719354838709,75.63903225806453,0.5035483870967742,1.0541935483870968,447.87039130473516,16.751528853307207,40.49217684765993
0.0890970969536988,0.2013443413102885,1.102780410113047,0.45904779579406096,13.7,3.2260565021711853,9.0,3.0,0.0,360.0,684.0,2808.0,504684.0,144.0,11520.0,71496.0,649944.0,23835960.0,0.0,0.0,6840.0,65592.0,736416.0,7164.0,25524.0,61920.0,327996.0,6423876.0,396.0,19908.0,124992.0,485676.0,23438124.0,17352.0,104148.0,235296.0,724356.0,10497204.0,4752.0,51192.0,104760.0,365544.0,5191956.0,540.0,36504.0,88560.0,193464.0,2933136.0,0.0,0.0,1044.0,33624.0,91080.0,326556.0,244.0,21222.17111,0.3707543762362397,0.1904485769021441,40.80904036043657,2.1131233333333332,28.682853333333334,65.88266666666667,0.3356666666666667,0.060999999999999964,528.9378911389999,4.09260812657977,23.5143739592791
0.05241367617113702,0.16812180153883463,0.8999900030169318,0.36388486916542895,10.545454545454545,2.782314471642714,8.0,3.0,0.0,0.0,252.0,13068.0,163944.0,0.0,1332.0,17388.0,494820.0,37553508.0,0.0,900.0,46872.0,152316.0,595044.0,2484.0,3456.0,5292.0,49608.0,2128212.0,0.0,7992.0,16452.0,228384.0,18595332.0,13428.0,53028.0,144324.0,821484.0,8549712.0,10620.0,148608.0,354348.0,869796.0,6093036.0,0.0,1116.0,1188.0,1584.0,535500.0,0.0,0.0,4824.0,66456.0,199404.0,510156.0,111.0,18978.38682,0.5246293820270372,0.16026227166076906,71.24624851347028,5.7572935483870955,27.843174193548382,62.62903225806453,0.30903225806451606,-0.13387096774193555,552.8902157110541,30.73339059612455,31.974630199615646
0.1425077890694232,0.3366253853308795,0.6444194032543621,0.93193137966368,14.9,2.6526935280392854,11.0,4.0,0.0,468.0,648.0,3816.0,216648.0,0.0,3996.0,7956.0,32904.0,6632532.0,0.0,1332.0,28908.0,138780.0,2207700.0,14040.0,71028.0,138960.0,402336.0,9612576.0,0.0,0.0,288.0,7596.0,6591744.0,9648.0,115956.0,324684.0,1139076.0,21286692.0,1476.0,34452.0,115812.0,652932.0,13201596.0,0.0,216.0,216.0,1368.0,2635452.0,0.0,648.0,6228.0,55116.0,167868.0,762588.0,69.0,17428.37218,0.4310270950336991,0.15095545484910644,45.86340872609654,0.13850333333333334,22.424949999999992,60.35033333333332,0.2613333333333333,-1.8676666666666673,371.1819822382349,10.205222520772086,31.623304100330408
0.13581000670416507,0.6928306394028447,0.9192551183708334,0.9642188449586386,14.222222222222221,3.357607952124834,11.0,4.0,792.0,6660.0,12384.0,25380.0,15036228.0,2052.0,37116.0,215892.0,1494468.0,34953588.0,144.0,1800.0,3024.0,48240.0,748260.0,8676.0,52020.0,123804.0,435852.0,5531328.0,0.0,2376.0,12492.0,42876.0,2119536.0,7452.0,50652.0,106020.0,246060.0,5895216.0,7776.0,83016.0,203004.0,575028.0,8929584.0,0.0,108.0,108.0,1584.0,470016.0,36.0,684.0,4608.0,48528.0,109116.0,271800.0,5.0,3129.911321,0.2632839146825397,0.14680319715849544,32.114418069255294,7.144336666666667,20.82698333333333,72.37033333333335,-1.7559999999999998,-1.2546666666666666,198.94020158320004,11.962271582453397,32.114418069255294
0.1640022823959916,0.28540080903510745,2.259888149425139,1.4748948379288631,20.333333333333332,4.670550551855148,4.0,1.0,0.0,5616.0,18324.0,150768.0,1094904.0,0.0,1152.0,2016.0,13428.0,4046436.0,0.0,684.0,18468.0,65088.0,981540.0,9288.0,48744.0,106488.0,328500.0,8474220.0,0.0,0.0,72.0,5652.0,5030676.0,6840.0,77472.0,207684.0,738288.0,12738780.0,9216.0,79056.0,228744.0,975636.0,23128848.0,0.0,144.0,144.0,1836.0,3355236.0,0.0,1188.0,5976.0,69840.0,203436.0,862092.0,69.0,17428.37218,0.7886178851261754,0.32736343855743516,89.71972067258692,3.0046633333333337,24.719583333333333,63.615333333333325,0.9833333333333333,-0.3119999999999999,532.3896868972994,22.726909832499317,45.8402086913104
0.08535802574141062,0.17738309115054252,2.04188525432625,2.9262094086920305,19.1,2.929197002572322,3.0,1.0,1368.0,4500.0,9324.0,57384.0,991152.0,1476.0,86148.0,317232.0,1322028.0,56631060.0,0.0,72.0,72.0,3096.0,111960.0,936.0,13284.0,26028.0,297108.0,2219148.0,5004.0,70632.0,159120.0,439668.0,9053388.0,8568.0,54864.0,179388.0,485532.0,4833900.0,8892.0,23148.0,29016.0,78840.0,820440.0,1260.0,1332.0,4896.0,142380.0,525276.0,216.0,1008.0,3960.0,28764.0,60192.0,315468.0,378.0,15241.42093,0.6505891666666667,0.3050442004520777,75.05960659490198,1.1902032258064514,19.237629032258063,75.10709677419355,-0.4954838709677418,-1.193225806451613,460.9770814510799,12.059079991969254,42.541719290790304
0.025528893585766956,0.6640041042603704,0.31957180313166667,0.5123798295103439,6.111111111111111,1.594448827982118,7.0,2.0,0.0,1224.0,1656.0,3024.0,24855408.0,24300.0,206424.0,612900.0,2663100.0,42280236.0,0.0,0.0,0.0,0.0,164556.0,0.0,108.0,19080.0,86652.0,3431232.0,5796.0,58284.0,112608.0,260532.0,2744316.0,1368.0,15444.0,34200.0,100944.0,2761236.0,0.0,504.0,3060.0,19728.0,1051632.0,0.0,0.0,180.0,648.0,16740.0,0.0,0.0,0.0,540.0,1728.0,6696.0,72.0,1508.7111,0.9573220303030303,0.520065232801762,30.8451147064573,10.307170967741937,28.238429032258068,84.29387096774192,2.0990322580645167,1.0393548387096776,588.7741843315196,19.9283848123252,39.75743601908059
0.04793345591089547,0.13604476614658068,0.5064408429870835,0.15752364802283747,7.2,1.484719273888395,7.0,2.0,0.0,144.0,540.0,7308.0,128160.0,0.0,1296.0,3060.0,19512.0,4957632.0,0.0,432.0,26064.0,96624.0,1656468.0,7596.0,32544.0,57708.0,137988.0,4870692.0,0.0,0.0,72.0,5760.0,6313068.0,11052.0,103284.0,258228.0,884052.0,16646616.0,3276.0,63684.0,210816.0,1044324.0,21131172.0,0.0,144.0,144.0,2088.0,3379608.0,0.0,1548.0,9396.0,81180.0,228744.0,943632.0,69.0,17428.37218,0.34707250000000006,0.2500561540465698,75.17999833743909,3.1170032258064517,30.047174193548386,60.890322580645154,1.301935483870968,1.5583870967741933,622.6401533747002,22.628364585205027,34.632446202798384
0.113251225854582,0.25035266517841404,0.9456601427211251,0.6063368096137093,10.9,3.212943988297919,4.0,1.0,2124.0,14868.0,37152.0,81180.0,31871124.0,0.0,0.0,0.0,11628.0,4124664.0,0.0,0.0,288.0,135900.0,1240740.0,0.0,1980.0,5400.0,115020.0,1926756.0,0.0,0.0,936.0,27432.0,18034344.0,12168.0,107316.0,307584.0,1324584.0,13895424.0,8064.0,74808.0,212580.0,712008.0,3143700.0,0.0,72.0,360.0,4428.0,63288.0,576.0,2484.0,9000.0,83772.0,221148.0,729288.0,13.0,537.3484137,0.9393963562223808,0.44262368348080816,96.23474353026127,0.5677833333333333,25.923383333333334,71.63266666666667,-0.8206666666666667,-0.4430000000000002,546.0478239580398,14.78094551757693,57.952292484311464
0.12868705929361543,0.2988197130039541,0.6872692749033308,0.8362906562742324,8.666666666666666,1.9812269267347977,11.0,4.0,0.0,2844.0,3096.0,25056.0,1824192.0,0.0,3240.0,14652.0,668484.0,39128940.0,0.0,2304.0,57852.0,171252.0,840636.0,10980.0,24840.0,58968.0,253512.0,7250904.0,0.0,9324.0,18936.0,234144.0,18689328.0,13212.0,98676.0,258156.0,873936.0,5567544.0,3276.0,78336.0,202428.0,505368.0,2483352.0,0.0,1008.0,1044.0,1224.0,344124.0,0.0,0.0,3888.0,62316.0,170388.0,408240.0,111.0,18978.38682,0.2648503384120446,0.12960408099575726,25.940274699294427,91.9168,22.626749999999994,70.86349999999999,-0.38933333333333325,-0.6616666666666665,378.52008467400003,19.711854725829113,25.940274699294427
0.07358564989778292,0.4538805730072557,0.8358103591391202,0.5295524620874164,11.4,2.9600672694257457,5.0,2.0,0.0,0.0,144.0,4500.0,1258848.0,0.0,0.0,4536.0,29232.0,7207164.0,0.0,7920.0,15732.0,44784.0,1071612.0,9684.0,50400.0,79596.0,226800.0,5407596.0,0.0,13140.0,51516.0,539244.0,41023224.0,11628.0,72900.0,214452.0,767448.0,8379360.0,8784.0,104724.0,291276.0,980676.0,7258608.0,0.0,0.0,0.0,5688.0,452988.0,252.0,792.0,1404.0,33804.0,127692.0,542988.0,5.0,6703.15719,0.36724231279374697,0.1601607920412485,21.86574532989782,4.489299999999999,26.68046451612903,69.64322580645162,-0.6464516129032257,-0.4848387096774193,601.2115272551002,8.883922887845928,33.16766692230077
0.10098612245617043,0.41825727289587966,0.6582610571958334,0.45873565011495776,8.8,2.2094572583468657,4.0,1.0,0.0,1152.0,1152.0,1296.0,24737328.0,21456.0,166680.0,531720.0,2408220.0,41169420.0,0.0,0.0,0.0,0.0,148428.0,0.0,72.0,1728.0,50544.0,2817000.0,5436.0,57420.0,129132.0,285804.0,2837664.0,4572.0,57204.0,117036.0,372528.0,5664996.0,0.0,0.0,720.0,7812.0,403524.0,0.0,0.0,0.0,0.0,504.0,0.0,0.0,0.0,0.0,3924.0,15120.0,72.0,1508.7111,0.7396473974549287,0.3392487058990178,87.3094150924712,0.24533666666666668,24.524089999999994,73.485,-3.2946666666666657,-3.0756666666666677,641.1495956076101,22.191437939868663,46.96796968992367
0.09354367071486615,0.28935740498587587,1.803741243678106,2.4716972199813907,18.90909090909091,3.0903006945322526,3.0,1.0,0.0,0.0,0.0,0.0,193176.0,0.0,612.0,8640.0,38484.0,11350224.0,0.0,288.0,1656.0,57312.0,940680.0,3060.0,5472.0,6300.0,28620.0,1565424.0,0.0,36.0,1296.0,66852.0,13995000.0,6912.0,52272.0,150732.0,710892.0,17450856.0,3312.0,102564.0,334224.0,1337832.0,17347896.0,16452.0,42552.0,47556.0,100368.0,4935384.0,0.0,72.0,1584.0,79056.0,235260.0,800892.0,100.0,15052.7619,0.7524357878787877,0.36331453060321756,85.7380774319396,6.116977419354837,19.403187096774197,68.83193548387096,-1.2335483870967743,-0.9906451612903225,348.52207525985995,22.132882838929774,42.57079344883906
0.07839048192266963,0.48072947400752347,1.5438971784140738,1.637475619097394,19.0,3.5858456578868854,2.0,1.0,0.0,936.0,1980.0,5184.0,743184.0,0.0,3204.0,11016.0,19404.0,13295916.0,0.0,13680.0,25740.0,113256.0,1770192.0,1800.0,8496.0,22860.0,79668.0,7270812.0,0.0,0.0,1224.0,2016.0,13779828.0,5616.0,31896.0,84780.0,334584.0,11066004.0,18900.0,138564.0,358272.0,1578744.0,18128628.0,0.0,180.0,288.0,9648.0,2380212.0,0.0,0.0,5040.0,85464.0,279072.0,998784.0,18.0,6622.610663,0.7040765898268398,0.2304113734465106,40.822523436437486,3.5047103448275863,17.271589655172413,66.77068965517243,-0.9396551724137933,-1.9106896551724135,372.15780834900005,20.87404634579245,40.822523436437486
0.10530148576028728,0.2263203774932443,1.803417104843458,1.5982303434081513,20.0,4.052162688105803,1.0,4.0,0.0,0.0,252.0,13068.0,163944.0,0.0,1332.0,17388.0,494820.0,37553508.0,0.0,900.0,46872.0,152316.0,595044.0,2484.0,3456.0,5292.0,49608.0,2128212.0,0.0,7992.0,16452.0,228384.0,18595332.0,13428.0,53028.0,144324.0,821484.0,8549712.0,10620.0,148608.0,354348.0,869796.0,6093036.0,0.0,1116.0,1188.0,1584.0,535500.0,0.0,0.0,4824.0,66456.0,199404.0,510156.0,111.0,18978.38682,0.4778925515873016,0.14756122539156782,38.79508186982702,1.364067741935484,15.829190322580644,68.90741935483871,-0.2629032258064516,-0.4990322580645163,306.2128055432997,23.169046693179382,38.79508186982702
0.030335924579641935,0.45157568151821836,0.6717853264115741,0.5636707649805764,8.222222222222221,2.111479838987642,7.0,2.0,72.0,1296.0,3420.0,36936.0,21521520.0,0.0,216.0,540.0,28656.0,3311424.0,0.0,0.0,0.0,11844.0,653004.0,288.0,1944.0,16128.0,129276.0,6806340.0,288.0,2700.0,18540.0,297972.0,14391648.0,9252.0,87012.0,250128.0,938592.0,11903040.0,15480.0,121464.0,305748.0,1001952.0,12292884.0,0.0,0.0,1980.0,5904.0,691308.0,360.0,1260.0,6012.0,68040.0,189000.0,690228.0,10.0,446.5182684,0.2052920346320346,0.07103761636028719,63.96864543869536,1.7087709677419352,28.694806451612894,66.37806451612903,-0.47838709677419355,-0.05354838709677417,697.7564734170002,16.064991196278534,31.354547049557535
0.05418314948355888,0.22074767901561038,0.8350149944386669,0.4586136525805157,10.5,2.479486880709713,9.0,3.0,252.0,432.0,1080.0,4500.0,898380.0,0.0,0.0,3492.0,13932.0,6106356.0,0.0,7020.0,12204.0,32904.0,766980.0,5760.0,32148.0,52920.0,186840.0,2682288.0,0.0,12636.0,43344.0,507060.0,39385440.0,18144.0,116568.0,297684.0,994032.0,13874184.0,3024.0,73764.0,234936.0,816336.0,6865020.0,0.0,36.0,324.0,4464.0,491796.0,288.0,1620.0,4140.0,40068.0,139680.0,581364.0,5.0,6703.15719,0.4031648601190476,0.18710884444408837,53.668776238590276,4.09382,26.549276666666668,63.95066666666666,-0.07866666666666666,-0.40866666666666673,408.0957038894,13.618764612286874,31.917943742554634
0.14211897779513788,0.13864990359934215,1.8802155631669166,1.7947635741213563,20.4,4.665429590034405,4.0,1.0,0.0,0.0,6984.0,29664.0,731304.0,0.0,504.0,17424.0,341208.0,18685944.0,0.0,0.0,216.0,30528.0,211680.0,72.0,4284.0,17568.0,126972.0,3778056.0,684.0,13248.0,108756.0,447732.0,21329280.0,22536.0,137484.0,313128.0,1068732.0,14592240.0,5220.0,56160.0,120492.0,444312.0,8848296.0,900.0,33156.0,85860.0,216144.0,3438720.0,0.0,288.0,2052.0,38196.0,114120.0,436716.0,244.0,21222.17111,0.45139309254307786,0.2693675884342936,66.76056662149627,4.72375,23.447876666666662,66.05566666666668,0.688,0.17733333333333334,509.2764264906902,16.456566667430547,36.869824737221684
0.1956651270500251,0.478820430216255,0.9219448314860241,1.8232341057173804,17.6,3.2121334457043993,11.0,4.0,0.0,0.0,36.0,720.0,3733812.0,0.0,0.0,720.0,65484.0,4323060.0,0.0,6912.0,7452.0,76500.0,3994344.0,7452.0,42300.0,103680.0,260856.0,3461760.0,36.0,36.0,828.0,5184.0,7228224.0,16200.0,115452.0,379080.0,1273212.0,28486188.0,4356.0,64944.0,161316.0,777492.0,12129120.0,0.0,0.0,0.0,288.0,1338768.0,0.0,216.0,3420.0,53136.0,132372.0,681588.0,12.0,5480.991045,0.28426616678986616,0.13005837671220585,43.73847422149098,0.24886666666666668,23.201156666666666,65.26933333333334,0.28200000000000003,-2.306666666666666,419.20750465212967,7.89574235584969,35.84273186564129
0.32321668467292664,0.4253717002882242,3.8971537101354423,8.098553333290317,30.2,4.460976494542472,1.0,4.0,0.0,0.0,72.0,1692.0,122580.0,0.0,0.0,5976.0,20124.0,5088636.0,0.0,0.0,6984.0,15408.0,1749888.0,8568.0,56412.0,85968.0,130032.0,2382516.0,72.0,3168.0,25200.0,264060.0,27176832.0,14004.0,126072.0,260496.0,799956.0,18152712.0,288.0,40896.0,205416.0,1020240.0,11685960.0,0.0,1152.0,5220.0,73656.0,1293444.0,864.0,2772.0,8532.0,55188.0,189972.0,816084.0,33.0,30649.61061,0.4133858371574851,0.20137119472141995,36.67553087277928,24.7539,17.722812903225805,66.87612903225808,0.33838709677419354,-1.930967741935484,337.10364726419976,20.13929314801021,37.14242686170363
0.19544747624101366,0.6602885875670508,2.968895029891852,5.69735348488093,28.11111111111111,4.652939733820473,2.0,1.0,0.0,35208.0,60804.0,122148.0,18437760.0,0.0,2268.0,3888.0,143244.0,7604460.0,0.0,12996.0,29484.0,108108.0,2827908.0,4212.0,14976.0,18936.0,67572.0,5161536.0,0.0,0.0,504.0,1800.0,252000.0,2916.0,27936.0,65448.0,256500.0,4584384.0,19980.0,114804.0,361764.0,1471644.0,24566616.0,0.0,864.0,3744.0,34812.0,1090944.0,0.0,936.0,4356.0,73656.0,240444.0,935460.0,3.0,3430.762574,0.39886675,0.17290190034625258,54.48320055910638,0.03828275862068966,20.859482758620697,62.30413793103449,0.45068965517241383,-1.091034482758621,485.6229575389995,15.474902811713747,28.612472634388194
0.07208740548941171,0.1982262216711414,0.6864661556443745,0.5197749007795581,9.666666666666666,2.649722630061655,8.0,3.0,0.0,360.0,684.0,2808.0,504684.0,144.0,11520.0,71496.0,649944.0,23835960.0,0.0,0.0,6840.0,65592.0,736416.0,7164.0,25524.0,61920.0,327996.0,6423876.0,396.0,19908.0,124992.0,485676.0,23438124.0,17352.0,104148.0,235296.0,724356.0,10497204.0,4752.0,51192.0,104760.0,365544.0,5191956.0,540.0,36504.0,88560.0,193464.0,2933136.0,0.0,0.0,1044.0,33624.0,91080.0,326556.0,244.0,21222.17111,0.5575748066725583,0.2851461566957657,53.94358315136053,21.72876129032258,27.917093548387097,69.76483870967743,0.4177419354838709,1.6758064516129028,479.0368251496304,13.133114348430048,23.316396907313592
0.07355204914440493,0.3940078978866817,1.1562995236622915,0.5176252261604153,13.9,3.94426947297991,5.0,2.0,1188.0,6156.0,9900.0,16452.0,14830560.0,504.0,21240.0,155412.0,1278360.0,33346728.0,108.0,1224.0,2448.0,43524.0,757872.0,4752.0,48600.0,130644.0,457956.0,8234388.0,0.0,2700.0,12852.0,42012.0,2134224.0,11088.0,99072.0,241920.0,693072.0,10252800.0,8388.0,54432.0,124092.0,347724.0,4580892.0,0.0,36.0,36.0,432.0,227592.0,180.0,1260.0,5436.0,49356.0,108108.0,262404.0,5.0,3129.911321,0.537387114018467,0.2096736472876315,33.207473714198684,5.880790322580645,25.783416129032265,72.1332258064516,-0.629032258064516,-0.41258064516129034,571.3425693531,7.19298004123763,26.014493672961052
0.08237441956017144,0.7222883938107518,0.4790859088317436,0.5483050156341037,9.6,2.187290311746573,7.0,2.0,1188.0,6156.0,9900.0,16452.0,14830560.0,504.0,21240.0,155412.0,1278360.0,33346728.0,108.0,1224.0,2448.0,43524.0,757872.0,4752.0,48600.0,130644.0,457956.0,8234388.0,0.0,2700.0,12852.0,42012.0,2134224.0,11088.0,99072.0,241920.0,693072.0,10252800.0,8388.0,54432.0,124092.0,347724.0,4580892.0,0.0,36.0,36.0,432.0,227592.0,180.0,1260.0,5436.0,49356.0,108108.0,262404.0,5.0,3129.911321,0.3383145520755959,0.18866669879137027,71.94323868779892,5.19068064516129,28.7963806451613,69.45548387096775,-0.5903225806451615,0.007419354838709759,704.0164368866007,20.030439582589,35.729388757706246
0.1799461179043109,0.30218163892559474,3.4282167666446592,4.703686753568779,27.272727272727273,5.026687001318612,3.0,1.0,0.0,540.0,1476.0,12060.0,200376.0,0.0,72.0,2844.0,189828.0,13324104.0,3456.0,4248.0,4248.0,9396.0,210600.0,252.0,6912.0,20916.0,227232.0,8901216.0,0.0,180.0,2304.0,77364.0,16479432.0,4248.0,36252.0,93240.0,413064.0,7985808.0,19476.0,163404.0,437688.0,1431468.0,18203436.0,0.0,72.0,3492.0,32040.0,4163040.0,0.0,576.0,3888.0,70848.0,219348.0,749016.0,13.0,14435.29365,0.5718238602318414,0.34864441408163427,88.33577287918759,5.0090419354838716,21.03502258064517,66.44548387096773,0.5806451612903225,-1.4074193548387097,415.5788070614102,24.13159264759387,45.64224044223515
0.1272766149539365,0.2791197242172838,0.4701691311521822,0.46752480147057524,8.0,1.4286490918205235,12.0,4.0,0.0,324.0,1080.0,5688.0,373428.0,0.0,4716.0,9072.0,27468.0,5372712.0,0.0,1116.0,29052.0,141300.0,2318760.0,12672.0,56844.0,104364.0,330048.0,7367256.0,0.0,0.0,360.0,4752.0,6465744.0,3168.0,28692.0,70884.0,222732.0,8117892.0,10296.0,131652.0,384840.0,1607904.0,26628948.0,0.0,360.0,360.0,2916.0,4186764.0,0.0,324.0,5184.0,59004.0,185364.0,798480.0,69.0,17428.37218,0.3162335766436253,0.19680402576077557,33.603692821448405,13.421,18.263387096774196,61.74354838709678,0.16193548387096776,-3.2735483870967736,403.62980075495005,23.566340602440803,33.538796362343376
0.05909309565211801,0.2482776494790211,0.8738408814885832,0.44164217383091753,11.5,2.834390465903342,9.0,3.0,0.0,0.0,252.0,13068.0,163944.0,0.0,1332.0,17388.0,494820.0,37553508.0,0.0,900.0,46872.0,152316.0,595044.0,2484.0,3456.0,5292.0,49608.0,2128212.0,0.0,7992.0,16452.0,228384.0,18595332.0,13428.0,53028.0,144324.0,821484.0,8549712.0,10620.0,148608.0,354348.0,869796.0,6093036.0,0.0,1116.0,1188.0,1584.0,535500.0,0.0,0.0,4824.0,66456.0,199404.0,510156.0,111.0,18978.38682,0.4228860247789248,0.19457235079458074,63.93837800669176,1.3874166666666665,26.180176666666664,62.247666666666674,-0.3826666666666666,-0.5233333333333334,475.4167059771703,15.28520536507732,35.6812484535938
0.12323780255557623,0.487411476131755,2.6702933708035714,5.267096686536523,27.8,4.675202953403056,3.0,1.0,108.0,2232.0,3276.0,17352.0,485928.0,0.0,504.0,4932.0,199296.0,15894756.0,3852.0,6948.0,6948.0,28404.0,352944.0,36.0,1224.0,7452.0,160956.0,5284836.0,0.0,396.0,6984.0,112068.0,22396536.0,3024.0,14256.0,51156.0,251856.0,6055452.0,20448.0,186084.0,488520.0,1599012.0,14366556.0,0.0,72.0,3384.0,47412.0,5851980.0,0.0,540.0,3852.0,70812.0,212904.0,725112.0,13.0,14435.29365,0.7137980752651835,0.3860365691055609,43.3653087017718,130.48520000000002,21.29324193548387,65.81861290322581,0.7077419354838708,-1.5180645161290327,473.99507486452006,24.152587479448744,43.017640434421565
0.07603100122738168,0.32446004840503023,1.2840102150956945,1.2981097182139658,16.444444444444443,2.966006889342815,2.0,1.0,0.0,36.0,504.0,2880.0,2287188.0,0.0,0.0,0.0,10404.0,5999760.0,360.0,8280.0,13824.0,51984.0,3838176.0,1080.0,3456.0,4752.0,12672.0,1858428.0,0.0,0.0,180.0,10728.0,2787408.0,12852.0,87696.0,190080.0,736488.0,16177392.0,11952.0,115056.0,340452.0,1379700.0,24128460.0,0.0,0.0,0.0,13428.0,4451220.0,0.0,1440.0,5256.0,67824.0,235944.0,922968.0,6.0,17454.33105,0.25141473148148147,0.20027707594065877,37.50200585960665,1.0814793103448275,18.20573448275862,64.38620689655173,-1.200344827586207,-0.7610344827586203,338.4090622480002,16.256474011941133,37.50200585960665
0.045253246647705705,0.5703734260678728,0.5044732469023958,0.6793658661450311,10.125,2.0621842352536817,10.0,3.0,0.0,0.0,0.0,0.0,193176.0,0.0,612.0,8640.0,38484.0,11350224.0,0.0,288.0,1656.0,57312.0,940680.0,3060.0,5472.0,6300.0,28620.0,1565424.0,0.0,36.0,1296.0,66852.0,13995000.0,6912.0,52272.0,150732.0,710892.0,17450856.0,3312.0,102564.0,334224.0,1337832.0,17347896.0,16452.0,42552.0,47556.0,100368.0,4935384.0,0.0,72.0,1584.0,79056.0,235260.0,800892.0,100.0,15052.7619,0.7302991906601456,0.08301029858992696,60.77720876050678,0.9363967741935484,23.63647419354839,68.55645161290323,-3.771612903225806,-1.1432258064516128,348.3901724209598,16.860460567617967,27.248196442672413
0.11535076167105243,0.5707518309448606,0.7383757097486376,0.8876137950824338,12.818181818181818,3.137354162011539,10.0,3.0,0.0,0.0,36.0,720.0,3733812.0,0.0,0.0,720.0,65484.0,4323060.0,0.0,6912.0,7452.0,76500.0,3994344.0,7452.0,42300.0,103680.0,260856.0,3461760.0,36.0,36.0,828.0,5184.0,7228224.0,16200.0,115452.0,379080.0,1273212.0,28486188.0,4356.0,64944.0,161316.0,777492.0,12129120.0,0.0,0.0,0.0,288.0,1338768.0,0.0,216.0,3420.0,53136.0,132372.0,681588.0,12.0,5480.991045,0.37038999055102384,0.21093312025155347,74.35237132713597,0.8673387096774194,27.244490322580642,65.81870967741935,0.5964516129032258,-0.8970967741935485,490.4999186413398,18.07492606154059,43.91988524506453
0.2233839176847183,0.5506989477066931,3.0804119831017047,5.2965323632990575,28.181818181818183,4.199038528999206,1.0,4.0,0.0,144.0,14184.0,122328.0,1665936.0,504.0,1152.0,12780.0,155196.0,3542976.0,0.0,648.0,6048.0,40536.0,320220.0,3132.0,29304.0,65340.0,114192.0,2104236.0,0.0,5868.0,66996.0,935676.0,48655656.0,8964.0,58680.0,140796.0,490968.0,12223404.0,13032.0,122724.0,316404.0,793224.0,4013748.0,36.0,72.0,720.0,3384.0,575784.0,864.0,1908.0,5760.0,64224.0,162288.0,486756.0,5.0,10720.10518,0.887337369756206,0.40265695253955824,87.4718345332648,0.06459032258064516,15.342254838709678,70.61870967741936,-0.11870967741935486,-3.606129032258064,414.8297207801003,19.541508389262752,40.919602605196786
0.07784289662911699,0.26782736036898713,0.7235723452515216,0.45234375150250605,7.0,1.7568611787513335,6.0,2.0,0.0,1116.0,5328.0,15984.0,874152.0,144.0,1512.0,19512.0,361116.0,21854232.0,0.0,0.0,2484.0,35064.0,634536.0,72.0,1548.0,9900.0,105948.0,4010544.0,648.0,20052.0,126252.0,486396.0,23258952.0,17568.0,103572.0,263484.0,977616.0,10432332.0,10476.0,75168.0,147492.0,524340.0,8006184.0,1368.0,44964.0,107460.0,246096.0,3613320.0,0.0,0.0,1188.0,35100.0,102636.0,389448.0,244.0,21222.17111,0.48703480456017,0.21842883753545292,21.182589816682253,381.2287999999999,27.83171,62.499633333333335,0.9673333333333333,1.9019999999999997,499.32790618130014,9.912543799154255,26.066347634500236
0.1677050935265555,0.4289261149580146,1.2753464128689815,1.5985220828339486,12.363636363636363,3.0847460149393253,1.0,4.0,0.0,3348.0,4392.0,56448.0,1260072.0,0.0,3096.0,20808.0,638892.0,39235824.0,0.0,3744.0,64512.0,213840.0,822600.0,1764.0,3636.0,8316.0,71244.0,4220388.0,0.0,9576.0,19728.0,235188.0,18702396.0,6516.0,26352.0,68976.0,413496.0,5373504.0,18324.0,166428.0,399996.0,1011888.0,5169276.0,0.0,1368.0,1476.0,1944.0,760500.0,0.0,0.0,4752.0,65376.0,197244.0,498348.0,111.0,18978.38682,0.20143866678638345,0.14454244453178228,38.097448071033334,0.7917483870967742,14.486970967741936,63.18032258064517,-0.4922580645161291,-0.6519354838709678,326.39891303244985,20.732486959485854,38.097448071033334
0.12694071325280784,0.3461612968222991,1.7859514295652918,1.9050620058599743,18.4,4.547899581452188,1.0,4.0,108.0,9108.0,15480.0,52092.0,1196892.0,0.0,972.0,4140.0,7128.0,11003004.0,0.0,4644.0,7812.0,40752.0,1343340.0,216.0,2052.0,8676.0,26172.0,6104664.0,0.0,0.0,1080.0,1332.0,13331664.0,7164.0,49356.0,105264.0,358128.0,15109992.0,18900.0,129924.0,357300.0,1605852.0,17765928.0,0.0,216.0,324.0,9972.0,2187180.0,0.0,0.0,4968.0,86148.0,285156.0,1039860.0,18.0,6622.610663,0.26707962469243723,0.18699706630501395,33.010381968651345,0.9329451612903226,17.286832258064518,71.68193548387094,-1.4761290322580647,-2.59741935483871,290.3874621769799,11.620508595884834,33.010381968651345
0.049098897518505845,0.14180405676941946,0.5810288514533334,0.1456944434917961,8.8,1.6395108083557233,7.0,2.0,144.0,1296.0,13824.0,212580.0,4250628.0,0.0,72.0,7992.0,169992.0,2584656.0,0.0,5292.0,35028.0,119232.0,3711276.0,6084.0,39528.0,98388.0,284940.0,5554620.0,0.0,0.0,0.0,81684.0,387216.0,2628.0,8748.0,41652.0,258912.0,11876724.0,15948.0,108144.0,291708.0,1076688.0,28221228.0,0.0,180.0,252.0,828.0,1158588.0,576.0,1800.0,6696.0,119196.0,296604.0,936540.0,2.0,17057.75366,0.6127325371872641,0.257524831501968,54.91141016919606,4.367325806451612,30.771622580645158,57.27064516129033,-0.333225806451613,-0.28354838709677416,600.1156028161795,12.573371368729193,32.70219108617633
0.11533965411296007,0.3821401302162307,0.9989600213145833,0.6107211921522722,15.4,2.9596869247187056,4.0,1.0,36.0,900.0,32760.0,130248.0,784260.0,216.0,45612.0,134424.0,555732.0,45369864.0,0.0,36.0,3276.0,12960.0,710784.0,3816.0,25020.0,84996.0,335880.0,5411196.0,0.0,5256.0,26640.0,264132.0,5267916.0,4284.0,19512.0,84276.0,255852.0,3836376.0,16164.0,98532.0,194040.0,616968.0,8426952.0,0.0,0.0,5796.0,59184.0,808812.0,648.0,1656.0,6948.0,87912.0,218700.0,910404.0,9.0,12779.34997,0.35450688271604935,0.15124662946067843,34.7589436634037,3.5150633333333334,19.552566666666667,69.42966666666665,-1.1173333333333333,-1.0086666666666668,314.10203361956997,15.627533212537674,34.7589436634037
0.28325435097639723,0.3618031732962451,3.7166237824731065,7.147143597860133,35.63636363636363,4.319020413757403,1.0,4.0,0.0,0.0,0.0,11772.0,829332.0,0.0,540.0,3744.0,25740.0,4172148.0,0.0,936.0,14616.0,51408.0,517428.0,4536.0,14868.0,34308.0,189252.0,5143968.0,0.0,396.0,4536.0,32904.0,32335056.0,17820.0,109080.0,325368.0,1321704.0,21186648.0,4284.0,58248.0,162000.0,668304.0,7418088.0,0.0,0.0,36.0,3960.0,850716.0,0.0,828.0,4860.0,98712.0,240912.0,836604.0,26.0,23385.85399,0.43718044984129706,0.1646319657575434,56.02498701435251,0.0,18.024048387096773,58.870967741935495,0.6967741935483871,-1.0583870967741933,400.01612513909953,13.566559537096872,32.97807501729829
0.13752723824501767,0.27566168390250906,1.4232356628930631,0.4466632735756231,10.2,3.7207842884287645,8.0,3.0,108.0,2232.0,3276.0,17352.0,485928.0,0.0,504.0,4932.0,199296.0,15894756.0,3852.0,6948.0,6948.0,28404.0,352944.0,36.0,1224.0,7452.0,160956.0,5284836.0,0.0,396.0,6984.0,112068.0,22396536.0,3024.0,14256.0,51156.0,251856.0,6055452.0,20448.0,186084.0,488520.0,1599012.0,14366556.0,0.0,72.0,3384.0,47412.0,5851980.0,0.0,540.0,3852.0,70812.0,212904.0,725112.0,13.0,14435.29365,0.2924069088881398,0.2361225814401268,31.118804955579197,144.26749999999998,29.875183870967746,63.842580645161284,0.942258064516129,0.2319354838709677,634.73359832802,13.318109184141443,32.508065550819275
0.32993992332863636,0.5713952352349652,2.6375411496944445,2.7772230056541685,24.7,4.50522915679149,1.0,4.0,0.0,540.0,1476.0,12060.0,200376.0,0.0,72.0,2844.0,189828.0,13324104.0,3456.0,4248.0,4248.0,9396.0,210600.0,252.0,6912.0,20916.0,227232.0,8901216.0,0.0,180.0,2304.0,77364.0,16479432.0,4248.0,36252.0,93240.0,413064.0,7985808.0,19476.0,163404.0,437688.0,1431468.0,18203436.0,0.0,72.0,3492.0,32040.0,4163040.0,0.0,576.0,3888.0,70848.0,219348.0,749016.0,13.0,14435.29365,0.5314325,0.286716905455883,69.49016770118646,0.3351516129032258,18.716074193548387,68.20032258064516,0.3764516129032258,-2.870967741935484,364.05619811850005,23.999708455511396,40.656939718750806
0.10228291250841715,0.1908621914220036,0.5529403992654762,0.20225817596639684,7.25,1.1346537604750941,6.0,2.0,0.0,72.0,144.0,1296.0,45036.0,0.0,972.0,11016.0,194256.0,15513120.0,11268.0,14724.0,14724.0,29880.0,297360.0,612.0,1476.0,6336.0,133956.0,4026888.0,0.0,288.0,4680.0,104076.0,21895920.0,4968.0,28980.0,84960.0,480636.0,9963864.0,10764.0,167112.0,462492.0,1463328.0,13105296.0,0.0,72.0,2304.0,43416.0,5082768.0,0.0,468.0,3708.0,68832.0,198900.0,690624.0,13.0,14435.29365,0.5073097443456015,0.20453887281187036,58.31127712600724,2.5958233333333336,29.55639,63.246999999999986,1.493,2.108333333333333,641.3665644530006,16.87713529246833,27.019945688675627
0.06032694594741625,0.1556429498301234,0.4448641486992593,0.36992381823235065,6.888888888888889,1.5833193524141775,7.0,2.0,0.0,0.0,36.0,144.0,90864.0,0.0,1692.0,4176.0,46152.0,4248288.0,0.0,324.0,324.0,16668.0,230184.0,2052.0,7344.0,8172.0,33228.0,1562616.0,0.0,4716.0,51264.0,347220.0,42239952.0,19476.0,102708.0,206496.0,921744.0,14659020.0,7092.0,84492.0,277632.0,971208.0,5814540.0,0.0,360.0,1188.0,3924.0,2396196.0,0.0,0.0,2700.0,81144.0,236124.0,801036.0,51.0,32919.87338,0.38493615349511584,0.07977532900182721,66.63689629271343,3.0698935483870966,29.140825806451613,61.994838709677424,0.7135483870967739,1.4038709677419356,634.041698579,21.383429436378734,28.41587350283431
0.052822248420781565,0.16186409569977495,0.6025296126478332,0.38419362035227816,10.4,1.9946933405160376,7.0,2.0,36.0,900.0,32760.0,130248.0,784260.0,216.0,45612.0,134424.0,555732.0,45369864.0,0.0,36.0,3276.0,12960.0,710784.0,3816.0,25020.0,84996.0,335880.0,5411196.0,0.0,5256.0,26640.0,264132.0,5267916.0,4284.0,19512.0,84276.0,255852.0,3836376.0,16164.0,98532.0,194040.0,616968.0,8426952.0,0.0,0.0,5796.0,59184.0,808812.0,648.0,1656.0,6948.0,87912.0,218700.0,910404.0,9.0,12779.34997,0.4286814758380289,0.13924259669609956,47.829267584539764,5.399487096774194,29.575209677419355,61.87032258064516,-0.47193548387096773,-0.587741935483871,629.4277171211995,12.249120667090839,34.790779097240794
0.04602806793145935,0.5991479156425603,0.4801402713854167,0.5837604837030395,9.125,1.9427555113589965,11.0,4.0,468.0,3672.0,5652.0,10260.0,14356188.0,2016.0,30924.0,192024.0,1402488.0,35351172.0,108.0,1440.0,2376.0,42192.0,705816.0,6408.0,32364.0,71208.0,222516.0,4530708.0,0.0,2628.0,12528.0,41652.0,2106468.0,10116.0,88272.0,204084.0,558396.0,7673292.0,7236.0,69228.0,174708.0,526356.0,8055252.0,0.0,72.0,72.0,2304.0,409104.0,0.0,756.0,5148.0,53676.0,123192.0,335124.0,5.0,3129.911321,0.2783690988189746,0.29299473788053415,65.05263531083429,10.165680000000002,22.005343333333336,74.47433333333333,-2.2043333333333335,-1.1709999999999998,176.65505907824001,14.0413062253262,39.53637766407818
0.14057736615377936,0.264788556842024,2.8063473936032497,4.478864515080278,28.8,3.6975620093559813,3.0,1.0,0.0,2016.0,3024.0,22716.0,368892.0,0.0,13248.0,36504.0,243792.0,18107568.0,0.0,2232.0,14832.0,18396.0,131544.0,2808.0,8892.0,19620.0,130068.0,2635884.0,252.0,12096.0,57816.0,294588.0,33272388.0,15588.0,86976.0,222804.0,818892.0,10014156.0,7416.0,101628.0,278064.0,971172.0,5408820.0,0.0,756.0,1836.0,7848.0,2215008.0,0.0,0.0,5436.0,55044.0,150372.0,633996.0,90.0,33384.18737,0.5015732222222221,0.2630026775121201,74.43044325770603,1.9549903225806449,22.14984838709677,58.42516129032257,0.5061290322580646,-0.5845161290322581,491.6441123902997,17.22090096904957,41.57437764514768
0.1846091377033659,0.4642432607712778,2.243845255430334,2.4122759317780464,22.8,5.353864327684834,4.0,1.0,0.0,0.0,0.0,11772.0,829332.0,0.0,540.0,3744.0,25740.0,4172148.0,0.0,936.0,14616.0,51408.0,517428.0,4536.0,14868.0,34308.0,189252.0,5143968.0,0.0,396.0,4536.0,32904.0,32335056.0,17820.0,109080.0,325368.0,1321704.0,21186648.0,4284.0,58248.0,162000.0,668304.0,7418088.0,0.0,0.0,36.0,3960.0,850716.0,0.0,828.0,4860.0,98712.0,240912.0,836604.0,26.0,23385.85399,0.5077091128019803,0.17608540787862503,65.0680770027182,0.47028666666666663,25.46498,62.571333333333335,0.8889999999999998,-0.42500000000000004,491.2740075686004,15.35666663747046,37.87835122474344
0.12976292678192558,0.3116822304327549,0.9463959677330275,1.193311626501971,12.8,2.5039207829186045,1.0,4.0,0.0,1116.0,5328.0,15984.0,874152.0,144.0,1512.0,19512.0,361116.0,21854232.0,0.0,0.0,2484.0,35064.0,634536.0,72.0,1548.0,9900.0,105948.0,4010544.0,648.0,20052.0,126252.0,486396.0,23258952.0,17568.0,103572.0,263484.0,977616.0,10432332.0,10476.0,75168.0,147492.0,524340.0,8006184.0,1368.0,44964.0,107460.0,246096.0,3613320.0,0.0,0.0,1188.0,35100.0,102636.0,389448.0,244.0,21222.17111,0.2673232984363285,0.16793445586288602,22.024899010366703,35.6013,16.84921612903226,67.67312903225807,-0.49935483870967745,-1.2390322580645163,344.8300248137001,16.018682637439262,25.7301003723489
0.09705127557985577,0.6748991791206047,0.5973871016949847,0.6165399282992128,6.6,1.8037547271518801,10.0,3.0,0.0,180.0,828.0,3204.0,20377008.0,24804.0,195660.0,592704.0,2582748.0,42100380.0,0.0,0.0,0.0,0.0,139752.0,0.0,108.0,5292.0,63036.0,2830356.0,5868.0,58716.0,130356.0,286848.0,2839068.0,792.0,26856.0,52056.0,183384.0,4262976.0,0.0,1008.0,2736.0,14724.0,875124.0,0.0,0.0,0.0,72.0,2052.0,0.0,0.0,0.0,0.0,1440.0,7308.0,72.0,1508.7111,0.3180206830403517,0.17157061454509645,30.554891321513796,205.0528,25.944241935483873,78.52190322580645,-4.638709677419354,-4.444193548387097,515.5404055441904,4.51580646419737,32.45566848459623
0.12110731324947484,0.34394541621340546,0.37730589823817745,0.42715327562146677,7.5,1.3889156679826753,7.0,2.0,972.0,6840.0,12132.0,24768.0,763236.0,0.0,180.0,2916.0,7236.0,12204504.0,36.0,8712.0,16488.0,86688.0,2108304.0,2664.0,23436.0,53352.0,177192.0,11528928.0,0.0,0.0,1188.0,1944.0,13937580.0,13104.0,89136.0,200952.0,727092.0,14840172.0,9720.0,79308.0,239292.0,1160532.0,12726000.0,0.0,108.0,252.0,7344.0,1636416.0,0.0,0.0,4860.0,74700.0,258660.0,948492.0,18.0,6622.610663,0.22721229632454604,0.18331332570660333,32.0370302540007,16.3373,29.502377419354836,65.94970967741935,2.0987096774193548,0.8738709677419356,738.0337526344997,16.33797287809795,32.73911298715209
0.07462895847960876,0.2072350245938126,1.0787617402057499,0.42099572184777073,11.8,3.0527096578640447,9.0,3.0,1368.0,4500.0,9324.0,57384.0,991152.0,1476.0,86148.0,317232.0,1322028.0,56631060.0,0.0,72.0,72.0,3096.0,111960.0,936.0,13284.0,26028.0,297108.0,2219148.0,5004.0,70632.0,159120.0,439668.0,9053388.0,8568.0,54864.0,179388.0,485532.0,4833900.0,8892.0,23148.0,29016.0,78840.0,820440.0,1260.0,1332.0,4896.0,142380.0,525276.0,216.0,1008.0,3960.0,28764.0,60192.0,315468.0,378.0,15241.42093,0.30109577380952385,0.08143095822366261,42.08291452080406,0.44744333333333336,25.73362,73.03666666666668,-0.5566666666666668,-1.3506666666666665,507.7481392299005,14.252242549011934,31.445520242391108
0.025821198610756806,0.43570908533547775,0.46632590883861114,0.5117681576172275,7.3,1.9214023549639516,9.0,3.0,72.0,1296.0,3420.0,36936.0,21521520.0,0.0,216.0,540.0,28656.0,3311424.0,0.0,0.0,0.0,11844.0,653004.0,288.0,1944.0,16128.0,129276.0,6806340.0,288.0,2700.0,18540.0,297972.0,14391648.0,9252.0,87012.0,250128.0,938592.0,11903040.0,15480.0,121464.0,305748.0,1001952.0,12292884.0,0.0,0.0,1980.0,5904.0,691308.0,360.0,1260.0,6012.0,68040.0,189000.0,690228.0,10.0,446.5182684,0.1575228092463092,0.14054399717795799,77.39473332178164,3.8534633333333335,26.829310000000007,62.970000000000006,-0.15100000000000008,-0.2493333333333333,519.5762037540003,17.796396418182972,41.16929486084655
0.1348084719111675,0.39985742138930397,0.8485122261152775,1.325199072346075,15.666666666666666,2.240328688605845,11.0,4.0,0.0,144.0,540.0,7308.0,128160.0,0.0,1296.0,3060.0,19512.0,4957632.0,0.0,432.0,26064.0,96624.0,1656468.0,7596.0,32544.0,57708.0,137988.0,4870692.0,0.0,0.0,72.0,5760.0,6313068.0,11052.0,103284.0,258228.0,884052.0,16646616.0,3276.0,63684.0,210816.0,1044324.0,21131172.0,0.0,144.0,144.0,2088.0,3379608.0,0.0,1548.0,9396.0,81180.0,228744.0,943632.0,69.0,17428.37218,0.13545,0.22192154546271886,72.25791167450446,0.08700000000000001,23.833729999999992,59.278,0.4533333333333332,-1.8273333333333335,390.23308813600005,21.22762969590226,36.7846262721219
0.23772966932678585,0.763002477577806,0.8612423630641667,1.734659152077872,17.0,2.8269145964195017,10.0,3.0,612.0,4716.0,11844.0,31464.0,420552.0,216.0,3420.0,20772.0,261468.0,6427800.0,0.0,1836.0,27936.0,63504.0,371016.0,7596.0,35676.0,74988.0,446076.0,4193712.0,0.0,1044.0,9108.0,79668.0,44217504.0,8532.0,50796.0,156564.0,582012.0,6867180.0,10080.0,119952.0,301176.0,965232.0,6366348.0,0.0,0.0,2700.0,44460.0,2110500.0,36.0,792.0,4284.0,65484.0,180396.0,667476.0,13.0,19435.77403,0.1559822048611111,0.14587937400812725,105.41415859728023,0.04697096774193548,25.793380645161292,65.76032258064517,0.3806451612903225,-1.5264516129032253,513.01815185584,33.8971228789685,39.16754979814253
0.14022567713557532,0.9024734860822576,0.9896727177981017,0.8901167213027446,11.4,2.8210900783720114,10.0,3.0,972.0,6840.0,12132.0,24768.0,763236.0,0.0,180.0,2916.0,7236.0,12204504.0,36.0,8712.0,16488.0,86688.0,2108304.0,2664.0,23436.0,53352.0,177192.0,11528928.0,0.0,0.0,1188.0,1944.0,13937580.0,13104.0,89136.0,200952.0,727092.0,14840172.0,9720.0,79308.0,239292.0,1160532.0,12726000.0,0.0,108.0,252.0,7344.0,1636416.0,0.0,0.0,4860.0,74700.0,258660.0,948492.0,18.0,6622.610663,0.48167405225970084,0.21453692493113483,37.01304327909738,78.7657,24.251922580645164,67.61296774193548,-2.9461290322580647,-3.50774193548387,430.0046193503501,10.321129633008066,37.01304327909738
0.08736195878275596,0.374802567861747,1.1171852225262497,0.5604249398051134,16.2,4.309630539789078,5.0,2.0,36.0,540.0,1224.0,5904.0,3264156.0,0.0,0.0,0.0,20484.0,6811776.0,576.0,8856.0,16992.0,78588.0,4725108.0,7704.0,43812.0,76428.0,236952.0,6341508.0,0.0,0.0,180.0,9036.0,2848572.0,11412.0,80892.0,171828.0,634536.0,15084180.0,7524.0,94320.0,307800.0,1316196.0,20250756.0,0.0,0.0,0.0,8784.0,3747996.0,0.0,864.0,4176.0,54324.0,211104.0,831780.0,6.0,17454.33105,0.33117679603216765,0.12018226143661842,26.161769741713954,3.5235709677419353,28.11395483870968,62.85741935483871,-0.27999999999999997,-0.5509677419354838,523.0791787744,26.68086551284718,26.161769741713954
0.16134834254944072,0.5604200689828266,0.8255638479936588,0.6220632871007007,13.0,3.0635852778591723,4.0,1.0,0.0,504.0,4536.0,11592.0,4108716.0,0.0,0.0,72.0,44928.0,6859116.0,2124.0,17316.0,26424.0,143064.0,5227560.0,12096.0,54756.0,85176.0,214344.0,5605452.0,0.0,0.0,0.0,9216.0,2720952.0,1476.0,5328.0,13896.0,47916.0,6953580.0,11736.0,146736.0,438840.0,1798992.0,26051940.0,0.0,0.0,0.0,15876.0,4861224.0,0.0,828.0,4068.0,57708.0,216792.0,855324.0,6.0,17454.33105,0.3796623361779033,0.2123035026444285,32.59883189355473,97.98459999999999,22.224576666666678,63.97116666666668,-1.3519999999999999,-0.719,382.6808720257481,21.9603834766793,32.83557974816571
0.1529984608710357,0.29424887559168694,1.516412145219295,2.2729061677396745,18.6,3.0589632680281214,1.0,4.0,0.0,1188.0,1944.0,20556.0,224712.0,0.0,6516.0,25236.0,207324.0,17753616.0,0.0,1728.0,10332.0,11988.0,109944.0,1584.0,5652.0,14040.0,109296.0,3430584.0,252.0,13680.0,61416.0,306252.0,33656508.0,18900.0,121788.0,303732.0,1099296.0,12834000.0,5328.0,76860.0,218124.0,760716.0,3613248.0,0.0,648.0,1548.0,6336.0,1773108.0,0.0,0.0,5436.0,54828.0,148500.0,619704.0,90.0,33384.18737,0.14631393096451858,0.0707700468197439,22.357157355345713,35.3653,17.73992903225807,63.383677419354854,0.4758064516129032,-1.1883870967741934,343.44117540750017,9.764272785782833,28.159622002438805
0.09626557281988217,0.11443313201325814,1.295899441804375,0.5787826857733106,13.5,3.402211633973173,5.0,2.0,468.0,7524.0,13536.0,62496.0,184932.0,252.0,47520.0,203508.0,951732.0,52800732.0,0.0,144.0,180.0,2160.0,77004.0,1368.0,26172.0,56700.0,405864.0,4047984.0,2880.0,63468.0,152640.0,429660.0,8939844.0,17784.0,111924.0,312372.0,977724.0,9715392.0,4392.0,6588.0,6876.0,18216.0,632376.0,72.0,72.0,684.0,105300.0,334944.0,468.0,1260.0,4248.0,19332.0,38772.0,188352.0,378.0,15241.42093,0.30668094259882095,0.2422220890901555,26.59912651121883,10.2228,22.943399999999997,79.55387096774194,-0.04935483870967737,-0.3187096774193548,394.3201043778003,12.316727038643482,37.490665421038955
0.16607391693263182,0.3147098790711841,0.9355627415729166,1.1391299818308105,17.285714285714285,2.931442996753209,11.0,4.0,1800.0,18864.0,59976.0,229500.0,1440612.0,0.0,6156.0,23400.0,136980.0,15704424.0,0.0,1476.0,6228.0,6804.0,89136.0,4644.0,30780.0,67140.0,305280.0,6315048.0,216.0,13248.0,61092.0,303984.0,33500052.0,19800.0,164160.0,429336.0,1587024.0,16685100.0,108.0,1800.0,3708.0,25524.0,329652.0,0.0,0.0,0.0,720.0,176580.0,0.0,0.0,4932.0,46404.0,133992.0,545652.0,90.0,33384.18737,0.19841621357655503,0.14091965290489664,30.31884376882039,0.0,22.827489999999997,56.766000000000005,0.308,-0.7213333333333334,458.61177428633016,8.520843913427584,30.31884376882039
0.05334022656053152,0.6302646244408796,0.2838300335555555,0.6612759211048508,6.0,1.5738912123883388,12.0,4.0,0.0,1224.0,1656.0,3024.0,24855408.0,24300.0,206424.0,612900.0,2663100.0,42280236.0,0.0,0.0,0.0,0.0,164556.0,0.0,108.0,19080.0,86652.0,3431232.0,5796.0,58284.0,112608.0,260532.0,2744316.0,1368.0,15444.0,34200.0,100944.0,2761236.0,0.0,504.0,3060.0,19728.0,1051632.0,0.0,0.0,180.0,648.0,16740.0,0.0,0.0,0.0,540.0,1728.0,6696.0,72.0,1508.7111,0.40255303686064675,0.2103908172450154,69.43790463348667,0.5488741935483871,22.349032258064515,77.88838709677418,-3.7967741935483876,-4.333548387096775,400.7834329653479,16.84192744143153,36.99808649263553
0.09251076102104457,0.4025265602725204,0.37136205071048334,0.5874435436333002,4.0,1.1319077602004055,12.0,4.0,0.0,180.0,828.0,3204.0,20377008.0,24804.0,195660.0,592704.0,2582748.0,42100380.0,0.0,0.0,0.0,0.0,139752.0,0.0,108.0,5292.0,63036.0,2830356.0,5868.0,58716.0,130356.0,286848.0,2839068.0,792.0,26856.0,52056.0,183384.0,4262976.0,0.0,1008.0,2736.0,14724.0,875124.0,0.0,0.0,0.0,72.0,2052.0,0.0,0.0,0.0,0.0,1440.0,7308.0,72.0,1508.7111,0.4123996789162729,0.15976875604852514,30.966051008070455,17.1842,21.708603225806456,76.78954838709676,-3.35741935483871,-4.328709677419355,405.59800840183993,13.877310299031928,30.994955804849752
0.13770798416319346,0.38253449035259096,0.48014567031534183,0.7155949666544299,9.0,1.7662968927566145,2.0,1.0,0.0,468.0,1872.0,9036.0,1038132.0,0.0,2124.0,14076.0,95868.0,35725032.0,0.0,3096.0,10764.0,25056.0,654192.0,1584.0,2376.0,6876.0,49176.0,3458016.0,0.0,2556.0,12564.0,227556.0,17505576.0,3204.0,25128.0,88308.0,309240.0,5708808.0,18612.0,153360.0,412956.0,1626444.0,7541388.0,0.0,72.0,612.0,24624.0,1090800.0,0.0,1512.0,7992.0,93492.0,237384.0,774396.0,48.0,9205.662327,0.0,0.0,0.0,184.4326,15.178624999999998,76.0247142857143,-0.6385714285714287,-2.513214285714285,178.8084023276,20.551647279227492,30.308518127173976
0.0296206454761171,0.5451441654870065,0.5078073563801851,0.6511081425614098,7.666666666666667,1.837956542986738,7.0,2.0,2124.0,14868.0,37152.0,81180.0,31871124.0,0.0,0.0,0.0,11628.0,4124664.0,0.0,0.0,288.0,135900.0,1240740.0,0.0,1980.0,5400.0,115020.0,1926756.0,0.0,0.0,936.0,27432.0,18034344.0,12168.0,107316.0,307584.0,1324584.0,13895424.0,8064.0,74808.0,212580.0,712008.0,3143700.0,0.0,72.0,360.0,4428.0,63288.0,576.0,2484.0,9000.0,83772.0,221148.0,729288.0,13.0,537.3484137,0.642046563938064,0.27674351283564713,75.33252142431056,3.4286483870967746,29.51790645161291,70.88677419354836,-0.7309677419354839,0.5216129032258066,693.006544113,19.348992226131347,40.72124381836918
0.05934940355437685,0.31150067039975565,0.4507715251837917,0.8289962964446729,8.0,1.2740828611204909,12.0,4.0,0.0,36.0,504.0,2880.0,2287188.0,0.0,0.0,0.0,10404.0,5999760.0,360.0,8280.0,13824.0,51984.0,3838176.0,1080.0,3456.0,4752.0,12672.0,1858428.0,0.0,0.0,180.0,10728.0,2787408.0,12852.0,87696.0,190080.0,736488.0,16177392.0,11952.0,115056.0,340452.0,1379700.0,24128460.0,0.0,0.0,0.0,13428.0,4451220.0,0.0,1440.0,5256.0,67824.0,235944.0,922968.0,6.0,17454.33105,0.3254164472466818,0.1629189664436184,58.53596554057129,3.4482677419354837,18.053887096774197,77.97967741935483,-1.8200000000000003,-0.6203225806451612,144.04473611590006,19.60507184081847,38.97625757842599
0.11202178909602886,0.4300304192891707,0.6102591355021667,0.6284517496215456,12.3,2.135559690037102,10.0,3.0,0.0,864.0,7524.0,21960.0,870552.0,108.0,3996.0,44028.0,521892.0,21321756.0,0.0,0.0,5436.0,54108.0,503064.0,936.0,5328.0,8316.0,61704.0,2499012.0,468.0,19296.0,123804.0,491688.0,23333688.0,12132.0,63180.0,164232.0,688248.0,11684412.0,15156.0,100728.0,194472.0,624312.0,8113140.0,1548.0,54216.0,131076.0,273996.0,3682152.0,0.0,0.0,1116.0,35424.0,105660.0,404100.0,244.0,21222.17111,0.30532597435897435,0.11967142467039554,32.0319162832699,0.10368387096774194,24.687254838709677,59.96677419354839,-0.494516129032258,-1.0961290322580644,503.09117664913003,10.755605992659895,32.0319162832699
0.17490365713803993,0.5816183352811942,2.869072797454917,6.127612633131357,30.8,5.002293137568244,3.0,1.0,0.0,40356.0,69480.0,137772.0,8090604.0,0.0,540.0,792.0,128484.0,7688448.0,0.0,4104.0,9324.0,47088.0,1636704.0,7884.0,24552.0,36036.0,159444.0,6909444.0,0.0,108.0,684.0,2376.0,268020.0,16164.0,112932.0,297360.0,1203912.0,21801528.0,3888.0,32868.0,138780.0,531252.0,7912656.0,0.0,72.0,828.0,14472.0,425124.0,0.0,864.0,3528.0,67248.0,231912.0,916488.0,3.0,3430.762574,0.7747754110237728,0.3202714814445417,79.89286634674383,0.0,23.23364516129032,66.68064516129031,1.057741935483871,-1.5387096774193547,616.1778151366003,18.87829742870517,38.97114675908004
0.16523409748103082,0.40884985665930834,0.6443591313027601,1.008007944673605,15.4,2.84390659101934,11.0,4.0,0.0,612.0,720.0,12132.0,127584.0,0.0,1944.0,10800.0,215172.0,16458120.0,12564.0,15876.0,15876.0,40752.0,363780.0,1404.0,5184.0,18324.0,230436.0,7293816.0,0.0,576.0,8136.0,120528.0,23168700.0,8136.0,75132.0,227880.0,869940.0,13181436.0,6444.0,120240.0,310320.0,971856.0,7344396.0,0.0,0.0,1404.0,31248.0,3887100.0,0.0,864.0,2916.0,63180.0,191484.0,649080.0,13.0,14435.29365,0.5969749865747338,0.30639278673659276,86.36785766420202,0.08963666666666666,22.59533,62.702999999999996,0.242,-2.2876666666666665,377.56171642409976,27.579121746995444,30.99348460232368
0.14672007275366267,0.7609095966760748,0.8548322111671179,0.7765884779459618,9.2,2.33614142438388,10.0,3.0,0.0,0.0,2880.0,55512.0,5057964.0,1368.0,31968.0,79812.0,242748.0,17657928.0,0.0,0.0,6264.0,149652.0,2902536.0,4536.0,39996.0,81936.0,221436.0,9786132.0,0.0,36.0,13032.0,351216.0,8531964.0,4284.0,37404.0,80208.0,214488.0,2730672.0,10116.0,79272.0,287964.0,1163916.0,20858760.0,0.0,396.0,1116.0,9360.0,1004940.0,468.0,2916.0,10980.0,93492.0,232524.0,733140.0,4.0,12791.38051,0.2573845638027696,0.12438410291752182,32.21306571919681,260.2466,24.925335483870963,72.29593548387098,-2.964193548387098,-0.4203225806451614,302.7926808842159,11.087628171302255,31.234745586434844
0.10237714830776072,0.14599721145949757,1.2028536352744583,0.5304841672735678,13.6,3.1708335042612106,5.0,2.0,0.0,0.0,0.0,10044.0,1798164.0,0.0,1188.0,16848.0,579240.0,36791064.0,0.0,2556.0,51948.0,180792.0,746028.0,1008.0,2808.0,6588.0,52560.0,3502764.0,0.0,7776.0,17172.0,230760.0,18600048.0,16632.0,63360.0,162792.0,802044.0,9715392.0,8892.0,135288.0,326628.0,761940.0,3536748.0,0.0,1584.0,1656.0,1872.0,466380.0,0.0,0.0,4824.0,68328.0,201888.0,521964.0,111.0,18978.38682,0.581797544217687,0.35666409447991726,75.68870448982219,6.531874193548386,23.164612903225805,66.65741935483871,-0.01129032258064517,-0.41354838709677416,338.80641014471996,17.736273752305742,46.324632409395065
0.18597824988032166,0.5483590293472332,2.2495067628521532,4.811990207070284,22.0,3.5719749454139063,12.0,4.0,0.0,144.0,14184.0,122328.0,1665936.0,504.0,1152.0,12780.0,155196.0,3542976.0,0.0,648.0,6048.0,40536.0,320220.0,3132.0,29304.0,65340.0,114192.0,2104236.0,0.0,5868.0,66996.0,935676.0,48655656.0,8964.0,58680.0,140796.0,490968.0,12223404.0,13032.0,122724.0,316404.0,793224.0,4013748.0,36.0,72.0,720.0,3384.0,575784.0,864.0,1908.0,5760.0,64224.0,162288.0,486756.0,5.0,10720.10518,0.8535115576755107,0.3822165451400789,53.3493546054224,0.6762290322580645,18.285780645161285,70.84064516129033,-0.28806451612903217,-3.384516129032258,379.3579615980638,21.626750340258763,11.425751220370039
0.15425719713601,0.3495191936037631,2.0776021882469577,2.6742859599456708,21.5,3.462709468735251,3.0,1.0,0.0,144.0,540.0,7308.0,128160.0,0.0,1296.0,3060.0,19512.0,4957632.0,0.0,432.0,26064.0,96624.0,1656468.0,7596.0,32544.0,57708.0,137988.0,4870692.0,0.0,0.0,72.0,5760.0,6313068.0,11052.0,103284.0,258228.0,884052.0,16646616.0,3276.0,63684.0,210816.0,1044324.0,21131172.0,0.0,144.0,144.0,2088.0,3379608.0,0.0,1548.0,9396.0,81180.0,228744.0,943632.0,69.0,17428.37218,0.57580875,0.35881805966764974,88.81590369297068,1.8033258064516131,21.8187935483871,60.98129032258063,0.6506451612903227,-1.215806451612903,507.6922922315999,22.70834182755031,45.16031432053551
0.10265826792408073,0.2074510152269958,0.3232830686122917,0.4544758711399493,6.1,1.3400742760439388,7.0,2.0,432.0,3240.0,14472.0,89028.0,1528812.0,828.0,3348.0,25776.0,272880.0,7501392.0,0.0,756.0,5220.0,42264.0,346284.0,5436.0,51804.0,112248.0,245664.0,3283884.0,0.0,5220.0,65844.0,923220.0,48029112.0,8280.0,63756.0,156456.0,422028.0,7216596.0,9972.0,86580.0,233676.0,642456.0,4296564.0,0.0,36.0,468.0,3060.0,630360.0,828.0,2016.0,6516.0,68184.0,170568.0,501012.0,5.0,10720.10518,0.38426799731888667,0.2272940561441269,43.74755546716608,3.84071935483871,29.54115483870968,70.06129032258065,1.0683870967741937,1.4758064516129028,638.5862168890995,17.40236342271568,37.79830286136758
0.09418889753273187,0.26412239720745856,1.006418650212771,0.48390580633373864,12.7,3.274885071877135,9.0,3.0,0.0,3348.0,4392.0,56448.0,1260072.0,0.0,3096.0,20808.0,638892.0,39235824.0,0.0,3744.0,64512.0,213840.0,822600.0,1764.0,3636.0,8316.0,71244.0,4220388.0,0.0,9576.0,19728.0,235188.0,18702396.0,6516.0,26352.0,68976.0,413496.0,5373504.0,18324.0,166428.0,399996.0,1011888.0,5169276.0,0.0,1368.0,1476.0,1944.0,760500.0,0.0,0.0,4752.0,65376.0,197244.0,498348.0,111.0,18978.38682,0.3131715844499652,0.14917069667670863,60.085630857932074,2.6022999999999996,27.47849,61.351333333333315,0.0793333333333333,-0.2836666666666667,551.3364086200003,13.529000250582868,34.9205654182546
0.16368086502163695,0.4481315266820344,1.299335368009106,1.1521987350687035,16.90909090909091,3.9929342085646056,10.0,3.0,0.0,0.0,0.0,11772.0,829332.0,0.0,540.0,3744.0,25740.0,4172148.0,0.0,936.0,14616.0,51408.0,517428.0,4536.0,14868.0,34308.0,189252.0,5143968.0,0.0,396.0,4536.0,32904.0,32335056.0,17820.0,109080.0,325368.0,1321704.0,21186648.0,4284.0,58248.0,162000.0,668304.0,7418088.0,0.0,0.0,36.0,3960.0,850716.0,0.0,828.0,4860.0,98712.0,240912.0,836604.0,26.0,23385.85399,0.4649884136030653,0.24787986007552854,73.02282120234828,3.6271548387096773,26.869803225806443,66.14903225806451,0.35806451612903223,-0.5877419354838709,399.83393819445996,14.09585200198985,44.302044926136055
0.1089257208571788,0.38258223159977023,1.7942285049310631,2.876123769326381,19.11111111111111,3.4029004944796784,1.0,4.0,108.0,2232.0,3276.0,17352.0,485928.0,0.0,504.0,4932.0,199296.0,15894756.0,3852.0,6948.0,6948.0,28404.0,352944.0,36.0,1224.0,7452.0,160956.0,5284836.0,0.0,396.0,6984.0,112068.0,22396536.0,3024.0,14256.0,51156.0,251856.0,6055452.0,20448.0,186084.0,488520.0,1599012.0,14366556.0,0.0,72.0,3384.0,47412.0,5851980.0,0.0,540.0,3852.0,70812.0,212904.0,725112.0,13.0,14435.29365,0.7671405801873814,0.3855875748598646,36.95143248343083,30.1971,17.745545161290327,69.63974193548388,0.24225806451612902,-3.0464516129032253,349.8219380685002,23.069378192076314,67.0524396102289
0.3166310993318604,0.5481153956351602,1.7536929496775464,2.8197426028548693,21.22222222222222,3.5381768844002672,2.0,1.0,180.0,2304.0,22536.0,50184.0,2289348.0,0.0,4932.0,39996.0,170100.0,8950140.0,0.0,2556.0,11520.0,31140.0,470556.0,3132.0,10296.0,38304.0,183168.0,5881428.0,0.0,16056.0,77040.0,385992.0,22149324.0,10116.0,76248.0,179784.0,610200.0,12737160.0,12528.0,111852.0,269604.0,971784.0,12116988.0,0.0,0.0,2952.0,27072.0,4443120.0,576.0,1548.0,5616.0,58608.0,143676.0,712224.0,136.0,15407.79543,0.471297825421598,0.29454541763410846,77.92281570830485,1.381025,17.26012857142857,65.23428571428572,-1.405357142857142,-1.0499999999999998,363.5252431655,22.363329185264135,47.119504757326666
0.09154346864919659,0.255886404807686,0.8541694028355682,0.6519755707379398,10.181818181818182,2.67856622403484,3.0,1.0,2124.0,14868.0,37152.0,81180.0,31871124.0,0.0,0.0,0.0,11628.0,4124664.0,0.0,0.0,288.0,135900.0,1240740.0,0.0,1980.0,5400.0,115020.0,1926756.0,0.0,0.0,936.0,27432.0,18034344.0,12168.0,107316.0,307584.0,1324584.0,13895424.0,8064.0,74808.0,212580.0,712008.0,3143700.0,0.0,72.0,360.0,4428.0,63288.0,576.0,2484.0,9000.0,83772.0,221148.0,729288.0,13.0,537.3484137,0.7529043732516677,0.42826259179419546,93.16783414427121,1.0351290322580644,22.5048,69.13129032258065,-0.5493548387096775,-0.947741935483871,432.6136249575,26.553101589282484,50.16773627568764
0.10345936112963972,0.6232995018539432,1.3563514353854165,0.7105910265137301,12.3,4.737856469156751,10.0,3.0,0.0,1224.0,1656.0,3024.0,24855408.0,24300.0,206424.0,612900.0,2663100.0,42280236.0,0.0,0.0,0.0,0.0,164556.0,0.0,108.0,19080.0,86652.0,3431232.0,5796.0,58284.0,112608.0,260532.0,2744316.0,1368.0,15444.0,34200.0,100944.0,2761236.0,0.0,504.0,3060.0,19728.0,1051632.0,0.0,0.0,180.0,648.0,16740.0,0.0,0.0,0.0,540.0,1728.0,6696.0,72.0,1508.7111,0.44321480392466334,0.2986422653780719,89.19172518422998,0.5950322580645162,26.586945161290334,79.88064516129032,-2.966451612903227,-3.338709677419355,543.0688732530396,23.19770878649815,45.16686059221189
0.06691359563825848,0.2576703707300355,0.6825153056067622,0.47349397575102775,8.1,2.175551591568671,9.0,3.0,1188.0,6156.0,9900.0,16452.0,14830560.0,504.0,21240.0,155412.0,1278360.0,33346728.0,108.0,1224.0,2448.0,43524.0,757872.0,4752.0,48600.0,130644.0,457956.0,8234388.0,0.0,2700.0,12852.0,42012.0,2134224.0,11088.0,99072.0,241920.0,693072.0,10252800.0,8388.0,54432.0,124092.0,347724.0,4580892.0,0.0,36.0,36.0,432.0,227592.0,180.0,1260.0,5436.0,49356.0,108108.0,262404.0,5.0,3129.911321,0.3495173101912464,0.1965467720694088,61.84472603461929,4.898463333333334,28.19920000000001,68.38733333333333,-0.9610000000000001,0.27033333333333337,597.6292382190001,14.587306586537085,32.85618212946767
0.20679368463871256,0.4414094125482717,3.877779802943124,7.859377811858442,27.4,3.768157392694031,2.0,1.0,0.0,0.0,72.0,6264.0,396288.0,0.0,1080.0,1944.0,21924.0,4594428.0,0.0,432.0,11844.0,39852.0,515448.0,3060.0,10836.0,30744.0,151992.0,6155388.0,0.0,216.0,4860.0,29016.0,31607136.0,16272.0,87948.0,268452.0,1089684.0,18052848.0,7344.0,83844.0,227340.0,962352.0,10287900.0,0.0,0.0,72.0,5184.0,832932.0,0.0,720.0,4824.0,98460.0,239724.0,835236.0,26.0,23385.85399,0.24232542060540174,0.09411673703948432,18.09312135219775,3.3437,19.607850000000006,63.60789285714286,0.7896428571428571,-1.407142857142857,346.9315638919998,12.70099789764335,38.84685157258204
0.18527200654576614,0.4665614940831878,1.8456072459806057,3.651747101074722,23.90909090909091,3.4152976210165034,1.0,4.0,0.0,468.0,648.0,3816.0,216648.0,0.0,3996.0,7956.0,32904.0,6632532.0,0.0,1332.0,28908.0,138780.0,2207700.0,14040.0,71028.0,138960.0,402336.0,9612576.0,0.0,0.0,288.0,7596.0,6591744.0,9648.0,115956.0,324684.0,1139076.0,21286692.0,1476.0,34452.0,115812.0,652932.0,13201596.0,0.0,216.0,216.0,1368.0,2635452.0,0.0,648.0,6228.0,55116.0,167868.0,762588.0,69.0,17428.37218,0.49789324031028415,0.28665641625200106,70.99474115184498,0.19919032258064517,15.945696774193548,59.47064516129032,0.24838709677419354,-2.376451612903226,410.6179164073002,20.33689368055495,37.952463897344195
0.06852496290200184,0.16572657257884335,1.1698665559893517,0.6493109095944406,11.2,3.168300896807028,3.0,1.0,0.0,0.0,0.0,72.0,7164.0,23868.0,270036.0,753912.0,2745720.0,61694784.0,0.0,0.0,0.0,65124.0,446868.0,6336.0,10980.0,19764.0,143640.0,4862088.0,324.0,324.0,10044.0,164448.0,9299376.0,756.0,1116.0,1476.0,17964.0,1763748.0,0.0,0.0,0.0,252.0,180684.0,0.0,0.0,0.0,0.0,13536.0,0.0,36.0,108.0,288.0,288.0,4248.0,841.0,10474.35103,0.8954969012702101,0.3586052232884544,87.3337837380205,4.798345161290323,14.956748387096773,89.35483870967745,-1.9438709677419357,0.197741935483871,358.25417688118006,21.582678116216584,44.22191672549108
0.2051658839486743,0.2054871025591429,2.603281770603258,3.9170863567855676,24.454545454545453,4.8214029379617305,3.0,1.0,0.0,1044.0,4608.0,20880.0,1134252.0,0.0,144.0,3780.0,16956.0,4065480.0,0.0,864.0,12888.0,40536.0,328032.0,1260.0,7632.0,18684.0,92988.0,5897304.0,0.0,36.0,3852.0,24588.0,30468240.0,10620.0,38916.0,108324.0,535356.0,14265072.0,14580.0,132732.0,380376.0,1473840.0,14401980.0,0.0,0.0,396.0,9684.0,1262484.0,0.0,828.0,5040.0,101448.0,252144.0,884520.0,26.0,23385.85399,0.5199083576286734,0.1678199723238114,65.87674892402305,0.5459354838709677,23.2518193548387,62.12548387096775,0.8106451612903226,-0.4374193548387097,478.14094474071027,14.986094632754268,37.24995122261681
0.11085465776895094,0.152874304458891,1.3949017757283753,0.6058274656666366,14.0,4.247883347928876,4.0,1.0,72.0,1080.0,13752.0,47700.0,1066464.0,0.0,180.0,1080.0,10584.0,6058368.0,0.0,6624.0,12600.0,39024.0,710496.0,1224.0,18324.0,32904.0,119268.0,5352768.0,0.0,3888.0,30096.0,467676.0,37260648.0,24372.0,123588.0,259524.0,678996.0,10691388.0,1512.0,85176.0,280656.0,1149192.0,9985752.0,0.0,216.0,504.0,16416.0,677268.0,288.0,1656.0,4140.0,39060.0,145188.0,591264.0,5.0,6703.15719,0.6886634829931972,0.33224862211200173,22.034417092605924,5.508523333333333,23.299053333333337,71.65266666666665,-0.4536666666666668,-0.3156666666666666,497.20716470571966,10.61769781336978,23.086294442614694
0.0642999847402721,0.26073382778831067,1.4516251138284093,1.2510435520951937,16.636363636363637,3.4212273195324285,1.0,4.0,36.0,900.0,32760.0,130248.0,784260.0,216.0,45612.0,134424.0,555732.0,45369864.0,0.0,36.0,3276.0,12960.0,710784.0,3816.0,25020.0,84996.0,335880.0,5411196.0,0.0,5256.0,26640.0,264132.0,5267916.0,4284.0,19512.0,84276.0,255852.0,3836376.0,16164.0,98532.0,194040.0,616968.0,8426952.0,0.0,0.0,5796.0,59184.0,808812.0,648.0,1656.0,6948.0,87912.0,218700.0,910404.0,9.0,12779.34997,0.3899834158149154,0.18877208613287716,32.63584659042705,1.6303935483870968,16.829016129032258,73.61838709677421,-0.9635483870967744,-1.2116129032258063,263.7160017786001,13.666348841782957,32.74372127869003
0.06275592748262175,0.2462404031508259,0.4623311602975833,0.43833753372753836,8.6,1.5330549876906177,6.0,2.0,0.0,0.0,576.0,3960.0,1848780.0,0.0,4572.0,56160.0,192564.0,9155664.0,0.0,4284.0,16704.0,40464.0,562320.0,3672.0,7596.0,30636.0,130680.0,4773960.0,0.0,15660.0,75996.0,383760.0,22131324.0,6660.0,39780.0,110592.0,342900.0,9458460.0,15372.0,150804.0,342648.0,1245456.0,15362316.0,0.0,0.0,2160.0,29736.0,5161428.0,396.0,1548.0,5832.0,60264.0,149040.0,772092.0,136.0,15407.79543,0.7621091759439443,0.235165643665625,20.262502213584188,1.1819366666666664,28.7087,59.94200000000001,1.6799999999999993,0.435,644.01373472516,4.76948296099289,30.56345104735874
0.08433263622160163,0.32167643307514304,0.9589971887887501,0.8051522427687876,12.1,2.036687509061209,12.0,4.0,72.0,4356.0,19332.0,275400.0,5139036.0,0.0,0.0,2880.0,57708.0,1771632.0,0.0,1512.0,6588.0,29376.0,1913868.0,180.0,4212.0,16704.0,23004.0,1355580.0,0.0,0.0,0.0,79920.0,285912.0,4068.0,18396.0,75420.0,332028.0,10368144.0,20448.0,134640.0,366120.0,1389384.0,35211204.0,0.0,180.0,252.0,792.0,1393848.0,540.0,1764.0,6732.0,119160.0,298152.0,953784.0,2.0,17057.75366,0.20384285714285716,0.14786215503853153,34.27683307617748,4.112577419354839,18.94564838709677,69.83806451612904,-2.101290322580645,-0.758709677419355,236.99514564899997,19.470489006392885,34.27683307617748
0.29905188376436836,0.4890395986850674,2.5930300674807514,5.4742219516425,26.7,3.8237686660481094,12.0,4.0,0.0,36.0,288.0,3924.0,857016.0,0.0,180.0,12960.0,37008.0,7114968.0,0.0,0.0,9900.0,30780.0,2116368.0,15948.0,100296.0,174312.0,329508.0,5897412.0,0.0,3240.0,24840.0,268092.0,27456480.0,7452.0,88056.0,213912.0,772884.0,13663944.0,3168.0,51876.0,198900.0,930492.0,10530288.0,0.0,1296.0,3924.0,70920.0,1410696.0,288.0,1296.0,4824.0,37980.0,146412.0,697644.0,33.0,30649.61061,0.3595735551724899,0.1664647241487743,57.98183765737088,0.7143516129032258,18.362219354838704,62.01096774193547,0.2541935483870968,-1.625161290322581,367.2493913464457,12.272461655423,35.73113921658995
0.27531103701253495,0.7702889478193788,1.8653910386431285,1.6152607118629694,18.818181818181817,3.7674382804726942,10.0,3.0,0.0,16056.0,31068.0,63288.0,8697168.0,0.0,4212.0,7956.0,106704.0,7575696.0,0.0,11772.0,23904.0,77364.0,1670688.0,9000.0,26136.0,41832.0,195120.0,7251444.0,0.0,0.0,576.0,2700.0,258012.0,15084.0,103104.0,248652.0,1007244.0,17584380.0,4680.0,55224.0,195732.0,769140.0,12195504.0,0.0,252.0,2664.0,15372.0,557424.0,0.0,756.0,2700.0,65952.0,232632.0,904356.0,3.0,3430.762574,0.378723784497259,0.20601715481543,43.0547364810458,17.1543,27.006587096774197,66.29799999999999,1.2051612903225812,-0.7222580645161293,482.1348222051897,19.718602820710863,43.0547364810458
0.11166626201058558,0.5605060428858635,0.6190795788510987,0.7897421515600154,7.4,1.7477662203394246,10.0,3.0,0.0,0.0,72.0,5544.0,16950312.0,0.0,504.0,2844.0,110124.0,4830840.0,0.0,252.0,504.0,38340.0,1331100.0,1728.0,7092.0,18468.0,150552.0,6398712.0,360.0,4572.0,27612.0,379404.0,18205920.0,6732.0,31212.0,91512.0,444780.0,7915104.0,16704.0,173052.0,455400.0,1359396.0,11062080.0,36.0,180.0,3384.0,7632.0,812232.0,396.0,1152.0,5832.0,65808.0,185688.0,645588.0,10.0,446.5182684,0.2092482088526001,-0.0026402561469127,21.9718231960064,938.8160000000001,24.34988387096774,67.58800000000001,0.06903225806451613,-0.6890322580645162,345.22563199422984,16.28874710048111,21.9718231960064
0.2476032897560369,0.4806073043742515,1.0726483118253687,1.9734092436812791,17.5,3.2795362430562394,11.0,4.0,0.0,144.0,14184.0,122328.0,1665936.0,504.0,1152.0,12780.0,155196.0,3542976.0,0.0,648.0,6048.0,40536.0,320220.0,3132.0,29304.0,65340.0,114192.0,2104236.0,0.0,5868.0,66996.0,935676.0,48655656.0,8964.0,58680.0,140796.0,490968.0,12223404.0,13032.0,122724.0,316404.0,793224.0,4013748.0,36.0,72.0,720.0,3384.0,575784.0,864.0,1908.0,5760.0,64224.0,162288.0,486756.0,5.0,10720.10518,0.5389677276345498,0.31667268644935054,73.71892297797886,0.42283,22.059016666666665,70.72233333333337,-0.09466666666666669,-2.7076666666666664,415.31014335013,14.966310497252442,35.77575764524093
0.14877396397215897,0.48901390160657243,2.28356376941775,4.175838850437965,26.8,4.861343655084871,3.0,1.0,0.0,468.0,648.0,3816.0,216648.0,0.0,3996.0,7956.0,32904.0,6632532.0,0.0,1332.0,28908.0,138780.0,2207700.0,14040.0,71028.0,138960.0,402336.0,9612576.0,0.0,0.0,288.0,7596.0,6591744.0,9648.0,115956.0,324684.0,1139076.0,21286692.0,1476.0,34452.0,115812.0,652932.0,13201596.0,0.0,216.0,216.0,1368.0,2635452.0,0.0,648.0,6228.0,55116.0,167868.0,762588.0,69.0,17428.37218,0.9284946640388244,0.37852292392984693,85.08291078702115,0.9458774193548387,21.159900000000004,63.49806451612902,0.6503225806451615,-1.3516129032258062,554.0296069654604,20.47255472357133,42.91494585538314
0.07395998981960977,0.16461768925558715,1.1603043237529582,0.20943755279524784,10.2,2.613902599531555,4.0,1.0,36.0,36.0,72.0,2520.0,56844.0,23616.0,269244.0,753732.0,2745756.0,61570800.0,0.0,0.0,0.0,64224.0,334404.0,1980.0,2628.0,2628.0,43164.0,1423728.0,324.0,324.0,9792.0,158112.0,9181944.0,1296.0,2160.0,2592.0,19656.0,2378124.0,1548.0,1656.0,1692.0,41976.0,1638000.0,0.0,0.0,0.0,36.0,72828.0,0.0,432.0,2520.0,6660.0,15120.0,65988.0,841.0,10474.35103,0.16243666666666665,0.24285345857659416,78.37742813886624,4.15367,14.872693333333332,88.88233333333332,-2.853666666666667,-0.029666666666666716,324.5938730163802,18.819270630007505,41.35306039469499
0.21573721851018698,0.4343263099344497,0.32933985287538836,0.6282158964423704,6.666666666666667,1.9242723163275788,6.0,2.0,0.0,504.0,756.0,6660.0,146772.0,0.0,2232.0,5904.0,51552.0,4213656.0,0.0,216.0,360.0,24912.0,249228.0,2520.0,9252.0,11988.0,62604.0,2392200.0,0.0,5148.0,52668.0,353916.0,42707592.0,15372.0,66348.0,119160.0,613080.0,12245544.0,11016.0,117792.0,357012.0,1225872.0,6919056.0,0.0,504.0,1476.0,5184.0,3013992.0,0.0,0.0,2520.0,80748.0,235728.0,797976.0,51.0,32919.87338,0.301417664266018,0.1300268112201438,63.105039325849944,22.145960000000002,27.55337666666666,64.59866666666667,0.6630000000000001,1.813666666666667,478.6432389170998,17.094730634653725,29.14627090181001
0.20818286170887432,0.6674378777941689,1.4367255987570395,0.8938842276947773,14.333333333333334,3.42123572750438,9.0,3.0,0.0,2844.0,3096.0,25056.0,1824192.0,0.0,3240.0,14652.0,668484.0,39128940.0,0.0,2304.0,57852.0,171252.0,840636.0,10980.0,24840.0,58968.0,253512.0,7250904.0,0.0,9324.0,18936.0,234144.0,18689328.0,13212.0,98676.0,258156.0,873936.0,5567544.0,3276.0,78336.0,202428.0,505368.0,2483352.0,0.0,1008.0,1044.0,1224.0,344124.0,0.0,0.0,3888.0,62316.0,170388.0,408240.0,111.0,18978.38682,0.24577672521025487,0.09800354385228265,33.87410912845847,452.95349999999996,25.809483333333326,62.97040000000001,-0.4169999999999999,-0.26866666666666666,508.8444873869999,26.82021035886795,33.26783416762244
0.12257735561748204,0.3976775653653829,1.5428035942770832,0.7112128505824482,13.125,4.274204215025829,10.0,3.0,72.0,1080.0,13752.0,47700.0,1066464.0,0.0,180.0,1080.0,10584.0,6058368.0,0.0,6624.0,12600.0,39024.0,710496.0,1224.0,18324.0,32904.0,119268.0,5352768.0,0.0,3888.0,30096.0,467676.0,37260648.0,24372.0,123588.0,259524.0,678996.0,10691388.0,1512.0,85176.0,280656.0,1149192.0,9985752.0,0.0,216.0,504.0,16416.0,677268.0,288.0,1656.0,4140.0,39060.0,145188.0,591264.0,5.0,6703.15719,0.32206388888888887,0.16556432361346904,55.753064183541795,4.246606451612903,23.8767,67.80612903225807,-0.1790322580645161,-0.2751612903225807,375.0462619170999,12.795246193249605,30.47612166366
0.16120818681969712,0.5418828151031972,2.145282710579048,3.6673644236898375,23.857142857142858,4.667999362636893,2.0,1.0,0.0,72.0,144.0,1296.0,45036.0,0.0,972.0,11016.0,194256.0,15513120.0,11268.0,14724.0,14724.0,29880.0,297360.0,612.0,1476.0,6336.0,133956.0,4026888.0,0.0,288.0,4680.0,104076.0,21895920.0,4968.0,28980.0,84960.0,480636.0,9963864.0,10764.0,167112.0,462492.0,1463328.0,13105296.0,0.0,72.0,2304.0,43416.0,5082768.0,0.0,468.0,3708.0,68832.0,198900.0,690624.0,13.0,14435.29365,0.30677340015778853,0.326218118920564,36.83005916219802,0.1180896551724138,18.63108620689655,62.43344827586205,0.4086206896551724,-2.0617241379310345,440.9746652660002,27.2073498690324,35.47771132103901
0.355197297375701,0.44106504495531784,0.6444952599259258,0.609430057022658,10.666666666666666,2.4810831815221883,2.0,1.0,0.0,36.0,108.0,11340.0,3994740.0,0.0,72.0,972.0,45288.0,3933756.0,0.0,360.0,720.0,29088.0,977220.0,180.0,2232.0,7740.0,47772.0,3698136.0,396.0,5040.0,28836.0,383796.0,18280116.0,7776.0,55584.0,150480.0,727668.0,12757932.0,17424.0,156420.0,412668.0,1235736.0,9623160.0,0.0,72.0,2628.0,8316.0,866448.0,252.0,1044.0,5760.0,63108.0,180720.0,652716.0,10.0,446.5182684,0.28124261420146085,0.1906985186355548,34.04754421723359,1.535553571428571,19.133064285714287,63.31214285714286,0.06107142857142859,-0.46214285714285713,331.1948686906,17.03403865814919,34.04754421723359
0.16744539999835698,0.4697261958204656,1.6332042041050834,1.5056867256842204,21.0,4.259048036127889,10.0,3.0,0.0,0.0,72.0,28872.0,486324.0,216.0,900.0,7056.0,52848.0,16033032.0,0.0,0.0,396.0,504.0,41184.0,4644.0,8460.0,16308.0,52488.0,1460736.0,7884.0,150336.0,421128.0,1904616.0,42705360.0,11016.0,67320.0,173412.0,585396.0,10664748.0,4716.0,31788.0,89928.0,248832.0,2886084.0,0.0,180.0,1692.0,3528.0,78408.0,0.0,1044.0,2880.0,23616.0,75564.0,264384.0,47.0,33952.92531,0.29160980952380955,0.2925888001711989,41.69408729119985,0.044941935483870966,26.72622580645161,70.09806451612901,0.04258064516129032,-0.1461290322580645,432.9669454285999,16.534490301058923,41.69408729119985
0.15731603651808718,0.12808525480525024,0.9521333470718719,1.0778568487070106,10.0,2.192709666785744,8.0,3.0,0.0,0.0,72.0,6264.0,396288.0,0.0,1080.0,1944.0,21924.0,4594428.0,0.0,432.0,11844.0,39852.0,515448.0,3060.0,10836.0,30744.0,151992.0,6155388.0,0.0,216.0,4860.0,29016.0,31607136.0,16272.0,87948.0,268452.0,1089684.0,18052848.0,7344.0,83844.0,227340.0,962352.0,10287900.0,0.0,0.0,72.0,5184.0,832932.0,0.0,720.0,4824.0,98460.0,239724.0,835236.0,26.0,23385.85399,0.11142933904574148,0.029534246999199307,27.210279175298734,257.26140000000004,28.76114838709678,67.5836129032258,0.3048387096774194,-0.21451612903225806,570.2135106892298,13.120596681680434,27.312837429106946
0.1734856222234396,0.5251149708309002,1.2337668064284486,0.616147692229829,16.7,3.6610664193797158,9.0,3.0,108.0,2232.0,3276.0,17352.0,485928.0,0.0,504.0,4932.0,199296.0,15894756.0,3852.0,6948.0,6948.0,28404.0,352944.0,36.0,1224.0,7452.0,160956.0,5284836.0,0.0,396.0,6984.0,112068.0,22396536.0,3024.0,14256.0,51156.0,251856.0,6055452.0,20448.0,186084.0,488520.0,1599012.0,14366556.0,0.0,72.0,3384.0,47412.0,5851980.0,0.0,540.0,3852.0,70812.0,212904.0,725112.0,13.0,14435.29365,0.4954330008759402,0.31022085994327275,37.05941959719298,65.3874,28.40826666666667,61.372733333333336,0.43299999999999994,-1.6046666666666667,563.7395488138999,20.000938132006272,38.530855726928124
0.21542017834281535,0.8895444118031235,1.1591289936879443,1.0774645167929893,14.666666666666666,3.335770582113471,9.0,3.0,972.0,6840.0,12132.0,24768.0,763236.0,0.0,180.0,2916.0,7236.0,12204504.0,36.0,8712.0,16488.0,86688.0,2108304.0,2664.0,23436.0,53352.0,177192.0,11528928.0,0.0,0.0,1188.0,1944.0,13937580.0,13104.0,89136.0,200952.0,727092.0,14840172.0,9720.0,79308.0,239292.0,1160532.0,12726000.0,0.0,108.0,252.0,7344.0,1636416.0,0.0,0.0,4860.0,74700.0,258660.0,948492.0,18.0,6622.610663,0.6969109297234556,0.34143015934028353,41.069538269184825,164.98170000000002,27.134886666666663,63.542366666666666,-0.785,-1.7500000000000002,499.5694032347604,20.395102854295533,40.313635510773814
0.055524935201390346,0.2683513081957785,0.8605561519254167,0.4459177728995316,10.8,2.9633974594308223,8.0,3.0,0.0,0.0,576.0,3960.0,1848780.0,0.0,4572.0,56160.0,192564.0,9155664.0,0.0,4284.0,16704.0,40464.0,562320.0,3672.0,7596.0,30636.0,130680.0,4773960.0,0.0,15660.0,75996.0,383760.0,22131324.0,6660.0,39780.0,110592.0,342900.0,9458460.0,15372.0,150804.0,342648.0,1245456.0,15362316.0,0.0,0.0,2160.0,29736.0,5161428.0,396.0,1548.0,5832.0,60264.0,149040.0,772092.0,136.0,15407.79543,0.7957672553482729,0.23228704844115838,49.76005376023235,5.985109677419355,28.51767096774194,63.719677419354845,0.5906451612903224,-0.544516129032258,559.6873149967003,6.2301051709739435,25.24686852670945
0.2548543444273893,0.5786384217953644,1.781360490313981,4.0467032685806785,25.428571428571427,4.025790894567141,2.0,1.0,0.0,468.0,648.0,3816.0,216648.0,0.0,3996.0,7956.0,32904.0,6632532.0,0.0,1332.0,28908.0,138780.0,2207700.0,14040.0,71028.0,138960.0,402336.0,9612576.0,0.0,0.0,288.0,7596.0,6591744.0,9648.0,115956.0,324684.0,1139076.0,21286692.0,1476.0,34452.0,115812.0,652932.0,13201596.0,0.0,216.0,216.0,1368.0,2635452.0,0.0,648.0,6228.0,55116.0,167868.0,762588.0,69.0,17428.37218,0.6678525022215154,0.3112728330835207,70.0641543234872,1.157517857142857,18.918528571428567,58.611071428571435,0.5182142857142857,-1.464285714285714,468.9796828230001,16.072327176649154,38.428263712808054
0.054632011861419576,0.2959630222499194,0.5923495894497685,0.4706512578291633,8.8,1.9587579377994335,9.0,3.0,108.0,576.0,3456.0,18324.0,20664576.0,72.0,1116.0,5076.0,91260.0,4691988.0,0.0,792.0,1332.0,36288.0,1218780.0,3168.0,18432.0,54180.0,215280.0,5654592.0,360.0,4752.0,27684.0,379980.0,18154764.0,9648.0,80316.0,210744.0,828756.0,12250368.0,12168.0,112680.0,298368.0,900828.0,7853688.0,0.0,180.0,2484.0,7128.0,633888.0,324.0,1044.0,5868.0,63828.0,182160.0,663516.0,10.0,446.5182684,0.3321278407405398,0.12705072403658502,68.2430462229626,3.791643333333333,26.783739999999998,65.28966666666668,-0.23733333333333334,-0.1816666666666667,469.79359029520043,15.75127942566509,30.774717242842094
0.08480223933721259,0.16642388845090064,1.0634115141846252,0.4172714431469366,10.555555555555555,2.640519722733431,5.0,2.0,72.0,1080.0,13752.0,47700.0,1066464.0,0.0,180.0,1080.0,10584.0,6058368.0,0.0,6624.0,12600.0,39024.0,710496.0,1224.0,18324.0,32904.0,119268.0,5352768.0,0.0,3888.0,30096.0,467676.0,37260648.0,24372.0,123588.0,259524.0,678996.0,10691388.0,1512.0,85176.0,280656.0,1149192.0,9985752.0,0.0,216.0,504.0,16416.0,677268.0,288.0,1656.0,4140.0,39060.0,145188.0,591264.0,5.0,6703.15719,0.7153388888888889,0.23607999331392082,44.80284694318735,9.239806451612903,23.36259032258064,70.70774193548385,-0.362258064516129,-0.15225806451612903,330.6710583244801,18.74355866522781,30.956142474409432
0.1326943117753868,0.21855217691035866,1.2383918428594936,0.39780132378801786,9.11111111111111,3.126342395330921,8.0,3.0,0.0,1368.0,2016.0,18144.0,824652.0,0.0,2952.0,7272.0,66780.0,4424256.0,0.0,2412.0,2952.0,43740.0,457164.0,6948.0,20448.0,36396.0,163224.0,5204412.0,0.0,5544.0,53640.0,357876.0,42842880.0,3960.0,25092.0,54180.0,335772.0,7005744.0,19116.0,147420.0,402156.0,1398312.0,8457336.0,0.0,612.0,1728.0,5328.0,3746628.0,0.0,0.0,1296.0,76932.0,225072.0,752148.0,51.0,32919.87338,0.25828663378706046,0.11899261759155443,31.17043882641011,513.7021000000001,28.190977419354834,64.62874193548386,0.30193548387096775,0.16290322580645164,618.7090245663494,14.246891084583684,31.202440873857004
0.060866521176076896,0.2627853978742391,0.8174142372981665,0.18829158585200995,8.875,2.2078863453759174,7.0,2.0,0.0,0.0,0.0,1188.0,27432.0,23472.0,260424.0,728424.0,2586636.0,57861540.0,0.0,0.0,0.0,55584.0,314676.0,2916.0,7308.0,13932.0,92088.0,2884464.0,360.0,360.0,9504.0,158760.0,8902440.0,2160.0,11700.0,28620.0,199944.0,5934096.0,648.0,648.0,1008.0,17172.0,1561608.0,0.0,0.0,0.0,36.0,40500.0,0.0,36.0,1764.0,2268.0,4140.0,30024.0,841.0,10474.35103,0.5151867435064935,0.21380967491024583,81.73153218683039,9.505867741935486,23.99931290322581,89.17870967741933,0.28387096774193554,0.6274193548387098,519.9326677615005,21.13078859558092,38.592260425819255
0.11453382579790546,0.17186642836160487,0.9026425634815871,0.37801023739155915,6.8,2.4282446772699906,6.0,2.0,0.0,0.0,72.0,1692.0,122580.0,0.0,0.0,5976.0,20124.0,5088636.0,0.0,0.0,6984.0,15408.0,1749888.0,8568.0,56412.0,85968.0,130032.0,2382516.0,72.0,3168.0,25200.0,264060.0,27176832.0,14004.0,126072.0,260496.0,799956.0,18152712.0,288.0,40896.0,205416.0,1020240.0,11685960.0,0.0,1152.0,5220.0,73656.0,1293444.0,864.0,2772.0,8532.0,55188.0,189972.0,816084.0,33.0,30649.61061,0.2803658502724073,0.11959317760201486,28.801635904998147,228.84999999999997,28.213560000000005,59.621433333333336,0.8153333333333331,1.6716666666666662,576.14994583164,18.07481256501722,29.67005744082242
0.13804252196461897,0.37897047366636927,1.1144948943101853,1.623489126081869,14.777777777777779,2.899051345786316,12.0,4.0,756.0,2196.0,11520.0,29196.0,945000.0,0.0,2628.0,13860.0,88416.0,5568588.0,0.0,3996.0,10944.0,17640.0,200700.0,612.0,1044.0,11232.0,51696.0,2955960.0,0.0,14508.0,71316.0,368280.0,22536036.0,9576.0,40788.0,152460.0,471348.0,12768480.0,14760.0,153684.0,348696.0,1285200.0,17034228.0,0.0,0.0,2592.0,30996.0,5403132.0,360.0,1476.0,5832.0,64116.0,161892.0,798840.0,136.0,15407.79543,0.2685813888888889,0.19191715462808803,67.41739771479313,6.569112903225806,17.19767419354839,72.64451612903225,-2.1561290322580646,-1.230967741935484,249.30425208009999,10.48001497065667,36.5335899873762
0.1888530698420021,0.3379216171022854,2.2798288559083333,1.0156625836129929,20.88888888888889,5.588918270449385,10.0,3.0,468.0,7524.0,13536.0,62496.0,184932.0,252.0,47520.0,203508.0,951732.0,52800732.0,0.0,144.0,180.0,2160.0,77004.0,1368.0,26172.0,56700.0,405864.0,4047984.0,2880.0,63468.0,152640.0,429660.0,8939844.0,17784.0,111924.0,312372.0,977724.0,9715392.0,4392.0,6588.0,6876.0,18216.0,632376.0,72.0,72.0,684.0,105300.0,334944.0,468.0,1260.0,4248.0,19332.0,38772.0,188352.0,378.0,15241.42093,0.23066243091630592,0.10165085792839611,32.30929217572147,0.7379967741935484,23.04545161290322,76.30161290322579,-1.234516129032258,-2.0170967741935484,542.855579435776,20.57325584423665,32.30929217572147
0.08366315244707075,0.2872182895909898,0.6494726067427561,0.5894510369797568,9.5,2.6310438213806897,11.0,4.0,0.0,0.0,144.0,4500.0,1258848.0,0.0,0.0,4536.0,29232.0,7207164.0,0.0,7920.0,15732.0,44784.0,1071612.0,9684.0,50400.0,79596.0,226800.0,5407596.0,0.0,13140.0,51516.0,539244.0,41023224.0,11628.0,72900.0,214452.0,767448.0,8379360.0,8784.0,104724.0,291276.0,980676.0,7258608.0,0.0,0.0,0.0,5688.0,452988.0,252.0,792.0,1404.0,33804.0,127692.0,542988.0,5.0,6703.15719,0.27102807897331616,0.21518806876243718,31.463560719084185,8.901503333333334,20.215893333333337,73.59166666666665,0.23499999999999993,-0.37099999999999994,187.628564245,13.333438036137244,32.36344438344115
0.07473980397800659,0.2563752503060898,0.9861254320093127,0.4590325135704405,10.0,2.1898202432827696,6.0,2.0,0.0,504.0,4536.0,11592.0,4108716.0,0.0,0.0,72.0,44928.0,6859116.0,2124.0,17316.0,26424.0,143064.0,5227560.0,12096.0,54756.0,85176.0,214344.0,5605452.0,0.0,0.0,0.0,9216.0,2720952.0,1476.0,5328.0,13896.0,47916.0,6953580.0,11736.0,146736.0,438840.0,1798992.0,26051940.0,0.0,0.0,0.0,15876.0,4861224.0,0.0,828.0,4068.0,57708.0,216792.0,855324.0,6.0,17454.33105,0.45230731093609444,0.21041176391605917,30.18215406247028,254.84329999999997,27.959756666666674,62.29013333333334,0.053666666666666724,-0.211,492.90347394659995,17.784787484368437,34.4191264175795
0.11575992116756424,0.26451836964851333,0.7273179386033797,0.7562081700019306,9.3,2.2149112881947044,5.0,2.0,432.0,3240.0,14472.0,89028.0,1528812.0,828.0,3348.0,25776.0,272880.0,7501392.0,0.0,756.0,5220.0,42264.0,346284.0,5436.0,51804.0,112248.0,245664.0,3283884.0,0.0,5220.0,65844.0,923220.0,48029112.0,8280.0,63756.0,156456.0,422028.0,7216596.0,9972.0,86580.0,233676.0,642456.0,4296564.0,0.0,36.0,468.0,3060.0,630360.0,828.0,2016.0,6516.0,68184.0,170568.0,501012.0,5.0,10720.10518,0.5400618757583414,0.1952981934276798,59.87651556521379,9.444716129032258,27.062474193548386,72.50806451612901,1.1525806451612906,0.9683870967741937,606.294447496149,8.258827647296497,37.02726392040757
0.16924377112796202,0.1876027904933977,2.1192564049853333,2.1889873000899316,22.1,5.027956128976239,4.0,1.0,1800.0,18864.0,59976.0,229500.0,1440612.0,0.0,6156.0,23400.0,136980.0,15704424.0,0.0,1476.0,6228.0,6804.0,89136.0,4644.0,30780.0,67140.0,305280.0,6315048.0,216.0,13248.0,61092.0,303984.0,33500052.0,19800.0,164160.0,429336.0,1587024.0,16685100.0,108.0,1800.0,3708.0,25524.0,329652.0,0.0,0.0,0.0,720.0,176580.0,0.0,0.0,4932.0,46404.0,133992.0,545652.0,90.0,33384.18737,0.47918721267138653,0.23771211583919916,71.28252770485577,2.3872966666666664,24.774783333333342,60.952,0.6039999999999999,-0.22299999999999992,533.5998113156744,20.317232205399073,36.283642609856315
0.1881127541458443,0.4564765998286925,2.181634459143333,2.649407627983906,23.454545454545453,4.03939180326187,3.0,1.0,0.0,35208.0,60804.0,122148.0,18437760.0,0.0,2268.0,3888.0,143244.0,7604460.0,0.0,12996.0,29484.0,108108.0,2827908.0,4212.0,14976.0,18936.0,67572.0,5161536.0,0.0,0.0,504.0,1800.0,252000.0,2916.0,27936.0,65448.0,256500.0,4584384.0,19980.0,114804.0,361764.0,1471644.0,24566616.0,0.0,864.0,3744.0,34812.0,1090944.0,0.0,936.0,4356.0,73656.0,240444.0,935460.0,3.0,3430.762574,0.40241577930815425,0.29586169664108347,81.24696053505255,0.8118322580645161,23.82760967741935,66.49225806451612,0.6903225806451613,-0.6941935483870969,597.8727025557504,17.042018408834824,43.62615262279728
0.09959642457822476,0.43988300202530084,1.6402981423809997,0.5264112224545311,17.7,5.26734594272287,9.0,3.0,0.0,25668.0,44388.0,96876.0,18348516.0,0.0,252.0,720.0,109584.0,7273296.0,0.0,4068.0,7236.0,23436.0,927036.0,4068.0,9216.0,13032.0,62712.0,4813812.0,0.0,0.0,396.0,1044.0,230400.0,11412.0,63072.0,105948.0,474768.0,10553940.0,12132.0,104472.0,354096.0,1348416.0,20670372.0,0.0,792.0,3132.0,28980.0,937908.0,0.0,936.0,3852.0,75168.0,256068.0,995472.0,3.0,3430.762574,0.6120273675213674,0.3328568042695608,77.58636321928117,5.784163333333334,28.29932333333333,71.01933333333334,1.2173333333333332,-0.3003333333333333,543.7590588324997,16.84615115262697,41.996599377689016
0.05229889506503271,0.2689656784585094,0.598208107985375,0.40856110508438714,8.8,1.799053034742546,6.0,2.0,252.0,432.0,1080.0,4500.0,898380.0,0.0,0.0,3492.0,13932.0,6106356.0,0.0,7020.0,12204.0,32904.0,766980.0,5760.0,32148.0,52920.0,186840.0,2682288.0,0.0,12636.0,43344.0,507060.0,39385440.0,18144.0,116568.0,297684.0,994032.0,13874184.0,3024.0,73764.0,234936.0,816336.0,6865020.0,0.0,36.0,324.0,4464.0,491796.0,288.0,1620.0,4140.0,40068.0,139680.0,581364.0,5.0,6703.15719,0.26358533333333334,0.1374884979094484,40.62727591099822,2.06422,28.58159999999999,64.94799999999998,-0.5940000000000001,-0.4686666666666667,675.0789051064999,15.579689855245825,36.662439866353594
0.08624077416656498,0.3435833316090675,0.686174839860167,0.5151222202226999,10.1,3.0518037373785143,8.0,3.0,1188.0,6156.0,9900.0,16452.0,14830560.0,504.0,21240.0,155412.0,1278360.0,33346728.0,108.0,1224.0,2448.0,43524.0,757872.0,4752.0,48600.0,130644.0,457956.0,8234388.0,0.0,2700.0,12852.0,42012.0,2134224.0,11088.0,99072.0,241920.0,693072.0,10252800.0,8388.0,54432.0,124092.0,347724.0,4580892.0,0.0,36.0,36.0,432.0,227592.0,180.0,1260.0,5436.0,49356.0,108108.0,262404.0,5.0,3129.911321,0.6402132327009504,0.2343812889924441,61.51891841987281,6.339235483870968,27.96023225806452,69.54161290322581,-0.4480645161290322,0.09,584.9143958252201,13.53281268912023,33.06431690557917
0.06350006722551403,0.30231992802938923,0.6016488832513347,0.5395390604344862,8.5,1.9972907758837977,9.0,3.0,0.0,0.0,144.0,4500.0,1258848.0,0.0,0.0,4536.0,29232.0,7207164.0,0.0,7920.0,15732.0,44784.0,1071612.0,9684.0,50400.0,79596.0,226800.0,5407596.0,0.0,13140.0,51516.0,539244.0,41023224.0,11628.0,72900.0,214452.0,767448.0,8379360.0,8784.0,104724.0,291276.0,980676.0,7258608.0,0.0,0.0,0.0,5688.0,452988.0,252.0,792.0,1404.0,33804.0,127692.0,542988.0,5.0,6703.15719,0.4977976732981996,0.22331134971655306,32.458209078664005,5.92231,27.972089999999998,68.23033333333332,-0.6220000000000002,-0.20966666666666664,594.0792036889999,10.137157419158843,33.338658212522986
0.15816844029675492,0.589524084686765,0.8101290969591949,0.753100977428972,14.333333333333334,3.3165298157562026,4.0,1.0,972.0,6840.0,12132.0,24768.0,763236.0,0.0,180.0,2916.0,7236.0,12204504.0,36.0,8712.0,16488.0,86688.0,2108304.0,2664.0,23436.0,53352.0,177192.0,11528928.0,0.0,0.0,1188.0,1944.0,13937580.0,13104.0,89136.0,200952.0,727092.0,14840172.0,9720.0,79308.0,239292.0,1160532.0,12726000.0,0.0,108.0,252.0,7344.0,1636416.0,0.0,0.0,4860.0,74700.0,258660.0,948492.0,18.0,6622.610663,0.4140222916270275,0.25165369193198645,40.06367363851338,88.6665,21.802846666666664,66.43266666666668,-0.4963333333333333,-1.715,488.8529343582523,12.151092765858806,40.159299589360714
0.08671856110546214,0.39697355983782096,0.672604731798693,1.2821469966480588,12.1,2.2596711180086,12.0,4.0,0.0,0.0,30636.0,135072.0,712656.0,720.0,33696.0,112680.0,469368.0,44240832.0,0.0,108.0,2268.0,9720.0,817272.0,10008.0,71748.0,201924.0,648648.0,8903916.0,0.0,6048.0,26676.0,266796.0,5304744.0,10080.0,77040.0,180828.0,659628.0,9137484.0,5220.0,39672.0,96840.0,337860.0,3885516.0,0.0,0.0,900.0,20088.0,362484.0,828.0,1764.0,5400.0,54432.0,132768.0,594252.0,9.0,12779.34997,0.5596156193132956,0.1892107836730588,62.755803861180155,6.221916129032259,17.70855161290323,73.1632258064516,-1.5880645161290319,-1.3196774193548386,194.96834852459986,17.371732608244884,45.732861922167906
0.016797586741664188,0.4303681143788794,0.4537126998579166,0.3808836519843639,6.666666666666667,1.5009384213925872,9.0,3.0,72.0,1080.0,13752.0,47700.0,1066464.0,0.0,180.0,1080.0,10584.0,6058368.0,0.0,6624.0,12600.0,39024.0,710496.0,1224.0,18324.0,32904.0,119268.0,5352768.0,0.0,3888.0,30096.0,467676.0,37260648.0,24372.0,123588.0,259524.0,678996.0,10691388.0,1512.0,85176.0,280656.0,1149192.0,9985752.0,0.0,216.0,504.0,16416.0,677268.0,288.0,1656.0,4140.0,39060.0,145188.0,591264.0,5.0,6703.15719,0.506186,0.3152512040860745,17.55393746997435,10.47107,26.283816666666667,68.13100000000001,-0.032666666666666705,-0.3269999999999999,408.3328419482995,9.728104349990932,34.04232552612415
0.0432801457153322,0.26253809919265153,0.9607285436579585,0.42338079678566737,10.5,3.0662241986653216,8.0,3.0,36.0,900.0,32760.0,130248.0,784260.0,216.0,45612.0,134424.0,555732.0,45369864.0,0.0,36.0,3276.0,12960.0,710784.0,3816.0,25020.0,84996.0,335880.0,5411196.0,0.0,5256.0,26640.0,264132.0,5267916.0,4284.0,19512.0,84276.0,255852.0,3836376.0,16164.0,98532.0,194040.0,616968.0,8426952.0,0.0,0.0,5796.0,59184.0,808812.0,648.0,1656.0,6948.0,87912.0,218700.0,910404.0,9.0,12779.34997,0.4837195204089102,0.05092717146733774,30.58211427626448,9.294300000000002,29.266938709677422,63.549032258064514,-0.22709677419354843,-0.39096774193548384,604.8902935401197,10.089197005734995,30.58211427626448
0.03989371202094483,0.2580044882878928,0.8607282582857083,0.5763364511311204,12.0,2.641498105366669,7.0,2.0,0.0,0.0,6984.0,29664.0,731304.0,0.0,504.0,17424.0,341208.0,18685944.0,0.0,0.0,216.0,30528.0,211680.0,72.0,4284.0,17568.0,126972.0,3778056.0,684.0,13248.0,108756.0,447732.0,21329280.0,22536.0,137484.0,313128.0,1068732.0,14592240.0,5220.0,56160.0,120492.0,444312.0,8848296.0,900.0,33156.0,85860.0,216144.0,3438720.0,0.0,288.0,2052.0,38196.0,114120.0,436716.0,244.0,21222.17111,0.35394249075999074,0.21440508700712224,52.069017759428284,3.4957645161290314,28.330064516129035,65.79387096774195,0.9116129032258066,1.9,550.3670649130001,14.090537551094485,23.852727335167938
0.0548413773420014,0.598700210735342,0.41357810903958325,0.6391954913814379,8.555555555555555,1.6288675074064223,10.0,3.0,0.0,612.0,2880.0,59508.0,3920076.0,108.0,15120.0,28332.0,97848.0,16425396.0,0.0,0.0,1584.0,64656.0,1614996.0,1692.0,17928.0,39348.0,108144.0,4856796.0,0.0,288.0,13284.0,352368.0,8603604.0,16704.0,123732.0,254988.0,652068.0,11203956.0,8820.0,75672.0,275580.0,1131048.0,19009980.0,0.0,432.0,1188.0,9396.0,952704.0,396.0,1980.0,3960.0,48780.0,168552.0,666432.0,4.0,12791.38051,0.4932168977083322,0.12171632435044695,58.529289046817595,0.18841290322580648,25.00493870967741,69.72064516129032,-3.245806451612904,-0.6029032258064515,310.4885327152799,12.303930870857133,29.96298770089874
0.06944071175957182,0.14444089321253356,0.8450960969817085,0.4039397348895909,8.6,2.119115954564486,5.0,2.0,2124.0,14868.0,37152.0,81180.0,31871124.0,0.0,0.0,0.0,11628.0,4124664.0,0.0,0.0,288.0,135900.0,1240740.0,0.0,1980.0,5400.0,115020.0,1926756.0,0.0,0.0,936.0,27432.0,18034344.0,12168.0,107316.0,307584.0,1324584.0,13895424.0,8064.0,74808.0,212580.0,712008.0,3143700.0,0.0,72.0,360.0,4428.0,63288.0,576.0,2484.0,9000.0,83772.0,221148.0,729288.0,13.0,537.3484137,0.7126845539274321,0.2917373585723062,49.76452868545408,4.4867354838709685,25.611654838709672,71.99935483870966,-0.7387096774193549,-0.8719354838709679,409.08531934890004,19.507419757980166,49.76452868545408
0.16371813461602944,0.3540986006241438,1.556885330179103,1.3085977588913444,19.333333333333332,4.071993296903599,3.0,1.0,0.0,2844.0,3096.0,25056.0,1824192.0,0.0,3240.0,14652.0,668484.0,39128940.0,0.0,2304.0,57852.0,171252.0,840636.0,10980.0,24840.0,58968.0,253512.0,7250904.0,0.0,9324.0,18936.0,234144.0,18689328.0,13212.0,98676.0,258156.0,873936.0,5567544.0,3276.0,78336.0,202428.0,505368.0,2483352.0,0.0,1008.0,1044.0,1224.0,344124.0,0.0,0.0,3888.0,62316.0,170388.0,408240.0,111.0,18978.38682,0.4371923629956333,0.2579744423254434,51.18257816421224,227.01479999999998,19.268032258064512,65.86064516129034,0.04999999999999999,-0.6419354838709678,394.22978068309936,31.00740585126885,52.750478149204675
0.08999615685303602,0.179695613780809,0.5633991415658332,0.22567748408583083,7.2,1.098055922586717,6.0,2.0,0.0,144.0,540.0,7308.0,128160.0,0.0,1296.0,3060.0,19512.0,4957632.0,0.0,432.0,26064.0,96624.0,1656468.0,7596.0,32544.0,57708.0,137988.0,4870692.0,0.0,0.0,72.0,5760.0,6313068.0,11052.0,103284.0,258228.0,884052.0,16646616.0,3276.0,63684.0,210816.0,1044324.0,21131172.0,0.0,144.0,144.0,2088.0,3379608.0,0.0,1548.0,9396.0,81180.0,228744.0,943632.0,69.0,17428.37218,0.7236926243174733,0.21073899359694714,68.86002626844912,4.014843333333334,29.49792333333333,59.78900000000001,1.4780000000000002,1.9066666666666667,623.4504215067999,20.055228668145578,34.468693787190674
0.1929390725854821,0.32632108534542204,2.2639076751791665,1.0426408346762832,23.1,6.022571190576981,10.0,3.0,0.0,0.0,6984.0,29664.0,731304.0,0.0,504.0,17424.0,341208.0,18685944.0,0.0,0.0,216.0,30528.0,211680.0,72.0,4284.0,17568.0,126972.0,3778056.0,684.0,13248.0,108756.0,447732.0,21329280.0,22536.0,137484.0,313128.0,1068732.0,14592240.0,5220.0,56160.0,120492.0,444312.0,8848296.0,900.0,33156.0,85860.0,216144.0,3438720.0,0.0,288.0,2052.0,38196.0,114120.0,436716.0,244.0,21222.17111,0.29888642944444443,0.14735745634524663,63.50045324628183,0.3771774193548387,24.36241290322581,62.17225806451613,-0.49838709677419357,-0.8599999999999999,536.8761429256735,13.755298227964849,35.80465862532622
0.10560135725994269,0.34135232318483844,0.6595906370182472,0.7198088205485434,11.4,2.6054594958020423,11.0,4.0,1188.0,6156.0,9900.0,16452.0,14830560.0,504.0,21240.0,155412.0,1278360.0,33346728.0,108.0,1224.0,2448.0,43524.0,757872.0,4752.0,48600.0,130644.0,457956.0,8234388.0,0.0,2700.0,12852.0,42012.0,2134224.0,11088.0,99072.0,241920.0,693072.0,10252800.0,8388.0,54432.0,124092.0,347724.0,4580892.0,0.0,36.0,36.0,432.0,227592.0,180.0,1260.0,5436.0,49356.0,108108.0,262404.0,5.0,3129.911321,0.4726751672118416,0.21681249749939988,33.38513556826611,11.788340000000002,19.71814,73.41733333333333,-1.2503333333333333,-0.8156666666666664,160.46671245676004,17.899886948983315,33.38513556826611
0.1018200799455462,0.34348035416553013,1.9722847933833332,2.386886271141361,26.0,4.712229520166202,3.0,1.0,0.0,2520.0,4896.0,16740.0,366552.0,0.0,1512.0,2916.0,6624.0,12186756.0,0.0,6408.0,12600.0,59616.0,1355508.0,684.0,4572.0,14724.0,43344.0,5660064.0,0.0,0.0,1296.0,1764.0,13306140.0,11484.0,92124.0,212868.0,837252.0,16455384.0,14400.0,91656.0,256140.0,1151712.0,16518600.0,0.0,144.0,216.0,7920.0,2204604.0,0.0,72.0,4860.0,83808.0,279756.0,1016208.0,18.0,6622.610663,0.7540535671215225,0.33990562060566126,92.44756888048764,2.8975838709677415,18.77474516129032,73.35193548387095,-0.235483870967742,-1.665806451612903,424.15139967197007,18.353418710727887,54.685088738070554
0.21236210575912873,0.34801467795343344,4.512441639918667,9.568050017385733,35.6,5.816625126075201,1.0,4.0,612.0,4716.0,11844.0,31464.0,420552.0,216.0,3420.0,20772.0,261468.0,6427800.0,0.0,1836.0,27936.0,63504.0,371016.0,7596.0,35676.0,74988.0,446076.0,4193712.0,0.0,1044.0,9108.0,79668.0,44217504.0,8532.0,50796.0,156564.0,582012.0,6867180.0,10080.0,119952.0,301176.0,965232.0,6366348.0,0.0,0.0,2700.0,44460.0,2110500.0,36.0,792.0,4284.0,65484.0,180396.0,667476.0,13.0,19435.77403,0.5460126825396825,0.26202243034405065,57.15729490969656,0.398583870967742,17.71351612903226,69.02548387096773,0.29064516129032253,-2.668387096774194,445.93542161019985,15.454967773600139,41.70232713609642
0.05152418988283504,0.2240236577454869,1.376045915852727,0.5873263706378311,14.545454545454545,3.8005727968491683,8.0,3.0,0.0,0.0,6984.0,29664.0,731304.0,0.0,504.0,17424.0,341208.0,18685944.0,0.0,0.0,216.0,30528.0,211680.0,72.0,4284.0,17568.0,126972.0,3778056.0,684.0,13248.0,108756.0,447732.0,21329280.0,22536.0,137484.0,313128.0,1068732.0,14592240.0,5220.0,56160.0,120492.0,444312.0,8848296.0,900.0,33156.0,85860.0,216144.0,3438720.0,0.0,288.0,2052.0,38196.0,114120.0,436716.0,244.0,21222.17111,0.27709695817335556,0.25200658021892575,46.820442078319765,23.79211935483871,27.402596774193544,69.87387096774195,0.2712903225806451,0.8735483870967742,413.5236511641,10.883086209140611,22.118014656366032
0.16517881273538665,0.47560186311273867,3.1999135970947417,6.3964943360780095,31.0,5.207957285483658,3.0,1.0,0.0,1188.0,1944.0,20556.0,224712.0,0.0,6516.0,25236.0,207324.0,17753616.0,0.0,1728.0,10332.0,11988.0,109944.0,1584.0,5652.0,14040.0,109296.0,3430584.0,252.0,13680.0,61416.0,306252.0,33656508.0,18900.0,121788.0,303732.0,1099296.0,12834000.0,5328.0,76860.0,218124.0,760716.0,3613248.0,0.0,648.0,1548.0,6336.0,1773108.0,0.0,0.0,5436.0,54828.0,148500.0,619704.0,90.0,33384.18737,0.5389238421649161,0.22529570875074817,29.801217061980168,115.8525,21.730596774193554,56.900548387096784,0.4145161290322581,-0.5503225806451614,479.29655308868996,12.133134846152132,34.010102696298716
0.05674232638863781,0.2250912314529891,0.940339130734835,0.8608826466902584,10.0,2.134303039549381,8.0,3.0,0.0,504.0,4536.0,11592.0,4108716.0,0.0,0.0,72.0,44928.0,6859116.0,2124.0,17316.0,26424.0,143064.0,5227560.0,12096.0,54756.0,85176.0,214344.0,5605452.0,0.0,0.0,0.0,9216.0,2720952.0,1476.0,5328.0,13896.0,47916.0,6953580.0,11736.0,146736.0,438840.0,1798992.0,26051940.0,0.0,0.0,0.0,15876.0,4861224.0,0.0,828.0,4068.0,57708.0,216792.0,855324.0,6.0,17454.33105,0.7554487782745412,0.3256619282453814,34.644302217031196,103.3764,30.304883870967743,58.8774193548387,0.06129032258064519,-0.14161290322580644,602.0528131398503,14.626896089584454,36.615276326397215
0.10803991062798209,0.3607244804755435,1.6858664585934164,0.7948741159328192,17.2,4.809576514863502,9.0,3.0,900.0,2484.0,6912.0,19728.0,597420.0,0.0,2376.0,12708.0,213156.0,5200956.0,0.0,1836.0,17028.0,44100.0,252828.0,3060.0,10944.0,26532.0,234828.0,2872728.0,0.0,468.0,4896.0,55800.0,41917860.0,11052.0,54648.0,142380.0,582480.0,7627716.0,11880.0,140436.0,362448.0,1171188.0,10241136.0,0.0,0.0,3420.0,65808.0,2082492.0,36.0,1008.0,4428.0,69768.0,209160.0,754272.0,13.0,19435.77403,0.3623283700980393,0.18754265693235725,76.05005738410725,1.5898833333333333,27.18175,69.14433333333335,0.083,-0.637,523.2376184985999,14.49426043379131,38.3815747971059
0.1621419164256985,0.45017671731403874,1.24562990951241,0.8378844134536056,16.25,4.092831532679692,3.0,1.0,0.0,0.0,36864.0,157860.0,991548.0,792.0,44532.0,129024.0,555696.0,45723960.0,0.0,108.0,2196.0,12456.0,997992.0,7740.0,51444.0,161820.0,558468.0,7580304.0,0.0,5724.0,26964.0,259884.0,5247180.0,3564.0,17352.0,57420.0,167364.0,1809468.0,14292.0,102240.0,221976.0,761040.0,9876492.0,0.0,0.0,6552.0,63468.0,863064.0,432.0,972.0,5076.0,61380.0,142092.0,605124.0,9.0,12779.34997,0.0,0.0,0.0,198.1017,20.382948387096775,70.24267741935485,-0.9074193548387097,-0.9464516129032258,372.80664660847,12.865956186155344,28.79610615480283
0.38228219054252444,0.5192069456753803,2.592233411710416,3.794143247190518,27.555555555555557,4.515021575695998,11.0,4.0,0.0,1044.0,4608.0,20880.0,1134252.0,0.0,144.0,3780.0,16956.0,4065480.0,0.0,864.0,12888.0,40536.0,328032.0,1260.0,7632.0,18684.0,92988.0,5897304.0,0.0,36.0,3852.0,24588.0,30468240.0,10620.0,38916.0,108324.0,535356.0,14265072.0,14580.0,132732.0,380376.0,1473840.0,14401980.0,0.0,0.0,396.0,9684.0,1262484.0,0.0,828.0,5040.0,101448.0,252144.0,884520.0,26.0,23385.85399,0.3959947881280158,0.17486187242748888,67.36825842887544,0.09286333333333333,24.075146666666665,63.67966666666666,0.5486666666666667,-0.5013333333333333,395.27981992134005,21.307980430750828,36.05088131763697
0.03993935239239488,0.11077965839867174,0.4492248867096296,0.41005857303015797,6.0,1.0711033627588276,12.0,4.0,0.0,0.0,0.0,1188.0,27432.0,23472.0,260424.0,728424.0,2586636.0,57861540.0,0.0,0.0,0.0,55584.0,314676.0,2916.0,7308.0,13932.0,92088.0,2884464.0,360.0,360.0,9504.0,158760.0,8902440.0,2160.0,11700.0,28620.0,199944.0,5934096.0,648.0,648.0,1008.0,17172.0,1561608.0,0.0,0.0,0.0,36.0,40500.0,0.0,36.0,1764.0,2268.0,4140.0,30024.0,841.0,10474.35103,0.4843270972222222,0.22155879852081167,68.10266740197747,13.418809677419354,13.199806451612906,91.00193548387097,-3.7838709677419353,-1.1051612903225805,169.2366412352001,16.36553137442999,36.80860078883883
0.1793346411969648,0.30584985904000606,0.6291037846965628,1.1260947795723943,8.0,3.3364889453935436,8.0,3.0,72.0,720.0,4572.0,11448.0,4084560.0,0.0,0.0,36.0,32148.0,3385584.0,0.0,6624.0,6804.0,58680.0,3463452.0,2736.0,12132.0,26640.0,90036.0,2015388.0,0.0,0.0,504.0,4464.0,7046424.0,17280.0,108288.0,350712.0,1078812.0,24810984.0,7704.0,98496.0,254196.0,1152324.0,17560368.0,0.0,0.0,0.0,1296.0,1733076.0,0.0,36.0,3672.0,56232.0,141948.0,712188.0,12.0,5480.991045,0.5510365120012573,0.2601492750103824,32.257986328636164,304.53569999999996,29.367538709677415,68.49232258064515,0.5238709677419354,0.6070967741935483,596.6580578067001,14.881924846693812,36.001437364794015
0.08291652587630748,0.37502937612308224,1.5072363743613424,1.8690381909223273,18.555555555555557,3.274664536529126,2.0,1.0,0.0,0.0,576.0,3960.0,1848780.0,0.0,4572.0,56160.0,192564.0,9155664.0,0.0,4284.0,16704.0,40464.0,562320.0,3672.0,7596.0,30636.0,130680.0,4773960.0,0.0,15660.0,75996.0,383760.0,22131324.0,6660.0,39780.0,110592.0,342900.0,9458460.0,15372.0,150804.0,342648.0,1245456.0,15362316.0,0.0,0.0,2160.0,29736.0,5161428.0,396.0,1548.0,5832.0,60264.0,149040.0,772092.0,136.0,15407.79543,0.5921007133735545,0.13826112297577628,55.53760361243353,2.2874517241379313,16.64305862068965,67.56655172413795,-1.4317241379310344,-1.0717241379310345,360.4606334389998,11.9367280949214,33.90672097565549
0.21559355928912285,0.1555468103492932,0.6604967666914815,0.7257232578894507,9.0,2.14001398962573,2.0,1.0,72.0,1080.0,13752.0,47700.0,1066464.0,0.0,180.0,1080.0,10584.0,6058368.0,0.0,6624.0,12600.0,39024.0,710496.0,1224.0,18324.0,32904.0,119268.0,5352768.0,0.0,3888.0,30096.0,467676.0,37260648.0,24372.0,123588.0,259524.0,678996.0,10691388.0,1512.0,85176.0,280656.0,1149192.0,9985752.0,0.0,216.0,504.0,16416.0,677268.0,288.0,1656.0,4140.0,39060.0,145188.0,591264.0,5.0,6703.15719,0.2291086111111111,0.2651322598592672,58.19706546593577,1.8107392857142857,18.88701785714286,74.37892857142857,-0.14392857142857143,-0.2867857142857143,238.71039056400016,13.37896946076586,40.0784376052859
0.25483239608116687,0.4653610999423793,2.6931663227948746,3.9202697188353754,24.7,4.488573628882653,4.0,1.0,0.0,35208.0,60804.0,122148.0,18437760.0,0.0,2268.0,3888.0,143244.0,7604460.0,0.0,12996.0,29484.0,108108.0,2827908.0,4212.0,14976.0,18936.0,67572.0,5161536.0,0.0,0.0,504.0,1800.0,252000.0,2916.0,27936.0,65448.0,256500.0,4584384.0,19980.0,114804.0,361764.0,1471644.0,24566616.0,0.0,864.0,3744.0,34812.0,1090944.0,0.0,936.0,4356.0,73656.0,240444.0,935460.0,3.0,3430.762574,0.3804017037037038,0.19325467407662172,62.81145860067899,1.4769033333333335,23.98144333333334,63.56900000000001,1.1616666666666664,-1.535,631.554042114128,14.524532159708057,33.15807153132554
0.06439867435251874,0.47119563515370333,0.33070324136574075,0.6776940101395476,7.0,1.5441149052883933,12.0,4.0,2124.0,14868.0,37152.0,81180.0,31871124.0,0.0,0.0,0.0,11628.0,4124664.0,0.0,0.0,288.0,135900.0,1240740.0,0.0,1980.0,5400.0,115020.0,1926756.0,0.0,0.0,936.0,27432.0,18034344.0,12168.0,107316.0,307584.0,1324584.0,13895424.0,8064.0,74808.0,212580.0,712008.0,3143700.0,0.0,72.0,360.0,4428.0,63288.0,576.0,2484.0,9000.0,83772.0,221148.0,729288.0,13.0,537.3484137,0.46559883096590904,0.3559203631339279,52.60800723862964,2.9829774193548384,20.732006451612897,67.3416129032258,-0.547741935483871,-1.5954838709677421,332.52500999937985,19.972097035119027,52.60800723862964
0.06556803987865478,0.24805311977448366,0.8357856633318897,0.5161335092918498,9.8,2.4256615019469145,9.0,3.0,0.0,0.0,3996.0,53892.0,4873536.0,4392.0,47448.0,75096.0,202716.0,16952292.0,0.0,36.0,9756.0,119844.0,2542248.0,7560.0,40392.0,112104.0,366948.0,12347856.0,0.0,144.0,11232.0,348228.0,8724492.0,7236.0,91152.0,230868.0,729180.0,12392712.0,4752.0,42480.0,161352.0,642168.0,10709352.0,0.0,216.0,864.0,4932.0,544176.0,468.0,2736.0,7416.0,60660.0,180072.0,673452.0,4.0,12791.38051,0.3777340566869834,0.1767384942148137,70.81388561202252,2.82203,29.780373333333333,64.129,-0.9743333333333334,-0.5256666666666667,591.3885864049997,17.589010631642527,34.746257755451715
0.21868934716342178,0.34717039240918834,3.1018877800021665,4.395784672723075,26.0,4.381729257431152,4.0,1.0,504.0,4464.0,8496.0,49644.0,1112580.0,0.0,684.0,14292.0,75024.0,9852588.0,0.0,0.0,10944.0,32292.0,961812.0,15156.0,103104.0,175428.0,389268.0,6043032.0,0.0,3096.0,24408.0,267120.0,27030996.0,4572.0,56556.0,128340.0,413424.0,8626428.0,2808.0,51444.0,214848.0,999360.0,12290652.0,0.0,1512.0,4860.0,87372.0,1592532.0,792.0,2700.0,8424.0,62028.0,203688.0,827748.0,33.0,30649.61061,0.32709622023809526,0.1833514018064339,67.8578605896101,1.15995,22.096713333333334,56.65833333333332,0.7213333333333333,-1.2710000000000004,548.2647951245501,16.054508035555322,30.742291307208813
0.37430026632182245,0.3275178443213407,2.294240540736701,3.853171366572673,23.4,3.54266274569965,1.0,4.0,0.0,0.0,396.0,23652.0,1052172.0,144.0,1188.0,3132.0,61992.0,15595848.0,0.0,0.0,360.0,360.0,43344.0,2988.0,5040.0,7848.0,26820.0,987372.0,8244.0,151956.0,426096.0,1934280.0,43157772.0,12564.0,61452.0,155664.0,527796.0,10154340.0,4500.0,38376.0,114804.0,299304.0,3431988.0,0.0,360.0,1872.0,4176.0,124308.0,0.0,792.0,2916.0,24228.0,75384.0,263088.0,47.0,33952.92531,0.45099716876441115,0.2117734799743954,29.856031088054298,41.8664,19.7977935483871,68.63477419354837,1.0654838709677419,-1.4590322580645163,382.03160423400016,14.53626096199101,31.926393052495495
0.07429126571872055,0.3404116280496544,1.1396157497120831,0.5236478898463267,14.5,3.912718269173497,5.0,2.0,0.0,0.0,3996.0,53892.0,4873536.0,4392.0,47448.0,75096.0,202716.0,16952292.0,0.0,36.0,9756.0,119844.0,2542248.0,7560.0,40392.0,112104.0,366948.0,12347856.0,0.0,144.0,11232.0,348228.0,8724492.0,7236.0,91152.0,230868.0,729180.0,12392712.0,4752.0,42480.0,161352.0,642168.0,10709352.0,0.0,216.0,864.0,4932.0,544176.0,468.0,2736.0,7416.0,60660.0,180072.0,673452.0,4.0,12791.38051,0.4986095855720845,0.21725236498401626,71.11369052183157,3.0582193548387098,28.275596774193545,65.35999999999999,0.20483870967741935,-0.6887096774193548,568.4738118080804,17.461304236275048,37.993940711282356
0.1100936925726989,0.2927090136271873,0.4020611469258583,0.23512563555203456,6.0,1.2938785717563708,5.0,2.0,0.0,0.0,0.0,1044.0,1376928.0,0.0,0.0,5148.0,20664.0,7057044.0,0.0,6048.0,12456.0,41112.0,931068.0,3708.0,34920.0,51588.0,158040.0,4543092.0,0.0,7560.0,38412.0,507348.0,40099320.0,4680.0,38376.0,79956.0,268416.0,6345144.0,20196.0,158688.0,454536.0,1548504.0,10778976.0,0.0,0.0,0.0,11664.0,901116.0,180.0,756.0,2736.0,37080.0,143568.0,584640.0,5.0,6703.15719,0.0,0.0,0.0,316.4919,23.184590322580643,75.69170967741937,-0.2064516129032258,-0.22193548387096776,334.0098539345501,11.822807807212456,21.81506238634599
0.16193019627248523,0.20221138983007048,0.4830793186465449,0.24251845011443313,4.0,1.313298110171988,10.0,3.0,0.0,0.0,0.0,2196.0,21240.0,24660.0,271368.0,755028.0,2755080.0,62446896.0,0.0,0.0,0.0,61668.0,426024.0,5184.0,9864.0,19188.0,140940.0,4426596.0,360.0,360.0,10296.0,166284.0,9243540.0,108.0,108.0,108.0,5148.0,369072.0,792.0,792.0,792.0,4968.0,1230948.0,0.0,0.0,0.0,36.0,80244.0,0.0,0.0,216.0,216.0,216.0,5112.0,841.0,10474.35103,0.3154904327477198,0.18056214850407992,32.353669171556554,1979.6552,18.198032258064515,94.20974193548392,-5.3183870967741935,-1.7370967741935484,170.83832552797006,19.041849608956916,31.534205437206637
0.03168969605443812,0.15945348269145937,0.7146484236248958,0.5741586879079518,8.875,1.9323684865646644,4.0,1.0,0.0,0.0,0.0,72.0,7164.0,23868.0,270036.0,753912.0,2745720.0,61694784.0,0.0,0.0,0.0,65124.0,446868.0,6336.0,10980.0,19764.0,143640.0,4862088.0,324.0,324.0,10044.0,164448.0,9299376.0,756.0,1116.0,1476.0,17964.0,1763748.0,0.0,0.0,0.0,252.0,180684.0,0.0,0.0,0.0,0.0,13536.0,0.0,36.0,108.0,288.0,288.0,4248.0,841.0,10474.35103,0.5971231891948272,0.29641394931325055,87.09471248383016,2.1513166666666668,16.3143,89.03299999999999,-3.348,0.41866666666666663,429.89694430993984,18.854873305601792,44.060824318733474
0.19149954821062423,0.37856875770128745,2.0218130595812123,2.4632215929302066,22.545454545454547,3.7130711218088113,3.0,1.0,0.0,0.0,108.0,16740.0,1143972.0,0.0,576.0,3816.0,30276.0,4731696.0,0.0,1296.0,31824.0,105228.0,838404.0,2988.0,8316.0,20448.0,107964.0,4049748.0,0.0,360.0,4284.0,28044.0,31632048.0,576.0,9288.0,32256.0,259668.0,9710676.0,22932.0,162252.0,445284.0,1721232.0,17968896.0,0.0,0.0,468.0,10728.0,1712700.0,0.0,900.0,5004.0,100728.0,246564.0,861624.0,26.0,23385.85399,0.1394839375,0.19538413319314984,66.11135010261285,0.3650935483870968,23.939977419354836,60.992580645161304,0.809032258064516,-0.33322580645161287,553.2482229519003,15.193581263801017,36.20296025938352
0.115082580319592,0.40334023083637477,0.6887341495066666,0.7474986586092353,10.6,2.566158919613618,5.0,2.0,0.0,0.0,0.0,11772.0,829332.0,0.0,540.0,3744.0,25740.0,4172148.0,0.0,936.0,14616.0,51408.0,517428.0,4536.0,14868.0,34308.0,189252.0,5143968.0,0.0,396.0,4536.0,32904.0,32335056.0,17820.0,109080.0,325368.0,1321704.0,21186648.0,4284.0,58248.0,162000.0,668304.0,7418088.0,0.0,0.0,36.0,3960.0,850716.0,0.0,828.0,4860.0,98712.0,240912.0,836604.0,26.0,23385.85399,0.25247252600173026,0.03516391526669111,47.44293870677954,1.6840677419354841,29.303625806451613,62.34870967741937,0.7477419354838708,1.0264516129032262,689.4037619254001,13.714853528843353,35.24101180737858
0.15627059607862387,0.3792765455702691,2.672801676647879,4.13668475788318,24.818181818181817,3.821613020888545,3.0,1.0,0.0,72.0,144.0,1296.0,45036.0,0.0,972.0,11016.0,194256.0,15513120.0,11268.0,14724.0,14724.0,29880.0,297360.0,612.0,1476.0,6336.0,133956.0,4026888.0,0.0,288.0,4680.0,104076.0,21895920.0,4968.0,28980.0,84960.0,480636.0,9963864.0,10764.0,167112.0,462492.0,1463328.0,13105296.0,0.0,72.0,2304.0,43416.0,5082768.0,0.0,468.0,3708.0,68832.0,198900.0,690624.0,13.0,14435.29365,0.38618906643356643,0.38252243230812977,91.80483877960377,1.4793193548387096,21.65733870967742,63.53645161290322,0.632258064516129,-1.6290322580645158,510.9706593825007,16.28464303066266,49.49748338362901
0.04273503758361179,0.34844892522142923,0.6457228061062499,0.519851711162285,7.375,2.0974193117895426,9.0,3.0,0.0,1152.0,1152.0,1296.0,24737328.0,21456.0,166680.0,531720.0,2408220.0,41169420.0,0.0,0.0,0.0,0.0,148428.0,0.0,72.0,1728.0,50544.0,2817000.0,5436.0,57420.0,129132.0,285804.0,2837664.0,4572.0,57204.0,117036.0,372528.0,5664996.0,0.0,0.0,720.0,7812.0,403524.0,0.0,0.0,0.0,0.0,504.0,0.0,0.0,0.0,0.0,3924.0,15120.0,72.0,1508.7111,0.17332750000000002,0.28134410971366997,79.33475339517508,1.0420666666666667,28.338676666666668,81.85633333333332,-1.4833333333333336,-1.4586666666666668,623.3402487042996,22.19072659673265,35.88939745249958
0.1987857649292941,0.49003722713127257,1.3283016650657407,1.940065587960307,15.714285714285714,3.2181771038386002,2.0,1.0,0.0,288.0,2376.0,300780.0,5937804.0,0.0,36.0,8136.0,137844.0,3044412.0,0.0,4788.0,38268.0,128484.0,4995720.0,3312.0,19944.0,58284.0,176760.0,7376544.0,0.0,0.0,0.0,82296.0,436896.0,11484.0,60912.0,151272.0,555300.0,15366096.0,11124.0,84564.0,251604.0,890604.0,21741768.0,0.0,72.0,72.0,540.0,1076544.0,540.0,1512.0,5436.0,112320.0,275472.0,868716.0,2.0,17057.75366,0.29860155299931,0.166591067494033,31.86136256851975,1.785607142857143,19.162025000000003,63.96142857142858,-1.4760714285714283,-0.725714285714286,350.246296734,22.825531101004355,31.86136256851975
0.11441825762004303,0.3513564587718999,1.2822193543991665,0.3065263217774566,14.4,3.4318854973707835,9.0,3.0,0.0,35208.0,60804.0,122148.0,18437760.0,0.0,2268.0,3888.0,143244.0,7604460.0,0.0,12996.0,29484.0,108108.0,2827908.0,4212.0,14976.0,18936.0,67572.0,5161536.0,0.0,0.0,504.0,1800.0,252000.0,2916.0,27936.0,65448.0,256500.0,4584384.0,19980.0,114804.0,361764.0,1471644.0,24566616.0,0.0,864.0,3744.0,34812.0,1090944.0,0.0,936.0,4356.0,73656.0,240444.0,935460.0,3.0,3430.762574,0.3197739895597346,0.23194813898520122,49.2951814649756,0.49399000000000004,29.26485333333333,70.30399999999999,1.1283333333333336,-0.3486666666666666,592.3477811375998,12.298311859318446,28.224535669182856
0.06704503995467245,0.4693139871086445,0.9717448422486112,1.191042627490374,13.333333333333334,3.253030202404029,4.0,1.0,0.0,3348.0,4392.0,56448.0,1260072.0,0.0,3096.0,20808.0,638892.0,39235824.0,0.0,3744.0,64512.0,213840.0,822600.0,1764.0,3636.0,8316.0,71244.0,4220388.0,0.0,9576.0,19728.0,235188.0,18702396.0,6516.0,26352.0,68976.0,413496.0,5373504.0,18324.0,166428.0,399996.0,1011888.0,5169276.0,0.0,1368.0,1476.0,1944.0,760500.0,0.0,0.0,4752.0,65376.0,197244.0,498348.0,111.0,18978.38682,0.3549038943036477,0.23183394737988747,73.1580942899731,1.43618,21.402686666666668,63.97433333333333,-0.1756666666666667,-0.7200000000000002,430.29302520745995,20.665141314196187,39.58107097716792
0.0912714071653331,0.1735830876297244,1.0903690945610935,0.33386892307336247,10.25,2.404893241448711,3.0,1.0,36.0,36.0,72.0,2520.0,56844.0,23616.0,269244.0,753732.0,2745756.0,61570800.0,0.0,0.0,0.0,64224.0,334404.0,1980.0,2628.0,2628.0,43164.0,1423728.0,324.0,324.0,9792.0,158112.0,9181944.0,1296.0,2160.0,2592.0,19656.0,2378124.0,1548.0,1656.0,1692.0,41976.0,1638000.0,0.0,0.0,0.0,36.0,72828.0,0.0,432.0,2520.0,6660.0,15120.0,65988.0,841.0,10474.35103,0.6105890164515544,0.34469171200305204,81.96010262078975,7.76521935483871,14.941048387096775,91.00193548387098,-1.9874193548387094,0.05806451612903228,320.9435636671695,18.89065157052154,40.622258534293195
0.14798634645529832,0.33873509027790594,1.084119592143755,0.7368828506032526,12.6,3.4328013703537934,9.0,3.0,0.0,144.0,14184.0,122328.0,1665936.0,504.0,1152.0,12780.0,155196.0,3542976.0,0.0,648.0,6048.0,40536.0,320220.0,3132.0,29304.0,65340.0,114192.0,2104236.0,0.0,5868.0,66996.0,935676.0,48655656.0,8964.0,58680.0,140796.0,490968.0,12223404.0,13032.0,122724.0,316404.0,793224.0,4013748.0,36.0,72.0,720.0,3384.0,575784.0,864.0,1908.0,5760.0,64224.0,162288.0,486756.0,5.0,10720.10518,0.5929264287434539,0.2639240473050476,53.23635834765781,0.8014366666666667,28.98890666666666,72.55566666666667,0.6726666666666667,-0.09533333333333334,564.4292382546997,16.538716002068732,35.180130084652674
0.08997819264328377,0.23873393346814914,1.6054425687820004,0.16305663104710139,14.11111111111111,5.276781561544095,10.0,3.0,0.0,0.0,0.0,1188.0,27432.0,23472.0,260424.0,728424.0,2586636.0,57861540.0,0.0,0.0,0.0,55584.0,314676.0,2916.0,7308.0,13932.0,92088.0,2884464.0,360.0,360.0,9504.0,158760.0,8902440.0,2160.0,11700.0,28620.0,199944.0,5934096.0,648.0,648.0,1008.0,17172.0,1561608.0,0.0,0.0,0.0,36.0,40500.0,0.0,36.0,1764.0,2268.0,4140.0,30024.0,841.0,10474.35103,0.5017234422319158,0.23136658405077867,82.37562828888034,6.481132258064516,18.757616129032257,90.1206451612903,-3.392258064516129,-0.8670967741935482,299.95223284564014,19.183481907645497,44.709201077547775
0.11179282194007734,0.18185573720031442,0.43755679416122284,0.3282526135111174,8.0,1.4548210917734812,7.0,2.0,0.0,1116.0,5328.0,15984.0,874152.0,144.0,1512.0,19512.0,361116.0,21854232.0,0.0,0.0,2484.0,35064.0,634536.0,72.0,1548.0,9900.0,105948.0,4010544.0,648.0,20052.0,126252.0,486396.0,23258952.0,17568.0,103572.0,263484.0,977616.0,10432332.0,10476.0,75168.0,147492.0,524340.0,8006184.0,1368.0,44964.0,107460.0,246096.0,3613320.0,0.0,0.0,1188.0,35100.0,102636.0,389448.0,244.0,21222.17111,0.450217299909333,0.22343340801882108,24.692535447209444,30.933799999999998,29.087180645161297,65.2450322580645,0.808709677419355,0.9716129032258064,608.7179085257,12.252152529905242,27.316009146932256
0.057171009822096976,0.3594503928629787,0.8562262617881249,0.593532719871223,10.9,2.8599677971289785,3.0,1.0,0.0,36.0,108.0,11340.0,3994740.0,0.0,72.0,972.0,45288.0,3933756.0,0.0,360.0,720.0,29088.0,977220.0,180.0,2232.0,7740.0,47772.0,3698136.0,396.0,5040.0,28836.0,383796.0,18280116.0,7776.0,55584.0,150480.0,727668.0,12757932.0,17424.0,156420.0,412668.0,1235736.0,9623160.0,0.0,72.0,2628.0,8316.0,866448.0,252.0,1044.0,5760.0,63108.0,180720.0,652716.0,10.0,446.5182684,0.5933760976382622,0.27867131103457404,79.86364486788999,0.8221032258064516,21.2173193548387,68.69967741935486,-0.22999999999999993,-0.5974193548387097,415.04123965639,24.523851862672828,43.181213309844345
0.0986504263042675,1.0552697476943007,0.02025180717987735,0.949855907016245,3.5,1.8370809785212912,8.0,3.0,0.0,180.0,828.0,3204.0,20377008.0,24804.0,195660.0,592704.0,2582748.0,42100380.0,0.0,0.0,0.0,0.0,139752.0,0.0,108.0,5292.0,63036.0,2830356.0,5868.0,58716.0,130356.0,286848.0,2839068.0,792.0,26856.0,52056.0,183384.0,4262976.0,0.0,1008.0,2736.0,14724.0,875124.0,0.0,0.0,0.0,72.0,2052.0,0.0,0.0,0.0,0.0,1440.0,7308.0,72.0,1508.7111,0.6542923743473702,0.33740545018784535,39.79371457183954,272.8345,28.215793548387094,83.75567741935484,-1.1612903225806452,-0.42612903225806453,696.8596401920004,20.0507622982837,40.21008713257382
0.12190412868810825,0.679240377975246,0.7956300283191131,0.7578596881184549,10.2,2.8410951425229816,10.0,3.0,0.0,504.0,4536.0,11592.0,4108716.0,0.0,0.0,72.0,44928.0,6859116.0,2124.0,17316.0,26424.0,143064.0,5227560.0,12096.0,54756.0,85176.0,214344.0,5605452.0,0.0,0.0,0.0,9216.0,2720952.0,1476.0,5328.0,13896.0,47916.0,6953580.0,11736.0,146736.0,438840.0,1798992.0,26051940.0,0.0,0.0,0.0,15876.0,4861224.0,0.0,828.0,4068.0,57708.0,216792.0,855324.0,6.0,17454.33105,0.413837405770217,0.24082907153047337,31.4714211359266,426.5752,24.368625806451615,70.12932258064517,-2.6848387096774196,-0.8464516129032261,260.57903552754993,21.047677396038818,31.4714211359266
0.09459956920607103,0.3113004845444982,0.7596465723812083,0.7923060392325354,13.2,2.169708253023777,11.0,4.0,0.0,864.0,7524.0,21960.0,870552.0,108.0,3996.0,44028.0,521892.0,21321756.0,0.0,0.0,5436.0,54108.0,503064.0,936.0,5328.0,8316.0,61704.0,2499012.0,468.0,19296.0,123804.0,491688.0,23333688.0,12132.0,63180.0,164232.0,688248.0,11684412.0,15156.0,100728.0,194472.0,624312.0,8113140.0,1548.0,54216.0,131076.0,273996.0,3682152.0,0.0,0.0,1116.0,35424.0,105660.0,404100.0,244.0,21222.17111,0.3177797781746031,0.18632338879176333,58.33720489881047,0.08391666666666667,22.620963333333336,60.042666666666676,-0.422,-0.9083333333333332,394.7148149470002,7.005923881310595,34.09619833453273
0.1103099832040348,0.3336747293185479,1.6230839453965,0.7711180655575498,16.7,4.924171076439265,4.0,1.0,0.0,1512.0,4500.0,60480.0,4570812.0,360.0,4680.0,11772.0,80136.0,15725088.0,0.0,0.0,1152.0,35244.0,925524.0,648.0,5328.0,11772.0,29772.0,4261716.0,0.0,396.0,12240.0,345384.0,7897032.0,11664.0,93384.0,178056.0,452844.0,10234260.0,9432.0,76068.0,273564.0,1198260.0,21777552.0,0.0,432.0,1224.0,9324.0,922248.0,468.0,2988.0,9180.0,100764.0,291456.0,930024.0,4.0,12791.38051,0.6494637873377616,0.24232065687682328,73.0841601303072,3.1803933333333334,24.026389999999992,69.53999999999999,-0.4109999999999999,-0.6523333333333333,462.5752710395302,14.4264296961477,44.02688021806586
0.037784156983737514,0.3209856550957653,0.71283904161275,0.592966531003048,11.7,2.285830751453215,7.0,2.0,0.0,1584.0,5004.0,8568.0,2892600.0,0.0,0.0,0.0,1620.0,5294016.0,0.0,0.0,36.0,5148.0,2103840.0,36.0,1584.0,2088.0,10584.0,3175488.0,0.0,0.0,0.0,3456.0,1581732.0,9684.0,54468.0,93348.0,293148.0,8216424.0,16524.0,157608.0,446436.0,1865304.0,30358440.0,0.0,0.0,0.0,16020.0,4942260.0,0.0,1440.0,5256.0,67104.0,238824.0,937368.0,6.0,17454.33105,0.2738,0.466890032573672,40.1335615362101,5.950367741935485,29.873519354838706,60.00806451612902,-0.3093548387096774,-0.046774193548387084,581.7394227723996,24.599069336084995,40.1335615362101
0.173020181444714,0.14188368269519797,2.092571331118409,2.779198087826341,21.545454545454547,4.557244556403644,3.0,1.0,288.0,756.0,2664.0,47340.0,988848.0,0.0,324.0,7848.0,54396.0,13282704.0,0.0,0.0,0.0,144.0,29520.0,6120.0,22320.0,55116.0,198000.0,3590604.0,4428.0,101016.0,321552.0,1552968.0,37457676.0,9792.0,43884.0,106056.0,367704.0,9432360.0,7884.0,90972.0,218772.0,674928.0,9784800.0,0.0,72.0,1080.0,2628.0,114408.0,0.0,936.0,2844.0,23256.0,72468.0,243360.0,47.0,33952.92531,0.7854696682336182,0.2365692561051513,61.718648876715314,1.4407387096774193,23.01602903225806,66.29548387096776,0.9080645161290323,-0.5651612903225807,492.7970387653797,12.225114219554953,34.41934836314881
0.1346788722774211,0.3256579257789997,0.6586300103834736,0.7305336422652086,11.8,2.705751594996115,11.0,4.0,0.0,288.0,2376.0,300780.0,5937804.0,0.0,36.0,8136.0,137844.0,3044412.0,0.0,4788.0,38268.0,128484.0,4995720.0,3312.0,19944.0,58284.0,176760.0,7376544.0,0.0,0.0,0.0,82296.0,436896.0,11484.0,60912.0,151272.0,555300.0,15366096.0,11124.0,84564.0,251604.0,890604.0,21741768.0,0.0,72.0,72.0,540.0,1076544.0,540.0,1512.0,5436.0,112320.0,275472.0,868716.0,2.0,17057.75366,0.17461120071818162,0.07198521296450455,25.90371329200223,2.26353,21.254759999999997,68.348,-2.1706666666666665,-0.5523333333333333,223.9146663957,23.798791711419696,25.90371329200223
0.09124569459384986,0.23347569763865855,0.6559101507848597,0.4683145215685639,7.0,1.467411045813741,6.0,2.0,0.0,1188.0,1944.0,20556.0,224712.0,0.0,6516.0,25236.0,207324.0,17753616.0,0.0,1728.0,10332.0,11988.0,109944.0,1584.0,5652.0,14040.0,109296.0,3430584.0,252.0,13680.0,61416.0,306252.0,33656508.0,18900.0,121788.0,303732.0,1099296.0,12834000.0,5328.0,76860.0,218124.0,760716.0,3613248.0,0.0,648.0,1548.0,6336.0,1773108.0,0.0,0.0,5436.0,54828.0,148500.0,619704.0,90.0,33384.18737,0.489544430689519,0.313671004804599,35.9605451604545,359.11959999999993,27.567973333333338,59.975800000000014,0.334,1.0596666666666665,554.8930880232999,35.9605451604545,30.227209013876195
0.09487808000641783,0.1340330149359615,1.1267547066976251,0.5044081290933125,13.3,3.287355783036117,5.0,2.0,0.0,0.0,6984.0,29664.0,731304.0,0.0,504.0,17424.0,341208.0,18685944.0,0.0,0.0,216.0,30528.0,211680.0,72.0,4284.0,17568.0,126972.0,3778056.0,684.0,13248.0,108756.0,447732.0,21329280.0,22536.0,137484.0,313128.0,1068732.0,14592240.0,5220.0,56160.0,120492.0,444312.0,8848296.0,900.0,33156.0,85860.0,216144.0,3438720.0,0.0,288.0,2052.0,38196.0,114120.0,436716.0,244.0,21222.17111,0.27875176785714284,0.245607437228415,51.474265050955225,15.601774193548387,24.153777419354842,65.84000000000002,0.4735483870967741,0.02645161290322574,387.60026830781004,14.49714133135614,24.668862568056444
0.10203488310897697,0.5330411201928819,0.6424028220386905,0.7148383890945984,9.0,1.9101441482127437,11.0,4.0,72.0,1296.0,3420.0,36936.0,21521520.0,0.0,216.0,540.0,28656.0,3311424.0,0.0,0.0,0.0,11844.0,653004.0,288.0,1944.0,16128.0,129276.0,6806340.0,288.0,2700.0,18540.0,297972.0,14391648.0,9252.0,87012.0,250128.0,938592.0,11903040.0,15480.0,121464.0,305748.0,1001952.0,12292884.0,0.0,0.0,1980.0,5904.0,691308.0,360.0,1260.0,6012.0,68040.0,189000.0,690228.0,10.0,446.5182684,0.26314196031746034,0.17520031737850986,40.16518120854524,1.61813,22.1621,64.13066666666667,0.095,-0.8046666666666665,303.6291233669999,19.423273880183388,40.16518120854524
0.08964053187256188,0.32256140633894204,0.7157340722142613,0.4788772306394753,6.0,1.7983801958742822,6.0,2.0,0.0,468.0,1872.0,9036.0,1038132.0,0.0,2124.0,14076.0,95868.0,35725032.0,0.0,3096.0,10764.0,25056.0,654192.0,1584.0,2376.0,6876.0,49176.0,3458016.0,0.0,2556.0,12564.0,227556.0,17505576.0,3204.0,25128.0,88308.0,309240.0,5708808.0,18612.0,153360.0,412956.0,1626444.0,7541388.0,0.0,72.0,612.0,24624.0,1090800.0,0.0,1512.0,7992.0,93492.0,237384.0,774396.0,48.0,9205.662327,0.14026387137409072,0.05733927668809542,26.857808740346826,387.63519999999994,27.39073333333333,64.50003333333332,1.6410000000000007,1.5740000000000003,535.8033328852,14.55654951953095,27.17729772241612
0.21004386761369032,0.4512448360673833,3.3392326937552776,6.917428935554479,31.545454545454547,4.901493436255412,1.0,4.0,612.0,720.0,3600.0,11592.0,730656.0,36.0,2700.0,13176.0,217044.0,5406300.0,0.0,1872.0,29376.0,61884.0,360288.0,4248.0,13176.0,32508.0,312768.0,3733632.0,0.0,936.0,9036.0,78300.0,44746380.0,11448.0,83844.0,240228.0,879156.0,9486324.0,10944.0,116784.0,278208.0,887832.0,5650632.0,0.0,0.0,3096.0,54144.0,1911708.0,0.0,828.0,4140.0,62568.0,176148.0,638604.0,13.0,19435.77403,0.5077490255426145,0.26297734089059677,72.65812945525754,0.04041612903225806,15.62913548387097,66.42225806451611,0.37000000000000005,-2.894193548387096,405.46226466480005,18.397071346217498,39.78295117843793
0.1004639677284879,0.4096508352787883,0.9352893240073928,1.6066409055011495,11.0,2.586847015314653,12.0,4.0,0.0,0.0,36.0,1332.0,318816.0,1656.0,104652.0,416772.0,1440576.0,57570948.0,0.0,216.0,252.0,3600.0,115524.0,6012.0,47232.0,87552.0,640836.0,5099508.0,5220.0,70956.0,159660.0,440820.0,9061452.0,10260.0,33912.0,71244.0,296352.0,3787200.0,4788.0,12996.0,20628.0,85176.0,868536.0,1152.0,1152.0,3780.0,97884.0,369720.0,216.0,864.0,2448.0,11628.0,25236.0,134892.0,378.0,15241.42093,0.5929149441822673,0.2747039721823614,58.56868764118899,1.4221451612903224,15.654222580645163,74.18225806451612,-1.9641935483870971,-3.1712903225806457,352.3969985454796,17.12544718122607,41.788147939872246
0.17592914776376556,0.3335800949393345,2.976650703569455,6.306670376155599,27.8,3.780212262853259,1.0,4.0,0.0,1368.0,2016.0,18144.0,824652.0,0.0,2952.0,7272.0,66780.0,4424256.0,0.0,2412.0,2952.0,43740.0,457164.0,6948.0,20448.0,36396.0,163224.0,5204412.0,0.0,5544.0,53640.0,357876.0,42842880.0,3960.0,25092.0,54180.0,335772.0,7005744.0,19116.0,147420.0,402156.0,1398312.0,8457336.0,0.0,612.0,1728.0,5328.0,3746628.0,0.0,0.0,1296.0,76932.0,225072.0,752148.0,51.0,32919.87338,0.23608557270705152,0.12878900409251845,30.289457732983962,24.8609,17.240790322580647,67.53093548387098,0.4396774193548387,-1.9109677419354838,337.83574119299993,13.681141212748138,30.829475867143262
0.046639138233736985,0.2570817236810111,0.9974945141054689,0.3835621411713052,7.454545454545454,2.6804640526463315,8.0,3.0,0.0,72.0,144.0,900.0,30143844.0,0.0,36.0,540.0,21888.0,4385412.0,0.0,0.0,13032.0,214236.0,1961064.0,396.0,2736.0,5400.0,103104.0,1754496.0,144.0,216.0,1872.0,43632.0,18564408.0,4644.0,57456.0,156888.0,544752.0,11634660.0,17136.0,137736.0,388908.0,1485180.0,5468832.0,0.0,396.0,1800.0,7920.0,149724.0,540.0,2268.0,9072.0,84168.0,216864.0,719856.0,13.0,537.3484137,0.40289644039624395,0.3111351427378058,87.39009926630692,5.967193548387097,28.7277,68.19290322580646,-0.6364516129032258,0.30741935483870964,631.0167591646997,21.915496161437144,45.89466022470343
0.14611232608340205,0.34311373601814205,1.1096000524281195,0.628200729432091,13.75,3.185229385440632,3.0,1.0,0.0,0.0,0.0,1044.0,1376928.0,0.0,0.0,5148.0,20664.0,7057044.0,0.0,6048.0,12456.0,41112.0,931068.0,3708.0,34920.0,51588.0,158040.0,4543092.0,0.0,7560.0,38412.0,507348.0,40099320.0,4680.0,38376.0,79956.0,268416.0,6345144.0,20196.0,158688.0,454536.0,1548504.0,10778976.0,0.0,0.0,0.0,11664.0,901116.0,180.0,756.0,2736.0,37080.0,143568.0,584640.0,5.0,6703.15719,0.43879692661802033,0.21504617090762265,22.029569259896267,132.814,20.59877741935484,70.32851612903225,-0.4380645161290322,-0.30935483870967734,361.49449204480976,16.20269368726801,29.6463074745537
0.08684631972110209,0.4186076508109723,0.307239307410421,0.5129975116694906,6.4,1.9802928232618087,6.0,2.0,0.0,432.0,792.0,10404.0,141948.0,36.0,20592.0,57528.0,365724.0,20220372.0,0.0,2772.0,18396.0,24336.0,220140.0,13824.0,49464.0,96732.0,492876.0,10173276.0,288.0,12924.0,60768.0,303912.0,33592284.0,12276.0,115848.0,309888.0,1013256.0,8128080.0,1260.0,35352.0,112716.0,423180.0,1901268.0,0.0,0.0,144.0,2916.0,1182708.0,0.0,0.0,3780.0,45360.0,128664.0,504900.0,90.0,33384.18737,0.0798843278155537,0.035769420915968,19.4183639159607,26.922553333333337,27.627116666666673,63.73466666666666,0.3166666666666666,0.9570000000000002,463.7947709452998,14.213338211867175,19.4183639159607
0.10043321776022199,0.2478868205519445,1.6582348408217502,0.8885897578841101,16.8,5.0242008581031445,4.0,1.0,792.0,6660.0,12384.0,25380.0,15036228.0,2052.0,37116.0,215892.0,1494468.0,34953588.0,144.0,1800.0,3024.0,48240.0,748260.0,8676.0,52020.0,123804.0,435852.0,5531328.0,0.0,2376.0,12492.0,42876.0,2119536.0,7452.0,50652.0,106020.0,246060.0,5895216.0,7776.0,83016.0,203004.0,575028.0,8929584.0,0.0,108.0,108.0,1584.0,470016.0,36.0,684.0,4608.0,48528.0,109116.0,271800.0,5.0,3129.911321,0.596077253416149,0.26531578564482267,67.60843982476281,4.720306666666667,22.444573333333338,75.50399999999999,-0.5920000000000002,-0.6323333333333335,435.59800476815025,14.771668499699281,37.97754181632709
0.1301361373669826,0.22528559323276048,1.6328894570536252,1.0953409550667506,17.4,4.650873761340458,4.0,1.0,3312.0,23724.0,59868.0,235152.0,1241964.0,252.0,7056.0,36936.0,153000.0,37385064.0,0.0,2736.0,9720.0,21456.0,641772.0,6660.0,50220.0,140148.0,594144.0,8434872.0,0.0,1656.0,8748.0,178200.0,15991812.0,2052.0,14040.0,43848.0,172620.0,924120.0,10728.0,95580.0,267048.0,1057572.0,8059896.0,0.0,108.0,468.0,18864.0,820368.0,0.0,1404.0,8388.0,87552.0,218628.0,710388.0,48.0,9205.662327,0.5697740625691359,0.2692276595888532,76.12781355585453,4.7663400000000005,23.22228333333334,69.33966666666667,0.7576666666666667,-0.3233333333333334,503.33531730970327,20.837647668163545,39.28473865389871
0.1071586568609281,0.292475486259022,1.0223993889771343,0.47679490651326084,12.3,3.194497896815018,9.0,3.0,180.0,2304.0,22536.0,50184.0,2289348.0,0.0,4932.0,39996.0,170100.0,8950140.0,0.0,2556.0,11520.0,31140.0,470556.0,3132.0,10296.0,38304.0,183168.0,5881428.0,0.0,16056.0,77040.0,385992.0,22149324.0,10116.0,76248.0,179784.0,610200.0,12737160.0,12528.0,111852.0,269604.0,971784.0,12116988.0,0.0,0.0,2952.0,27072.0,4443120.0,576.0,1548.0,5616.0,58608.0,143676.0,712224.0,136.0,15407.79543,0.35670112768549594,0.15091143830995754,38.68653667565525,0.74453,28.441100000000006,62.275,0.0013333333333333697,-0.5593333333333333,544.1624812416007,15.691826773195551,40.371435461918374
0.1580190794852951,0.4239062081316357,1.2209944792169556,0.52665404878162,15.6,3.2537041935805804,9.0,3.0,0.0,324.0,1080.0,5688.0,373428.0,0.0,4716.0,9072.0,27468.0,5372712.0,0.0,1116.0,29052.0,141300.0,2318760.0,12672.0,56844.0,104364.0,330048.0,7367256.0,0.0,0.0,360.0,4752.0,6465744.0,3168.0,28692.0,70884.0,222732.0,8117892.0,10296.0,131652.0,384840.0,1607904.0,26628948.0,0.0,360.0,360.0,2916.0,4186764.0,0.0,324.0,5184.0,59004.0,185364.0,798480.0,69.0,17428.37218,0.4947264837747749,0.260350188209187,36.80374421847447,109.57039999999999,28.52106,59.02076666666667,0.415,-1.348666666666667,559.8309640335295,21.964254617372067,37.70200541195373
0.21818304278986736,0.550448320836483,1.5168267415458991,2.215680965066802,18.5,3.3040078694206647,11.0,4.0,108.0,2232.0,3276.0,17352.0,485928.0,0.0,504.0,4932.0,199296.0,15894756.0,3852.0,6948.0,6948.0,28404.0,352944.0,36.0,1224.0,7452.0,160956.0,5284836.0,0.0,396.0,6984.0,112068.0,22396536.0,3024.0,14256.0,51156.0,251856.0,6055452.0,20448.0,186084.0,488520.0,1599012.0,14366556.0,0.0,72.0,3384.0,47412.0,5851980.0,0.0,540.0,3852.0,70812.0,212904.0,725112.0,13.0,14435.29365,0.6265548346029819,0.3253829022475859,35.946808426640665,8.505799999999999,24.65449333333333,69.22063333333334,0.5786666666666667,-1.9906666666666668,402.71892382876007,20.359834054628205,37.75659462063733
0.11667663420603337,0.30889428357185,0.34548710965090107,0.8800874831857475,6.5,1.5869573155527301,8.0,3.0,0.0,0.0,36864.0,157860.0,991548.0,792.0,44532.0,129024.0,555696.0,45723960.0,0.0,108.0,2196.0,12456.0,997992.0,7740.0,51444.0,161820.0,558468.0,7580304.0,0.0,5724.0,26964.0,259884.0,5247180.0,3564.0,17352.0,57420.0,167364.0,1809468.0,14292.0,102240.0,221976.0,761040.0,9876492.0,0.0,0.0,6552.0,63468.0,863064.0,432.0,972.0,5076.0,61380.0,142092.0,605124.0,9.0,12779.34997,0.07709637932174111,0.022905983351950515,23.426619339109365,50.9168,30.07833870967742,61.92393548387097,-0.32967741935483874,-0.43032258064516127,677.5689216264702,14.502866842331304,23.426619339109365
0.24764777524176934,0.5191974946943686,3.584224468668269,9.144121302516718,32.3,5.674791383283294,3.0,1.0,0.0,0.0,72.0,1116.0,72900.0,0.0,180.0,2196.0,147744.0,3510864.0,0.0,684.0,9288.0,26424.0,211392.0,0.0,1116.0,8136.0,132192.0,1343448.0,0.0,756.0,8064.0,78624.0,44472636.0,9720.0,86292.0,254448.0,1131696.0,14460120.0,16452.0,128556.0,315000.0,911160.0,5473800.0,0.0,0.0,2484.0,31680.0,1472652.0,180.0,1224.0,5148.0,65340.0,185796.0,680724.0,13.0,19435.77403,0.5084323005795468,0.2067669553874416,42.275860443884405,43.1027,22.019370967741935,66.33125806451612,0.5867741935483871,-1.6558064516129034,500.9311952094249,15.984835755419503,45.15868685213738
0.1969739566217561,0.625690239232914,3.651832352622459,6.18500545729731,25.2,4.455789445116581,2.0,1.0,72.0,720.0,4572.0,11448.0,4084560.0,0.0,0.0,36.0,32148.0,3385584.0,0.0,6624.0,6804.0,58680.0,3463452.0,2736.0,12132.0,26640.0,90036.0,2015388.0,0.0,0.0,504.0,4464.0,7046424.0,17280.0,108288.0,350712.0,1078812.0,24810984.0,7704.0,98496.0,254196.0,1152324.0,17560368.0,0.0,0.0,0.0,1296.0,1733076.0,0.0,36.0,3672.0,56232.0,141948.0,712188.0,12.0,5480.991045,0.5219995954991814,0.2580984118110004,36.19420978285981,58.8233,17.496999999999996,71.27257142857142,0.28214285714285714,-3.3092857142857146,355.9822880160001,16.15287522545984,36.52303905432297
0.05769419820438587,0.26143730640407997,0.7773730251355417,0.43031711336886713,10.5,2.5227778478791545,5.0,2.0,0.0,612.0,2880.0,59508.0,3920076.0,108.0,15120.0,28332.0,97848.0,16425396.0,0.0,0.0,1584.0,64656.0,1614996.0,1692.0,17928.0,39348.0,108144.0,4856796.0,0.0,288.0,13284.0,352368.0,8603604.0,16704.0,123732.0,254988.0,652068.0,11203956.0,8820.0,75672.0,275580.0,1131048.0,19009980.0,0.0,432.0,1188.0,9396.0,952704.0,396.0,1980.0,3960.0,48780.0,168552.0,666432.0,4.0,12791.38051,0.46574416064336216,0.20055946680446118,78.91910421777243,8.787225806451614,26.84553870967742,68.52290322580646,-0.1848387096774193,-0.41838709677419356,466.74443489300006,21.05836101688118,40.20643362731166
0.06692215987565936,0.35578719906962214,0.7276168156458334,0.7438884344389691,11.25,2.462456749426742,4.0,1.0,0.0,0.0,144.0,4500.0,1258848.0,0.0,0.0,4536.0,29232.0,7207164.0,0.0,7920.0,15732.0,44784.0,1071612.0,9684.0,50400.0,79596.0,226800.0,5407596.0,0.0,13140.0,51516.0,539244.0,41023224.0,11628.0,72900.0,214452.0,767448.0,8379360.0,8784.0,104724.0,291276.0,980676.0,7258608.0,0.0,0.0,0.0,5688.0,452988.0,252.0,792.0,1404.0,33804.0,127692.0,542988.0,5.0,6703.15719,0.22203646629168627,0.16159253626963604,20.672863012118658,2.2030433333333335,21.66261666666667,69.85399999999998,-0.5096666666666668,-0.2423333333333333,385.08541754248,11.264011424465831,35.16273281826797
0.07888284767059454,0.6000161857561024,0.6348754211238126,0.7882553381839286,11.5,2.3436843176910367,10.0,3.0,36.0,252.0,756.0,2412.0,330552.0,0.0,252.0,2664.0,30528.0,30112164.0,0.0,36.0,684.0,1440.0,197964.0,252.0,360.0,684.0,5364.0,1127088.0,0.0,972.0,6192.0,164664.0,16251480.0,5940.0,49824.0,176724.0,667008.0,14963040.0,17172.0,138960.0,367092.0,1496880.0,7779240.0,0.0,108.0,540.0,22608.0,845244.0,0.0,1440.0,7992.0,91908.0,230076.0,750492.0,48.0,9205.662327,0.44533992428702623,0.14476720535399168,71.07312734998425,0.4732903225806452,24.420277419354843,62.807741935483854,-0.9393548387096773,-2.4812903225806457,465.73410055598987,13.165876712401495,32.830262783449264
0.08871819474259675,0.376825400902553,0.8103894079427804,1.3526183474401263,13.3,2.2266745399535615,12.0,4.0,36.0,540.0,1224.0,5904.0,3264156.0,0.0,0.0,0.0,20484.0,6811776.0,576.0,8856.0,16992.0,78588.0,4725108.0,7704.0,43812.0,76428.0,236952.0,6341508.0,0.0,0.0,180.0,9036.0,2848572.0,11412.0,80892.0,171828.0,634536.0,15084180.0,7524.0,94320.0,307800.0,1316196.0,20250756.0,0.0,0.0,0.0,8784.0,3747996.0,0.0,864.0,4176.0,54324.0,211104.0,831780.0,6.0,17454.33105,0.2844188425804666,0.15079245670310268,27.572205182587613,1.9283387096774192,18.01119032258064,68.6725806451613,-1.8125806451612898,-0.8296774193548386,228.4481019129998,20.21703128110872,27.572205182587613
0.09256995822497373,0.11327060176078897,1.471264656018409,0.6694191034720917,10.0,2.9346580725299956,3.0,1.0,0.0,0.0,0.0,1188.0,27432.0,23472.0,260424.0,728424.0,2586636.0,57861540.0,0.0,0.0,0.0,55584.0,314676.0,2916.0,7308.0,13932.0,92088.0,2884464.0,360.0,360.0,9504.0,158760.0,8902440.0,2160.0,11700.0,28620.0,199944.0,5934096.0,648.0,648.0,1008.0,17172.0,1561608.0,0.0,0.0,0.0,36.0,40500.0,0.0,36.0,1764.0,2268.0,4140.0,30024.0,841.0,10474.35103,0.8534920459453992,0.39117860020284556,92.77659908399232,7.922393548387095,13.936938709677417,90.88258064516131,-2.4145161290322585,0.21709677419354848,302.4197049590201,22.320652750841674,49.22637306101446
0.057766319104893826,0.2938880925464497,0.919089084691477,0.4654741879351696,10.818181818181818,3.026277464108055,8.0,3.0,0.0,936.0,1980.0,5184.0,743184.0,0.0,3204.0,11016.0,19404.0,13295916.0,0.0,13680.0,25740.0,113256.0,1770192.0,1800.0,8496.0,22860.0,79668.0,7270812.0,0.0,0.0,1224.0,2016.0,13779828.0,5616.0,31896.0,84780.0,334584.0,11066004.0,18900.0,138564.0,358272.0,1578744.0,18128628.0,0.0,180.0,288.0,9648.0,2380212.0,0.0,0.0,5040.0,85464.0,279072.0,998784.0,18.0,6622.610663,0.6467460947914373,0.12430261262727324,54.47641216519331,4.192367741935484,28.975690322580643,64.5509677419355,1.2574193548387091,0.26741935483870966,598.6792565461701,14.532428683089472,28.384336046637426
0.06753251474282877,0.41364945315510715,0.6698633524338333,0.7464745692520027,11.4,2.058926616664401,11.0,4.0,0.0,936.0,1980.0,5184.0,743184.0,0.0,3204.0,11016.0,19404.0,13295916.0,0.0,13680.0,25740.0,113256.0,1770192.0,1800.0,8496.0,22860.0,79668.0,7270812.0,0.0,0.0,1224.0,2016.0,13779828.0,5616.0,31896.0,84780.0,334584.0,11066004.0,18900.0,138564.0,358272.0,1578744.0,18128628.0,0.0,180.0,288.0,9648.0,2380212.0,0.0,0.0,5040.0,85464.0,279072.0,998784.0,18.0,6622.610663,0.5930119346672775,0.20148592871793822,57.660056521530365,0.29078666666666664,22.94314333333333,66.14433333333334,-2.5436666666666663,-3.1686666666666667,385.60071357999976,16.740142447737977,30.646785573789504
0.12601435470504566,0.8388844411133402,0.9509735575821429,0.8467182579230139,11.2,2.8025966484502485,10.0,3.0,72.0,468.0,1044.0,5400.0,1631988.0,0.0,5436.0,38916.0,160704.0,7778952.0,0.0,5004.0,16776.0,35640.0,527652.0,2952.0,8928.0,43596.0,184860.0,6713064.0,0.0,15948.0,76716.0,385992.0,22281840.0,8424.0,34200.0,109656.0,381456.0,10997712.0,14220.0,151920.0,346536.0,1225944.0,13950468.0,0.0,0.0,2268.0,25056.0,4760928.0,396.0,1512.0,5868.0,61056.0,149004.0,736560.0,136.0,15407.79543,0.0,0.0,0.0,280.584,22.929464516129034,71.68741935483871,-3.525161290322581,-1.5690322580645162,370.2025110293699,11.839607236109554,32.70172431675115
0.027599853609285886,0.16261664976710238,0.6635214502537963,0.12204084268185827,6.888888888888889,2.05565266974188,8.0,3.0,0.0,0.0,0.0,1188.0,27432.0,23472.0,260424.0,728424.0,2586636.0,57861540.0,0.0,0.0,0.0,55584.0,314676.0,2916.0,7308.0,13932.0,92088.0,2884464.0,360.0,360.0,9504.0,158760.0,8902440.0,2160.0,11700.0,28620.0,199944.0,5934096.0,648.0,648.0,1008.0,17172.0,1561608.0,0.0,0.0,0.0,36.0,40500.0,0.0,36.0,1764.0,2268.0,4140.0,30024.0,841.0,10474.35103,0.22883095238095238,0.21661520803997328,46.60015587631415,8.510654838709677,23.73933225806452,90.94000000000001,-0.97,0.6948387096774192,473.4073289147996,24.81006594414195,46.60015587631415
0.02710118717486021,0.12918263263851743,0.7357388027583334,0.1040422203317152,7.3,2.015103508882511,7.0,2.0,36.0,36.0,72.0,2520.0,56844.0,23616.0,269244.0,753732.0,2745756.0,61570800.0,0.0,0.0,0.0,64224.0,334404.0,1980.0,2628.0,2628.0,43164.0,1423728.0,324.0,324.0,9792.0,158112.0,9181944.0,1296.0,2160.0,2592.0,19656.0,2378124.0,1548.0,1656.0,1692.0,41976.0,1638000.0,0.0,0.0,0.0,36.0,72828.0,0.0,432.0,2520.0,6660.0,15120.0,65988.0,841.0,10474.35103,0.2139425,0.25783012958892615,78.66430917446942,4.226445161290322,24.898548387096774,86.50258064516129,0.5819354838709675,0.8674193548387097,572.7543003789995,22.599829998849742,36.06257425881186
0.08979243749869537,0.44438602772920877,0.4486998824383437,0.6128113849819223,7.6,2.1408391538429528,7.0,2.0,0.0,0.0,72.0,23472.0,643500.0,216.0,2016.0,5436.0,85932.0,15812388.0,0.0,0.0,324.0,504.0,58068.0,4824.0,11736.0,20628.0,72324.0,2121804.0,8352.0,153612.0,429120.0,1942884.0,43299900.0,11196.0,73224.0,201312.0,606780.0,11139156.0,4176.0,19152.0,53820.0,158148.0,1724076.0,0.0,288.0,1548.0,2952.0,85932.0,0.0,792.0,2592.0,22428.0,73188.0,248328.0,47.0,33952.92531,0.796940893301291,0.32370042591092196,54.159832118445486,25.84871935483871,28.264774193548398,79.57064516129034,0.08387096774193545,-0.5196774193548386,579.8131358195999,13.799547815235504,23.186945614153192
0.06504698451693479,0.17247893913049506,0.8038222602570831,0.35822904315957627,9.4,2.424643403593737,6.0,2.0,792.0,6660.0,12384.0,25380.0,15036228.0,2052.0,37116.0,215892.0,1494468.0,34953588.0,144.0,1800.0,3024.0,48240.0,748260.0,8676.0,52020.0,123804.0,435852.0,5531328.0,0.0,2376.0,12492.0,42876.0,2119536.0,7452.0,50652.0,106020.0,246060.0,5895216.0,7776.0,83016.0,203004.0,575028.0,8929584.0,0.0,108.0,108.0,1584.0,470016.0,36.0,684.0,4608.0,48528.0,109116.0,271800.0,5.0,3129.911321,0.71242775,0.220561000537693,26.45844637445662,8.870123333333334,26.942619999999998,71.02666666666669,-0.33666666666666667,-0.31233333333333335,449.2106307024999,6.18259303277082,35.776993333248036
0.14846173104068305,0.24246462529865925,1.3935647447115003,0.6135270042223608,15.1,3.8489688422603097,5.0,2.0,108.0,9108.0,15480.0,52092.0,1196892.0,0.0,972.0,4140.0,7128.0,11003004.0,0.0,4644.0,7812.0,40752.0,1343340.0,216.0,2052.0,8676.0,26172.0,6104664.0,0.0,0.0,1080.0,1332.0,13331664.0,7164.0,49356.0,105264.0,358128.0,15109992.0,18900.0,129924.0,357300.0,1605852.0,17765928.0,0.0,216.0,324.0,9972.0,2187180.0,0.0,0.0,4968.0,86148.0,285156.0,1039860.0,18.0,6622.610663,0.4366491595022624,0.2936394142892445,46.279081151208395,7.041264516129031,24.241216129032264,66.69999999999999,0.2499999999999999,-0.8235483870967744,410.58283156100015,20.315020402663595,46.279081151208395
0.06656893473973206,0.17785044882842613,0.558237418445625,0.4081491324521691,10.8,1.9376881146196254,5.0,2.0,0.0,0.0,252.0,13068.0,163944.0,0.0,1332.0,17388.0,494820.0,37553508.0,0.0,900.0,46872.0,152316.0,595044.0,2484.0,3456.0,5292.0,49608.0,2128212.0,0.0,7992.0,16452.0,228384.0,18595332.0,13428.0,53028.0,144324.0,821484.0,8549712.0,10620.0,148608.0,354348.0,869796.0,6093036.0,0.0,1116.0,1188.0,1584.0,535500.0,0.0,0.0,4824.0,66456.0,199404.0,510156.0,111.0,18978.38682,0.47324627916666673,0.2623184367355876,72.44580156456476,12.569670967741938,25.395851612903222,66.69354838709677,0.11870967741935481,-0.34290322580645166,469.84818875790035,23.706640834161956,39.60972774396324
0.23446121368559952,0.41091329092448736,1.9658575926586088,0.6950046818474658,16.3,3.7481288903548076,9.0,3.0,0.0,0.0,72.0,1692.0,122580.0,0.0,0.0,5976.0,20124.0,5088636.0,0.0,0.0,6984.0,15408.0,1749888.0,8568.0,56412.0,85968.0,130032.0,2382516.0,72.0,3168.0,25200.0,264060.0,27176832.0,14004.0,126072.0,260496.0,799956.0,18152712.0,288.0,40896.0,205416.0,1020240.0,11685960.0,0.0,1152.0,5220.0,73656.0,1293444.0,864.0,2772.0,8532.0,55188.0,189972.0,816084.0,33.0,30649.61061,0.4285105758347321,0.1889536003670469,35.48964499221125,34.336999999999996,27.539216666666672,61.23233333333333,0.4610000000000001,-0.7469999999999998,490.1147842606004,14.995902579699091,36.04394853344587
0.07944712268577415,0.28333900755992986,0.6626693546270834,0.47561434560823435,10.0,1.9286540218244266,3.0,1.0,108.0,576.0,3456.0,18324.0,20664576.0,72.0,1116.0,5076.0,91260.0,4691988.0,0.0,792.0,1332.0,36288.0,1218780.0,3168.0,18432.0,54180.0,215280.0,5654592.0,360.0,4752.0,27684.0,379980.0,18154764.0,9648.0,80316.0,210744.0,828756.0,12250368.0,12168.0,112680.0,298368.0,900828.0,7853688.0,0.0,180.0,2484.0,7128.0,633888.0,324.0,1044.0,5868.0,63828.0,182160.0,663516.0,10.0,446.5182684,0.41009190490279496,0.2749330642731904,78.3617973820148,2.415183870967742,20.856516129032258,68.8667741935484,-0.25709677419354837,-0.6590322580645163,355.42850995039987,22.01553082302839,41.36546653184375
0.30526284443897617,0.7082347411832768,4.0141814642375,7.331774139126789,33.625,5.581289503964953,2.0,1.0,0.0,144.0,14184.0,122328.0,1665936.0,504.0,1152.0,12780.0,155196.0,3542976.0,0.0,648.0,6048.0,40536.0,320220.0,3132.0,29304.0,65340.0,114192.0,2104236.0,0.0,5868.0,66996.0,935676.0,48655656.0,8964.0,58680.0,140796.0,490968.0,12223404.0,13032.0,122724.0,316404.0,793224.0,4013748.0,36.0,72.0,720.0,3384.0,575784.0,864.0,1908.0,5760.0,64224.0,162288.0,486756.0,5.0,10720.10518,0.7186036566987624,0.3940181171756832,78.82944520863344,0.9416392857142857,17.995121428571426,72.03642857142856,0.28428571428571436,-2.586785714285714,469.41067221399993,15.81985224200432,36.6977979999288
0.051144942628855584,0.2577083962084625,0.9536044801192592,0.48872890784348855,14.1,3.4518035910610925,5.0,2.0,0.0,288.0,2376.0,300780.0,5937804.0,0.0,36.0,8136.0,137844.0,3044412.0,0.0,4788.0,38268.0,128484.0,4995720.0,3312.0,19944.0,58284.0,176760.0,7376544.0,0.0,0.0,0.0,82296.0,436896.0,11484.0,60912.0,151272.0,555300.0,15366096.0,11124.0,84564.0,251604.0,890604.0,21741768.0,0.0,72.0,72.0,540.0,1076544.0,540.0,1512.0,5436.0,112320.0,275472.0,868716.0,2.0,17057.75366,0.32114381541966724,0.15319810934087577,62.60637412951183,3.372029032258064,28.198367741935478,63.55483870967741,-0.395483870967742,-0.7416129032258065,538.5048830656004,14.434107456563874,35.04710111722591
0.11295142789149076,0.3126019090097665,1.0942153859231771,0.6411798554374453,14.9,2.983318106516717,4.0,1.0,0.0,0.0,252.0,13068.0,163944.0,0.0,1332.0,17388.0,494820.0,37553508.0,0.0,900.0,46872.0,152316.0,595044.0,2484.0,3456.0,5292.0,49608.0,2128212.0,0.0,7992.0,16452.0,228384.0,18595332.0,13428.0,53028.0,144324.0,821484.0,8549712.0,10620.0,148608.0,354348.0,869796.0,6093036.0,0.0,1116.0,1188.0,1584.0,535500.0,0.0,0.0,4824.0,66456.0,199404.0,510156.0,111.0,18978.38682,0.6075934961336972,0.1836164179640297,74.02389976917789,2.368243333333333,19.24721333333333,61.61733333333335,-0.4036666666666667,-0.574,364.6119346471159,19.482742128917295,33.54594102246027
0.11967038629294081,0.23902023767003164,0.6039934568373855,0.6930594674997961,7.0,1.6178833743547942,12.0,4.0,0.0,468.0,1872.0,9036.0,1038132.0,0.0,2124.0,14076.0,95868.0,35725032.0,0.0,3096.0,10764.0,25056.0,654192.0,1584.0,2376.0,6876.0,49176.0,3458016.0,0.0,2556.0,12564.0,227556.0,17505576.0,3204.0,25128.0,88308.0,309240.0,5708808.0,18612.0,153360.0,412956.0,1626444.0,7541388.0,0.0,72.0,612.0,24624.0,1090800.0,0.0,1512.0,7992.0,93492.0,237384.0,774396.0,48.0,9205.662327,0.34158396961239285,0.22207617158857493,34.53107793270871,14.2029,16.309203225806453,68.34490322580645,-1.1187096774193548,-3.047741935483871,269.44134129593016,17.899632861484026,34.53107793270871
0.2736748387332919,0.4075159185563164,1.373163714668573,2.7674347682306735,22.7,3.3663575763496034,11.0,4.0,0.0,504.0,756.0,6660.0,146772.0,0.0,2232.0,5904.0,51552.0,4213656.0,0.0,216.0,360.0,24912.0,249228.0,2520.0,9252.0,11988.0,62604.0,2392200.0,0.0,5148.0,52668.0,353916.0,42707592.0,15372.0,66348.0,119160.0,613080.0,12245544.0,11016.0,117792.0,357012.0,1225872.0,6919056.0,0.0,504.0,1476.0,5184.0,3013992.0,0.0,0.0,2520.0,80748.0,235728.0,797976.0,51.0,32919.87338,0.3175258101977948,0.17175093381950202,42.59508780361076,0.17790999999999998,21.946966666666672,61.63133333333335,0.2883333333333334,-1.3193333333333332,371.0684998370496,14.7386518861015,42.59508780361076
0.04433412635720955,0.2934473374552625,0.28020170719500004,0.4404223873537656,6.1,1.252862897491915,5.0,2.0,0.0,72.0,144.0,900.0,30143844.0,0.0,36.0,540.0,21888.0,4385412.0,0.0,0.0,13032.0,214236.0,1961064.0,396.0,2736.0,5400.0,103104.0,1754496.0,144.0,216.0,1872.0,43632.0,18564408.0,4644.0,57456.0,156888.0,544752.0,11634660.0,17136.0,137736.0,388908.0,1485180.0,5468832.0,0.0,396.0,1800.0,7920.0,149724.0,540.0,2268.0,9072.0,84168.0,216864.0,719856.0,13.0,537.3484137,0.3842363264730707,0.2557088021491965,92.59641889670766,8.964048387096774,27.071719354838702,74.28645161290324,-0.8122580645161291,-0.19129032258064524,535.2151429026001,44.0085215212107,48.58789737549695
0.09784938120371463,0.3292025231168889,0.8043250639801667,0.4846754296228525,8.0,2.19449834582683,6.0,2.0,0.0,2844.0,3096.0,25056.0,1824192.0,0.0,3240.0,14652.0,668484.0,39128940.0,0.0,2304.0,57852.0,171252.0,840636.0,10980.0,24840.0,58968.0,253512.0,7250904.0,0.0,9324.0,18936.0,234144.0,18689328.0,13212.0,98676.0,258156.0,873936.0,5567544.0,3276.0,78336.0,202428.0,505368.0,2483352.0,0.0,1008.0,1044.0,1224.0,344124.0,0.0,0.0,3888.0,62316.0,170388.0,408240.0,111.0,18978.38682,0.2622986259835995,0.14289785919135017,27.454809294567095,227.80300000000003,26.44099,63.84843333333333,0.503,-0.001333333333333331,520.5545214812,20.079614170899443,27.119070629350208
0.22843145304353926,0.4031827628918034,3.767917364562283,7.767579659615319,26.7,4.342216782310028,1.0,4.0,0.0,0.0,72.0,1116.0,72900.0,0.0,180.0,2196.0,147744.0,3510864.0,0.0,684.0,9288.0,26424.0,211392.0,0.0,1116.0,8136.0,132192.0,1343448.0,0.0,756.0,8064.0,78624.0,44472636.0,9720.0,86292.0,254448.0,1131696.0,14460120.0,16452.0,128556.0,315000.0,911160.0,5473800.0,0.0,0.0,2484.0,31680.0,1472652.0,180.0,1224.0,5148.0,65340.0,185796.0,680724.0,13.0,19435.77403,0.35735567828560005,0.21227234209032264,37.3665232795823,35.2588,17.844503225806445,71.93709677419355,0.22838709677419358,-3.2803225806451612,360.24869889369995,11.863449523934904,37.26565053142073
0.22675168244437188,0.35293265716033845,2.5248360023833336,4.532563691229801,25.1,3.2747298255303057,12.0,4.0,900.0,2484.0,6912.0,19728.0,597420.0,0.0,2376.0,12708.0,213156.0,5200956.0,0.0,1836.0,17028.0,44100.0,252828.0,3060.0,10944.0,26532.0,234828.0,2872728.0,0.0,468.0,4896.0,55800.0,41917860.0,11052.0,54648.0,142380.0,582480.0,7627716.0,11880.0,140436.0,362448.0,1171188.0,10241136.0,0.0,0.0,3420.0,65808.0,2082492.0,36.0,1008.0,4428.0,69768.0,209160.0,754272.0,13.0,19435.77403,0.33057311672278344,0.17070442237470082,71.15193682184298,3.3318161290322577,18.68052580645161,70.24,0.18967741935483873,-2.8877419354838714,354.4673117500601,19.95825562560423,36.56739389626274
0.14294561866687874,0.3093613334152422,1.5959105039845076,1.1162132981873887,18.727272727272727,3.612903228029393,3.0,1.0,0.0,0.0,72.0,28872.0,486324.0,216.0,900.0,7056.0,52848.0,16033032.0,0.0,0.0,396.0,504.0,41184.0,4644.0,8460.0,16308.0,52488.0,1460736.0,7884.0,150336.0,421128.0,1904616.0,42705360.0,11016.0,67320.0,173412.0,585396.0,10664748.0,4716.0,31788.0,89928.0,248832.0,2886084.0,0.0,180.0,1692.0,3528.0,78408.0,0.0,1044.0,2880.0,23616.0,75564.0,264384.0,47.0,33952.92531,0.37671815760971056,0.2652086876817523,61.52358043418303,1.1430032258064515,23.813041935483866,65.20483870967742,0.8332258064516128,-0.41677419354838713,563.9360172627995,18.223725287542248,31.012021225253292
0.12589082265617654,0.30259324221422573,0.7395971469979166,0.6013617198448878,11.3,2.425012588959948,1.0,4.0,0.0,0.0,3996.0,53892.0,4873536.0,4392.0,47448.0,75096.0,202716.0,16952292.0,0.0,36.0,9756.0,119844.0,2542248.0,7560.0,40392.0,112104.0,366948.0,12347856.0,0.0,144.0,11232.0,348228.0,8724492.0,7236.0,91152.0,230868.0,729180.0,12392712.0,4752.0,42480.0,161352.0,642168.0,10709352.0,0.0,216.0,864.0,4932.0,544176.0,468.0,2736.0,7416.0,60660.0,180072.0,673452.0,4.0,12791.38051,0.3588172352380778,0.1418789304956101,63.58515628715198,0.4937064516129032,16.166567741935484,69.78225806451613,-1.5793548387096776,0.0019354838709677723,288.74887657242994,21.64105936793165,31.87746325838453
0.09109537582475409,0.40932149096925935,0.9613222764201387,0.6667072401447265,12.666666666666666,3.3106629615952268,5.0,2.0,0.0,0.0,36.0,1332.0,318816.0,1656.0,104652.0,416772.0,1440576.0,57570948.0,0.0,216.0,252.0,3600.0,115524.0,6012.0,47232.0,87552.0,640836.0,5099508.0,5220.0,70956.0,159660.0,440820.0,9061452.0,10260.0,33912.0,71244.0,296352.0,3787200.0,4788.0,12996.0,20628.0,85176.0,868536.0,1152.0,1152.0,3780.0,97884.0,369720.0,216.0,864.0,2448.0,11628.0,25236.0,134892.0,378.0,15241.42093,0.5684953489812924,0.30364381493976317,58.6265782022254,8.272493548387096,26.30401612903226,74.48483870967742,1.0345161290322582,1.1664516129032259,646.7838302449006,17.322338159160424,30.228579940030087
0.1201908355827381,0.28022309267492324,1.36462942549,0.3901210450315007,14.3,3.3460289996226313,9.0,3.0,612.0,4716.0,11844.0,31464.0,420552.0,216.0,3420.0,20772.0,261468.0,6427800.0,0.0,1836.0,27936.0,63504.0,371016.0,7596.0,35676.0,74988.0,446076.0,4193712.0,0.0,1044.0,9108.0,79668.0,44217504.0,8532.0,50796.0,156564.0,582012.0,6867180.0,10080.0,119952.0,301176.0,965232.0,6366348.0,0.0,0.0,2700.0,44460.0,2110500.0,36.0,792.0,4284.0,65484.0,180396.0,667476.0,13.0,19435.77403,0.3951875490769497,0.10473168517459468,57.248959908595516,1.36881,28.080926666666667,66.27766666666666,0.2766666666666666,-0.7819999999999999,578.0905898075595,14.826185064153803,34.25077314568966
0.046818443052170776,0.3452872290860721,0.7864594107454167,0.6092825154409471,11.333333333333334,2.506128898512967,7.0,2.0,0.0,0.0,1584.0,31284.0,899496.0,36.0,1512.0,13212.0,44532.0,10840284.0,0.0,0.0,72.0,62748.0,578484.0,3024.0,11484.0,26748.0,103608.0,5398272.0,0.0,36.0,252.0,21564.0,8649000.0,324.0,3492.0,7020.0,44676.0,4714668.0,2556.0,88200.0,304920.0,1352016.0,26415288.0,23472.0,57636.0,68436.0,129240.0,5470776.0,0.0,0.0,1908.0,120492.0,363420.0,1351584.0,100.0,15052.7619,0.3927280926117629,0.1358602859126272,60.803819395951535,3.9539677419354837,29.705522580645162,61.56677419354838,0.4135483870967742,-0.26709677419354844,597.8752814039998,13.442517100865773,32.098256087646526
0.23309041594711102,0.49607136733227125,2.6131876245021366,5.6137619606217415,24.6,3.707573547128036,12.0,4.0,612.0,720.0,3600.0,11592.0,730656.0,36.0,2700.0,13176.0,217044.0,5406300.0,0.0,1872.0,29376.0,61884.0,360288.0,4248.0,13176.0,32508.0,312768.0,3733632.0,0.0,936.0,9036.0,78300.0,44746380.0,11448.0,83844.0,240228.0,879156.0,9486324.0,10944.0,116784.0,278208.0,887832.0,5650632.0,0.0,0.0,3096.0,54144.0,1911708.0,0.0,828.0,4140.0,62568.0,176148.0,638604.0,13.0,19435.77403,0.37407871483557337,0.22533430662638612,40.881316605731406,0.4579387096774194,18.354935483870964,68.0693548387097,0.1790322580645161,-2.7409677419354836,380.5594865304797,13.58178750861196,40.881316605731406
0.04337906220828128,0.343251393241267,0.9008016503860227,0.4848668771489217,11.272727272727273,2.7674486234458873,8.0,3.0,0.0,0.0,1584.0,31284.0,899496.0,36.0,1512.0,13212.0,44532.0,10840284.0,0.0,0.0,72.0,62748.0,578484.0,3024.0,11484.0,26748.0,103608.0,5398272.0,0.0,36.0,252.0,21564.0,8649000.0,324.0,3492.0,7020.0,44676.0,4714668.0,2556.0,88200.0,304920.0,1352016.0,26415288.0,23472.0,57636.0,68436.0,129240.0,5470776.0,0.0,0.0,1908.0,120492.0,363420.0,1351584.0,100.0,15052.7619,0.35726567517470104,0.14799216080694738,59.64134261970294,7.38353870967742,29.305716129032266,64.5583870967742,-0.1935483870967742,-0.4093548387096775,594.3975716122704,14.449792397647869,29.877033348046368
0.27436333476157004,0.6754424606883181,1.3620211680636376,0.670023923363507,15.9,4.489921351630822,9.0,3.0,0.0,0.0,72.0,1116.0,72900.0,0.0,180.0,2196.0,147744.0,3510864.0,0.0,684.0,9288.0,26424.0,211392.0,0.0,1116.0,8136.0,132192.0,1343448.0,0.0,756.0,8064.0,78624.0,44472636.0,9720.0,86292.0,254448.0,1131696.0,14460120.0,16452.0,128556.0,315000.0,911160.0,5473800.0,0.0,0.0,2484.0,31680.0,1472652.0,180.0,1224.0,5148.0,65340.0,185796.0,680724.0,13.0,19435.77403,0.41841312472418074,0.1899696153626588,38.0302443055863,56.805800000000005,27.843813333333333,66.40576666666666,0.31233333333333335,-0.9730000000000001,534.9659072526001,8.68504112789709,38.03572572464316
0.06611282950422653,0.288086597350878,1.3354224490786364,0.7288031089080016,12.909090909090908,3.2250520959194318,8.0,3.0,612.0,3528.0,5112.0,24768.0,1285056.0,0.0,144.0,12528.0,39960.0,7385724.0,0.0,0.0,7920.0,22680.0,662292.0,14724.0,87948.0,143784.0,249120.0,4104180.0,36.0,2628.0,21240.0,232452.0,25188264.0,7128.0,75528.0,159840.0,522108.0,10818432.0,2952.0,64908.0,255276.0,1161000.0,16313040.0,0.0,1512.0,4932.0,82044.0,1626444.0,540.0,1692.0,6012.0,46692.0,174672.0,807120.0,33.0,30649.61061,0.2987884956709957,0.21773243467057118,75.06396240705499,11.101270967741932,27.840325806451606,69.04225806451613,0.3496774193548386,0.9880645161290321,402.88309229592994,36.9421583093759,38.12180409767909
0.08188604016822544,0.18912222046799376,1.2596838976608336,1.0692625449766224,13.1,3.4190119850226304,1.0,4.0,0.0,1332.0,38052.0,131616.0,882540.0,216.0,38016.0,96588.0,424224.0,42867684.0,0.0,0.0,756.0,2988.0,389016.0,1152.0,16992.0,51372.0,169956.0,3327876.0,0.0,5184.0,26208.0,254844.0,5124528.0,4644.0,31320.0,125316.0,407160.0,6897744.0,18252.0,109800.0,236592.0,827532.0,10585152.0,0.0,0.0,6300.0,62172.0,887580.0,648.0,1620.0,7200.0,80136.0,203760.0,860868.0,9.0,12779.34997,0.5028027777777778,0.112809255246638,26.5478942430728,5.479206451612902,17.666212903225805,76.89354838709677,-1.4658064516129035,-1.311290322580645,214.30020640742,20.899878269179474,26.5478942430728
0.13520524154086874,0.6123725227935303,0.49885038318872127,0.6968831304373061,9.5,2.684139790697971,6.0,2.0,468.0,8352.0,17316.0,70344.0,1600884.0,0.0,1692.0,10944.0,55116.0,13787856.0,0.0,216.0,3492.0,125532.0,1221012.0,5112.0,15768.0,28764.0,139932.0,5337612.0,0.0,252.0,2052.0,68004.0,14170140.0,5832.0,58320.0,184248.0,758088.0,13111056.0,3096.0,79164.0,262584.0,1052676.0,14636412.0,15084.0,37944.0,41472.0,81216.0,4399488.0,0.0,72.0,1728.0,80964.0,234396.0,790524.0,100.0,15052.7619,0.5300442953911352,0.24632870648781063,68.65710542137789,5.216523333333333,28.32854666666667,62.84466666666667,1.2046666666666668,-0.215,556.0313867182997,14.473044719588708,38.02682693871604
0.13589522585367833,0.18496117026015557,0.4714872842659301,0.3155207091875788,8.5,1.6056353855397059,7.0,2.0,0.0,2844.0,3096.0,25056.0,1824192.0,0.0,3240.0,14652.0,668484.0,39128940.0,0.0,2304.0,57852.0,171252.0,840636.0,10980.0,24840.0,58968.0,253512.0,7250904.0,0.0,9324.0,18936.0,234144.0,18689328.0,13212.0,98676.0,258156.0,873936.0,5567544.0,3276.0,78336.0,202428.0,505368.0,2483352.0,0.0,1008.0,1044.0,1224.0,344124.0,0.0,0.0,3888.0,62316.0,170388.0,408240.0,111.0,18978.38682,0.2831917625077576,0.08867700485560764,27.290832496681983,113.3493,28.37246774193548,63.42229032258066,0.48451612903225805,0.00709677419354839,679.9752040262001,12.194487822182491,26.816319006473456
0.0951470381776769,0.2771559316119971,1.1963568499969999,0.5924917627674166,13.3,3.3658972821112956,9.0,3.0,432.0,3240.0,14472.0,89028.0,1528812.0,828.0,3348.0,25776.0,272880.0,7501392.0,0.0,756.0,5220.0,42264.0,346284.0,5436.0,51804.0,112248.0,245664.0,3283884.0,0.0,5220.0,65844.0,923220.0,48029112.0,8280.0,63756.0,156456.0,422028.0,7216596.0,9972.0,86580.0,233676.0,642456.0,4296564.0,0.0,36.0,468.0,3060.0,630360.0,828.0,2016.0,6516.0,68184.0,170568.0,501012.0,5.0,10720.10518,0.2416681060611668,-0.003216560916586999,29.485909902061167,1.12165,27.990996666666664,68.90633333333335,0.45099999999999996,-1.119,589.0021954666004,18.45717305413617,29.485909902061167
0.19438244374785876,0.38279139635059145,1.4594665829193862,2.379668064256691,20.7,3.7848458928589337,11.0,4.0,0.0,0.0,0.0,11772.0,829332.0,0.0,540.0,3744.0,25740.0,4172148.0,0.0,936.0,14616.0,51408.0,517428.0,4536.0,14868.0,34308.0,189252.0,5143968.0,0.0,396.0,4536.0,32904.0,32335056.0,17820.0,109080.0,325368.0,1321704.0,21186648.0,4284.0,58248.0,162000.0,668304.0,7418088.0,0.0,0.0,36.0,3960.0,850716.0,0.0,828.0,4860.0,98712.0,240912.0,836604.0,26.0,23385.85399,0.28315215809347144,0.10188591811349748,54.944643183788074,0.08066333333333334,24.077173333333334,64.111,0.5383333333333334,-1.191,390.02585845883,16.4933081171496,33.91023624411325
0.2887840618833872,0.9642102067855838,1.0128305617012516,1.6156326810190553,14.6,2.8496426470016476,10.0,3.0,0.0,36.0,9360.0,90720.0,1457496.0,180.0,720.0,6876.0,153540.0,3871080.0,0.0,0.0,972.0,11016.0,118692.0,144.0,6228.0,23328.0,53532.0,1655280.0,0.0,5904.0,65268.0,927504.0,48487428.0,20412.0,137808.0,325728.0,860832.0,13993128.0,3816.0,63432.0,178128.0,537912.0,2911140.0,0.0,0.0,324.0,2160.0,481824.0,864.0,2232.0,6912.0,68796.0,174744.0,504396.0,5.0,10720.10518,0.408177396325648,0.22809519574992296,50.53547876949096,7.1101,25.20313548387096,68.50064516129032,0.18612903225806454,-2.3125806451612907,494.5623419720005,12.087308520852737,50.53547876949096
0.13876372560996386,0.6663060656022554,0.5691360027854402,0.5967068311108937,6.4,1.9011544292593807,10.0,3.0,864.0,3780.0,7992.0,17568.0,8711604.0,0.0,0.0,36.0,14544.0,5059116.0,0.0,0.0,14688.0,228204.0,2422548.0,0.0,864.0,1476.0,60588.0,930924.0,144.0,180.0,1584.0,40356.0,18400572.0,396.0,6804.0,29448.0,276192.0,4141440.0,20880.0,185472.0,507312.0,1765224.0,9773928.0,0.0,684.0,2268.0,8676.0,343152.0,540.0,2268.0,9108.0,85032.0,220644.0,730116.0,13.0,537.3484137,0.2644560769481007,0.13457412959462425,39.64572613295725,358.3418,25.40254193548387,67.44693548387099,-1.4283870967741934,-2.0796774193548386,467.5756658840958,21.559491147270315,39.64572613295725
0.11029701620979548,0.40763953824054167,0.9625919961073492,1.7966244307991566,14.4,2.463115619167857,12.0,4.0,468.0,8352.0,17316.0,70344.0,1600884.0,0.0,1692.0,10944.0,55116.0,13787856.0,0.0,216.0,3492.0,125532.0,1221012.0,5112.0,15768.0,28764.0,139932.0,5337612.0,0.0,252.0,2052.0,68004.0,14170140.0,5832.0,58320.0,184248.0,758088.0,13111056.0,3096.0,79164.0,262584.0,1052676.0,14636412.0,15084.0,37944.0,41472.0,81216.0,4399488.0,0.0,72.0,1728.0,80964.0,234396.0,790524.0,100.0,15052.7619,0.3214121659175982,0.1506931617667942,31.416150673828508,1.838741935483871,17.223406451612906,70.87064516129033,-2.6990322580645163,-1.2435483870967738,267.0116074664503,4.41539164329194,27.000759030536567
0.17576868824122813,0.33549976166196116,0.7034544837003334,0.6104618706276231,9.0,2.5639881307770604,8.0,3.0,432.0,3240.0,14472.0,89028.0,1528812.0,828.0,3348.0,25776.0,272880.0,7501392.0,0.0,756.0,5220.0,42264.0,346284.0,5436.0,51804.0,112248.0,245664.0,3283884.0,0.0,5220.0,65844.0,923220.0,48029112.0,8280.0,63756.0,156456.0,422028.0,7216596.0,9972.0,86580.0,233676.0,642456.0,4296564.0,0.0,36.0,468.0,3060.0,630360.0,828.0,2016.0,6516.0,68184.0,170568.0,501012.0,5.0,10720.10518,0.28211021085858584,0.16187825923939395,49.97749998520973,10.149493548387097,28.313596774193552,73.93774193548386,0.3674193548387097,0.7087096774193548,544.8713712388,17.24912442085753,39.56273974324029
0.40100438975486047,0.7319280632544997,4.307443777806748,5.732506147216057,27.666666666666668,5.353878105941232,11.0,4.0,0.0,36.0,9360.0,90720.0,1457496.0,180.0,720.0,6876.0,153540.0,3871080.0,0.0,0.0,972.0,11016.0,118692.0,144.0,6228.0,23328.0,53532.0,1655280.0,0.0,5904.0,65268.0,927504.0,48487428.0,20412.0,137808.0,325728.0,860832.0,13993128.0,3816.0,63432.0,178128.0,537912.0,2911140.0,0.0,0.0,324.0,2160.0,481824.0,864.0,2232.0,6912.0,68796.0,174744.0,504396.0,5.0,10720.10518,0.5426450137483866,0.2901319879103423,26.643172378070567,3.2901,23.88435333333333,77.1875,0.29699999999999993,-2.4403333333333337,418.5571633716801,13.308732360324262,66.9821563566252
0.12013996824761139,0.32788296187927146,1.3179777261488905,0.6813265778547978,16.272727272727273,4.128940135258834,10.0,3.0,0.0,432.0,792.0,10404.0,141948.0,36.0,20592.0,57528.0,365724.0,20220372.0,0.0,2772.0,18396.0,24336.0,220140.0,13824.0,49464.0,96732.0,492876.0,10173276.0,288.0,12924.0,60768.0,303912.0,33592284.0,12276.0,115848.0,309888.0,1013256.0,8128080.0,1260.0,35352.0,112716.0,423180.0,1901268.0,0.0,0.0,144.0,2916.0,1182708.0,0.0,0.0,3780.0,45360.0,128664.0,504900.0,90.0,33384.18737,0.235810573004719,0.129192646484685,23.323622917823798,0.4008354838709677,26.422074193548386,58.711290322580645,0.14838709677419357,-0.269032258064516,475.76841318419025,12.1915308303362,11.1320920874876
0.14844642630434696,0.2660274014834387,1.7916707239248497,0.6565939287052106,13.666666666666666,3.627436461330458,9.0,3.0,0.0,0.0,396.0,23652.0,1052172.0,144.0,1188.0,3132.0,61992.0,15595848.0,0.0,0.0,360.0,360.0,43344.0,2988.0,5040.0,7848.0,26820.0,987372.0,8244.0,151956.0,426096.0,1934280.0,43157772.0,12564.0,61452.0,155664.0,527796.0,10154340.0,4500.0,38376.0,114804.0,299304.0,3431988.0,0.0,360.0,1872.0,4176.0,124308.0,0.0,792.0,2916.0,24228.0,75384.0,263088.0,47.0,33952.92531,0.7581907480347813,0.3021000086089297,26.3949478594926,149.36939999999996,27.836656666666666,73.38763333333333,0.08033333333333333,-0.8546666666666666,502.0639529709998,14.544086150828845,33.94362386136855
0.08712918174787218,0.48015017757547274,0.3850848124948978,0.5680860534593637,10.3,1.8466973969905989,7.0,2.0,0.0,360.0,684.0,2808.0,504684.0,144.0,11520.0,71496.0,649944.0,23835960.0,0.0,0.0,6840.0,65592.0,736416.0,7164.0,25524.0,61920.0,327996.0,6423876.0,396.0,19908.0,124992.0,485676.0,23438124.0,17352.0,104148.0,235296.0,724356.0,10497204.0,4752.0,51192.0,104760.0,365544.0,5191956.0,540.0,36504.0,88560.0,193464.0,2933136.0,0.0,0.0,1044.0,33624.0,91080.0,326556.0,244.0,21222.17111,0.5458220288673326,0.1669111969036528,45.75614660653129,3.942861290322581,28.69580967741936,68.83741935483872,0.6487096774193549,0.6177419354838709,594.4396559410003,8.913204898841569,23.10899857604965
0.22259070717348856,0.38970370088654516,3.2599804559770833,2.4580312619995768,28.3,7.319595224664421,10.0,3.0,0.0,1044.0,4608.0,20880.0,1134252.0,0.0,144.0,3780.0,16956.0,4065480.0,0.0,864.0,12888.0,40536.0,328032.0,1260.0,7632.0,18684.0,92988.0,5897304.0,0.0,36.0,3852.0,24588.0,30468240.0,10620.0,38916.0,108324.0,535356.0,14265072.0,14580.0,132732.0,380376.0,1473840.0,14401980.0,0.0,0.0,396.0,9684.0,1262484.0,0.0,828.0,5040.0,101448.0,252144.0,884520.0,26.0,23385.85399,0.46815820218253973,0.22626393901773606,81.00354433226465,1.7353612903225806,26.649909677419355,64.75096774193547,0.46483870967741925,-0.207741935483871,430.0402033000344,22.84120947281796,42.321302820237946
0.139440465540734,0.5011387620618096,2.3050044002631433,3.5973450236559392,24.5,4.261912160265746,3.0,1.0,0.0,468.0,1872.0,9036.0,1038132.0,0.0,2124.0,14076.0,95868.0,35725032.0,0.0,3096.0,10764.0,25056.0,654192.0,1584.0,2376.0,6876.0,49176.0,3458016.0,0.0,2556.0,12564.0,227556.0,17505576.0,3204.0,25128.0,88308.0,309240.0,5708808.0,18612.0,153360.0,412956.0,1626444.0,7541388.0,0.0,72.0,612.0,24624.0,1090800.0,0.0,1512.0,7992.0,93492.0,237384.0,774396.0,48.0,9205.662327,0.5524776103503245,0.3640089227993069,53.058822213289396,242.99420000000003,19.51915483870968,70.55483870967741,0.2854838709677419,-1.1283870967741934,403.3485055958398,25.795778053699227,54.20303246470969
0.08797067463687634,0.2654629170732688,1.1077089015199166,1.0374343138211999,14.9,2.4986278990507254,3.0,1.0,0.0,36.0,504.0,2880.0,2287188.0,0.0,0.0,0.0,10404.0,5999760.0,360.0,8280.0,13824.0,51984.0,3838176.0,1080.0,3456.0,4752.0,12672.0,1858428.0,0.0,0.0,180.0,10728.0,2787408.0,12852.0,87696.0,190080.0,736488.0,16177392.0,11952.0,115056.0,340452.0,1379700.0,24128460.0,0.0,0.0,0.0,13428.0,4451220.0,0.0,1440.0,5256.0,67824.0,235944.0,922968.0,6.0,17454.33105,0.5288962254062097,0.2146163521932513,67.40149863681143,8.488729032258066,20.307303225806454,66.43193548387097,-1.1777419354838707,-0.7600000000000001,350.5355644095497,21.8238490058431,33.97426034412043
0.12359674153001965,0.21715022740278211,1.9594718419667805,1.47595516511619,18.272727272727273,4.912526413484108,3.0,1.0,792.0,6660.0,12384.0,25380.0,15036228.0,2052.0,37116.0,215892.0,1494468.0,34953588.0,144.0,1800.0,3024.0,48240.0,748260.0,8676.0,52020.0,123804.0,435852.0,5531328.0,0.0,2376.0,12492.0,42876.0,2119536.0,7452.0,50652.0,106020.0,246060.0,5895216.0,7776.0,83016.0,203004.0,575028.0,8929584.0,0.0,108.0,108.0,1584.0,470016.0,36.0,684.0,4608.0,48528.0,109116.0,271800.0,5.0,3129.911321,0.5860535579365079,0.3001603408434503,71.85134528032782,6.0268999999999995,18.71773548387097,75.3174193548387,-0.8332258064516128,-0.7809677419354839,231.95717871948014,15.99482915457017,44.282242822287365
0.04109621022397209,0.4422955488844454,0.6689728592345,0.5688830513722882,9.777777777777779,2.2189536974265076,7.0,2.0,792.0,6660.0,12384.0,25380.0,15036228.0,2052.0,37116.0,215892.0,1494468.0,34953588.0,144.0,1800.0,3024.0,48240.0,748260.0,8676.0,52020.0,123804.0,435852.0,5531328.0,0.0,2376.0,12492.0,42876.0,2119536.0,7452.0,50652.0,106020.0,246060.0,5895216.0,7776.0,83016.0,203004.0,575028.0,8929584.0,0.0,108.0,108.0,1584.0,470016.0,36.0,684.0,4608.0,48528.0,109116.0,271800.0,5.0,3129.911321,0.26644927222222226,0.13743720229657685,50.34162818453328,2.9570258064516133,29.00247096774194,67.98290322580644,-0.7151612903225807,0.07483870967741936,620.3721503709999,18.9234137477334,31.418214436799882
0.08876474575859229,0.4195336396899081,0.4021276420416667,0.6931346775721068,7.5,1.7852313583289852,12.0,4.0,72.0,1296.0,3420.0,36936.0,21521520.0,0.0,216.0,540.0,28656.0,3311424.0,0.0,0.0,0.0,11844.0,653004.0,288.0,1944.0,16128.0,129276.0,6806340.0,288.0,2700.0,18540.0,297972.0,14391648.0,9252.0,87012.0,250128.0,938592.0,11903040.0,15480.0,121464.0,305748.0,1001952.0,12292884.0,0.0,0.0,1980.0,5904.0,691308.0,360.0,1260.0,6012.0,68040.0,189000.0,690228.0,10.0,446.5182684,0.26317425174825176,0.21299937562942922,67.84743744218969,3.1208935483870968,19.607519354838708,66.00419354838708,0.07774193548387096,-0.7664516129032259,274.6328711946221,13.747869288708856,38.49904449844358
0.1786370726277459,0.5412093075958105,0.8454082251939167,0.5815540858023628,12.666666666666666,2.848102325213842,4.0,1.0,0.0,0.0,2880.0,55512.0,5057964.0,1368.0,31968.0,79812.0,242748.0,17657928.0,0.0,0.0,6264.0,149652.0,2902536.0,4536.0,39996.0,81936.0,221436.0,9786132.0,0.0,36.0,13032.0,351216.0,8531964.0,4284.0,37404.0,80208.0,214488.0,2730672.0,10116.0,79272.0,287964.0,1163916.0,20858760.0,0.0,396.0,1116.0,9360.0,1004940.0,468.0,2916.0,10980.0,93492.0,232524.0,733140.0,4.0,12791.38051,0.5422083696875525,0.21384545087297493,33.42336751710273,60.4079,22.482926666666664,67.00346666666668,-1.3986666666666667,-0.5693333333333334,420.57113080714015,19.012837611373865,36.18982940823595
0.15983651377433006,0.39809799656481654,1.7562974952454582,1.5490949509563587,20.4,5.062751619621124,4.0,1.0,0.0,0.0,72.0,23472.0,643500.0,216.0,2016.0,5436.0,85932.0,15812388.0,0.0,0.0,324.0,504.0,58068.0,4824.0,11736.0,20628.0,72324.0,2121804.0,8352.0,153612.0,429120.0,1942884.0,43299900.0,11196.0,73224.0,201312.0,606780.0,11139156.0,4176.0,19152.0,53820.0,158148.0,1724076.0,0.0,288.0,1548.0,2952.0,85932.0,0.0,792.0,2592.0,22428.0,73188.0,248328.0,47.0,33952.92531,0.662163611529103,0.21860717588974743,61.434902335700215,0.6373133333333333,25.502289999999995,67.66933333333334,0.6703333333333332,-0.5113333333333333,526.8972632754901,15.083729492875232,32.76309493744443
0.0442773040360522,0.1622478308508806,1.547354153714646,0.28476633835437587,9.181818181818182,3.9598465770325193,7.0,2.0,0.0,0.0,0.0,2196.0,21240.0,24660.0,271368.0,755028.0,2755080.0,62446896.0,0.0,0.0,0.0,61668.0,426024.0,5184.0,9864.0,19188.0,140940.0,4426596.0,360.0,360.0,10296.0,166284.0,9243540.0,108.0,108.0,108.0,5148.0,369072.0,792.0,792.0,792.0,4968.0,1230948.0,0.0,0.0,0.0,36.0,80244.0,0.0,0.0,216.0,216.0,216.0,5112.0,841.0,10474.35103,0.2977650799921355,0.1366443913422311,30.30008077130327,78.6719,24.4603064516129,88.68696774193548,1.0241935483870968,0.45548387096774184,621.6134562658995,21.10961857101345,33.11301374183637
0.3173934680749655,0.3794481583188834,2.233027916679167,3.904389801304897,20.4,3.4349702246090077,12.0,4.0,612.0,3528.0,5112.0,24768.0,1285056.0,0.0,144.0,12528.0,39960.0,7385724.0,0.0,0.0,7920.0,22680.0,662292.0,14724.0,87948.0,143784.0,249120.0,4104180.0,36.0,2628.0,21240.0,232452.0,25188264.0,7128.0,75528.0,159840.0,522108.0,10818432.0,2952.0,64908.0,255276.0,1161000.0,16313040.0,0.0,1512.0,4932.0,82044.0,1626444.0,540.0,1692.0,6012.0,46692.0,174672.0,807120.0,33.0,30649.61061,0.3215989304355775,0.1748804018198279,60.18890142021818,3.606367741935484,18.89613870967742,64.37354838709676,0.3119354838709677,-1.7635483870967739,343.3346390708263,16.2050588544665,37.7609042296192
0.22604406205780575,0.5824752613217509,1.3128955743615898,0.6014895928496764,15.4,4.229353594397151,9.0,3.0,0.0,16056.0,31068.0,63288.0,8697168.0,0.0,4212.0,7956.0,106704.0,7575696.0,0.0,11772.0,23904.0,77364.0,1670688.0,9000.0,26136.0,41832.0,195120.0,7251444.0,0.0,0.0,576.0,2700.0,258012.0,15084.0,103104.0,248652.0,1007244.0,17584380.0,4680.0,55224.0,195732.0,769140.0,12195504.0,0.0,252.0,2664.0,15372.0,557424.0,0.0,756.0,2700.0,65952.0,232632.0,904356.0,3.0,3430.762574,0.588379429643179,0.248444372961625,27.7699099872555,12.1465,28.836959999999998,71.12329999999999,1.773666666666666,-1.0616666666666668,523.4784371975002,19.539165234057805,27.7699099872555
0.1372895299862147,0.23526169606442027,1.8787567391871254,1.0181668580194343,20.0,5.484842987538146,4.0,1.0,0.0,1584.0,5004.0,8568.0,2892600.0,0.0,0.0,0.0,1620.0,5294016.0,0.0,0.0,36.0,5148.0,2103840.0,36.0,1584.0,2088.0,10584.0,3175488.0,0.0,0.0,0.0,3456.0,1581732.0,9684.0,54468.0,93348.0,293148.0,8216424.0,16524.0,157608.0,446436.0,1865304.0,30358440.0,0.0,0.0,0.0,16020.0,4942260.0,0.0,1440.0,5256.0,67104.0,238824.0,937368.0,6.0,17454.33105,0.5002861931818182,0.23726198853559347,82.06402387180285,3.34216,23.690923333333334,67.581,-0.6200000000000002,-0.7330000000000001,432.0237355997303,32.257365570142774,35.60976158807012
0.20238269347040685,0.5203873336403292,1.23151596984007,2.2830328044293546,20.4,3.74208336339437,11.0,4.0,0.0,40356.0,69480.0,137772.0,8090604.0,0.0,540.0,792.0,128484.0,7688448.0,0.0,4104.0,9324.0,47088.0,1636704.0,7884.0,24552.0,36036.0,159444.0,6909444.0,0.0,108.0,684.0,2376.0,268020.0,16164.0,112932.0,297360.0,1203912.0,21801528.0,3888.0,32868.0,138780.0,531252.0,7912656.0,0.0,72.0,828.0,14472.0,425124.0,0.0,864.0,3528.0,67248.0,231912.0,916488.0,3.0,3430.762574,0.2404165089973815,0.138999815526972,30.948977666318598,0.08112333333333334,24.04224333333334,64.14233333333334,0.5586666666666668,-1.9746666666666666,428.6591988994703,12.086910436525876,30.948977666318598
0.10022613761641272,0.471935024027527,0.48653625899935005,0.5798494751319643,9.5,2.3552196437261745,6.0,2.0,36.0,540.0,1224.0,5904.0,3264156.0,0.0,0.0,0.0,20484.0,6811776.0,576.0,8856.0,16992.0,78588.0,4725108.0,7704.0,43812.0,76428.0,236952.0,6341508.0,0.0,0.0,180.0,9036.0,2848572.0,11412.0,80892.0,171828.0,634536.0,15084180.0,7524.0,94320.0,307800.0,1316196.0,20250756.0,0.0,0.0,0.0,8784.0,3747996.0,0.0,864.0,4176.0,54324.0,211104.0,831780.0,6.0,17454.33105,0.2501656996355296,0.12322293735588423,60.82942416860617,8.91488,29.124930000000003,60.60366666666666,0.567,-0.04900000000000003,535.2353001190997,22.848429139007948,31.762622985952436
0.18355510116923576,0.2764645150034613,1.383711371128409,0.41300792454467294,16.0,3.435269210173702,9.0,3.0,504.0,4464.0,8496.0,49644.0,1112580.0,0.0,684.0,14292.0,75024.0,9852588.0,0.0,0.0,10944.0,32292.0,961812.0,15156.0,103104.0,175428.0,389268.0,6043032.0,0.0,3096.0,24408.0,267120.0,27030996.0,4572.0,56556.0,128340.0,413424.0,8626428.0,2808.0,51444.0,214848.0,999360.0,12290652.0,0.0,1512.0,4860.0,87372.0,1592532.0,792.0,2700.0,8424.0,62028.0,203688.0,827748.0,33.0,30649.61061,0.3555353134072916,0.22321485640436492,71.447440137856,2.1534166666666663,28.028100000000002,61.389333333333326,0.40166666666666667,-0.4746666666666667,541.9922306317998,35.9910921786488,35.456347959207214
0.02604034229869211,0.5166108005338361,0.47456923207365737,0.4758998285959952,6.888888888888889,1.6018513261113978,2.0,1.0,0.0,1152.0,1152.0,1296.0,24737328.0,21456.0,166680.0,531720.0,2408220.0,41169420.0,0.0,0.0,0.0,0.0,148428.0,0.0,72.0,1728.0,50544.0,2817000.0,5436.0,57420.0,129132.0,285804.0,2837664.0,4572.0,57204.0,117036.0,372528.0,5664996.0,0.0,0.0,720.0,7812.0,403524.0,0.0,0.0,0.0,0.0,504.0,0.0,0.0,0.0,0.0,3924.0,15120.0,72.0,1508.7111,0.140696625,0.24917070365808924,75.21129962798985,1.7011103448275862,21.907868965517245,76.58448275862071,-3.7924137931034476,-2.0972413793103453,423.57479108699994,20.76323008387101,43.75601572776192
0.0380526736226041,0.3600518077904373,0.38974561971120847,0.44247758165156703,6.8,1.463900347925325,11.0,4.0,252.0,432.0,1080.0,4500.0,898380.0,0.0,0.0,3492.0,13932.0,6106356.0,0.0,7020.0,12204.0,32904.0,766980.0,5760.0,32148.0,52920.0,186840.0,2682288.0,0.0,12636.0,43344.0,507060.0,39385440.0,18144.0,116568.0,297684.0,994032.0,13874184.0,3024.0,73764.0,234936.0,816336.0,6865020.0,0.0,36.0,324.0,4464.0,491796.0,288.0,1620.0,4140.0,40068.0,139680.0,581364.0,5.0,6703.15719,0.6443889444444445,0.254091598682775,23.855290408801356,14.589786666666667,21.315119999999997,77.61566666666666,0.104,-0.161,185.31001257540004,7.67175464371548,30.824515902269546
0.17349684171786134,0.3079302694509828,0.22193467010946236,0.3974657687286407,4.5,0.9210685871050956,2.0,1.0,0.0,0.0,72.0,5544.0,16950312.0,0.0,504.0,2844.0,110124.0,4830840.0,0.0,252.0,504.0,38340.0,1331100.0,1728.0,7092.0,18468.0,150552.0,6398712.0,360.0,4572.0,27612.0,379404.0,18205920.0,6732.0,31212.0,91512.0,444780.0,7915104.0,16704.0,173052.0,455400.0,1359396.0,11062080.0,36.0,180.0,3384.0,7632.0,812232.0,396.0,1152.0,5832.0,65808.0,185688.0,645588.0,10.0,446.5182684,0.0,0.0,0.0,52.14939999999999,18.28826071428572,68.10125000000001,-0.012142857142857136,-0.932857142857143,254.76920979220003,19.95108169140515,36.76533376502964
0.10531059941344686,0.28947353897413264,2.24144400551075,1.6401282734027887,17.1,4.413280524372054,5.0,2.0,0.0,25668.0,44388.0,96876.0,18348516.0,0.0,252.0,720.0,109584.0,7273296.0,0.0,4068.0,7236.0,23436.0,927036.0,4068.0,9216.0,13032.0,62712.0,4813812.0,0.0,0.0,396.0,1044.0,230400.0,11412.0,63072.0,105948.0,474768.0,10553940.0,12132.0,104472.0,354096.0,1348416.0,20670372.0,0.0,792.0,3132.0,28980.0,937908.0,0.0,936.0,3852.0,75168.0,256068.0,995472.0,3.0,3430.762574,0.23092625,0.1479774646570467,41.92629860965132,4.3872193548387095,26.98186774193549,73.11677419354841,1.2467741935483871,-0.30612903225806437,508.32919400239996,17.0925240590628,5.89560662677692
0.16495899788395502,0.2724982983475646,1.3175868600946297,1.5137726669642582,14.222222222222221,3.5292869727479563,2.0,1.0,0.0,1584.0,5004.0,8568.0,2892600.0,0.0,0.0,0.0,1620.0,5294016.0,0.0,0.0,36.0,5148.0,2103840.0,36.0,1584.0,2088.0,10584.0,3175488.0,0.0,0.0,0.0,3456.0,1581732.0,9684.0,54468.0,93348.0,293148.0,8216424.0,16524.0,157608.0,446436.0,1865304.0,30358440.0,0.0,0.0,0.0,16020.0,4942260.0,0.0,1440.0,5256.0,67104.0,238824.0,937368.0,6.0,17454.33105,0.331196403256705,0.12548555103092696,43.29849586970204,2.2537035714285714,18.427628571428574,75.41642857142857,-1.5103571428571432,-0.8032142857142857,223.04684863140002,15.2531783115577,24.98114522300714
0.06377594407889232,0.3037394521787607,1.5476434585235983,1.2430092611918133,15.545454545454545,3.6581179960821926,1.0,4.0,468.0,3672.0,5652.0,10260.0,14356188.0,2016.0,30924.0,192024.0,1402488.0,35351172.0,108.0,1440.0,2376.0,42192.0,705816.0,6408.0,32364.0,71208.0,222516.0,4530708.0,0.0,2628.0,12528.0,41652.0,2106468.0,10116.0,88272.0,204084.0,558396.0,7673292.0,7236.0,69228.0,174708.0,526356.0,8055252.0,0.0,72.0,72.0,2304.0,409104.0,0.0,756.0,5148.0,53676.0,123192.0,335124.0,5.0,3129.911321,0.35208744444444445,0.2517474738557214,39.45687695155645,6.242603225806451,16.759335483870966,75.2416129032258,-0.5499999999999998,-0.9354838709677421,223.44238573339015,7.44109414093769,32.01578281061877
0.10079783640682245,0.34390201546141375,0.6896264838145834,0.8284701939979489,10.4,2.3069799052907207,12.0,4.0,0.0,1512.0,4500.0,60480.0,4570812.0,360.0,4680.0,11772.0,80136.0,15725088.0,0.0,0.0,1152.0,35244.0,925524.0,648.0,5328.0,11772.0,29772.0,4261716.0,0.0,396.0,12240.0,345384.0,7897032.0,11664.0,93384.0,178056.0,452844.0,10234260.0,9432.0,76068.0,273564.0,1198260.0,21777552.0,0.0,432.0,1224.0,9324.0,922248.0,468.0,2988.0,9180.0,100764.0,291456.0,930024.0,4.0,12791.38051,0.29601270129870133,0.1118449958944398,52.25007168123186,3.533751612903226,19.044525806451613,70.94709677419354,-1.6829032258064511,-0.33774193548387094,240.59424886829996,22.22140827620671,31.685836723678364
0.17295889403250184,0.6284873172980062,1.1652826017152778,1.0753513274105886,16.0,3.29865352266579,11.0,4.0,108.0,9108.0,15480.0,52092.0,1196892.0,0.0,972.0,4140.0,7128.0,11003004.0,0.0,4644.0,7812.0,40752.0,1343340.0,216.0,2052.0,8676.0,26172.0,6104664.0,0.0,0.0,1080.0,1332.0,13331664.0,7164.0,49356.0,105264.0,358128.0,15109992.0,18900.0,129924.0,357300.0,1605852.0,17765928.0,0.0,216.0,324.0,9972.0,2187180.0,0.0,0.0,4968.0,86148.0,285156.0,1039860.0,18.0,6622.610663,0.26083635588955706,0.2402844961384589,57.2588891507023,0.16073333333333334,21.46331666666667,65.13833333333334,-2.4753333333333325,-3.088333333333334,385.15491807399985,21.9728956322146,35.2859935184877
0.1251678189502854,0.47020456617927675,0.5995318187889299,0.6253586353084905,8.0,2.21485939450856,11.0,4.0,0.0,900.0,900.0,1224.0,14660424.0,1836.0,26928.0,189648.0,1375380.0,35085888.0,0.0,0.0,648.0,33300.0,662580.0,3708.0,18648.0,44280.0,179388.0,5048568.0,0.0,2232.0,11808.0,41724.0,2099664.0,8568.0,68112.0,154008.0,483804.0,5764968.0,12204.0,108108.0,255312.0,694944.0,9868752.0,0.0,36.0,72.0,1944.0,553896.0,0.0,936.0,5184.0,57312.0,129168.0,329580.0,5.0,3129.911321,0.5544151075120873,0.35759339550005076,41.95971087799137,637.8042999999999,21.83971,79.46563333333332,-1.276,-0.8133333333333332,198.09756471600005,10.48859518529295,41.95971087799137
0.03649054405851655,0.23125494897859503,0.9571178970493331,0.64267654366632,10.0,1.8890313483875358,8.0,3.0,72.0,4356.0,19332.0,275400.0,5139036.0,0.0,0.0,2880.0,57708.0,1771632.0,0.0,1512.0,6588.0,29376.0,1913868.0,180.0,4212.0,16704.0,23004.0,1355580.0,0.0,0.0,0.0,79920.0,285912.0,4068.0,18396.0,75420.0,332028.0,10368144.0,20448.0,134640.0,366120.0,1389384.0,35211204.0,0.0,180.0,252.0,792.0,1393848.0,540.0,1764.0,6732.0,119160.0,298152.0,953784.0,2.0,17057.75366,0.17781358055555554,0.07882766709043358,30.877350738770133,3.6719225806451603,30.368667741935486,62.780322580645176,-0.8490322580645161,0.013548387096774184,589.4187111023102,19.847646083157734,30.877350738770133
0.12492013422525705,0.37604583416011084,0.6546704010847222,0.5719904035281365,10.555555555555555,2.668525642207472,5.0,2.0,0.0,0.0,72.0,23472.0,643500.0,216.0,2016.0,5436.0,85932.0,15812388.0,0.0,0.0,324.0,504.0,58068.0,4824.0,11736.0,20628.0,72324.0,2121804.0,8352.0,153612.0,429120.0,1942884.0,43299900.0,11196.0,73224.0,201312.0,606780.0,11139156.0,4176.0,19152.0,53820.0,158148.0,1724076.0,0.0,288.0,1548.0,2952.0,85932.0,0.0,792.0,2592.0,22428.0,73188.0,248328.0,47.0,33952.92531,0.49742339518879,0.11091557018854002,46.323231608665395,1.8741064516129033,29.182503225806453,63.725806451612904,0.5738709677419355,0.33612903225806456,706.0313060691602,11.279333297625382,24.82508613495978
0.27819450993504863,0.43207161822509976,2.751639921378625,2.1240858183294034,27.5,7.348273717759935,10.0,3.0,612.0,3528.0,5112.0,24768.0,1285056.0,0.0,144.0,12528.0,39960.0,7385724.0,0.0,0.0,7920.0,22680.0,662292.0,14724.0,87948.0,143784.0,249120.0,4104180.0,36.0,2628.0,21240.0,232452.0,25188264.0,7128.0,75528.0,159840.0,522108.0,10818432.0,2952.0,64908.0,255276.0,1161000.0,16313040.0,0.0,1512.0,4932.0,82044.0,1626444.0,540.0,1692.0,6012.0,46692.0,174672.0,807120.0,33.0,30649.61061,0.5106824519400353,0.25657476916441463,96.48953035014858,0.261741935483871,25.56695806451613,60.52451612903224,0.5180645161290323,-0.7461290322580645,498.7988938104176,27.81244763755965,44.89684470277704
0.1103099832040348,0.19793585369003217,1.5224478399627919,1.5951347031319507,16.3,3.5489244177403827,1.0,4.0,468.0,7524.0,13536.0,62496.0,184932.0,252.0,47520.0,203508.0,951732.0,52800732.0,0.0,144.0,180.0,2160.0,77004.0,1368.0,26172.0,56700.0,405864.0,4047984.0,2880.0,63468.0,152640.0,429660.0,8939844.0,17784.0,111924.0,312372.0,977724.0,9715392.0,4392.0,6588.0,6876.0,18216.0,632376.0,72.0,72.0,684.0,105300.0,334944.0,468.0,1260.0,4248.0,19332.0,38772.0,188352.0,378.0,15241.42093,0.36890411521110467,0.1689598624156833,15.38481825535445,0.7492741935483872,16.37795483870968,72.94161290322582,-1.599032258064516,-2.8741935483870975,340.2994045967001,11.416104869459538,38.95634037081139
0.06737568434379862,0.20286169655132014,0.821378564890985,0.3954628233558096,10.9,2.837300150830402,9.0,3.0,36.0,540.0,1224.0,5904.0,3264156.0,0.0,0.0,0.0,20484.0,6811776.0,576.0,8856.0,16992.0,78588.0,4725108.0,7704.0,43812.0,76428.0,236952.0,6341508.0,0.0,0.0,180.0,9036.0,2848572.0,11412.0,80892.0,171828.0,634536.0,15084180.0,7524.0,94320.0,307800.0,1316196.0,20250756.0,0.0,0.0,0.0,8784.0,3747996.0,0.0,864.0,4176.0,54324.0,211104.0,831780.0,6.0,17454.33105,0.4932821152915017,0.26882731687975314,63.43413474773079,3.7530466666666666,29.28393666666667,60.29866666666666,-0.7883333333333336,-0.09200000000000003,554.390233338,12.916130051090065,36.71543058182141
0.26554755654301976,0.6079945824703137,3.6415171757195837,10.90919162948003,34.1,3.483190548051282,12.0,4.0,0.0,35208.0,60804.0,122148.0,18437760.0,0.0,2268.0,3888.0,143244.0,7604460.0,0.0,12996.0,29484.0,108108.0,2827908.0,4212.0,14976.0,18936.0,67572.0,5161536.0,0.0,0.0,504.0,1800.0,252000.0,2916.0,27936.0,65448.0,256500.0,4584384.0,19980.0,114804.0,361764.0,1471644.0,24566616.0,0.0,864.0,3744.0,34812.0,1090944.0,0.0,936.0,4356.0,73656.0,240444.0,935460.0,3.0,3430.762574,0.20310114307934413,0.10876678954382565,51.013539724300514,0.12933870967741937,21.052964516129034,65.57548387096773,0.4961290322580644,-2.4454838709677413,363.5263091677495,4.822460060002547,30.5187533073663
0.11267023965200477,0.22063571479427493,1.6504006032335004,1.860205782254429,16.3,3.7967390628791025,1.0,4.0,756.0,2196.0,11520.0,29196.0,945000.0,0.0,2628.0,13860.0,88416.0,5568588.0,0.0,3996.0,10944.0,17640.0,200700.0,612.0,1044.0,11232.0,51696.0,2955960.0,0.0,14508.0,71316.0,368280.0,22536036.0,9576.0,40788.0,152460.0,471348.0,12768480.0,14760.0,153684.0,348696.0,1285200.0,17034228.0,0.0,0.0,2592.0,30996.0,5403132.0,360.0,1476.0,5832.0,64116.0,161892.0,798840.0,136.0,15407.79543,0.2588190265728547,0.1558787044451496,43.93327415963734,1.8548451612903227,16.78897096774194,75.34612903225806,-2.075806451612903,-1.1941935483870967,270.17432752477293,15.02069840496955,41.069412070438844
0.05864950968410337,0.28330674633527464,0.7020938596015236,0.43578346993934236,5.090909090909091,2.395215294292847,10.0,3.0,0.0,0.0,0.0,72.0,7164.0,23868.0,270036.0,753912.0,2745720.0,61694784.0,0.0,0.0,0.0,65124.0,446868.0,6336.0,10980.0,19764.0,143640.0,4862088.0,324.0,324.0,10044.0,164448.0,9299376.0,756.0,1116.0,1476.0,17964.0,1763748.0,0.0,0.0,0.0,252.0,180684.0,0.0,0.0,0.0,0.0,13536.0,0.0,36.0,108.0,288.0,288.0,4248.0,841.0,10474.35103,0.38253481333306,0.1473762159014382,72.23609502033305,22.887767741935484,19.19681290322581,93.45225806451614,-5.1170967741935485,-0.25225806451612903,254.06210152700112,20.263365352981857,35.980132461188
0.08550186058755738,0.21362838066663326,1.4442012279782084,0.41612121653062395,14.7,3.962785523311735,9.0,3.0,0.0,0.0,72.0,28872.0,486324.0,216.0,900.0,7056.0,52848.0,16033032.0,0.0,0.0,396.0,504.0,41184.0,4644.0,8460.0,16308.0,52488.0,1460736.0,7884.0,150336.0,421128.0,1904616.0,42705360.0,11016.0,67320.0,173412.0,585396.0,10664748.0,4716.0,31788.0,89928.0,248832.0,2886084.0,0.0,180.0,1692.0,3528.0,78408.0,0.0,1044.0,2880.0,23616.0,75564.0,264384.0,47.0,33952.92531,0.4779767788093911,0.37728403124527976,82.28919608360518,1.5618966666666665,28.28542666666666,75.11599999999999,0.06933333333333333,-0.5450000000000002,588.4670257032,20.826526721733185,43.642493077002186
0.1368596220878113,0.48923290088745996,1.8673585632333336,0.723519873703595,17.5,5.932271880697548,10.0,3.0,0.0,1512.0,4500.0,60480.0,4570812.0,360.0,4680.0,11772.0,80136.0,15725088.0,0.0,0.0,1152.0,35244.0,925524.0,648.0,5328.0,11772.0,29772.0,4261716.0,0.0,396.0,12240.0,345384.0,7897032.0,11664.0,93384.0,178056.0,452844.0,10234260.0,9432.0,76068.0,273564.0,1198260.0,21777552.0,0.0,432.0,1224.0,9324.0,922248.0,468.0,2988.0,9180.0,100764.0,291456.0,930024.0,4.0,12791.38051,0.34341019384451094,0.16645631412470902,71.46357567494232,0.3536,25.200819354838714,66.23193548387097,-1.8800000000000001,-0.42451612903225805,427.4068379500002,17.717636225096406,36.85948501229745
0.16782490486029306,0.3082152970840924,0.44577843063995976,0.6482244858409006,8.3,2.037722799947347,11.0,4.0,0.0,36.0,108.0,11340.0,3994740.0,0.0,72.0,972.0,45288.0,3933756.0,0.0,360.0,720.0,29088.0,977220.0,180.0,2232.0,7740.0,47772.0,3698136.0,396.0,5040.0,28836.0,383796.0,18280116.0,7776.0,55584.0,150480.0,727668.0,12757932.0,17424.0,156420.0,412668.0,1235736.0,9623160.0,0.0,72.0,2628.0,8316.0,866448.0,252.0,1044.0,5760.0,63108.0,180720.0,652716.0,10.0,446.5182684,0.41083025288812197,0.22998232275469366,31.724767350925532,3.444423333333333,21.39098,66.12866666666666,-0.02333333333333333,-0.8943333333333333,227.75378461900007,21.11375734873492,31.724767350925532
0.060956181574756955,0.23356311308059544,0.9527290569801666,0.46459387289943893,10.272727272727273,2.874357118406342,8.0,3.0,0.0,0.0,36.0,144.0,90864.0,0.0,1692.0,4176.0,46152.0,4248288.0,0.0,324.0,324.0,16668.0,230184.0,2052.0,7344.0,8172.0,33228.0,1562616.0,0.0,4716.0,51264.0,347220.0,42239952.0,19476.0,102708.0,206496.0,921744.0,14659020.0,7092.0,84492.0,277632.0,971208.0,5814540.0,0.0,360.0,1188.0,3924.0,2396196.0,0.0,0.0,2700.0,81144.0,236124.0,801036.0,51.0,32919.87338,0.2607576175098105,0.1348913092946976,62.278349572642234,9.081377419354842,28.013816129032257,65.91064516129032,0.5212903225806451,0.7877419354838711,574.7386596051102,15.637120901021877,34.321850205186365
0.09811632788058082,0.3924637281653595,0.6316649059941025,0.3138012011937828,9.0,2.106294096766539,5.0,2.0,972.0,6840.0,12132.0,24768.0,763236.0,0.0,180.0,2916.0,7236.0,12204504.0,36.0,8712.0,16488.0,86688.0,2108304.0,2664.0,23436.0,53352.0,177192.0,11528928.0,0.0,0.0,1188.0,1944.0,13937580.0,13104.0,89136.0,200952.0,727092.0,14840172.0,9720.0,79308.0,239292.0,1160532.0,12726000.0,0.0,108.0,252.0,7344.0,1636416.0,0.0,0.0,4860.0,74700.0,258660.0,948492.0,18.0,6622.610663,0.2635419723331318,0.16859668708300635,34.54598702379342,496.1978,23.02060967741935,73.25509677419355,-0.09548387096774186,-1.3629032258064515,377.57835341379996,7.60630056524266,34.677782073741135
0.13488274203459052,0.3466425547993771,0.9743732610775031,0.6484584308186552,15.5,2.8846959668569165,4.0,1.0,0.0,324.0,1080.0,5688.0,373428.0,0.0,4716.0,9072.0,27468.0,5372712.0,0.0,1116.0,29052.0,141300.0,2318760.0,12672.0,56844.0,104364.0,330048.0,7367256.0,0.0,0.0,360.0,4752.0,6465744.0,3168.0,28692.0,70884.0,222732.0,8117892.0,10296.0,131652.0,384840.0,1607904.0,26628948.0,0.0,360.0,360.0,2916.0,4186764.0,0.0,324.0,5184.0,59004.0,185364.0,798480.0,69.0,17428.37218,0.5013680757463168,0.3146587709749418,46.558492664811915,39.4634,23.817960000000006,59.376933333333334,0.791,-1.218,575.8535525126499,16.213341333626158,48.07981085966203
0.2413400456769452,0.46273039112503284,1.2499086709468115,0.894041211641526,17.09090909090909,3.1588865497478973,10.0,3.0,0.0,1368.0,2016.0,18144.0,824652.0,0.0,2952.0,7272.0,66780.0,4424256.0,0.0,2412.0,2952.0,43740.0,457164.0,6948.0,20448.0,36396.0,163224.0,5204412.0,0.0,5544.0,53640.0,357876.0,42842880.0,3960.0,25092.0,54180.0,335772.0,7005744.0,19116.0,147420.0,402156.0,1398312.0,8457336.0,0.0,612.0,1728.0,5328.0,3746628.0,0.0,0.0,1296.0,76932.0,225072.0,752148.0,51.0,32919.87338,0.37520287074482717,0.2797337205635276,49.19599859027157,5.7125,25.016709677419364,59.45396774193549,0.5203225806451612,-0.9029032258064515,470.22900540630025,19.14345054720752,49.19599859027157
0.13634552240917722,0.2349421015230632,0.28306782292641663,0.4375451983626489,5.6,1.209452760802788,6.0,2.0,432.0,3240.0,14472.0,89028.0,1528812.0,828.0,3348.0,25776.0,272880.0,7501392.0,0.0,756.0,5220.0,42264.0,346284.0,5436.0,51804.0,112248.0,245664.0,3283884.0,0.0,5220.0,65844.0,923220.0,48029112.0,8280.0,63756.0,156456.0,422028.0,7216596.0,9972.0,86580.0,233676.0,642456.0,4296564.0,0.0,36.0,468.0,3060.0,630360.0,828.0,2016.0,6516.0,68184.0,170568.0,501012.0,5.0,10720.10518,0.18001789992877493,0.16965749031758237,63.009072094814236,1.0824566666666666,29.16651666666666,70.257,1.3249999999999997,1.9213333333333331,671.8650103002994,18.021789631683543,31.20173584255779
0.08996016714953955,0.4135479249599362,0.610458644874875,0.5781067071883272,10.3,1.9965093194436776,10.0,3.0,1368.0,4500.0,9324.0,57384.0,991152.0,1476.0,86148.0,317232.0,1322028.0,56631060.0,0.0,72.0,72.0,3096.0,111960.0,936.0,13284.0,26028.0,297108.0,2219148.0,5004.0,70632.0,159120.0,439668.0,9053388.0,8568.0,54864.0,179388.0,485532.0,4833900.0,8892.0,23148.0,29016.0,78840.0,820440.0,1260.0,1332.0,4896.0,142380.0,525276.0,216.0,1008.0,3960.0,28764.0,60192.0,315468.0,378.0,15241.42093,0.25218561830345293,0.1719574429863284,49.881171841490755,0.1809451612903226,23.167729032258073,69.69354838709678,-1.6009677419354837,-2.743870967741936,507.43624284687013,7.372140494900234,36.18941374017274
0.17723893560368248,0.4438128310117787,3.2144603984520836,5.632207876908239,32.1,5.08005259778978,3.0,1.0,0.0,432.0,792.0,10404.0,141948.0,36.0,20592.0,57528.0,365724.0,20220372.0,0.0,2772.0,18396.0,24336.0,220140.0,13824.0,49464.0,96732.0,492876.0,10173276.0,288.0,12924.0,60768.0,303912.0,33592284.0,12276.0,115848.0,309888.0,1013256.0,8128080.0,1260.0,35352.0,112716.0,423180.0,1901268.0,0.0,0.0,144.0,2916.0,1182708.0,0.0,0.0,3780.0,45360.0,128664.0,504900.0,90.0,33384.18737,0.6333856316716995,0.25399780663057314,73.85464965767542,0.37608709677419355,21.688451612903226,60.00290322580646,0.39129032258064517,-0.5745161290322578,552.9102714481494,17.825035907836302,38.41010529548634
0.14510644975881987,0.3772732128746704,0.7628094630049642,0.6872668911726334,8.2,1.9076821920234468,10.0,3.0,0.0,1116.0,5328.0,15984.0,874152.0,144.0,1512.0,19512.0,361116.0,21854232.0,0.0,0.0,2484.0,35064.0,634536.0,72.0,1548.0,9900.0,105948.0,4010544.0,648.0,20052.0,126252.0,486396.0,23258952.0,17568.0,103572.0,263484.0,977616.0,10432332.0,10476.0,75168.0,147492.0,524340.0,8006184.0,1368.0,44964.0,107460.0,246096.0,3613320.0,0.0,0.0,1188.0,35100.0,102636.0,389448.0,244.0,21222.17111,0.0,0.0,0.0,15.8769,24.39876129032258,61.41,-0.6219354838709678,-1.0596774193548388,477.9079881858199,10.786777906577239,21.693615203986173
0.09479440540016518,0.18453889826719816,0.7526982528233445,0.35243653709042244,7.2,2.2854447989705458,6.0,2.0,0.0,1368.0,2016.0,18144.0,824652.0,0.0,2952.0,7272.0,66780.0,4424256.0,0.0,2412.0,2952.0,43740.0,457164.0,6948.0,20448.0,36396.0,163224.0,5204412.0,0.0,5544.0,53640.0,357876.0,42842880.0,3960.0,25092.0,54180.0,335772.0,7005744.0,19116.0,147420.0,402156.0,1398312.0,8457336.0,0.0,612.0,1728.0,5328.0,3746628.0,0.0,0.0,1296.0,76932.0,225072.0,752148.0,51.0,32919.87338,0.0349074700893183,-0.01812778391477702,22.75854883110711,262.7508,27.79962666666667,59.39086666666666,0.9426666666666667,1.6196666666666664,582.2859167716999,17.03261476036369,26.08389687904916
0.09487753719807726,0.19854879221146887,1.5598041127500417,1.5604398912705075,15.4,3.808164391429282,1.0,4.0,0.0,0.0,1584.0,31284.0,899496.0,36.0,1512.0,13212.0,44532.0,10840284.0,0.0,0.0,72.0,62748.0,578484.0,3024.0,11484.0,26748.0,103608.0,5398272.0,0.0,36.0,252.0,21564.0,8649000.0,324.0,3492.0,7020.0,44676.0,4714668.0,2556.0,88200.0,304920.0,1352016.0,26415288.0,23472.0,57636.0,68436.0,129240.0,5470776.0,0.0,0.0,1908.0,120492.0,363420.0,1351584.0,100.0,15052.7619,0.4047054650349651,0.22065599382926362,81.34471749136473,1.6570354838709678,17.259680645161296,74.40483870967743,-2.381290322580645,-1.1003225806451613,269.52303312472,20.720245667088573,36.330730093016676
0.030235487125968543,0.34533911494831276,0.6505717894810419,0.458726114083329,10.5,2.501117658523512,9.0,3.0,0.0,0.0,0.0,10044.0,1798164.0,0.0,1188.0,16848.0,579240.0,36791064.0,0.0,2556.0,51948.0,180792.0,746028.0,1008.0,2808.0,6588.0,52560.0,3502764.0,0.0,7776.0,17172.0,230760.0,18600048.0,16632.0,63360.0,162792.0,802044.0,9715392.0,8892.0,135288.0,326628.0,761940.0,3536748.0,0.0,1584.0,1656.0,1872.0,466380.0,0.0,0.0,4824.0,68328.0,201888.0,521964.0,111.0,18978.38682,0.3321807343444395,0.1931578743819323,60.68978043177201,3.20097,25.771440000000005,65.13733333333333,-0.4426666666666667,-0.4413333333333333,502.1775372676,20.77333705215534,31.79528695021167
0.39500118234397985,0.5089104249642651,3.323520917628747,5.911358871085702,29.9,4.025950043462936,11.0,4.0,0.0,1368.0,2016.0,18144.0,824652.0,0.0,2952.0,7272.0,66780.0,4424256.0,0.0,2412.0,2952.0,43740.0,457164.0,6948.0,20448.0,36396.0,163224.0,5204412.0,0.0,5544.0,53640.0,357876.0,42842880.0,3960.0,25092.0,54180.0,335772.0,7005744.0,19116.0,147420.0,402156.0,1398312.0,8457336.0,0.0,612.0,1728.0,5328.0,3746628.0,0.0,0.0,1296.0,76932.0,225072.0,752148.0,51.0,32919.87338,0.2602677424523215,0.12173070542038922,33.43625882134254,1.1124,23.989586666666664,66.15493333333333,0.6483333333333333,-0.9936666666666666,405.1727066858401,13.004338974878257,32.813751764064506
0.1797147270062288,0.25311953499305,3.8526212747172353,7.070419298448305,29.818181818181817,5.2541321963985785,3.0,1.0,180.0,1080.0,17172.0,123912.0,2553768.0,468.0,2016.0,12132.0,174276.0,4952880.0,0.0,468.0,3312.0,36360.0,205380.0,2232.0,25272.0,63936.0,137520.0,2397924.0,0.0,3276.0,55044.0,873036.0,44607456.0,8244.0,67464.0,162720.0,429912.0,7908012.0,13644.0,113436.0,286416.0,819144.0,9133344.0,0.0,72.0,576.0,3312.0,633312.0,828.0,2016.0,6696.0,69840.0,183420.0,544176.0,5.0,10720.10518,0.4495316388888888,0.20096271533257545,74.45047821728215,3.1430516129032258,20.863029032258062,71.36483870967741,0.3732258064516129,-1.7332258064516133,466.36863314633996,20.6850184272883,42.42191093357485
0.048430106298540575,0.23983833825690745,0.6687156704244167,0.45538873718312567,6.4,1.949509885793514,5.0,2.0,0.0,1224.0,1656.0,3024.0,24855408.0,24300.0,206424.0,612900.0,2663100.0,42280236.0,0.0,0.0,0.0,0.0,164556.0,0.0,108.0,19080.0,86652.0,3431232.0,5796.0,58284.0,112608.0,260532.0,2744316.0,1368.0,15444.0,34200.0,100944.0,2761236.0,0.0,504.0,3060.0,19728.0,1051632.0,0.0,0.0,180.0,648.0,16740.0,0.0,0.0,0.0,540.0,1728.0,6696.0,72.0,1508.7111,0.9733416753968254,0.38031431851097025,93.51899469701758,4.649167741935484,25.911464516129033,78.06032258064515,-1.6748387096774195,-2.240645161290323,526.7966953156,25.198620908310673,49.12013774834965
0.05488391317605812,0.31302175646476993,0.38602152267945833,0.6123238279101296,7.6,1.2772320268759267,12.0,4.0,36.0,900.0,32760.0,130248.0,784260.0,216.0,45612.0,134424.0,555732.0,45369864.0,0.0,36.0,3276.0,12960.0,710784.0,3816.0,25020.0,84996.0,335880.0,5411196.0,0.0,5256.0,26640.0,264132.0,5267916.0,4284.0,19512.0,84276.0,255852.0,3836376.0,16164.0,98532.0,194040.0,616968.0,8426952.0,0.0,0.0,5796.0,59184.0,808812.0,648.0,1656.0,6948.0,87912.0,218700.0,910404.0,9.0,12779.34997,0.5008340969276623,0.24100746666490125,55.09433097806928,18.711406451612902,17.22520967741935,82.67161290322582,-1.7609677419354834,-1.2490322580645161,115.49130747290003,17.421701495180017,44.06989409313868
0.24555208056276337,0.25479077656771604,2.389276936994048,3.5376495236688834,27.0,3.7171239502973665,4.0,1.0,0.0,0.0,36.0,144.0,90864.0,0.0,1692.0,4176.0,46152.0,4248288.0,0.0,324.0,324.0,16668.0,230184.0,2052.0,7344.0,8172.0,33228.0,1562616.0,0.0,4716.0,51264.0,347220.0,42239952.0,19476.0,102708.0,206496.0,921744.0,14659020.0,7092.0,84492.0,277632.0,971208.0,5814540.0,0.0,360.0,1188.0,3924.0,2396196.0,0.0,0.0,2700.0,81144.0,236124.0,801036.0,51.0,32919.87338,0.19575879977930566,0.2907833616290161,83.64180328406175,1.4657499999999999,21.676656666666663,56.87033333333334,0.8039999999999998,-1.2263333333333333,523.2082665926697,20.468599395475728,44.976496224522926
0.09298635568047194,0.176305228259209,0.8870830401011667,0.5420302281658697,10.181818181818182,2.5082934963040335,1.0,4.0,252.0,432.0,1080.0,4500.0,898380.0,0.0,0.0,3492.0,13932.0,6106356.0,0.0,7020.0,12204.0,32904.0,766980.0,5760.0,32148.0,52920.0,186840.0,2682288.0,0.0,12636.0,43344.0,507060.0,39385440.0,18144.0,116568.0,297684.0,994032.0,13874184.0,3024.0,73764.0,234936.0,816336.0,6865020.0,0.0,36.0,324.0,4464.0,491796.0,288.0,1620.0,4140.0,40068.0,139680.0,581364.0,5.0,6703.15719,0.5651697012987014,0.2700614769984771,44.96856631064456,0.3925225806451613,17.694609677419358,68.86193548387098,-0.05677419354838708,-0.4845161290322581,288.1426824002399,13.025731968580086,33.794099214603804
0.08947018475893238,0.412710990684991,0.5141663051886364,0.5080710572972584,9.0,1.8122491370216622,3.0,1.0,0.0,72.0,144.0,900.0,30143844.0,0.0,36.0,540.0,21888.0,4385412.0,0.0,0.0,13032.0,214236.0,1961064.0,396.0,2736.0,5400.0,103104.0,1754496.0,144.0,216.0,1872.0,43632.0,18564408.0,4644.0,57456.0,156888.0,544752.0,11634660.0,17136.0,137736.0,388908.0,1485180.0,5468832.0,0.0,396.0,1800.0,7920.0,149724.0,540.0,2268.0,9072.0,84168.0,216864.0,719856.0,13.0,537.3484137,0.1747727014207198,0.3442725675274743,88.63212090226321,1.1941677419354841,22.4821064516129,70.57096774193549,-0.5477419354838708,-0.6038709677419356,442.2530814044998,21.241246476963703,49.67300899776412
0.2214731103164669,0.20174029968515664,3.906997334873826,7.649983254224387,33.63636363636363,5.096888159067212,3.0,1.0,252.0,612.0,1332.0,2952.0,80604.0,0.0,756.0,3024.0,39600.0,3574476.0,0.0,108.0,108.0,10116.0,163836.0,2736.0,11628.0,24984.0,124992.0,4372668.0,0.0,3456.0,45648.0,300600.0,37478232.0,16200.0,100368.0,236160.0,939816.0,13227192.0,9648.0,82548.0,233460.0,874152.0,10321560.0,0.0,324.0,756.0,2844.0,2290680.0,0.0,0.0,2484.0,82980.0,239940.0,846252.0,51.0,32919.87338,0.600565490303548,0.22611793192653523,71.22084510741253,4.404467741935484,20.736448387096775,64.41935483870968,0.7548387096774193,-0.8664516129032258,430.0618705248797,16.024620847788245,39.483198278620854
0.13574463485663432,0.20598667627567438,2.279488848882311,2.7005492085322724,22.09090909090909,4.7715844209083516,3.0,1.0,3312.0,23724.0,59868.0,235152.0,1241964.0,252.0,7056.0,36936.0,153000.0,37385064.0,0.0,2736.0,9720.0,21456.0,641772.0,6660.0,50220.0,140148.0,594144.0,8434872.0,0.0,1656.0,8748.0,178200.0,15991812.0,2052.0,14040.0,43848.0,172620.0,924120.0,10728.0,95580.0,267048.0,1057572.0,8059896.0,0.0,108.0,468.0,18864.0,820368.0,0.0,1404.0,8388.0,87552.0,218628.0,710388.0,48.0,9205.662327,0.72694592788063,0.33589571874128693,81.87588938153223,8.340145161290323,19.07733548387097,69.74935483870969,-0.033870967741935466,-1.062258064516129,337.50283848388995,19.64472641647338,45.972765537407135
0.14938757526472304,0.27877065131112017,1.6275897124147507,1.6389930789295704,12.11111111111111,3.911345825444838,5.0,2.0,0.0,0.0,72.0,1116.0,72900.0,0.0,180.0,2196.0,147744.0,3510864.0,0.0,684.0,9288.0,26424.0,211392.0,0.0,1116.0,8136.0,132192.0,1343448.0,0.0,756.0,8064.0,78624.0,44472636.0,9720.0,86292.0,254448.0,1131696.0,14460120.0,16452.0,128556.0,315000.0,911160.0,5473800.0,0.0,0.0,2484.0,31680.0,1472652.0,180.0,1224.0,5148.0,65340.0,185796.0,680724.0,13.0,19435.77403,0.3824884939056852,0.2141006425814727,31.414995862444943,340.20149999999995,24.99880322580645,69.98664516129033,0.45322580645161303,-0.4951612903225809,479.04284072280007,17.141278521084786,47.11306053379295
0.2084018593485025,0.5167782988262046,4.906784879742634,10.625979939372858,37.2,6.132159913859864,3.0,1.0,0.0,0.0,72.0,1692.0,122580.0,0.0,0.0,5976.0,20124.0,5088636.0,0.0,0.0,6984.0,15408.0,1749888.0,8568.0,56412.0,85968.0,130032.0,2382516.0,72.0,3168.0,25200.0,264060.0,27176832.0,14004.0,126072.0,260496.0,799956.0,18152712.0,288.0,40896.0,205416.0,1020240.0,11685960.0,0.0,1152.0,5220.0,73656.0,1293444.0,864.0,2772.0,8532.0,55188.0,189972.0,816084.0,33.0,30649.61061,0.5197824415127302,0.17379148971256447,37.21805085090613,71.9851,21.802119354838712,60.860451612903226,0.6416129032258063,-0.989032258064516,483.9393493063802,21.329238348658922,37.601066148495896
0.4369188018006783,0.5640808393875651,5.149249713033375,8.067151331874303,37.2,5.75271611323831,1.0,4.0,612.0,3528.0,5112.0,24768.0,1285056.0,0.0,144.0,12528.0,39960.0,7385724.0,0.0,0.0,7920.0,22680.0,662292.0,14724.0,87948.0,143784.0,249120.0,4104180.0,36.0,2628.0,21240.0,232452.0,25188264.0,7128.0,75528.0,159840.0,522108.0,10818432.0,2952.0,64908.0,255276.0,1161000.0,16313040.0,0.0,1512.0,4932.0,82044.0,1626444.0,540.0,1692.0,6012.0,46692.0,174672.0,807120.0,33.0,30649.61061,0.5232574380170756,0.2265485029631476,68.56134393107905,0.07072903225806451,18.71716129032258,64.80129032258063,0.43225806451612897,-1.7719354838709678,365.9647865034999,10.709949679488957,39.96891023435806
0.05096711477598722,0.18142406495008354,0.4836043228046667,0.39226132725523366,7.3,1.6246215106610387,7.0,2.0,252.0,432.0,1080.0,4500.0,898380.0,0.0,0.0,3492.0,13932.0,6106356.0,0.0,7020.0,12204.0,32904.0,766980.0,5760.0,32148.0,52920.0,186840.0,2682288.0,0.0,12636.0,43344.0,507060.0,39385440.0,18144.0,116568.0,297684.0,994032.0,13874184.0,3024.0,73764.0,234936.0,816336.0,6865020.0,0.0,36.0,324.0,4464.0,491796.0,288.0,1620.0,4140.0,40068.0,139680.0,581364.0,5.0,6703.15719,0.4132534407407407,0.21357292270089434,29.687388295595078,1.6701967741935484,29.205048387096777,63.35064516129032,-0.6616129032258065,-0.3380645161290322,677.7551346880005,12.153341694605903,36.788043549070345
0.09388668821648244,0.275636525514517,1.2642358202682138,0.4631046989727703,11.5,2.895144365655663,6.0,2.0,0.0,900.0,900.0,1224.0,14660424.0,1836.0,26928.0,189648.0,1375380.0,35085888.0,0.0,0.0,648.0,33300.0,662580.0,3708.0,18648.0,44280.0,179388.0,5048568.0,0.0,2232.0,11808.0,41724.0,2099664.0,8568.0,68112.0,154008.0,483804.0,5764968.0,12204.0,108108.0,255312.0,694944.0,9868752.0,0.0,36.0,72.0,1944.0,553896.0,0.0,936.0,5184.0,57312.0,129168.0,329580.0,5.0,3129.911321,0.0,0.0,0.0,174.22170000000003,26.58563666666667,70.18403333333335,-0.4453333333333333,-0.11366666666666664,520.9055574196399,12.208334684836293,29.664940050703503
0.06391594849840226,0.17545576531660265,0.5538664582900001,0.2391501929910785,5.555555555555555,1.0581391201669503,6.0,2.0,504.0,4464.0,8496.0,49644.0,1112580.0,0.0,684.0,14292.0,75024.0,9852588.0,0.0,0.0,10944.0,32292.0,961812.0,15156.0,103104.0,175428.0,389268.0,6043032.0,0.0,3096.0,24408.0,267120.0,27030996.0,4572.0,56556.0,128340.0,413424.0,8626428.0,2808.0,51444.0,214848.0,999360.0,12290652.0,0.0,1512.0,4860.0,87372.0,1592532.0,792.0,2700.0,8424.0,62028.0,203688.0,827748.0,33.0,30649.61061,0.27046235029882404,0.15706748860283756,63.21574943767206,3.3614233333333337,28.99846,60.59299999999998,0.8496666666666666,1.5313333333333334,658.5691197894,17.723922176267582,29.881034671478933
0.1015800135456085,0.3714689848224808,1.6734515534044583,1.9573792512213017,20.4,4.263494598005993,4.0,1.0,0.0,360.0,684.0,2808.0,504684.0,144.0,11520.0,71496.0,649944.0,23835960.0,0.0,0.0,6840.0,65592.0,736416.0,7164.0,25524.0,61920.0,327996.0,6423876.0,396.0,19908.0,124992.0,485676.0,23438124.0,17352.0,104148.0,235296.0,724356.0,10497204.0,4752.0,51192.0,104760.0,365544.0,5191956.0,540.0,36504.0,88560.0,193464.0,2933136.0,0.0,0.0,1044.0,33624.0,91080.0,326556.0,244.0,21222.17111,0.7283431437526455,0.3570942496332083,82.57497860145384,0.6124033333333333,22.62327,63.04699999999998,0.3056666666666667,-0.785,522.9465777612598,20.28587587048475,44.59308414895835
0.12178656796474115,0.191676369574107,0.8410945106497406,0.4451853716695312,6.8,2.543116598431386,6.0,2.0,0.0,0.0,72.0,1116.0,72900.0,0.0,180.0,2196.0,147744.0,3510864.0,0.0,684.0,9288.0,26424.0,211392.0,0.0,1116.0,8136.0,132192.0,1343448.0,0.0,756.0,8064.0,78624.0,44472636.0,9720.0,86292.0,254448.0,1131696.0,14460120.0,16452.0,128556.0,315000.0,911160.0,5473800.0,0.0,0.0,2484.0,31680.0,1472652.0,180.0,1224.0,5148.0,65340.0,185796.0,680724.0,13.0,19435.77403,0.8565476607231872,0.3363797481092355,25.852926832943922,221.66570000000002,28.483376666666665,63.69120000000001,0.6393333333333332,1.8716666666666666,594.1327983689,5.38883473085798,38.123484656497816
0.1706122164970263,0.578826296994308,0.8031809813344245,0.5734352230147944,13.666666666666666,3.0437618542651914,4.0,1.0,0.0,0.0,36864.0,157860.0,991548.0,792.0,44532.0,129024.0,555696.0,45723960.0,0.0,108.0,2196.0,12456.0,997992.0,7740.0,51444.0,161820.0,558468.0,7580304.0,0.0,5724.0,26964.0,259884.0,5247180.0,3564.0,17352.0,57420.0,167364.0,1809468.0,14292.0,102240.0,221976.0,761040.0,9876492.0,0.0,0.0,6552.0,63468.0,863064.0,432.0,972.0,5076.0,61380.0,142092.0,605124.0,9.0,12779.34997,0.515612935296636,0.218877878477145,29.4415697492836,113.0329,21.70945,69.38400000000001,-1.1239999999999999,-1.1866666666666665,367.8410276416852,21.7230604536916,7.71850929559192
0.08285323858370895,0.45087423839562385,0.6564327597295455,0.5241716785225938,9.181818181818182,2.095031433493255,3.0,1.0,0.0,1152.0,1152.0,1296.0,24737328.0,21456.0,166680.0,531720.0,2408220.0,41169420.0,0.0,0.0,0.0,0.0,148428.0,0.0,72.0,1728.0,50544.0,2817000.0,5436.0,57420.0,129132.0,285804.0,2837664.0,4572.0,57204.0,117036.0,372528.0,5664996.0,0.0,0.0,720.0,7812.0,403524.0,0.0,0.0,0.0,0.0,504.0,0.0,0.0,0.0,0.0,3924.0,15120.0,72.0,1508.7111,0.4256437819813441,0.35109474000443597,90.02892624822087,0.29370967741935483,23.7972935483871,79.13161290322579,-2.809677419354838,-2.0164516129032264,593.2069402346899,20.359281612249053,49.27580568024992
0.19542446188159823,0.18609979948297817,2.546756916145083,3.6812292399607274,25.0,5.0049858349277105,4.0,1.0,252.0,612.0,1332.0,2952.0,80604.0,0.0,756.0,3024.0,39600.0,3574476.0,0.0,108.0,108.0,10116.0,163836.0,2736.0,11628.0,24984.0,124992.0,4372668.0,0.0,3456.0,45648.0,300600.0,37478232.0,16200.0,100368.0,236160.0,939816.0,13227192.0,9648.0,82548.0,233460.0,874152.0,10321560.0,0.0,324.0,756.0,2844.0,2290680.0,0.0,0.0,2484.0,82980.0,239940.0,846252.0,51.0,32919.87338,0.4859986109307359,0.2881931501915271,79.23282931365578,1.3603933333333336,24.305310000000006,62.54466666666667,1.1093333333333333,-0.29466666666666685,559.275779093236,22.965741391115333,44.64964784336898
0.07277730162052176,0.11956411873371771,0.5371790191941667,0.3583711906942145,7.7,1.543492806461585,6.0,2.0,0.0,0.0,6984.0,29664.0,731304.0,0.0,504.0,17424.0,341208.0,18685944.0,0.0,0.0,216.0,30528.0,211680.0,72.0,4284.0,17568.0,126972.0,3778056.0,684.0,13248.0,108756.0,447732.0,21329280.0,22536.0,137484.0,313128.0,1068732.0,14592240.0,5220.0,56160.0,120492.0,444312.0,8848296.0,900.0,33156.0,85860.0,216144.0,3438720.0,0.0,288.0,2052.0,38196.0,114120.0,436716.0,244.0,21222.17111,0.5598659794372295,0.3247063802605477,49.33134544988876,14.299563333333337,27.38371666666667,64.23466666666667,0.6696666666666669,1.9980000000000007,468.6689096424498,13.286514258332033,19.038255089877058
0.09384086694294992,0.636506019696807,0.18351345754875786,0.6918193799086838,4.6,1.8187649773441565,6.0,2.0,0.0,648.0,648.0,1116.0,20152080.0,10908.0,128304.0,469692.0,2115648.0,40664808.0,0.0,0.0,0.0,0.0,155340.0,0.0,72.0,4896.0,41436.0,2741328.0,5976.0,58896.0,130968.0,287712.0,2839896.0,14436.0,94500.0,176472.0,664416.0,6091200.0,0.0,288.0,756.0,19872.0,751500.0,0.0,0.0,0.0,0.0,864.0,0.0,0.0,0.0,0.0,2052.0,11232.0,72.0,1508.7111,0.644575669249541,0.409657810571558,31.4042581599602,16.71328,27.67999333333334,85.228,3.0819999999999994,0.11566666666666668,556.615378471,8.80842531921095,39.763968299904334
0.2382986530182166,0.562285151663379,0.8539202713959261,0.6399728732057794,10.125,2.1197259328545957,9.0,3.0,756.0,2196.0,11520.0,29196.0,945000.0,0.0,2628.0,13860.0,88416.0,5568588.0,0.0,3996.0,10944.0,17640.0,200700.0,612.0,1044.0,11232.0,51696.0,2955960.0,0.0,14508.0,71316.0,368280.0,22536036.0,9576.0,40788.0,152460.0,471348.0,12768480.0,14760.0,153684.0,348696.0,1285200.0,17034228.0,0.0,0.0,2592.0,30996.0,5403132.0,360.0,1476.0,5832.0,64116.0,161892.0,798840.0,136.0,15407.79543,0.25525,0.15692856023180607,40.60481362511289,5.143593333333333,25.770860000000003,67.63866666666667,-1.491,-1.0973333333333335,444.05098341640024,11.014051723035267,39.41450857069809
0.11864970771963346,0.34965583095576114,1.0829835047134524,1.330341499663095,12.8,2.711093838245193,1.0,4.0,0.0,2844.0,3096.0,25056.0,1824192.0,0.0,3240.0,14652.0,668484.0,39128940.0,0.0,2304.0,57852.0,171252.0,840636.0,10980.0,24840.0,58968.0,253512.0,7250904.0,0.0,9324.0,18936.0,234144.0,18689328.0,13212.0,98676.0,258156.0,873936.0,5567544.0,3276.0,78336.0,202428.0,505368.0,2483352.0,0.0,1008.0,1044.0,1224.0,344124.0,0.0,0.0,3888.0,62316.0,170388.0,408240.0,111.0,18978.38682,0.2886515517350088,0.20555877264834002,35.301677961575756,69.64999999999999,16.154132258064518,73.71961290322581,-0.3164516129032258,-0.4706451612903227,272.9432527320101,18.78448113047825,35.369736195437575
0.08095231682365357,0.3987766842382686,0.2952542115189047,0.8316279101682148,5.0,1.4394259883000249,8.0,3.0,0.0,900.0,900.0,1224.0,14660424.0,1836.0,26928.0,189648.0,1375380.0,35085888.0,0.0,0.0,648.0,33300.0,662580.0,3708.0,18648.0,44280.0,179388.0,5048568.0,0.0,2232.0,11808.0,41724.0,2099664.0,8568.0,68112.0,154008.0,483804.0,5764968.0,12204.0,108108.0,255312.0,694944.0,9868752.0,0.0,36.0,72.0,1944.0,553896.0,0.0,936.0,5184.0,57312.0,129168.0,329580.0,5.0,3129.911321,0.4112425714324744,0.2185468649615309,27.305048057663402,62.1709,29.37073870967742,64.9221935483871,-0.5348387096774194,0.445483870967742,716.1044127668605,17.88666872418521,29.337934075556994
0.2794533275188893,0.5601430528964644,3.9523006207466667,7.992529069202365,34.5,5.235220060397403,2.0,1.0,504.0,4464.0,8496.0,49644.0,1112580.0,0.0,684.0,14292.0,75024.0,9852588.0,0.0,0.0,10944.0,32292.0,961812.0,15156.0,103104.0,175428.0,389268.0,6043032.0,0.0,3096.0,24408.0,267120.0,27030996.0,4572.0,56556.0,128340.0,413424.0,8626428.0,2808.0,51444.0,214848.0,999360.0,12290652.0,0.0,1512.0,4860.0,87372.0,1592532.0,792.0,2700.0,8424.0,62028.0,203688.0,827748.0,33.0,30649.61061,0.4196344654194824,0.22588776327154142,38.9888536528889,0.18859655172413792,18.894106896551722,58.09172413793104,0.5124137931034483,-1.1748275862068969,452.19899843050007,21.382227912816177,38.9888536528889
0.16177525674962304,0.16509221517450115,1.5058301926606668,1.7835170430822207,9.285714285714286,2.2708797739616227,2.0,1.0,0.0,0.0,0.0,72.0,7164.0,23868.0,270036.0,753912.0,2745720.0,61694784.0,0.0,0.0,0.0,65124.0,446868.0,6336.0,10980.0,19764.0,143640.0,4862088.0,324.0,324.0,10044.0,164448.0,9299376.0,756.0,1116.0,1476.0,17964.0,1763748.0,0.0,0.0,0.0,252.0,180684.0,0.0,0.0,0.0,0.0,13536.0,0.0,36.0,108.0,288.0,288.0,4248.0,841.0,10474.35103,0.4899245376092555,0.2741772461849084,68.94684167131365,8.028753571428572,13.269689285714284,85.78892857142856,-3.0625,-0.23214285714285707,320.7151097420997,21.323383685279346,40.25464028459988
0.2259671815551945,0.3046274801575784,3.2817321445660608,5.473309741321122,30.09090909090909,5.314018220611611,1.0,4.0,0.0,144.0,540.0,7308.0,128160.0,0.0,1296.0,3060.0,19512.0,4957632.0,0.0,432.0,26064.0,96624.0,1656468.0,7596.0,32544.0,57708.0,137988.0,4870692.0,0.0,0.0,72.0,5760.0,6313068.0,11052.0,103284.0,258228.0,884052.0,16646616.0,3276.0,63684.0,210816.0,1044324.0,21131172.0,0.0,144.0,144.0,2088.0,3379608.0,0.0,1548.0,9396.0,81180.0,228744.0,943632.0,69.0,17428.37218,0.2490857133245647,0.2774390784193616,84.6508962181622,0.833625806451613,17.928767741935484,63.73290322580646,0.29032258064516137,-2.1287096774193546,424.1424105366002,27.126827786562004,42.315505236968114
0.20466275968433578,0.454627285733279,2.7406041827148746,1.8605342150223703,26.9,7.536948019420299,10.0,3.0,0.0,540.0,1476.0,12060.0,200376.0,0.0,72.0,2844.0,189828.0,13324104.0,3456.0,4248.0,4248.0,9396.0,210600.0,252.0,6912.0,20916.0,227232.0,8901216.0,0.0,180.0,2304.0,77364.0,16479432.0,4248.0,36252.0,93240.0,413064.0,7985808.0,19476.0,163404.0,437688.0,1431468.0,18203436.0,0.0,72.0,3492.0,32040.0,4163040.0,0.0,576.0,3888.0,70848.0,219348.0,749016.0,13.0,14435.29365,0.35520338272274204,0.24882711330059556,84.47245715390022,0.19713870967741937,25.995319354838706,60.987741935483854,0.4838709677419355,-1.8896774193548387,539.0287686546698,23.021589168866722,39.141740038533214
0.0760985795551478,0.26225116283299144,1.6981333246996666,0.7467995884371477,18.6,5.3448566054152495,9.0,3.0,288.0,756.0,2664.0,47340.0,988848.0,0.0,324.0,7848.0,54396.0,13282704.0,0.0,0.0,0.0,144.0,29520.0,6120.0,22320.0,55116.0,198000.0,3590604.0,4428.0,101016.0,321552.0,1552968.0,37457676.0,9792.0,43884.0,106056.0,367704.0,9432360.0,7884.0,90972.0,218772.0,674928.0,9784800.0,0.0,72.0,1080.0,2628.0,114408.0,0.0,936.0,2844.0,23256.0,72468.0,243360.0,47.0,33952.92531,0.5030643333333333,0.26173756471320264,54.423879561508244,5.200516666666667,27.681823333333334,77.71833333333335,-0.06999999999999999,-0.44199999999999995,521.8133761274999,13.24641290746539,23.10843551963263
0.03040841801625519,0.3690211285301739,0.5484344940609849,0.48261283301705105,7.7,1.8297286654808742,8.0,3.0,72.0,1296.0,3420.0,36936.0,21521520.0,0.0,216.0,540.0,28656.0,3311424.0,0.0,0.0,0.0,11844.0,653004.0,288.0,1944.0,16128.0,129276.0,6806340.0,288.0,2700.0,18540.0,297972.0,14391648.0,9252.0,87012.0,250128.0,938592.0,11903040.0,15480.0,121464.0,305748.0,1001952.0,12292884.0,0.0,0.0,1980.0,5904.0,691308.0,360.0,1260.0,6012.0,68040.0,189000.0,690228.0,10.0,446.5182684,0.3416562824283559,0.13350687627747085,75.18239852601006,6.648816129032259,28.296245161290333,64.81064516129034,-0.3087096774193549,-0.09580645161290316,620.0311198245998,21.518714055293675,36.147686231312534
0.08309315405000145,0.3616257011546853,0.4608393080444818,0.46793970927619266,4.0,1.1159097371914937,6.0,2.0,0.0,180.0,828.0,3204.0,20377008.0,24804.0,195660.0,592704.0,2582748.0,42100380.0,0.0,0.0,0.0,0.0,139752.0,0.0,108.0,5292.0,63036.0,2830356.0,5868.0,58716.0,130356.0,286848.0,2839068.0,792.0,26856.0,52056.0,183384.0,4262976.0,0.0,1008.0,2736.0,14724.0,875124.0,0.0,0.0,0.0,72.0,2052.0,0.0,0.0,0.0,0.0,1440.0,7308.0,72.0,1508.7111,0.9728711165470572,0.4151899726545846,43.82144794484478,139.545,27.980493333333335,81.58700000000003,1.5716666666666663,0.43533333333333335,659.4468913289999,18.92923853162326,41.91785917907535
0.09675237772829731,0.2100458836692367,0.7284680948998473,0.4646726413789162,9.555555555555555,3.402738921221636,5.0,2.0,0.0,324.0,1080.0,5688.0,373428.0,0.0,4716.0,9072.0,27468.0,5372712.0,0.0,1116.0,29052.0,141300.0,2318760.0,12672.0,56844.0,104364.0,330048.0,7367256.0,0.0,0.0,360.0,4752.0,6465744.0,3168.0,28692.0,70884.0,222732.0,8117892.0,10296.0,131652.0,384840.0,1607904.0,26628948.0,0.0,360.0,360.0,2916.0,4186764.0,0.0,324.0,5184.0,59004.0,185364.0,798480.0,69.0,17428.37218,0.3524401267714864,0.23471897199040986,41.85784927071472,401.9156,25.029906451612902,66.03529032258064,0.704516129032258,-0.5700000000000001,445.92127201889974,23.4493689539389,42.85483401103921
0.12074052869610112,0.4428307738600064,0.8439285470041668,0.7721112862543418,11.0,2.5499226680400966,11.0,4.0,72.0,1080.0,13752.0,47700.0,1066464.0,0.0,180.0,1080.0,10584.0,6058368.0,0.0,6624.0,12600.0,39024.0,710496.0,1224.0,18324.0,32904.0,119268.0,5352768.0,0.0,3888.0,30096.0,467676.0,37260648.0,24372.0,123588.0,259524.0,678996.0,10691388.0,1512.0,85176.0,280656.0,1149192.0,9985752.0,0.0,216.0,504.0,16416.0,677268.0,288.0,1656.0,4140.0,39060.0,145188.0,591264.0,5.0,6703.15719,0.12311,0.0459054551489879,28.6673875666835,3.9310633333333334,20.64491666666667,71.84833333333333,0.0823333333333333,-0.18133333333333335,220.2681969746999,17.909919899857186,28.6673875666835
0.26376699858615116,0.4121355569093561,2.032216709908055,3.2019487130020434,21.333333333333332,4.810753772575292,2.0,1.0,108.0,9108.0,15480.0,52092.0,1196892.0,0.0,972.0,4140.0,7128.0,11003004.0,0.0,4644.0,7812.0,40752.0,1343340.0,216.0,2052.0,8676.0,26172.0,6104664.0,0.0,0.0,1080.0,1332.0,13331664.0,7164.0,49356.0,105264.0,358128.0,15109992.0,18900.0,129924.0,357300.0,1605852.0,17765928.0,0.0,216.0,324.0,9972.0,2187180.0,0.0,0.0,4968.0,86148.0,285156.0,1039860.0,18.0,6622.610663,0.35149734374999997,0.2830926278129524,47.25920001814,2.2394071428571425,17.745982142857144,76.15928571428572,-0.8635714285714285,-2.3660714285714284,221.0782577663001,23.66445812515982,47.25920001814
0.1617698833042469,0.46454409740976677,1.189861878189936,0.7346450189851993,16.5,3.951583787234913,3.0,1.0,0.0,900.0,900.0,1224.0,14660424.0,1836.0,26928.0,189648.0,1375380.0,35085888.0,0.0,0.0,648.0,33300.0,662580.0,3708.0,18648.0,44280.0,179388.0,5048568.0,0.0,2232.0,11808.0,41724.0,2099664.0,8568.0,68112.0,154008.0,483804.0,5764968.0,12204.0,108108.0,255312.0,694944.0,9868752.0,0.0,36.0,72.0,1944.0,553896.0,0.0,936.0,5184.0,57312.0,129168.0,329580.0,5.0,3129.911321,0.6789274875210121,0.2051271403541939,35.96804128074631,331.92100000000005,19.528712903225806,73.4473870967742,-0.9316129032258064,-0.43774193548387097,349.7956410758801,4.54638821002833,37.74013527950359
0.09946874093906195,0.5186956558580722,0.8198354326683888,0.6300542964119218,10.454545454545455,3.0896358828599184,10.0,3.0,0.0,3348.0,4392.0,56448.0,1260072.0,0.0,3096.0,20808.0,638892.0,39235824.0,0.0,3744.0,64512.0,213840.0,822600.0,1764.0,3636.0,8316.0,71244.0,4220388.0,0.0,9576.0,19728.0,235188.0,18702396.0,6516.0,26352.0,68976.0,413496.0,5373504.0,18324.0,166428.0,399996.0,1011888.0,5169276.0,0.0,1368.0,1476.0,1944.0,760500.0,0.0,0.0,4752.0,65376.0,197244.0,498348.0,111.0,18978.38682,0.14746792431416864,0.05124179131639922,29.755087162395586,1.5262322580645162,24.55532903225807,64.06064516129032,-0.5119354838709677,-0.5396774193548388,429.11631120272403,19.13852903317743,29.755087162395586
0.1560955631012569,0.5171721178712702,1.0727110263737685,1.5978032933731248,13.4,2.772467291423575,1.0,4.0,0.0,900.0,900.0,1224.0,14660424.0,1836.0,26928.0,189648.0,1375380.0,35085888.0,0.0,0.0,648.0,33300.0,662580.0,3708.0,18648.0,44280.0,179388.0,5048568.0,0.0,2232.0,11808.0,41724.0,2099664.0,8568.0,68112.0,154008.0,483804.0,5764968.0,12204.0,108108.0,255312.0,694944.0,9868752.0,0.0,36.0,72.0,1944.0,553896.0,0.0,936.0,5184.0,57312.0,129168.0,329580.0,5.0,3129.911321,0.738193220185617,0.47763705524084,43.9886205656065,522.5536000000001,16.052983870967743,79.94938709677417,-0.9783870967741938,-1.276451612903226,109.31080098485003,11.893001314571826,43.9886205656065
0.25519681962870283,0.46891445440583535,2.942764650861192,6.531400812683337,29.6,4.082500719661321,12.0,4.0,0.0,0.0,0.0,11772.0,829332.0,0.0,540.0,3744.0,25740.0,4172148.0,0.0,936.0,14616.0,51408.0,517428.0,4536.0,14868.0,34308.0,189252.0,5143968.0,0.0,396.0,4536.0,32904.0,32335056.0,17820.0,109080.0,325368.0,1321704.0,21186648.0,4284.0,58248.0,162000.0,668304.0,7418088.0,0.0,0.0,36.0,3960.0,850716.0,0.0,828.0,4860.0,98712.0,240912.0,836604.0,26.0,23385.85399,0.3051540954520114,0.14877562857319332,61.08380355246696,0.08108709677419355,20.564861290322582,61.641612903225806,0.5248387096774193,-0.9632258064516129,365.23911027112,21.455105500480023,32.45752605357413
0.07529080852941575,0.2806358715426755,0.5866232960936557,0.6177230403199773,8.2,2.6070601368897774,8.0,3.0,0.0,504.0,756.0,6660.0,146772.0,0.0,2232.0,5904.0,51552.0,4213656.0,0.0,216.0,360.0,24912.0,249228.0,2520.0,9252.0,11988.0,62604.0,2392200.0,0.0,5148.0,52668.0,353916.0,42707592.0,15372.0,66348.0,119160.0,613080.0,12245544.0,11016.0,117792.0,357012.0,1225872.0,6919056.0,0.0,504.0,1476.0,5184.0,3013992.0,0.0,0.0,2520.0,80748.0,235728.0,797976.0,51.0,32919.87338,0.17845666280466368,0.056686307271197826,67.70843021572624,17.517593548387097,27.48578387096774,69.15516129032258,0.5061290322580645,1.6990322580645159,495.0276506316802,16.854726830627197,31.358610387681466
0.13610834828085125,0.6818182648113859,2.3665837759069026,3.2932051178967194,18.2,3.7008211332193914,2.0,1.0,0.0,36.0,9360.0,90720.0,1457496.0,180.0,720.0,6876.0,153540.0,3871080.0,0.0,0.0,972.0,11016.0,118692.0,144.0,6228.0,23328.0,53532.0,1655280.0,0.0,5904.0,65268.0,927504.0,48487428.0,20412.0,137808.0,325728.0,860832.0,13993128.0,3816.0,63432.0,178128.0,537912.0,2911140.0,0.0,0.0,324.0,2160.0,481824.0,864.0,2232.0,6912.0,68796.0,174744.0,504396.0,5.0,10720.10518,0.0,0.0,0.0,81.2938,16.356282142857147,77.38192857142857,-0.26535714285714296,-4.211785714285715,325.84598222500017,17.913316904281302,36.91767977018076
0.053887419186503235,0.47054574249423964,0.8216517698733334,0.8102726966352193,11.88888888888889,2.8275156400897554,4.0,1.0,0.0,0.0,3996.0,53892.0,4873536.0,4392.0,47448.0,75096.0,202716.0,16952292.0,0.0,36.0,9756.0,119844.0,2542248.0,7560.0,40392.0,112104.0,366948.0,12347856.0,0.0,144.0,11232.0,348228.0,8724492.0,7236.0,91152.0,230868.0,729180.0,12392712.0,4752.0,42480.0,161352.0,642168.0,10709352.0,0.0,216.0,864.0,4932.0,544176.0,468.0,2736.0,7416.0,60660.0,180072.0,673452.0,4.0,12791.38051,0.6066153304888677,0.3038385765794875,80.53203868649976,1.3491666666666664,22.467763333333334,68.46266666666665,-1.604666666666667,-0.1853333333333333,478.76991223655955,19.558972922115174,43.8186601861494
0.12553751074543404,0.2076766212278148,0.8885993224779889,0.3920163759554773,6.7272727272727275,2.361388208774117,7.0,2.0,0.0,0.0,72.0,1692.0,122580.0,0.0,0.0,5976.0,20124.0,5088636.0,0.0,0.0,6984.0,15408.0,1749888.0,8568.0,56412.0,85968.0,130032.0,2382516.0,72.0,3168.0,25200.0,264060.0,27176832.0,14004.0,126072.0,260496.0,799956.0,18152712.0,288.0,40896.0,205416.0,1020240.0,11685960.0,0.0,1152.0,5220.0,73656.0,1293444.0,864.0,2772.0,8532.0,55188.0,189972.0,816084.0,33.0,30649.61061,0.37195990880684826,0.13472224104708577,28.445552707075475,76.2108,29.195000000000004,63.39967741935485,0.6722580645161289,0.9667741935483875,611.4668423319997,15.35249532413942,28.961389767942535
0.11012842501572942,0.2014905128268909,1.185571576780341,0.887755514237465,13.181818181818182,3.2876995583204907,3.0,1.0,72.0,1296.0,3420.0,36936.0,21521520.0,0.0,216.0,540.0,28656.0,3311424.0,0.0,0.0,0.0,11844.0,653004.0,288.0,1944.0,16128.0,129276.0,6806340.0,288.0,2700.0,18540.0,297972.0,14391648.0,9252.0,87012.0,250128.0,938592.0,11903040.0,15480.0,121464.0,305748.0,1001952.0,12292884.0,0.0,0.0,1980.0,5904.0,691308.0,360.0,1260.0,6012.0,68040.0,189000.0,690228.0,10.0,446.5182684,0.6506853309190809,0.3027599714292548,90.52452705311676,3.5965741935483875,20.388848387096775,68.63290322580643,-0.16774193548387098,-0.716451612903226,304.2861910807299,25.47948665392407,45.37592687193245
0.09209020811783125,0.1996935004481585,0.42623589171900456,0.41496141674727555,5.0,1.181105296752725,12.0,4.0,0.0,2844.0,3096.0,25056.0,1824192.0,0.0,3240.0,14652.0,668484.0,39128940.0,0.0,2304.0,57852.0,171252.0,840636.0,10980.0,24840.0,58968.0,253512.0,7250904.0,0.0,9324.0,18936.0,234144.0,18689328.0,13212.0,98676.0,258156.0,873936.0,5567544.0,3276.0,78336.0,202428.0,505368.0,2483352.0,0.0,1008.0,1044.0,1224.0,344124.0,0.0,0.0,3888.0,62316.0,170388.0,408240.0,111.0,18978.38682,0.365761994237521,0.2377247519994728,31.871680725367824,24.3631,15.457232258064511,71.38348387096774,-0.42129032258064514,-0.8080645161290325,270.8292385316135,18.79452725658172,31.871680725367824
0.06283973632420829,0.26683435983295684,0.68424459794375,0.3113838461912672,12.2,2.6714649938573247,5.0,2.0,144.0,1296.0,13824.0,212580.0,4250628.0,0.0,72.0,7992.0,169992.0,2584656.0,0.0,5292.0,35028.0,119232.0,3711276.0,6084.0,39528.0,98388.0,284940.0,5554620.0,0.0,0.0,0.0,81684.0,387216.0,2628.0,8748.0,41652.0,258912.0,11876724.0,15948.0,108144.0,291708.0,1076688.0,28221228.0,0.0,180.0,252.0,828.0,1158588.0,576.0,1800.0,6696.0,119196.0,296604.0,936540.0,2.0,17057.75366,0.46660721230158736,0.13774753171651713,53.1039696177648,11.557396774193547,26.716751612903234,66.50612903225807,-0.6890322580645163,-0.5280645161290323,464.39278495799994,15.775180935812529,37.32878868195227
0.054036238604893684,0.4559108134444629,0.9317361724882954,0.4453766064825156,11.545454545454545,3.097374457472064,8.0,3.0,0.0,0.0,0.0,0.0,3762360.0,0.0,0.0,1152.0,44100.0,3371364.0,0.0,3204.0,3240.0,35100.0,712332.0,4608.0,31788.0,68760.0,160020.0,2079972.0,36.0,36.0,576.0,3492.0,6972408.0,15408.0,68832.0,217476.0,669816.0,25133436.0,7128.0,122400.0,353376.0,1506924.0,19474812.0,0.0,0.0,0.0,1152.0,1961208.0,0.0,288.0,4284.0,56232.0,140832.0,720828.0,12.0,5480.991045,0.44014610192837456,0.1539137000067777,76.30695996617926,14.980287096774195,28.635741935483864,74.2348387096774,0.7138709677419355,0.8780645161290326,437.37325077113974,19.408224273858163,42.228460708556426
0.16056714578964973,0.5824997824565831,0.871486817883737,0.6018864727361093,14.0,3.0854710219135915,4.0,1.0,72.0,468.0,1044.0,5400.0,1631988.0,0.0,5436.0,38916.0,160704.0,7778952.0,0.0,5004.0,16776.0,35640.0,527652.0,2952.0,8928.0,43596.0,184860.0,6713064.0,0.0,15948.0,76716.0,385992.0,22281840.0,8424.0,34200.0,109656.0,381456.0,10997712.0,14220.0,151920.0,346536.0,1225944.0,13950468.0,0.0,0.0,2268.0,25056.0,4760928.0,396.0,1512.0,5868.0,61056.0,149004.0,736560.0,136.0,15407.79543,0.0,0.0,0.0,87.8369,21.095436666666668,67.02006666666668,-1.1359999999999997,-1.0129999999999997,438.70056405209016,13.054379939805848,36.9624525392545
0.2371682282748056,0.5271327774016539,3.341211926544333,7.308249575753594,31.8,4.998703407837672,3.0,1.0,612.0,720.0,3600.0,11592.0,730656.0,36.0,2700.0,13176.0,217044.0,5406300.0,0.0,1872.0,29376.0,61884.0,360288.0,4248.0,13176.0,32508.0,312768.0,3733632.0,0.0,936.0,9036.0,78300.0,44746380.0,11448.0,83844.0,240228.0,879156.0,9486324.0,10944.0,116784.0,278208.0,887832.0,5650632.0,0.0,0.0,3096.0,54144.0,1911708.0,0.0,828.0,4140.0,62568.0,176148.0,638604.0,13.0,19435.77403,0.7589020367481939,0.31567519873306704,80.97843993277367,0.3242612903225806,21.53266451612903,68.40967741935485,0.6735483870967742,-2.0429032258064517,598.4135823758498,19.672863689298904,42.939490405257175
0.06088450607654181,0.16445417316958674,0.7099201671188334,0.40228241824226035,8.0,2.067530605729069,6.0,2.0,72.0,1296.0,3420.0,36936.0,21521520.0,0.0,216.0,540.0,28656.0,3311424.0,0.0,0.0,0.0,11844.0,653004.0,288.0,1944.0,16128.0,129276.0,6806340.0,288.0,2700.0,18540.0,297972.0,14391648.0,9252.0,87012.0,250128.0,938592.0,11903040.0,15480.0,121464.0,305748.0,1001952.0,12292884.0,0.0,0.0,1980.0,5904.0,691308.0,360.0,1260.0,6012.0,68040.0,189000.0,690228.0,10.0,446.5182684,0.32747653030303037,0.12144044972195564,86.4351715610629,5.049546666666666,27.123353333333338,68.48366666666666,-0.43200000000000005,-0.13533333333333342,512.1264106644998,22.2721083839763,33.6107759494536
0.08527603799942321,0.49654654559558986,0.3645930876638451,0.6084990874904881,5.7,2.0092624208985224,6.0,2.0,0.0,0.0,0.0,360.0,17313516.0,0.0,0.0,792.0,24012.0,4819896.0,0.0,0.0,6588.0,193428.0,1965276.0,108.0,5940.0,11916.0,126216.0,1356804.0,108.0,180.0,1656.0,42984.0,18569484.0,7380.0,58824.0,174456.0,802620.0,11699172.0,14832.0,134280.0,371808.0,1239372.0,5274612.0,0.0,216.0,1476.0,7236.0,129708.0,504.0,2376.0,9036.0,83160.0,216792.0,705276.0,13.0,537.3484137,0.6358675700052794,0.3615994335542693,107.701587934728,3.5806766666666663,28.66835333333334,71.89233333333333,-0.702,0.03766666666666658,626.2366017290001,31.0444010729256,42.0499283027202
0.1625069965002431,0.34428222459633545,0.7502553170823437,0.9157524622876517,8.666666666666666,1.8567458925672644,12.0,4.0,72.0,468.0,1044.0,5400.0,1631988.0,0.0,5436.0,38916.0,160704.0,7778952.0,0.0,5004.0,16776.0,35640.0,527652.0,2952.0,8928.0,43596.0,184860.0,6713064.0,0.0,15948.0,76716.0,385992.0,22281840.0,8424.0,34200.0,109656.0,381456.0,10997712.0,14220.0,151920.0,346536.0,1225944.0,13950468.0,0.0,0.0,2268.0,25056.0,4760928.0,396.0,1512.0,5868.0,61056.0,149004.0,736560.0,136.0,15407.79543,0.0,0.0,0.0,121.4752,15.170706451612906,76.2084193548387,-2.7074193548387098,-1.4719354838709677,216.59663699110013,9.566049869031911,25.48087440207438
0.19308901764028874,0.3641489062917157,2.7918553940416673,1.1884490285916611,24.8,7.152023739261783,10.0,3.0,288.0,756.0,2664.0,47340.0,988848.0,0.0,324.0,7848.0,54396.0,13282704.0,0.0,0.0,0.0,144.0,29520.0,6120.0,22320.0,55116.0,198000.0,3590604.0,4428.0,101016.0,321552.0,1552968.0,37457676.0,9792.0,43884.0,106056.0,367704.0,9432360.0,7884.0,90972.0,218772.0,674928.0,9784800.0,0.0,72.0,1080.0,2628.0,114408.0,0.0,936.0,2844.0,23256.0,72468.0,243360.0,47.0,33952.92531,0.349380630952381,0.29825586969238127,56.50896481362368,1.6923612903225806,26.611964516129028,73.08548387096774,-0.13838709677419353,-0.30870967741935484,520.5730774200696,16.9787109291353,39.53025388448838
0.10584237314064665,0.5106633024451863,0.7741088599803241,0.8567030634754806,9.444444444444445,2.389337115014988,2.0,1.0,0.0,648.0,648.0,1116.0,20152080.0,10908.0,128304.0,469692.0,2115648.0,40664808.0,0.0,0.0,0.0,0.0,155340.0,0.0,72.0,4896.0,41436.0,2741328.0,5976.0,58896.0,130968.0,287712.0,2839896.0,14436.0,94500.0,176472.0,664416.0,6091200.0,0.0,288.0,756.0,19872.0,751500.0,0.0,0.0,0.0,0.0,864.0,0.0,0.0,0.0,0.0,2052.0,11232.0,72.0,1508.7111,0.5782961109943374,0.255794974857951,76.03590801852863,1.317835714285714,21.247457142857137,75.71107142857144,-3.4339285714285714,-3.3957142857142855,465.70116794699993,18.157988073322805,42.21085300150243
0.06829387202122131,0.4300598667876773,0.5233628525905754,0.6313036026416766,6.714285714285714,2.7043865833402845,8.0,3.0,0.0,40356.0,69480.0,137772.0,8090604.0,0.0,540.0,792.0,128484.0,7688448.0,0.0,4104.0,9324.0,47088.0,1636704.0,7884.0,24552.0,36036.0,159444.0,6909444.0,0.0,108.0,684.0,2376.0,268020.0,16164.0,112932.0,297360.0,1203912.0,21801528.0,3888.0,32868.0,138780.0,531252.0,7912656.0,0.0,72.0,828.0,14472.0,425124.0,0.0,864.0,3528.0,67248.0,231912.0,916488.0,3.0,3430.762574,0.5083978714006963,0.26512079798860494,40.03520757972276,30.24332258064516,28.39792903225807,77.39806451612904,0.9287096774193548,1.4632258064516128,474.03650708302,11.843156588836406,37.22865300511589
0.1240768061655481,0.36441310059673737,1.090011716175,1.3027033649858781,14.6,2.719295354162397,12.0,4.0,0.0,0.0,1584.0,31284.0,899496.0,36.0,1512.0,13212.0,44532.0,10840284.0,0.0,0.0,72.0,62748.0,578484.0,3024.0,11484.0,26748.0,103608.0,5398272.0,0.0,36.0,252.0,21564.0,8649000.0,324.0,3492.0,7020.0,44676.0,4714668.0,2556.0,88200.0,304920.0,1352016.0,26415288.0,23472.0,57636.0,68436.0,129240.0,5470776.0,0.0,0.0,1908.0,120492.0,363420.0,1351584.0,100.0,15052.7619,0.3099253630952381,0.20796845255378327,70.16890853958563,5.937612903225807,17.80996451612904,71.64645161290322,-2.4345161290322586,-1.2161290322580642,247.87916601330016,16.703387768834215,37.52413556974952
0.16190044624051458,0.4269070625664238,0.9693916937666666,0.7985462371074209,12.9,2.929543997575917,11.0,4.0,0.0,0.0,0.0,10044.0,1798164.0,0.0,1188.0,16848.0,579240.0,36791064.0,0.0,2556.0,51948.0,180792.0,746028.0,1008.0,2808.0,6588.0,52560.0,3502764.0,0.0,7776.0,17172.0,230760.0,18600048.0,16632.0,63360.0,162792.0,802044.0,9715392.0,8892.0,135288.0,326628.0,761940.0,3536748.0,0.0,1584.0,1656.0,1872.0,466380.0,0.0,0.0,4824.0,68328.0,201888.0,521964.0,111.0,18978.38682,0.20132968979908977,0.11299729966115099,33.71296194672077,0.0,20.73199,64.63966666666667,-1.1156666666666668,-1.2103333333333333,435.7872441053,19.217318413263357,33.71296194672077
0.13802528643434758,0.35717822563943,0.6644443688480559,0.6830074984594074,11.4,2.8752009183028115,11.0,4.0,0.0,0.0,3996.0,53892.0,4873536.0,4392.0,47448.0,75096.0,202716.0,16952292.0,0.0,36.0,9756.0,119844.0,2542248.0,7560.0,40392.0,112104.0,366948.0,12347856.0,0.0,144.0,11232.0,348228.0,8724492.0,7236.0,91152.0,230868.0,729180.0,12392712.0,4752.0,42480.0,161352.0,642168.0,10709352.0,0.0,216.0,864.0,4932.0,544176.0,468.0,2736.0,7416.0,60660.0,180072.0,673452.0,4.0,12791.38051,0.38102190774789885,0.14269271178927118,58.221028852952045,1.3117666666666667,21.45206666666667,70.01399999999998,-2.0533333333333337,-0.4459999999999999,236.38247361790005,20.9395147228355,33.0144629387475
0.14589381163990933,0.4786411110224978,1.8333110977833336,0.8585299759410294,19.1,5.748030980516637,10.0,3.0,0.0,1584.0,5004.0,8568.0,2892600.0,0.0,0.0,0.0,1620.0,5294016.0,0.0,0.0,36.0,5148.0,2103840.0,36.0,1584.0,2088.0,10584.0,3175488.0,0.0,0.0,0.0,3456.0,1581732.0,9684.0,54468.0,93348.0,293148.0,8216424.0,16524.0,157608.0,446436.0,1865304.0,30358440.0,0.0,0.0,0.0,16020.0,4942260.0,0.0,1440.0,5256.0,67104.0,238824.0,937368.0,6.0,17454.33105,0.3214193476394432,0.16296408203707136,35.576675935820894,0.6693935483870966,24.837235483870963,62.94387096774194,-1.775806451612903,-0.7148387096774194,403.7356778410299,16.328618146144223,35.576675935820894
0.04990255654618664,0.39457975313384563,0.6420205773274998,0.5752622863366514,9.0,2.4688760412105113,3.0,1.0,0.0,0.0,0.0,360.0,17313516.0,0.0,0.0,792.0,24012.0,4819896.0,0.0,0.0,6588.0,193428.0,1965276.0,108.0,5940.0,11916.0,126216.0,1356804.0,108.0,180.0,1656.0,42984.0,18569484.0,7380.0,58824.0,174456.0,802620.0,11699172.0,14832.0,134280.0,371808.0,1239372.0,5274612.0,0.0,216.0,1476.0,7236.0,129708.0,504.0,2376.0,9036.0,83160.0,216792.0,705276.0,13.0,537.3484137,0.8096719081406328,0.39661829051783226,88.4455472109573,0.0,22.64206129032258,70.26935483870969,-0.6474193548387097,-0.9206451612903231,480.9711912557799,20.687147000980996,49.894523280020664
0.06668700597741241,0.1923214061306892,0.6510503621253749,0.40439313780149744,9.666666666666666,2.1429626492582408,5.0,2.0,36.0,252.0,756.0,2412.0,330552.0,0.0,252.0,2664.0,30528.0,30112164.0,0.0,36.0,684.0,1440.0,197964.0,252.0,360.0,684.0,5364.0,1127088.0,0.0,972.0,6192.0,164664.0,16251480.0,5940.0,49824.0,176724.0,667008.0,14963040.0,17172.0,138960.0,367092.0,1496880.0,7779240.0,0.0,108.0,540.0,22608.0,845244.0,0.0,1440.0,7992.0,91908.0,230076.0,750492.0,48.0,9205.662327,0.7252883333333333,0.23282102688218595,74.54335357412558,12.426509677419356,26.412212903225807,66.7825806451613,1.1093548387096774,0.45,530.2370583839999,18.42365606963765,39.2343566526578
0.09681790672125334,0.44814246871487295,1.8215788970961573,2.266831777243077,21.11111111111111,3.8413459510365247,2.0,1.0,36.0,252.0,756.0,2412.0,330552.0,0.0,252.0,2664.0,30528.0,30112164.0,0.0,36.0,684.0,1440.0,197964.0,252.0,360.0,684.0,5364.0,1127088.0,0.0,972.0,6192.0,164664.0,16251480.0,5940.0,49824.0,176724.0,667008.0,14963040.0,17172.0,138960.0,367092.0,1496880.0,7779240.0,0.0,108.0,540.0,22608.0,845244.0,0.0,1440.0,7992.0,91908.0,230076.0,750492.0,48.0,9205.662327,0.5215459920634921,0.2268835692973027,45.44779411341976,0.8772344827586207,16.93128620689655,65.59862068965516,-0.1968965517241379,-1.6499999999999995,367.3021412159998,12.220162415264939,45.44779411341976
0.11981477762731654,0.7759543046669453,0.9433373410040146,0.6946421360901964,10.2,2.8764084726235475,10.0,3.0,0.0,0.0,36864.0,157860.0,991548.0,792.0,44532.0,129024.0,555696.0,45723960.0,0.0,108.0,2196.0,12456.0,997992.0,7740.0,51444.0,161820.0,558468.0,7580304.0,0.0,5724.0,26964.0,259884.0,5247180.0,3564.0,17352.0,57420.0,167364.0,1809468.0,14292.0,102240.0,221976.0,761040.0,9876492.0,0.0,0.0,6552.0,63468.0,863064.0,432.0,972.0,5076.0,61380.0,142092.0,605124.0,9.0,12779.34997,0.37864083278191946,0.18349152487434492,26.185417076329514,1370.2054999999998,23.518061290322574,75.77103225806452,-2.2890322580645157,-1.4990322580645161,228.96863682653014,12.9859691655922,24.23002676118465
0.11837411712325746,0.54950243169651,0.7966806704922569,1.6097366589983533,13.0,2.613763863840564,12.0,4.0,0.0,288.0,2376.0,300780.0,5937804.0,0.0,36.0,8136.0,137844.0,3044412.0,0.0,4788.0,38268.0,128484.0,4995720.0,3312.0,19944.0,58284.0,176760.0,7376544.0,0.0,0.0,0.0,82296.0,436896.0,11484.0,60912.0,151272.0,555300.0,15366096.0,11124.0,84564.0,251604.0,890604.0,21741768.0,0.0,72.0,72.0,540.0,1076544.0,540.0,1512.0,5436.0,112320.0,275472.0,868716.0,2.0,17057.75366,0.29414253103591426,0.13905742135934737,31.48175920016777,1.728390322580645,18.34154193548387,68.96032258064515,-2.2329032258064516,-0.697741935483871,234.84280413800016,15.633981888786344,31.48175920016777
0.15232704808196856,0.3442391987359167,0.801263746980214,0.9516933797505847,16.7,3.0438254123346917,11.0,4.0,0.0,432.0,792.0,10404.0,141948.0,36.0,20592.0,57528.0,365724.0,20220372.0,0.0,2772.0,18396.0,24336.0,220140.0,13824.0,49464.0,96732.0,492876.0,10173276.0,288.0,12924.0,60768.0,303912.0,33592284.0,12276.0,115848.0,309888.0,1013256.0,8128080.0,1260.0,35352.0,112716.0,423180.0,1901268.0,0.0,0.0,144.0,2916.0,1182708.0,0.0,0.0,3780.0,45360.0,128664.0,504900.0,90.0,33384.18737,0.24326276241684458,0.15454304988615383,31.787168394915977,0.3799333333333334,22.329963333333332,58.98066666666667,0.2543333333333333,-0.6773333333333333,377.56970715769023,15.950897147056597,31.787168394915977
0.07056392022761437,0.1321605695450829,0.7850080839532083,0.43613083640343375,9.8,2.0943547183448024,6.0,2.0,756.0,2196.0,11520.0,29196.0,945000.0,0.0,2628.0,13860.0,88416.0,5568588.0,0.0,3996.0,10944.0,17640.0,200700.0,612.0,1044.0,11232.0,51696.0,2955960.0,0.0,14508.0,71316.0,368280.0,22536036.0,9576.0,40788.0,152460.0,471348.0,12768480.0,14760.0,153684.0,348696.0,1285200.0,17034228.0,0.0,0.0,2592.0,30996.0,5403132.0,360.0,1476.0,5832.0,64116.0,161892.0,798840.0,136.0,15407.79543,0.23164947553678783,0.09522188548388469,41.88654515868606,8.339023333333335,27.111479999999997,65.81566666666666,0.9846666666666667,-0.08666666666666666,476.2230904586004,13.777776332335556,32.54687034219132
0.10595258668470561,0.19307461714070642,1.0242699125265833,1.004732911415389,13.625,3.4352344228695477,1.0,4.0,0.0,0.0,0.0,10044.0,1798164.0,0.0,1188.0,16848.0,579240.0,36791064.0,0.0,2556.0,51948.0,180792.0,746028.0,1008.0,2808.0,6588.0,52560.0,3502764.0,0.0,7776.0,17172.0,230760.0,18600048.0,16632.0,63360.0,162792.0,802044.0,9715392.0,8892.0,135288.0,326628.0,761940.0,3536748.0,0.0,1584.0,1656.0,1872.0,466380.0,0.0,0.0,4824.0,68328.0,201888.0,521964.0,111.0,18978.38682,0.21123000000000003,0.13248405356850768,38.34843447926392,0.969090322580645,16.927925806451615,69.73612903225806,-0.21419354838709678,-0.5067741935483872,302.0032224308499,21.463182300662126,38.34843447926392
0.20884125086588468,0.2037807039370025,0.5792190146903161,0.8375657467885137,10.666666666666666,1.4055717270070394,12.0,4.0,0.0,1188.0,1944.0,20556.0,224712.0,0.0,6516.0,25236.0,207324.0,17753616.0,0.0,1728.0,10332.0,11988.0,109944.0,1584.0,5652.0,14040.0,109296.0,3430584.0,252.0,13680.0,61416.0,306252.0,33656508.0,18900.0,121788.0,303732.0,1099296.0,12834000.0,5328.0,76860.0,218124.0,760716.0,3613248.0,0.0,648.0,1548.0,6336.0,1773108.0,0.0,0.0,5436.0,54828.0,148500.0,619704.0,90.0,33384.18737,0.5211854645332211,0.24472352275824424,36.72128238844728,8.0474,17.41315806451613,57.794258064516136,0.6003225806451614,-1.4206451612903224,406.50819771535015,18.73514570393939,36.72128238844728
0.16643628414841438,0.6232754841898502,1.3108424982416669,1.4479427914936918,15.9,3.310700667946579,11.0,4.0,756.0,2196.0,11520.0,29196.0,945000.0,0.0,2628.0,13860.0,88416.0,5568588.0,0.0,3996.0,10944.0,17640.0,200700.0,612.0,1044.0,11232.0,51696.0,2955960.0,0.0,14508.0,71316.0,368280.0,22536036.0,9576.0,40788.0,152460.0,471348.0,12768480.0,14760.0,153684.0,348696.0,1285200.0,17034228.0,0.0,0.0,2592.0,30996.0,5403132.0,360.0,1476.0,5832.0,64116.0,161892.0,798840.0,136.0,15407.79543,0.21499573486667398,0.1467557528942364,55.72981806445241,0.7229866666666667,20.297633333333334,69.36633333333332,-3.144999999999999,-1.1956666666666664,327.84051855300004,10.76848389675192,30.34682346960822
0.1344205938608057,0.27550368628633726,1.716663518324954,1.7130586452531713,19.333333333333332,3.376062428040195,2.0,1.0,1368.0,4500.0,9324.0,57384.0,991152.0,1476.0,86148.0,317232.0,1322028.0,56631060.0,0.0,72.0,72.0,3096.0,111960.0,936.0,13284.0,26028.0,297108.0,2219148.0,5004.0,70632.0,159120.0,439668.0,9053388.0,8568.0,54864.0,179388.0,485532.0,4833900.0,8892.0,23148.0,29016.0,78840.0,820440.0,1260.0,1332.0,4896.0,142380.0,525276.0,216.0,1008.0,3960.0,28764.0,60192.0,315468.0,378.0,15241.42093,0.46493976501556017,0.22074449710537075,59.72591262487996,0.15668275862068964,16.519103448275864,70.26586206896552,-1.1475862068965517,-2.062413793103448,420.67471964469985,11.426091302866094,37.400212857055024
0.07351503034057985,0.2907610977116254,0.6952701068102192,0.6091743575910779,8.142857142857142,2.9836840641434037,8.0,3.0,0.0,0.0,72.0,23472.0,643500.0,216.0,2016.0,5436.0,85932.0,15812388.0,0.0,0.0,324.0,504.0,58068.0,4824.0,11736.0,20628.0,72324.0,2121804.0,8352.0,153612.0,429120.0,1942884.0,43299900.0,11196.0,73224.0,201312.0,606780.0,11139156.0,4176.0,19152.0,53820.0,158148.0,1724076.0,0.0,288.0,1548.0,2952.0,85932.0,0.0,792.0,2592.0,22428.0,73188.0,248328.0,47.0,33952.92531,0.725534617973999,0.3611871945525088,75.60902329834825,46.68287096774194,27.45647741935484,83.89064516129034,-0.64,0.08741935483870968,451.00848588151956,22.12817430044222,39.42888647517207
0.24408046121328975,0.7996193035960528,4.08417591428088,8.7996183153336,39.714285714285715,6.387785556133746,2.0,1.0,0.0,40356.0,69480.0,137772.0,8090604.0,0.0,540.0,792.0,128484.0,7688448.0,0.0,4104.0,9324.0,47088.0,1636704.0,7884.0,24552.0,36036.0,159444.0,6909444.0,0.0,108.0,684.0,2376.0,268020.0,16164.0,112932.0,297360.0,1203912.0,21801528.0,3888.0,32868.0,138780.0,531252.0,7912656.0,0.0,72.0,828.0,14472.0,425124.0,0.0,864.0,3528.0,67248.0,231912.0,916488.0,3.0,3430.762574,0.4129511445070093,0.24455785566037203,65.16294064163093,0.6046285714285714,20.53356071428571,64.27642857142857,0.8860714285714286,-1.821785714285715,492.41614840500034,12.431260436767817,34.13429861445429
0.10544725944965094,0.24270373400955636,0.5983955850351667,0.4357170344179992,10.7,2.0429251665057175,5.0,2.0,0.0,936.0,1980.0,5184.0,743184.0,0.0,3204.0,11016.0,19404.0,13295916.0,0.0,13680.0,25740.0,113256.0,1770192.0,1800.0,8496.0,22860.0,79668.0,7270812.0,0.0,0.0,1224.0,2016.0,13779828.0,5616.0,31896.0,84780.0,334584.0,11066004.0,18900.0,138564.0,358272.0,1578744.0,18128628.0,0.0,180.0,288.0,9648.0,2380212.0,0.0,0.0,5040.0,85464.0,279072.0,998784.0,18.0,6622.610663,0.5593935486772488,0.19395304768870356,50.2493042263224,11.60150322580645,26.13040967741935,68.88548387096773,1.3574193548387097,0.14387096774193545,532.3484454118999,6.386726249013567,34.74857864264816
0.10589843715688205,0.30111198832249203,1.378812126664429,0.572641140440097,15.090909090909092,4.221057496839383,10.0,3.0,0.0,360.0,684.0,2808.0,504684.0,144.0,11520.0,71496.0,649944.0,23835960.0,0.0,0.0,6840.0,65592.0,736416.0,7164.0,25524.0,61920.0,327996.0,6423876.0,396.0,19908.0,124992.0,485676.0,23438124.0,17352.0,104148.0,235296.0,724356.0,10497204.0,4752.0,51192.0,104760.0,365544.0,5191956.0,540.0,36504.0,88560.0,193464.0,2933136.0,0.0,0.0,1044.0,33624.0,91080.0,326556.0,244.0,21222.17111,0.33049319070061123,0.1731194322643643,63.578781876115414,0.18564838709677417,25.880190322580653,61.85709677419353,-0.42548387096774193,-0.774516129032258,460.21091380997956,15.361591500585972,32.152334349216545
0.08835724625142583,0.22962223688231548,0.5917266938704118,0.36703506055522483,8.5,1.466870750702435,7.0,2.0,0.0,0.0,0.0,684.0,939528.0,36.0,1080.0,10512.0,48888.0,13178556.0,0.0,0.0,2376.0,106992.0,1248588.0,6264.0,14256.0,21024.0,76968.0,5166504.0,0.0,72.0,1800.0,66888.0,14702940.0,7704.0,60624.0,184068.0,882900.0,12755196.0,2808.0,93888.0,287496.0,1060236.0,15868980.0,12996.0,31464.0,34164.0,75240.0,4376232.0,0.0,36.0,1512.0,81468.0,244224.0,822456.0,100.0,15052.7619,0.3452372714408208,0.17016922948924296,31.359781904550246,66.533,30.011448387096767,61.386354838709686,1.0045161290322584,-0.42548387096774204,681.2740265026999,3.75789906353414,47.575699740766
0.08154549340552514,0.31990398008890286,1.1444976127021755,0.47728714827417285,13.2,3.461543629706808,9.0,3.0,0.0,0.0,0.0,0.0,193176.0,0.0,612.0,8640.0,38484.0,11350224.0,0.0,288.0,1656.0,57312.0,940680.0,3060.0,5472.0,6300.0,28620.0,1565424.0,0.0,36.0,1296.0,66852.0,13995000.0,6912.0,52272.0,150732.0,710892.0,17450856.0,3312.0,102564.0,334224.0,1337832.0,17347896.0,16452.0,42552.0,47556.0,100368.0,4935384.0,0.0,72.0,1584.0,79056.0,235260.0,800892.0,100.0,15052.7619,0.8114737307514914,0.19320575220914388,77.54834162377784,4.731773333333334,26.697323333333333,64.88333333333334,-0.789,-0.6799999999999998,440.2757553330998,21.79333739421757,35.21837283871267
0.14645081603008633,0.5317990418749627,1.0461220772623072,0.7139829028618143,12.545454545454545,2.886592284086229,10.0,3.0,108.0,2232.0,3276.0,17352.0,485928.0,0.0,504.0,4932.0,199296.0,15894756.0,3852.0,6948.0,6948.0,28404.0,352944.0,36.0,1224.0,7452.0,160956.0,5284836.0,0.0,396.0,6984.0,112068.0,22396536.0,3024.0,14256.0,51156.0,251856.0,6055452.0,20448.0,186084.0,488520.0,1599012.0,14366556.0,0.0,72.0,3384.0,47412.0,5851980.0,0.0,540.0,3852.0,70812.0,212904.0,725112.0,13.0,14435.29365,0.6176410927925363,0.337312542361797,37.32725178481633,6.4317,25.93753225806452,60.88716129032259,0.4229032258064516,-2.4335483870967742,499.1891416892903,16.215641872327563,41.22289433275632
0.17385521739138673,0.3200774376208086,1.1394726182215371,1.1698993740859176,17.3,3.647857452719336,11.0,4.0,0.0,0.0,72.0,23472.0,643500.0,216.0,2016.0,5436.0,85932.0,15812388.0,0.0,0.0,324.0,504.0,58068.0,4824.0,11736.0,20628.0,72324.0,2121804.0,8352.0,153612.0,429120.0,1942884.0,43299900.0,11196.0,73224.0,201312.0,606780.0,11139156.0,4176.0,19152.0,53820.0,158148.0,1724076.0,0.0,288.0,1548.0,2952.0,85932.0,0.0,792.0,2592.0,22428.0,73188.0,248328.0,47.0,33952.92531,0.4732823520024538,0.2827899308463095,41.19983507243586,0.12441999999999999,23.744643333333336,71.13766666666666,0.5113333333333334,-1.1693333333333336,419.54886061003987,18.161638943654296,41.19983507243586
0.1447385659556834,0.3933749129362569,2.526110742426041,3.874442026045468,25.8,4.756090778044668,3.0,1.0,0.0,360.0,684.0,2808.0,504684.0,144.0,11520.0,71496.0,649944.0,23835960.0,0.0,0.0,6840.0,65592.0,736416.0,7164.0,25524.0,61920.0,327996.0,6423876.0,396.0,19908.0,124992.0,485676.0,23438124.0,17352.0,104148.0,235296.0,724356.0,10497204.0,4752.0,51192.0,104760.0,365544.0,5191956.0,540.0,36504.0,88560.0,193464.0,2933136.0,0.0,0.0,1044.0,33624.0,91080.0,326556.0,244.0,21222.17111,0.6543962733582662,0.3009270238587773,75.57281385421533,0.8490387096774193,20.283474193548386,64.64129032258064,0.20419354838709677,-0.6225806451612904,547.6155485592005,15.626498552768322,41.65517497737031
0.037562295898639575,0.4796704414448035,0.7222372260077499,0.5796133218018056,11.0,2.5754484034521794,9.0,3.0,108.0,9108.0,15480.0,52092.0,1196892.0,0.0,972.0,4140.0,7128.0,11003004.0,0.0,4644.0,7812.0,40752.0,1343340.0,216.0,2052.0,8676.0,26172.0,6104664.0,0.0,0.0,1080.0,1332.0,13331664.0,7164.0,49356.0,105264.0,358128.0,15109992.0,18900.0,129924.0,357300.0,1605852.0,17765928.0,0.0,216.0,324.0,9972.0,2187180.0,0.0,0.0,4968.0,86148.0,285156.0,1039860.0,18.0,6622.610663,0.1767846202990776,0.09594786860193166,63.52083557950045,0.9789333333333332,26.775206666666666,66.10033333333334,-1.1223333333333334,-1.8073333333333335,490.88556957450015,17.912144687017,29.825905106082466
0.21401530534446378,0.5522903160199992,2.135274056904292,3.102958618075171,25.4,4.606522934475965,10.0,3.0,0.0,0.0,108.0,16740.0,1143972.0,0.0,576.0,3816.0,30276.0,4731696.0,0.0,1296.0,31824.0,105228.0,838404.0,2988.0,8316.0,20448.0,107964.0,4049748.0,0.0,360.0,4284.0,28044.0,31632048.0,576.0,9288.0,32256.0,259668.0,9710676.0,22932.0,162252.0,445284.0,1721232.0,17968896.0,0.0,0.0,468.0,10728.0,1712700.0,0.0,900.0,5004.0,100728.0,246564.0,861624.0,26.0,23385.85399,0.349015,0.3454921037490409,88.75514436116623,0.18225483870967743,26.862629032258063,62.902580645161294,0.5387096774193549,-0.2596774193548388,378.3522962047041,18.192272479754365,51.3924172235756
0.19604172887532123,0.5765603510019751,1.207687945869676,1.1357814176429937,15.333333333333334,3.0166628324844273,2.0,1.0,1188.0,6156.0,9900.0,16452.0,14830560.0,504.0,21240.0,155412.0,1278360.0,33346728.0,108.0,1224.0,2448.0,43524.0,757872.0,4752.0,48600.0,130644.0,457956.0,8234388.0,0.0,2700.0,12852.0,42012.0,2134224.0,11088.0,99072.0,241920.0,693072.0,10252800.0,8388.0,54432.0,124092.0,347724.0,4580892.0,0.0,36.0,36.0,432.0,227592.0,180.0,1260.0,5436.0,49356.0,108108.0,262404.0,5.0,3129.911321,0.41546646054761277,0.21431317140666756,55.29181004479944,4.566560714285714,17.901757142857143,70.19535714285713,-1.004642857142857,-0.6982142857142856,323.8821926275,18.159454991044935,31.3791133786191
0.10239585714177873,0.44587870475061314,0.9229957412495228,1.8112922751304126,14.1,2.4813394211993947,12.0,4.0,180.0,2304.0,22536.0,50184.0,2289348.0,0.0,4932.0,39996.0,170100.0,8950140.0,0.0,2556.0,11520.0,31140.0,470556.0,3132.0,10296.0,38304.0,183168.0,5881428.0,0.0,16056.0,77040.0,385992.0,22149324.0,10116.0,76248.0,179784.0,610200.0,12737160.0,12528.0,111852.0,269604.0,971784.0,12116988.0,0.0,0.0,2952.0,27072.0,4443120.0,576.0,1548.0,5616.0,58608.0,143676.0,712224.0,136.0,15407.79543,0.313739770336968,0.1852664902106755,19.66326838037041,2.0401774193548388,16.867929032258065,71.72999999999999,-2.373225806451613,-1.290967741935484,273.4746313539996,21.905183795467273,42.58513482507321
0.12046073645929029,0.20675525122418437,2.2001280729278787,2.0378232773977576,20.0,5.037969983228826,3.0,1.0,0.0,0.0,1584.0,31284.0,899496.0,36.0,1512.0,13212.0,44532.0,10840284.0,0.0,0.0,72.0,62748.0,578484.0,3024.0,11484.0,26748.0,103608.0,5398272.0,0.0,36.0,252.0,21564.0,8649000.0,324.0,3492.0,7020.0,44676.0,4714668.0,2556.0,88200.0,304920.0,1352016.0,26415288.0,23472.0,57636.0,68436.0,129240.0,5470776.0,0.0,0.0,1908.0,120492.0,363420.0,1351584.0,100.0,15052.7619,0.8179046972762228,0.3908820791098536,94.99009698573732,6.823329032258064,18.739816129032263,71.33064516129032,-1.5835483870967744,-0.7296774193548389,331.6228519465604,25.246964481295688,48.73979687447568
0.05483900167501867,0.285701091597129,0.42839092984375,0.44987588497019715,4.571428571428571,1.3084122503840738,6.0,2.0,0.0,1224.0,1656.0,3024.0,24855408.0,24300.0,206424.0,612900.0,2663100.0,42280236.0,0.0,0.0,0.0,0.0,164556.0,0.0,108.0,19080.0,86652.0,3431232.0,5796.0,58284.0,112608.0,260532.0,2744316.0,1368.0,15444.0,34200.0,100944.0,2761236.0,0.0,504.0,3060.0,19728.0,1051632.0,0.0,0.0,180.0,648.0,16740.0,0.0,0.0,0.0,540.0,1728.0,6696.0,72.0,1508.7111,0.7911415966386556,0.4278735546355133,95.5299989674498,5.699753333333334,28.166903333333334,83.16266666666665,2.2,0.12033333333333332,597.4011084995403,28.755846225756656,44.79566043993952
0.07526068452475966,0.25709530489153787,0.5577604626226048,0.5366831839856872,9.1,2.4832888527615102,8.0,3.0,0.0,468.0,648.0,3816.0,216648.0,0.0,3996.0,7956.0,32904.0,6632532.0,0.0,1332.0,28908.0,138780.0,2207700.0,14040.0,71028.0,138960.0,402336.0,9612576.0,0.0,0.0,288.0,7596.0,6591744.0,9648.0,115956.0,324684.0,1139076.0,21286692.0,1476.0,34452.0,115812.0,652932.0,13201596.0,0.0,216.0,216.0,1368.0,2635452.0,0.0,648.0,6228.0,55116.0,167868.0,762588.0,69.0,17428.37218,0.5653989377722346,0.32880634328521435,76.19678437532461,27.453154838709672,28.472106451612905,66.31,0.857741935483871,1.6209677419354838,499.3348666489102,18.77374022680972,37.832029737624666
0.39311421075073877,0.6210584598975534,1.8792736881104168,2.8055341220159873,24.2,3.7780573645783813,11.0,4.0,0.0,0.0,0.0,0.0,3762360.0,0.0,0.0,1152.0,44100.0,3371364.0,0.0,3204.0,3240.0,35100.0,712332.0,4608.0,31788.0,68760.0,160020.0,2079972.0,36.0,36.0,576.0,3492.0,6972408.0,15408.0,68832.0,217476.0,669816.0,25133436.0,7128.0,122400.0,353376.0,1506924.0,19474812.0,0.0,0.0,0.0,1152.0,1961208.0,0.0,288.0,4284.0,56232.0,140832.0,720828.0,12.0,5480.991045,0.3830969697403336,0.12590848378590508,56.04784882065894,0.0,23.481473333333334,65.642,0.42533333333333334,-1.8170000000000004,448.04768032002016,12.140479619874618,32.45179033369064
0.05159537325266745,0.32864363012395814,1.1624505237190907,0.5993481502311115,11.818181818181818,2.6714072652920575,8.0,3.0,900.0,2484.0,6912.0,19728.0,597420.0,0.0,2376.0,12708.0,213156.0,5200956.0,0.0,1836.0,17028.0,44100.0,252828.0,3060.0,10944.0,26532.0,234828.0,2872728.0,0.0,468.0,4896.0,55800.0,41917860.0,11052.0,54648.0,142380.0,582480.0,7627716.0,11880.0,140436.0,362448.0,1171188.0,10241136.0,0.0,0.0,3420.0,65808.0,2082492.0,36.0,1008.0,4428.0,69768.0,209160.0,754272.0,13.0,19435.77403,0.314374691017316,0.21321634622683336,72.3235404399459,13.94848064516129,27.795996774193544,73.78677419354837,0.0403225806451613,0.9935483870967744,424.9096110468596,23.77805883022475,38.985059179500816
0.2829881252294299,0.38920638454055173,3.3343506205029168,3.7348372173114734,25.555555555555557,5.521102323285335,2.0,1.0,0.0,5616.0,18324.0,150768.0,1094904.0,0.0,1152.0,2016.0,13428.0,4046436.0,0.0,684.0,18468.0,65088.0,981540.0,9288.0,48744.0,106488.0,328500.0,8474220.0,0.0,0.0,72.0,5652.0,5030676.0,6840.0,77472.0,207684.0,738288.0,12738780.0,9216.0,79056.0,228744.0,975636.0,23128848.0,0.0,144.0,144.0,1836.0,3355236.0,0.0,1188.0,5976.0,69840.0,203436.0,862092.0,69.0,17428.37218,0.5265368987363958,0.33727620808649617,86.84562362424725,0.5171607142857143,20.203778571428575,66.5735714285714,0.5496428571428572,-2.025714285714286,416.75657078399973,21.619162474633146,42.571478910292875
0.17643132670501174,0.14764391955542805,0.6342140249635744,0.8351252727826837,9.5,2.6424282114452433,8.0,3.0,0.0,0.0,396.0,23652.0,1052172.0,144.0,1188.0,3132.0,61992.0,15595848.0,0.0,0.0,360.0,360.0,43344.0,2988.0,5040.0,7848.0,26820.0,987372.0,8244.0,151956.0,426096.0,1934280.0,43157772.0,12564.0,61452.0,155664.0,527796.0,10154340.0,4500.0,38376.0,114804.0,299304.0,3431988.0,0.0,360.0,1872.0,4176.0,124308.0,0.0,792.0,2916.0,24228.0,75384.0,263088.0,47.0,33952.92531,0.8223333587570643,0.39971717428059717,35.964675395521134,379.68969999999996,28.265887096774197,75.93135483870965,0.04096774193548387,-0.4922580645161292,618.68858419335,16.961193276113427,41.20670987782745
0.04663031257977988,0.306819826217103,1.0920468674562962,0.7461910869474202,13.0,2.762012363061293,2.0,1.0,0.0,612.0,2880.0,59508.0,3920076.0,108.0,15120.0,28332.0,97848.0,16425396.0,0.0,0.0,1584.0,64656.0,1614996.0,1692.0,17928.0,39348.0,108144.0,4856796.0,0.0,288.0,13284.0,352368.0,8603604.0,16704.0,123732.0,254988.0,652068.0,11203956.0,8820.0,75672.0,275580.0,1131048.0,19009980.0,0.0,432.0,1188.0,9396.0,952704.0,396.0,1980.0,3960.0,48780.0,168552.0,666432.0,4.0,12791.38051,0.4288894525150472,0.22785178690593513,72.20205887250133,1.0809034482758622,18.47094827586207,66.3544827586207,-1.458965517241379,-0.5786206896551725,354.3000420430001,15.364308632777853,41.51348749718035
0.19650026763713901,0.5623426703862014,1.1506460167687502,1.151538570560451,15.444444444444445,3.2388520340737204,11.0,4.0,3312.0,23724.0,59868.0,235152.0,1241964.0,252.0,7056.0,36936.0,153000.0,37385064.0,0.0,2736.0,9720.0,21456.0,641772.0,6660.0,50220.0,140148.0,594144.0,8434872.0,0.0,1656.0,8748.0,178200.0,15991812.0,2052.0,14040.0,43848.0,172620.0,924120.0,10728.0,95580.0,267048.0,1057572.0,8059896.0,0.0,108.0,468.0,18864.0,820368.0,0.0,1404.0,8388.0,87552.0,218628.0,710388.0,48.0,9205.662327,0.2792810567699182,0.17250560749077842,41.03993227110897,0.0,21.192779999999996,64.34333333333332,-0.8043333333333335,-2.236,404.818231121,7.67201347190334,33.367918799205626
0.08835097682006629,0.45352594422088294,0.4047182925297266,0.4774543692920665,6.8,1.4571057455429783,2.0,1.0,0.0,900.0,900.0,1224.0,14660424.0,1836.0,26928.0,189648.0,1375380.0,35085888.0,0.0,0.0,648.0,33300.0,662580.0,3708.0,18648.0,44280.0,179388.0,5048568.0,0.0,2232.0,11808.0,41724.0,2099664.0,8568.0,68112.0,154008.0,483804.0,5764968.0,12204.0,108108.0,255312.0,694944.0,9868752.0,0.0,36.0,72.0,1944.0,553896.0,0.0,936.0,5184.0,57312.0,129168.0,329580.0,5.0,3129.911321,0.0,0.0,0.0,938.3792,15.47036785714286,82.46482142857144,-0.9835714285714283,-1.4807142857142856,98.99392138460003,15.798760112525072,29.602941723264127
0.2403297594142007,0.3938447647027778,2.0175656334724996,1.5068424021189437,23.4,4.391354348590662,11.0,4.0,288.0,756.0,2664.0,47340.0,988848.0,0.0,324.0,7848.0,54396.0,13282704.0,0.0,0.0,0.0,144.0,29520.0,6120.0,22320.0,55116.0,198000.0,3590604.0,4428.0,101016.0,321552.0,1552968.0,37457676.0,9792.0,43884.0,106056.0,367704.0,9432360.0,7884.0,90972.0,218772.0,674928.0,9784800.0,0.0,72.0,1080.0,2628.0,114408.0,0.0,936.0,2844.0,23256.0,72468.0,243360.0,47.0,33952.92531,0.34123137740137754,0.15885782228257703,67.10462021141376,0.0,23.81916,71.16733333333333,0.11033333333333331,-0.5126666666666666,432.62482156682097,7.23162642169812,36.046565900891245
0.10637516910821083,0.4597967054179854,0.7955277749512634,0.588652719201247,8.6,2.1578430096966685,10.0,3.0,0.0,0.0,0.0,1044.0,1376928.0,0.0,0.0,5148.0,20664.0,7057044.0,0.0,6048.0,12456.0,41112.0,931068.0,3708.0,34920.0,51588.0,158040.0,4543092.0,0.0,7560.0,38412.0,507348.0,40099320.0,4680.0,38376.0,79956.0,268416.0,6345144.0,20196.0,158688.0,454536.0,1548504.0,10778976.0,0.0,0.0,0.0,11664.0,901116.0,180.0,756.0,2736.0,37080.0,143568.0,584640.0,5.0,6703.15719,0.0,0.0,0.0,851.4211,23.115374193548394,78.03274193548388,-0.11419354838709679,-0.15419354838709678,233.97674980399032,15.995442521887124,27.950345014824627
0.13592246549527004,0.572454106969306,1.7622287641083332,0.8499560194986369,18.1,5.555442079952347,10.0,3.0,792.0,6660.0,12384.0,25380.0,15036228.0,2052.0,37116.0,215892.0,1494468.0,34953588.0,144.0,1800.0,3024.0,48240.0,748260.0,8676.0,52020.0,123804.0,435852.0,5531328.0,0.0,2376.0,12492.0,42876.0,2119536.0,7452.0,50652.0,106020.0,246060.0,5895216.0,7776.0,83016.0,203004.0,575028.0,8929584.0,0.0,108.0,108.0,1584.0,470016.0,36.0,684.0,4608.0,48528.0,109116.0,271800.0,5.0,3129.911321,0.39227871532634034,0.1965434819078625,48.53676796730728,5.1445096774193555,23.85806774193549,68.67193548387097,-1.2093548387096775,-1.0770967741935482,366.9451033756705,15.094906550665407,33.44186141664187
0.06224059781710137,0.2245345053037786,0.3706312260318958,0.45230874516436664,6.4,1.282294093474192,6.0,2.0,36.0,252.0,756.0,2412.0,330552.0,0.0,252.0,2664.0,30528.0,30112164.0,0.0,36.0,684.0,1440.0,197964.0,252.0,360.0,684.0,5364.0,1127088.0,0.0,972.0,6192.0,164664.0,16251480.0,5940.0,49824.0,176724.0,667008.0,14963040.0,17172.0,138960.0,367092.0,1496880.0,7779240.0,0.0,108.0,540.0,22608.0,845244.0,0.0,1440.0,7992.0,91908.0,230076.0,750492.0,48.0,9205.662327,0.4039485930735931,0.24239988602680876,58.23219665441453,2.271043333333333,29.375066666666672,61.282333333333334,1.8280000000000003,2.0676666666666668,658.5885286948002,17.25730027629391,30.30609795525106
0.17839747919161802,0.3652216701404499,2.4504437133851247,1.8847491672025072,20.5,5.226335960406702,4.0,1.0,0.0,25668.0,44388.0,96876.0,18348516.0,0.0,252.0,720.0,109584.0,7273296.0,0.0,4068.0,7236.0,23436.0,927036.0,4068.0,9216.0,13032.0,62712.0,4813812.0,0.0,0.0,396.0,1044.0,230400.0,11412.0,63072.0,105948.0,474768.0,10553940.0,12132.0,104472.0,354096.0,1348416.0,20670372.0,0.0,792.0,3132.0,28980.0,937908.0,0.0,936.0,3852.0,75168.0,256068.0,995472.0,3.0,3430.762574,0.4618199959599224,0.16838350220956338,66.87115547825633,1.0266933333333332,26.301066666666664,71.97466666666666,1.3296666666666659,-0.5153333333333334,633.1424993340299,13.835584064721205,35.332591915001814
0.04185359892742597,0.2988181004277693,0.554508829874375,0.3526551857444621,4.555555555555555,1.0071452935406444,6.0,2.0,0.0,35208.0,60804.0,122148.0,18437760.0,0.0,2268.0,3888.0,143244.0,7604460.0,0.0,12996.0,29484.0,108108.0,2827908.0,4212.0,14976.0,18936.0,67572.0,5161536.0,0.0,0.0,504.0,1800.0,252000.0,2916.0,27936.0,65448.0,256500.0,4584384.0,19980.0,114804.0,361764.0,1471644.0,24566616.0,0.0,864.0,3744.0,34812.0,1090944.0,0.0,936.0,4356.0,73656.0,240444.0,935460.0,3.0,3430.762574,0.18658575932850677,0.24230797806507257,59.68842819592214,2.5055533333333333,29.906856666666666,73.44733333333335,1.189,1.3766666666666665,700.9801789921999,14.909429596977228,22.570842053543
0.058750130062271234,0.18055837364271146,0.5657495275166666,0.16990656000001267,10.9,1.756871178746524,6.0,2.0,144.0,1296.0,13824.0,212580.0,4250628.0,0.0,72.0,7992.0,169992.0,2584656.0,0.0,5292.0,35028.0,119232.0,3711276.0,6084.0,39528.0,98388.0,284940.0,5554620.0,0.0,0.0,0.0,81684.0,387216.0,2628.0,8748.0,41652.0,258912.0,11876724.0,15948.0,108144.0,291708.0,1076688.0,28221228.0,0.0,180.0,252.0,828.0,1158588.0,576.0,1800.0,6696.0,119196.0,296604.0,936540.0,2.0,17057.75366,0.3084350969387755,0.10804201652790477,68.43775462867087,2.7885400000000002,30.38561666666666,56.92266666666667,0.06166666666666666,-0.4856666666666667,584.4966194819999,16.56405975750133,33.70953111190189
0.09421153632440801,0.2664863589170447,0.6666127521211036,0.6702594393972268,12.0,2.6202930445144546,11.0,4.0,0.0,2520.0,4896.0,16740.0,366552.0,0.0,1512.0,2916.0,6624.0,12186756.0,0.0,6408.0,12600.0,59616.0,1355508.0,684.0,4572.0,14724.0,43344.0,5660064.0,0.0,0.0,1296.0,1764.0,13306140.0,11484.0,92124.0,212868.0,837252.0,16455384.0,14400.0,91656.0,256140.0,1151712.0,16518600.0,0.0,144.0,216.0,7920.0,2204604.0,0.0,72.0,4860.0,83808.0,279756.0,1016208.0,18.0,6622.610663,0.42602674572714383,0.19327475152771434,28.9318886374534,0.8140766666666667,20.883413333333337,66.47766666666668,-1.5430000000000001,-2.1823333333333337,287.80213919800013,18.27207841969509,28.9318886374534
0.14462130256429634,0.4296329874218376,1.4737374831285714,2.0784335553566184,16.6,3.1798604611384436,1.0,4.0,72.0,468.0,1044.0,5400.0,1631988.0,0.0,5436.0,38916.0,160704.0,7778952.0,0.0,5004.0,16776.0,35640.0,527652.0,2952.0,8928.0,43596.0,184860.0,6713064.0,0.0,15948.0,76716.0,385992.0,22281840.0,8424.0,34200.0,109656.0,381456.0,10997712.0,14220.0,151920.0,346536.0,1225944.0,13950468.0,0.0,0.0,2268.0,25056.0,4760928.0,396.0,1512.0,5868.0,61056.0,149004.0,736560.0,136.0,15407.79543,0.40259058755832533,0.26942395988229284,23.40256069270937,90.46109999999999,15.776745161290325,77.77387096774194,-2.38,-1.308709677419355,228.4446122977301,10.462364819727094,37.9017004550473
0.06965574676077008,0.20486355146659202,0.5537991315291666,0.27575864468728567,5.4,0.9818045293029003,6.0,2.0,612.0,4716.0,11844.0,31464.0,420552.0,216.0,3420.0,20772.0,261468.0,6427800.0,0.0,1836.0,27936.0,63504.0,371016.0,7596.0,35676.0,74988.0,446076.0,4193712.0,0.0,1044.0,9108.0,79668.0,44217504.0,8532.0,50796.0,156564.0,582012.0,6867180.0,10080.0,119952.0,301176.0,965232.0,6366348.0,0.0,0.0,2700.0,44460.0,2110500.0,36.0,792.0,4284.0,65484.0,180396.0,667476.0,13.0,19435.77403,0.18253059250894033,0.30412551651905617,77.5232691050079,1.8303566666666664,29.029423333333337,64.89500000000001,0.7313333333333332,1.658,649.1678384182395,12.203813343394216,45.33669175597644
0.049804452425333594,0.15530027830349794,0.585909394758125,0.4312064110540707,9.8,1.794708130386276,5.0,2.0,1368.0,4500.0,9324.0,57384.0,991152.0,1476.0,86148.0,317232.0,1322028.0,56631060.0,0.0,72.0,72.0,3096.0,111960.0,936.0,13284.0,26028.0,297108.0,2219148.0,5004.0,70632.0,159120.0,439668.0,9053388.0,8568.0,54864.0,179388.0,485532.0,4833900.0,8892.0,23148.0,29016.0,78840.0,820440.0,1260.0,1332.0,4896.0,142380.0,525276.0,216.0,1008.0,3960.0,28764.0,60192.0,315468.0,378.0,15241.42093,0.46966778010870197,0.27183654021935,63.023026158080626,10.377874193548388,25.29364193548387,77.7125806451613,0.7858064516129032,0.9409677419354838,547.6391678742004,6.26474555289812,39.762713811668746
0.3381802405914471,0.7463241198860885,1.837808436661966,2.183581113119218,22.0,4.264586261301043,4.0,1.0,72.0,720.0,4572.0,11448.0,4084560.0,0.0,0.0,36.0,32148.0,3385584.0,0.0,6624.0,6804.0,58680.0,3463452.0,2736.0,12132.0,26640.0,90036.0,2015388.0,0.0,0.0,504.0,4464.0,7046424.0,17280.0,108288.0,350712.0,1078812.0,24810984.0,7704.0,98496.0,254196.0,1152324.0,17560368.0,0.0,0.0,0.0,1296.0,1733076.0,0.0,36.0,3672.0,56232.0,141948.0,712188.0,12.0,5480.991045,0.513407042322435,0.17529033276122644,32.3241615013038,6.660399999999999,24.542773333333336,64.5212,0.8989999999999999,-0.7006666666666667,622.2407340888092,13.202425181356146,34.66419605986788
0.2914417713175311,0.40937904436527955,2.363493698966625,2.223641669229965,21.8,4.1214824547216855,1.0,4.0,0.0,5616.0,18324.0,150768.0,1094904.0,0.0,1152.0,2016.0,13428.0,4046436.0,0.0,684.0,18468.0,65088.0,981540.0,9288.0,48744.0,106488.0,328500.0,8474220.0,0.0,0.0,72.0,5652.0,5030676.0,6840.0,77472.0,207684.0,738288.0,12738780.0,9216.0,79056.0,228744.0,975636.0,23128848.0,0.0,144.0,144.0,1836.0,3355236.0,0.0,1188.0,5976.0,69840.0,203436.0,862092.0,69.0,17428.37218,0.36248974171397236,0.23949528187125663,62.878333934954455,0.6502774193548388,18.941722580645163,64.14935483870966,0.4161290322580646,-2.3809677419354833,372.6638873635002,17.759058625249498,35.32433189878769
0.2656721886542036,0.7586564618271285,0.589504414959375,1.1772534588146528,15.2,2.4625636867636467,10.0,3.0,0.0,72.0,144.0,1296.0,45036.0,0.0,972.0,11016.0,194256.0,15513120.0,11268.0,14724.0,14724.0,29880.0,297360.0,612.0,1476.0,6336.0,133956.0,4026888.0,0.0,288.0,4680.0,104076.0,21895920.0,4968.0,28980.0,84960.0,480636.0,9963864.0,10764.0,167112.0,462492.0,1463328.0,13105296.0,0.0,72.0,2304.0,43416.0,5082768.0,0.0,468.0,3708.0,68832.0,198900.0,690624.0,13.0,14435.29365,0.41656948593073584,0.270298711926351,82.75552898860303,0.0086,25.765796774193554,60.741290322580646,0.4390322580645163,-2.532258064516129,525.1225118532003,22.794508382406974,40.07043955522885
0.1176188864963618,0.24152780881482971,0.6786387877368543,0.3327667279699976,7.0,1.665520866232219,7.0,2.0,72.0,720.0,4572.0,11448.0,4084560.0,0.0,0.0,36.0,32148.0,3385584.0,0.0,6624.0,6804.0,58680.0,3463452.0,2736.0,12132.0,26640.0,90036.0,2015388.0,0.0,0.0,504.0,4464.0,7046424.0,17280.0,108288.0,350712.0,1078812.0,24810984.0,7704.0,98496.0,254196.0,1152324.0,17560368.0,0.0,0.0,0.0,1296.0,1733076.0,0.0,36.0,3672.0,56232.0,141948.0,712188.0,12.0,5480.991045,1.615386404339,0.0,0.0,139.4784,29.8877,68.96712903225809,0.8935483870967742,1.2793548387096774,644.0849154199999,17.363600217811683,29.728405579960903
0.17575017510461893,0.6317073480268751,1.9861159416970835,3.7402454406398107,19.6,2.9855475962958424,12.0,4.0,432.0,3240.0,14472.0,89028.0,1528812.0,828.0,3348.0,25776.0,272880.0,7501392.0,0.0,756.0,5220.0,42264.0,346284.0,5436.0,51804.0,112248.0,245664.0,3283884.0,0.0,5220.0,65844.0,923220.0,48029112.0,8280.0,63756.0,156456.0,422028.0,7216596.0,9972.0,86580.0,233676.0,642456.0,4296564.0,0.0,36.0,468.0,3060.0,630360.0,828.0,2016.0,6516.0,68184.0,170568.0,501012.0,5.0,10720.10518,0.29539246148706255,0.28769014811143817,79.42739783801902,0.8220483870967742,18.909967741935482,74.29709677419356,-0.3338709677419354,-4.3758064516129025,355.6938961511704,18.37314646566058,45.4522780309989
0.23331177859216093,0.3466880644961884,2.5946437589458333,1.5067210829858944,26.8,6.3068418724217725,10.0,3.0,1800.0,18864.0,59976.0,229500.0,1440612.0,0.0,6156.0,23400.0,136980.0,15704424.0,0.0,1476.0,6228.0,6804.0,89136.0,4644.0,30780.0,67140.0,305280.0,6315048.0,216.0,13248.0,61092.0,303984.0,33500052.0,19800.0,164160.0,429336.0,1587024.0,16685100.0,108.0,1800.0,3708.0,25524.0,329652.0,0.0,0.0,0.0,720.0,176580.0,0.0,0.0,4932.0,46404.0,133992.0,545652.0,90.0,33384.18737,0.1475231868131868,0.04067211728261606,31.334660780092733,0.4611290322580645,25.868238709677417,58.44419354838709,0.23258064516129034,-0.389032258064516,529.0576874985795,13.353391314977575,31.334660780092733
0.1134942535944723,0.3322432546057127,0.4267634958259074,0.3891675965315513,6.4,1.5040328666260117,1.0,4.0,864.0,3780.0,7992.0,17568.0,8711604.0,0.0,0.0,36.0,14544.0,5059116.0,0.0,0.0,14688.0,228204.0,2422548.0,0.0,864.0,1476.0,60588.0,930924.0,144.0,180.0,1584.0,40356.0,18400572.0,396.0,6804.0,29448.0,276192.0,4141440.0,20880.0,185472.0,507312.0,1765224.0,9773928.0,0.0,684.0,2268.0,8676.0,343152.0,540.0,2268.0,9108.0,85032.0,220644.0,730116.0,13.0,537.3484137,0.33398599735823564,0.21109207111846048,47.25023983863655,126.08340000000001,19.87907096774193,68.623,-0.4283870967741936,-1.5670967741935486,313.32132470350035,8.55647970744538,47.491709918382334
0.10960094461625945,0.1740463757257974,0.4803699016753387,0.47173464107448076,5.833333333333333,1.1574010424325147,12.0,4.0,0.0,1116.0,5328.0,15984.0,874152.0,144.0,1512.0,19512.0,361116.0,21854232.0,0.0,0.0,2484.0,35064.0,634536.0,72.0,1548.0,9900.0,105948.0,4010544.0,648.0,20052.0,126252.0,486396.0,23258952.0,17568.0,103572.0,263484.0,977616.0,10432332.0,10476.0,75168.0,147492.0,524340.0,8006184.0,1368.0,44964.0,107460.0,246096.0,3613320.0,0.0,0.0,1188.0,35100.0,102636.0,389448.0,244.0,21222.17111,0.321624176223053,0.216418445417952,27.901615577488,20.5828,16.504645161290316,62.535580645161275,-0.9393548387096774,-1.7141935483870967,379.8262157169139,11.622688345000753,27.901615577488
0.19357182999949915,0.45426348892992763,2.181019610227022,3.1786008172543054,26.25,4.5478574455345955,3.0,1.0,0.0,1116.0,5328.0,15984.0,874152.0,144.0,1512.0,19512.0,361116.0,21854232.0,0.0,0.0,2484.0,35064.0,634536.0,72.0,1548.0,9900.0,105948.0,4010544.0,648.0,20052.0,126252.0,486396.0,23258952.0,17568.0,103572.0,263484.0,977616.0,10432332.0,10476.0,75168.0,147492.0,524340.0,8006184.0,1368.0,44964.0,107460.0,246096.0,3613320.0,0.0,0.0,1188.0,35100.0,102636.0,389448.0,244.0,21222.17111,0.46485902845579347,0.18522852076203986,30.582810056205098,150.9603,20.689058064516136,62.20861290322579,0.2970967741935484,-0.5393548387096774,473.07124838430036,14.54632864124235,32.454522531058295
0.05471358038119396,0.41175463202888274,1.7711790017566664,2.074711536754953,17.6,4.249478531005476,3.0,1.0,0.0,0.0,3996.0,53892.0,4873536.0,4392.0,47448.0,75096.0,202716.0,16952292.0,0.0,36.0,9756.0,119844.0,2542248.0,7560.0,40392.0,112104.0,366948.0,12347856.0,0.0,144.0,11232.0,348228.0,8724492.0,7236.0,91152.0,230868.0,729180.0,12392712.0,4752.0,42480.0,161352.0,642168.0,10709352.0,0.0,216.0,864.0,4932.0,544176.0,468.0,2736.0,7416.0,60660.0,180072.0,673452.0,4.0,12791.38051,0.8046559102328049,0.3093468236861496,84.78802575370716,2.210564516129032,20.127309677419355,69.5690322580645,-0.8006451612903226,-0.5006451612903225,409.38964338264014,21.695035737513646,42.47339993620015
0.10580316094045558,0.2469132553641669,0.9871793225619844,0.45900517044558936,8.454545454545455,2.6166657825161925,7.0,2.0,108.0,2232.0,3276.0,17352.0,485928.0,0.0,504.0,4932.0,199296.0,15894756.0,3852.0,6948.0,6948.0,28404.0,352944.0,36.0,1224.0,7452.0,160956.0,5284836.0,0.0,396.0,6984.0,112068.0,22396536.0,3024.0,14256.0,51156.0,251856.0,6055452.0,20448.0,186084.0,488520.0,1599012.0,14366556.0,0.0,72.0,3384.0,47412.0,5851980.0,0.0,540.0,3852.0,70812.0,212904.0,725112.0,13.0,14435.29365,0.6638131145510697,0.412544041348722,41.01023740773855,93.14460000000001,30.393858064516127,64.04045161290323,1.3835483870967746,1.25,656.8528139232003,37.1142361089174,13.777551442557
0.12585912896265636,0.3486190821493864,1.1434017595206494,0.4902678576159062,9.5,2.7626126907372957,6.0,2.0,0.0,0.0,0.0,1044.0,1376928.0,0.0,0.0,5148.0,20664.0,7057044.0,0.0,6048.0,12456.0,41112.0,931068.0,3708.0,34920.0,51588.0,158040.0,4543092.0,0.0,7560.0,38412.0,507348.0,40099320.0,4680.0,38376.0,79956.0,268416.0,6345144.0,20196.0,158688.0,454536.0,1548504.0,10778976.0,0.0,0.0,0.0,11664.0,901116.0,180.0,756.0,2736.0,37080.0,143568.0,584640.0,5.0,6703.15719,0.381276551508317,0.0,0.0,160.91490000000002,27.092456666666667,66.64166666666667,-0.45133333333333325,-0.32699999999999996,562.5883159045004,15.402433159910048,28.456097965490294
0.04941261269617706,0.42075841284712107,0.6946911863803787,0.42807888087612833,8.545454545454545,2.2832560422896035,8.0,3.0,792.0,6660.0,12384.0,25380.0,15036228.0,2052.0,37116.0,215892.0,1494468.0,34953588.0,144.0,1800.0,3024.0,48240.0,748260.0,8676.0,52020.0,123804.0,435852.0,5531328.0,0.0,2376.0,12492.0,42876.0,2119536.0,7452.0,50652.0,106020.0,246060.0,5895216.0,7776.0,83016.0,203004.0,575028.0,8929584.0,0.0,108.0,108.0,1584.0,470016.0,36.0,684.0,4608.0,48528.0,109116.0,271800.0,5.0,3129.911321,0.5046633333333334,0.3725454312423886,82.50489511259889,4.433383870967742,28.9767935483871,70.14225806451611,-0.9558064516129031,0.19903225806451616,596.5147840483443,21.724392873448025,36.89762560099417
0.2616752004736481,0.49767024730948006,1.5034987232949075,2.1331102609907555,18.88888888888889,3.3495557804204625,2.0,1.0,36.0,540.0,1224.0,5904.0,3264156.0,0.0,0.0,0.0,20484.0,6811776.0,576.0,8856.0,16992.0,78588.0,4725108.0,7704.0,43812.0,76428.0,236952.0,6341508.0,0.0,0.0,180.0,9036.0,2848572.0,11412.0,80892.0,171828.0,634536.0,15084180.0,7524.0,94320.0,307800.0,1316196.0,20250756.0,0.0,0.0,0.0,8784.0,3747996.0,0.0,864.0,4176.0,54324.0,211104.0,831780.0,6.0,17454.33105,0.6921681620704765,0.30879276814102025,37.705579350812556,1.455467857142857,18.980814285714285,63.248928571428564,-1.2714285714285718,-0.6992857142857144,345.82145615800016,19.79103109508037,37.705579350812556
0.05053119854743713,0.29518375156281473,0.9558303748738888,0.45792906356931046,8.9,2.9591997539786634,8.0,3.0,252.0,432.0,1080.0,4500.0,898380.0,0.0,0.0,3492.0,13932.0,6106356.0,0.0,7020.0,12204.0,32904.0,766980.0,5760.0,32148.0,52920.0,186840.0,2682288.0,0.0,12636.0,43344.0,507060.0,39385440.0,18144.0,116568.0,297684.0,994032.0,13874184.0,3024.0,73764.0,234936.0,816336.0,6865020.0,0.0,36.0,324.0,4464.0,491796.0,288.0,1620.0,4140.0,40068.0,139680.0,581364.0,5.0,6703.15719,0.5198236595951209,0.2612538453044635,33.0891948250312,6.0083548387096775,28.90432258064516,65.99774193548386,-0.6967741935483869,-0.3090322580645161,641.5468689044004,19.10487114334338,33.0891948250312
0.16992863032106806,0.3030922933186439,0.6770131560684781,0.2581473150733058,9.333333333333334,2.3511807889640237,5.0,2.0,0.0,2844.0,3096.0,25056.0,1824192.0,0.0,3240.0,14652.0,668484.0,39128940.0,0.0,2304.0,57852.0,171252.0,840636.0,10980.0,24840.0,58968.0,253512.0,7250904.0,0.0,9324.0,18936.0,234144.0,18689328.0,13212.0,98676.0,258156.0,873936.0,5567544.0,3276.0,78336.0,202428.0,505368.0,2483352.0,0.0,1008.0,1044.0,1224.0,344124.0,0.0,0.0,3888.0,62316.0,170388.0,408240.0,111.0,18978.38682,0.38107647152635055,0.24087722435340683,32.80437389541849,398.5245,22.593429032258058,71.68748387096774,-0.02645161290322581,-0.48258064516129034,346.0701747950997,19.2096137747729,35.590311897593665
0.05830508728954509,0.644680460035277,0.550833374986625,0.6045259739636051,10.0,2.1888329585895607,10.0,3.0,36.0,900.0,32760.0,130248.0,784260.0,216.0,45612.0,134424.0,555732.0,45369864.0,0.0,36.0,3276.0,12960.0,710784.0,3816.0,25020.0,84996.0,335880.0,5411196.0,0.0,5256.0,26640.0,264132.0,5267916.0,4284.0,19512.0,84276.0,255852.0,3836376.0,16164.0,98532.0,194040.0,616968.0,8426952.0,0.0,0.0,5796.0,59184.0,808812.0,648.0,1656.0,6948.0,87912.0,218700.0,910404.0,9.0,12779.34997,0.2182669479166667,0.17586858462395902,33.054335055789,8.811141935483871,23.505035483870973,72.49806451612902,-2.2061290322580644,-1.4903225806451612,212.94713964809017,13.010558669216216,33.054335055789
0.07039874251172576,0.16075791733304717,0.7664578314947499,0.3846610682091867,8.7,2.3427868555263873,6.0,2.0,72.0,1080.0,13752.0,47700.0,1066464.0,0.0,180.0,1080.0,10584.0,6058368.0,0.0,6624.0,12600.0,39024.0,710496.0,1224.0,18324.0,32904.0,119268.0,5352768.0,0.0,3888.0,30096.0,467676.0,37260648.0,24372.0,123588.0,259524.0,678996.0,10691388.0,1512.0,85176.0,280656.0,1149192.0,9985752.0,0.0,216.0,504.0,16416.0,677268.0,288.0,1656.0,4140.0,39060.0,145188.0,591264.0,5.0,6703.15719,0.2897228571428571,0.19306815907412356,14.033750505923699,5.103373333333335,27.100046666666675,69.20066666666666,-0.4486666666666666,-0.24799999999999997,484.7530669861701,10.888680707054178,24.997844575383283
0.07715386564728832,0.24297114114224877,0.6276513608712684,0.4631211215283915,6.0,1.6715863793190457,6.0,2.0,0.0,0.0,0.0,252.0,639864.0,432.0,72252.0,289800.0,1198332.0,55466496.0,0.0,36.0,36.0,1008.0,71928.0,72.0,6372.0,13320.0,205848.0,2909484.0,4788.0,70524.0,159264.0,439632.0,9057168.0,12168.0,80280.0,225288.0,702900.0,6435648.0,8712.0,24876.0,37152.0,143424.0,1044792.0,1332.0,1368.0,4284.0,182304.0,743220.0,216.0,972.0,3960.0,27036.0,56124.0,267804.0,378.0,15241.42093,-0.0362305533089728,-0.0187969237602048,22.8639538742759,254.7815,25.74535333333333,77.72169999999998,1.170333333333333,1.8866666666666667,503.59478058195964,19.984876971938192,22.8639538742759
0.12551652532608143,0.3360746333466292,0.36710204070308394,0.5367136717786949,7.0,1.4055511056341352,2.0,1.0,0.0,504.0,4536.0,11592.0,4108716.0,0.0,0.0,72.0,44928.0,6859116.0,2124.0,17316.0,26424.0,143064.0,5227560.0,12096.0,54756.0,85176.0,214344.0,5605452.0,0.0,0.0,0.0,9216.0,2720952.0,1476.0,5328.0,13896.0,47916.0,6953580.0,11736.0,146736.0,438840.0,1798992.0,26051940.0,0.0,0.0,0.0,15876.0,4861224.0,0.0,828.0,4068.0,57708.0,216792.0,855324.0,6.0,17454.33105,0.0,0.0,0.0,271.0048,15.991417857142853,78.09867857142855,-1.2378571428571428,-0.8507142857142858,156.7708704616999,18.17808550405993,32.93733753289244
0.07136800017483604,0.39896185214804036,0.5277975175439584,0.5262269678803901,7.636363636363637,1.787805432968518,1.0,4.0,0.0,648.0,648.0,1116.0,20152080.0,10908.0,128304.0,469692.0,2115648.0,40664808.0,0.0,0.0,0.0,0.0,155340.0,0.0,72.0,4896.0,41436.0,2741328.0,5976.0,58896.0,130968.0,287712.0,2839896.0,14436.0,94500.0,176472.0,664416.0,6091200.0,0.0,288.0,756.0,19872.0,751500.0,0.0,0.0,0.0,0.0,864.0,0.0,0.0,0.0,0.0,2052.0,11232.0,72.0,1508.7111,0.48872340231688227,0.2179870250554667,67.01103883979775,0.3335064516129032,19.60798387096774,75.2564516129032,-3.8403225806451626,-4.275161290322581,444.1956274765004,14.874035591513861,38.67829827431771
0.08619697932534895,0.45659793878925664,0.8556392547134721,0.26030786515082344,9.5,2.4022484014484062,7.0,2.0,0.0,25668.0,44388.0,96876.0,18348516.0,0.0,252.0,720.0,109584.0,7273296.0,0.0,4068.0,7236.0,23436.0,927036.0,4068.0,9216.0,13032.0,62712.0,4813812.0,0.0,0.0,396.0,1044.0,230400.0,11412.0,63072.0,105948.0,474768.0,10553940.0,12132.0,104472.0,354096.0,1348416.0,20670372.0,0.0,792.0,3132.0,28980.0,937908.0,0.0,936.0,3852.0,75168.0,256068.0,995472.0,3.0,3430.762574,0.4248586111111111,0.28961858365908094,79.24155233310658,14.731438709677422,28.8853,75.77516129032257,0.9212903225806451,1.3432258064516127,530.5660334039003,27.41181817798203,33.42039277473518
0.14506125200890455,0.42799386822359897,1.0999544623990072,1.0793270882813206,14.555555555555555,3.642162045856009,3.0,1.0,0.0,0.0,14040.0,330516.0,6298848.0,0.0,144.0,5508.0,126396.0,2877624.0,0.0,4320.0,44028.0,166320.0,5869188.0,6768.0,28476.0,65808.0,165168.0,6651612.0,0.0,0.0,0.0,81684.0,375228.0,1872.0,8892.0,28476.0,109764.0,2641176.0,19656.0,135144.0,356616.0,1292940.0,33493212.0,0.0,144.0,180.0,720.0,1432368.0,324.0,756.0,3204.0,105336.0,270792.0,867888.0,2.0,17057.75366,0.6227296268808471,0.23812799595269066,46.51045801095389,179.2403,21.156087096774193,65.7738387096774,-1.5022580645161292,-0.38096774193548383,394.2038629804696,11.5581819733376,47.06267066816686
0.09492226159545954,0.28625593559106893,1.9722475208986576,1.850830104101735,17.181818181818183,4.1694417009716584,1.0,4.0,0.0,612.0,2880.0,59508.0,3920076.0,108.0,15120.0,28332.0,97848.0,16425396.0,0.0,0.0,1584.0,64656.0,1614996.0,1692.0,17928.0,39348.0,108144.0,4856796.0,0.0,288.0,13284.0,352368.0,8603604.0,16704.0,123732.0,254988.0,652068.0,11203956.0,8820.0,75672.0,275580.0,1131048.0,19009980.0,0.0,432.0,1188.0,9396.0,952704.0,396.0,1980.0,3960.0,48780.0,168552.0,666432.0,4.0,12791.38051,0.36239099365437827,0.16155754262631203,69.39141510720205,1.0838354838709678,17.767532258064513,71.18354838709676,-1.2719354838709678,-0.6354838709677417,289.15588827489205,22.808717967723872,34.857798646745074
0.07497634864655237,0.3795482800327652,0.34603607917020685,0.5933412193483688,6.6,1.8773743371690932,11.0,4.0,0.0,0.0,0.0,360.0,17313516.0,0.0,0.0,792.0,24012.0,4819896.0,0.0,0.0,6588.0,193428.0,1965276.0,108.0,5940.0,11916.0,126216.0,1356804.0,108.0,180.0,1656.0,42984.0,18569484.0,7380.0,58824.0,174456.0,802620.0,11699172.0,14832.0,134280.0,371808.0,1239372.0,5274612.0,0.0,216.0,1476.0,7236.0,129708.0,504.0,2376.0,9036.0,83160.0,216792.0,705276.0,13.0,537.3484137,0.540278790959886,0.3041953468471897,59.800598630778346,2.1122233333333336,22.806353333333334,66.29433333333333,-0.5546666666666666,-1.7373333333333332,348.8852086069999,23.553485555667137,46.87076032695697
0.11804972505886857,0.34584173663983603,1.5626237580197395,2.0042035634810427,15.375,3.7366309739689183,4.0,1.0,0.0,180.0,1620.0,16704.0,1111032.0,0.0,1296.0,12492.0,65124.0,32436828.0,0.0,2340.0,8928.0,22356.0,529884.0,324.0,684.0,1296.0,15480.0,2249460.0,0.0,2556.0,13860.0,235872.0,17615160.0,4680.0,26532.0,94788.0,397656.0,10114164.0,18252.0,157356.0,422388.0,1617228.0,7307064.0,0.0,36.0,504.0,23328.0,1106604.0,0.0,1296.0,8208.0,91980.0,228888.0,747828.0,48.0,9205.662327,0.4779066608051215,0.2910216989048808,98.06261512749566,1.6619566666666665,21.73440333333333,67.49266666666668,0.101,-1.455333333333333,460.48823340146987,25.85392760705595,48.249527514102155
0.19721250664747042,0.353653187083125,0.9432099483604167,0.8538270334963904,15.6,2.7899476185535614,11.0,4.0,0.0,0.0,6984.0,29664.0,731304.0,0.0,504.0,17424.0,341208.0,18685944.0,0.0,0.0,216.0,30528.0,211680.0,72.0,4284.0,17568.0,126972.0,3778056.0,684.0,13248.0,108756.0,447732.0,21329280.0,22536.0,137484.0,313128.0,1068732.0,14592240.0,5220.0,56160.0,120492.0,444312.0,8848296.0,900.0,33156.0,85860.0,216144.0,3438720.0,0.0,288.0,2052.0,38196.0,114120.0,436716.0,244.0,21222.17111,0.2208657930242272,0.14680703757148497,53.92481672796823,0.0,21.18897333333333,59.969000000000015,-0.6963333333333334,-1.0306666666666668,443.8123798300002,7.521235516461456,32.48645304863716
0.2365399138131386,0.6634945074740697,0.8479210222045832,1.3166958556036077,18.444444444444443,2.8580378727053866,10.0,3.0,0.0,0.0,36.0,144.0,90864.0,0.0,1692.0,4176.0,46152.0,4248288.0,0.0,324.0,324.0,16668.0,230184.0,2052.0,7344.0,8172.0,33228.0,1562616.0,0.0,4716.0,51264.0,347220.0,42239952.0,19476.0,102708.0,206496.0,921744.0,14659020.0,7092.0,84492.0,277632.0,971208.0,5814540.0,0.0,360.0,1188.0,3924.0,2396196.0,0.0,0.0,2700.0,81144.0,236124.0,801036.0,51.0,32919.87338,0.6187431666666667,0.120889855578199,62.31323594492774,0.0,25.379777419354834,60.15806451612905,0.5912903225806452,-0.9825806451612905,501.19275750571,17.546234350977894,34.04225176961012
0.06722258886999312,0.27803875359941554,0.5861942035769396,0.18313714200600942,7.0,1.6231318381794673,5.0,2.0,0.0,0.0,36864.0,157860.0,991548.0,792.0,44532.0,129024.0,555696.0,45723960.0,0.0,108.0,2196.0,12456.0,997992.0,7740.0,51444.0,161820.0,558468.0,7580304.0,0.0,5724.0,26964.0,259884.0,5247180.0,3564.0,17352.0,57420.0,167364.0,1809468.0,14292.0,102240.0,221976.0,761040.0,9876492.0,0.0,0.0,6552.0,63468.0,863064.0,432.0,972.0,5076.0,61380.0,142092.0,605124.0,9.0,12779.34997,0.0,0.0,0.0,547.8314,22.686574193548385,78.34209677419356,-1.1309677419354838,-1.1132258064516127,283.5154719093003,15.646189338602053,29.19684260760244
0.1393471243661212,0.3680502869118373,0.9770123904738093,0.6931260180714102,12.714285714285714,2.8136442787447913,2.0,1.0,0.0,0.0,144.0,4500.0,1258848.0,0.0,0.0,4536.0,29232.0,7207164.0,0.0,7920.0,15732.0,44784.0,1071612.0,9684.0,50400.0,79596.0,226800.0,5407596.0,0.0,13140.0,51516.0,539244.0,41023224.0,11628.0,72900.0,214452.0,767448.0,8379360.0,8784.0,104724.0,291276.0,980676.0,7258608.0,0.0,0.0,0.0,5688.0,452988.0,252.0,792.0,1404.0,33804.0,127692.0,542988.0,5.0,6703.15719,0.4368456658575912,0.27409760100534925,53.853821127920895,2.6746464285714286,18.658228571428573,67.45500000000001,-0.1467857142857143,-0.2503571428571428,338.5742238896998,13.850498593223287,36.5719729546041
0.1245566610277002,0.5257764946858934,0.2559106851486465,0.6452638423768141,6.4,1.9539091223486402,6.0,2.0,0.0,0.0,0.0,11772.0,829332.0,0.0,540.0,3744.0,25740.0,4172148.0,0.0,936.0,14616.0,51408.0,517428.0,4536.0,14868.0,34308.0,189252.0,5143968.0,0.0,396.0,4536.0,32904.0,32335056.0,17820.0,109080.0,325368.0,1321704.0,21186648.0,4284.0,58248.0,162000.0,668304.0,7418088.0,0.0,0.0,36.0,3960.0,850716.0,0.0,828.0,4860.0,98712.0,240912.0,836604.0,26.0,23385.85399,0.18645743527101177,0.12798766909836332,39.78416694463076,37.1336,27.44236666666667,70.96366666666667,0.08866666666666662,0.12166666666666673,439.6351910104,17.685030930289514,39.78416694463076
0.13788216757192828,0.19509589314771528,0.31862513970580053,0.3462496696418029,6.5,1.1576610125692333,7.0,2.0,0.0,0.0,72.0,6264.0,396288.0,0.0,1080.0,1944.0,21924.0,4594428.0,0.0,432.0,11844.0,39852.0,515448.0,3060.0,10836.0,30744.0,151992.0,6155388.0,0.0,216.0,4860.0,29016.0,31607136.0,16272.0,87948.0,268452.0,1089684.0,18052848.0,7344.0,83844.0,227340.0,962352.0,10287900.0,0.0,0.0,72.0,5184.0,832932.0,0.0,720.0,4824.0,98460.0,239724.0,835236.0,26.0,23385.85399,0.19292972921965507,0.05919282187246735,24.810063087727897,107.4733,29.522819354838706,66.06693548387096,0.4032258064516129,0.30000000000000016,597.8446664489995,14.5967081831298,29.675248864915805
0.08140406122669847,0.32503422787690345,0.9414490319288333,0.4983455962012969,11.8,3.036353820194919,9.0,3.0,0.0,936.0,1980.0,5184.0,743184.0,0.0,3204.0,11016.0,19404.0,13295916.0,0.0,13680.0,25740.0,113256.0,1770192.0,1800.0,8496.0,22860.0,79668.0,7270812.0,0.0,0.0,1224.0,2016.0,13779828.0,5616.0,31896.0,84780.0,334584.0,11066004.0,18900.0,138564.0,358272.0,1578744.0,18128628.0,0.0,180.0,288.0,9648.0,2380212.0,0.0,0.0,5040.0,85464.0,279072.0,998784.0,18.0,6622.610663,0.5591500154254684,0.2231865807089256,72.00875233863366,1.7731166666666667,27.09549,64.20566666666667,-0.4393333333333333,-1.3939999999999997,489.0385709030998,17.277773989600938,38.20411749356509
0.16868905911392545,0.44225848209743895,2.3827007420447917,3.4981965951420078,21.666666666666668,3.8802258341279283,4.0,1.0,432.0,3240.0,14472.0,89028.0,1528812.0,828.0,3348.0,25776.0,272880.0,7501392.0,0.0,756.0,5220.0,42264.0,346284.0,5436.0,51804.0,112248.0,245664.0,3283884.0,0.0,5220.0,65844.0,923220.0,48029112.0,8280.0,63756.0,156456.0,422028.0,7216596.0,9972.0,86580.0,233676.0,642456.0,4296564.0,0.0,36.0,468.0,3060.0,630360.0,828.0,2016.0,6516.0,68184.0,170568.0,501012.0,5.0,10720.10518,0.5321573293980535,0.24049992284775454,60.05104144657077,1.078933333333333,21.672706666666674,65.729,0.42133333333333334,-2.4546666666666668,590.9428895015195,24.219156644724052,35.83188480184672
0.18049243373670903,0.4142115610592595,2.0083075902889584,2.763387102542839,24.9,4.985318703409201,3.0,1.0,0.0,0.0,72.0,23472.0,643500.0,216.0,2016.0,5436.0,85932.0,15812388.0,0.0,0.0,324.0,504.0,58068.0,4824.0,11736.0,20628.0,72324.0,2121804.0,8352.0,153612.0,429120.0,1942884.0,43299900.0,11196.0,73224.0,201312.0,606780.0,11139156.0,4176.0,19152.0,53820.0,158148.0,1724076.0,0.0,288.0,1548.0,2952.0,85932.0,0.0,792.0,2592.0,22428.0,73188.0,248328.0,47.0,33952.92531,0.829779442400741,0.30557626501512186,70.86987349768032,0.09849032258064516,23.88869677419354,65.60677419354839,0.9061290322580646,-0.8225806451612901,608.8500240959601,17.079065470923275,36.20345254778068
0.6868580831184438,0.5911398496335704,2.0664566781312503,2.8320425223351453,24.2,3.623947861737812,11.0,4.0,900.0,2484.0,6912.0,19728.0,597420.0,0.0,2376.0,12708.0,213156.0,5200956.0,0.0,1836.0,17028.0,44100.0,252828.0,3060.0,10944.0,26532.0,234828.0,2872728.0,0.0,468.0,4896.0,55800.0,41917860.0,11052.0,54648.0,142380.0,582480.0,7627716.0,11880.0,140436.0,362448.0,1171188.0,10241136.0,0.0,0.0,3420.0,65808.0,2082492.0,36.0,1008.0,4428.0,69768.0,209160.0,754272.0,13.0,19435.77403,0.400705823572261,0.19003364574815998,68.4505022366628,0.0,22.304926666666663,66.899,0.3376666666666666,-2.0309999999999997,437.9831056053498,18.0718567845919,39.33755207139115
0.2946480609854769,0.4405379815090305,3.2938407890270835,5.976955608307424,35.09090909090909,4.181049674020442,1.0,4.0,0.0,504.0,756.0,6660.0,146772.0,0.0,2232.0,5904.0,51552.0,4213656.0,0.0,216.0,360.0,24912.0,249228.0,2520.0,9252.0,11988.0,62604.0,2392200.0,0.0,5148.0,52668.0,353916.0,42707592.0,15372.0,66348.0,119160.0,613080.0,12245544.0,11016.0,117792.0,357012.0,1225872.0,6919056.0,0.0,504.0,1476.0,5184.0,3013992.0,0.0,0.0,2520.0,80748.0,235728.0,797976.0,51.0,32919.87338,0.3285024380102904,0.1946751666465157,55.568690496095094,0.10475806451612904,15.265909677419355,60.46967741935484,0.5219354838709678,-1.6419354838709679,390.8205502651999,15.435581810743123,40.13310868535197
0.330975805270397,0.5066666461943846,4.5700297330604585,8.666229384357083,38.3,6.794382375703532,1.0,4.0,0.0,0.0,0.0,0.0,3762360.0,0.0,0.0,1152.0,44100.0,3371364.0,0.0,3204.0,3240.0,35100.0,712332.0,4608.0,31788.0,68760.0,160020.0,2079972.0,36.0,36.0,576.0,3492.0,6972408.0,15408.0,68832.0,217476.0,669816.0,25133436.0,7128.0,122400.0,353376.0,1506924.0,19474812.0,0.0,0.0,0.0,1152.0,1961208.0,0.0,288.0,4284.0,56232.0,140832.0,720828.0,12.0,5480.991045,0.5190670392048478,0.1655548607148229,67.81874130172586,0.0,19.619335483870966,68.31967741935483,0.3135483870967742,-2.8138709677419356,388.87816516649985,16.99885943513393,37.73212149142905
0.16747966385414792,0.4414847211459374,1.1041572225546694,1.0741774723906923,17.22222222222222,3.592280223690409,4.0,1.0,108.0,2232.0,3276.0,17352.0,485928.0,0.0,504.0,4932.0,199296.0,15894756.0,3852.0,6948.0,6948.0,28404.0,352944.0,36.0,1224.0,7452.0,160956.0,5284836.0,0.0,396.0,6984.0,112068.0,22396536.0,3024.0,14256.0,51156.0,251856.0,6055452.0,20448.0,186084.0,488520.0,1599012.0,14366556.0,0.0,72.0,3384.0,47412.0,5851980.0,0.0,540.0,3852.0,70812.0,212904.0,725112.0,13.0,14435.29365,0.6422352093849686,0.3651325418617428,49.450070462607044,40.6028,23.552390000000003,62.41363333333333,0.8143333333333334,-1.4736666666666667,588.0656759912752,23.479286894345403,49.519082716232425
0.14034542247053197,0.33261299591798127,1.8324743806774166,0.9200423675434909,19.3,5.178846345503106,9.0,3.0,612.0,3528.0,5112.0,24768.0,1285056.0,0.0,144.0,12528.0,39960.0,7385724.0,0.0,0.0,7920.0,22680.0,662292.0,14724.0,87948.0,143784.0,249120.0,4104180.0,36.0,2628.0,21240.0,232452.0,25188264.0,7128.0,75528.0,159840.0,522108.0,10818432.0,2952.0,64908.0,255276.0,1161000.0,16313040.0,0.0,1512.0,4932.0,82044.0,1626444.0,540.0,1692.0,6012.0,46692.0,174672.0,807120.0,33.0,30649.61061,0.3123075252525252,0.19793811032372605,61.81243873432356,2.142236666666667,27.288190000000007,63.74699999999999,0.37966666666666676,-0.40599999999999997,491.4793928363002,25.316045627741353,36.496393106582204
0.0630385739461315,0.3331359179446794,1.1679661911373864,0.5252066619353797,13.090909090909092,3.3568986022341845,8.0,3.0,756.0,2196.0,11520.0,29196.0,945000.0,0.0,2628.0,13860.0,88416.0,5568588.0,0.0,3996.0,10944.0,17640.0,200700.0,612.0,1044.0,11232.0,51696.0,2955960.0,0.0,14508.0,71316.0,368280.0,22536036.0,9576.0,40788.0,152460.0,471348.0,12768480.0,14760.0,153684.0,348696.0,1285200.0,17034228.0,0.0,0.0,2592.0,30996.0,5403132.0,360.0,1476.0,5832.0,64116.0,161892.0,798840.0,136.0,15407.79543,0.2840648604615759,0.17519828645008084,49.09017799184165,4.7149193548387105,28.397012903225807,65.83903225806452,0.13709677419354838,-0.29451612903225804,570.5925637467501,7.7438383855043,27.34696111684005
0.10505126136953533,0.23072866816161602,1.6812164329911252,0.6346483291747299,15.9,3.801744430880221,5.0,2.0,0.0,5616.0,18324.0,150768.0,1094904.0,0.0,1152.0,2016.0,13428.0,4046436.0,0.0,684.0,18468.0,65088.0,981540.0,9288.0,48744.0,106488.0,328500.0,8474220.0,0.0,0.0,72.0,5652.0,5030676.0,6840.0,77472.0,207684.0,738288.0,12738780.0,9216.0,79056.0,228744.0,975636.0,23128848.0,0.0,144.0,144.0,1836.0,3355236.0,0.0,1188.0,5976.0,69840.0,203436.0,862092.0,69.0,17428.37218,0.46898674780172445,0.3064905323139305,93.73839076286168,8.326306451612902,25.458787096774195,61.94709677419356,0.9509677419354836,-0.18806451612903222,417.16582276840023,27.308693928101665,48.42484074347971
0.11071320240624935,0.23522182557542345,1.388338218732639,0.42613008739298464,9.88888888888889,3.399001349699259,8.0,3.0,0.0,324.0,1080.0,5688.0,373428.0,0.0,4716.0,9072.0,27468.0,5372712.0,0.0,1116.0,29052.0,141300.0,2318760.0,12672.0,56844.0,104364.0,330048.0,7367256.0,0.0,0.0,360.0,4752.0,6465744.0,3168.0,28692.0,70884.0,222732.0,8117892.0,10296.0,131652.0,384840.0,1607904.0,26628948.0,0.0,360.0,360.0,2916.0,4186764.0,0.0,324.0,5184.0,59004.0,185364.0,798480.0,69.0,17428.37218,0.4193459163321499,0.20998611306089884,32.055572585839606,156.2621,29.871832258064522,62.29483870967741,0.8129032258064517,0.1361290322580645,606.7725531077698,17.024592058827473,30.90136295473266
0.04952680270121472,0.26092259025056935,0.2778342432399074,0.4541936492674547,4.9,1.0101030687169252,12.0,4.0,252.0,432.0,1080.0,4500.0,898380.0,0.0,0.0,3492.0,13932.0,6106356.0,0.0,7020.0,12204.0,32904.0,766980.0,5760.0,32148.0,52920.0,186840.0,2682288.0,0.0,12636.0,43344.0,507060.0,39385440.0,18144.0,116568.0,297684.0,994032.0,13874184.0,3024.0,73764.0,234936.0,816336.0,6865020.0,0.0,36.0,324.0,4464.0,491796.0,288.0,1620.0,4140.0,40068.0,139680.0,581364.0,5.0,6703.15719,0.21257666666666664,0.2107367841259649,17.84164028942176,17.403670967741938,17.408032258064516,79.48129032258065,0.5083870967741936,-0.1432258064516129,135.87011214850003,16.072003175860523,38.329872499119915
0.19542948676887584,0.8481506764007745,1.1308629737389004,1.0480235530182498,14.333333333333334,3.2099369143578964,9.0,3.0,0.0,504.0,4536.0,11592.0,4108716.0,0.0,0.0,72.0,44928.0,6859116.0,2124.0,17316.0,26424.0,143064.0,5227560.0,12096.0,54756.0,85176.0,214344.0,5605452.0,0.0,0.0,0.0,9216.0,2720952.0,1476.0,5328.0,13896.0,47916.0,6953580.0,11736.0,146736.0,438840.0,1798992.0,26051940.0,0.0,0.0,0.0,15876.0,4861224.0,0.0,828.0,4068.0,57708.0,216792.0,855324.0,6.0,17454.33105,0.6891869773943843,0.31502064107381755,31.829713592720122,258.4264,27.470426666666665,64.24833333333336,-0.7050000000000001,-0.5469999999999999,436.1343941432001,17.541558518288966,37.94499594499654
0.1666829582535434,0.5080018546037054,0.7120963778885612,1.521433485045548,12.333333333333334,2.610392821563275,4.0,1.0,0.0,900.0,900.0,1224.0,14660424.0,1836.0,26928.0,189648.0,1375380.0,35085888.0,0.0,0.0,648.0,33300.0,662580.0,3708.0,18648.0,44280.0,179388.0,5048568.0,0.0,2232.0,11808.0,41724.0,2099664.0,8568.0,68112.0,154008.0,483804.0,5764968.0,12204.0,108108.0,255312.0,694944.0,9868752.0,0.0,36.0,72.0,1944.0,553896.0,0.0,936.0,5184.0,57312.0,129168.0,329580.0,5.0,3129.911321,0.550417478436994,0.269225060644856,28.71772465883382,133.5658,21.03581666666667,71.38526666666667,-0.9703333333333332,-0.9776666666666665,345.82394928093004,20.42861284787117,29.922239764203532
0.09515733356644804,0.423391817753473,1.2858946271966665,0.7822494093322703,16.7,4.235756834863205,5.0,2.0,468.0,8352.0,17316.0,70344.0,1600884.0,0.0,1692.0,10944.0,55116.0,13787856.0,0.0,216.0,3492.0,125532.0,1221012.0,5112.0,15768.0,28764.0,139932.0,5337612.0,0.0,252.0,2052.0,68004.0,14170140.0,5832.0,58320.0,184248.0,758088.0,13111056.0,3096.0,79164.0,262584.0,1052676.0,14636412.0,15084.0,37944.0,41472.0,81216.0,4399488.0,0.0,72.0,1728.0,80964.0,234396.0,790524.0,100.0,15052.7619,0.6665501443805035,0.2286265689060048,64.93905882879713,4.176383870967742,27.32048387096774,64.53999999999999,0.5925806451612905,-0.6303225806451613,568.9536982820001,11.86723862515884,36.930524146646015
0.2147967205737826,0.20903215450914525,2.3143592921752605,3.2216418297175884,20.625,4.572782405047147,2.0,1.0,0.0,0.0,6984.0,29664.0,731304.0,0.0,504.0,17424.0,341208.0,18685944.0,0.0,0.0,216.0,30528.0,211680.0,72.0,4284.0,17568.0,126972.0,3778056.0,684.0,13248.0,108756.0,447732.0,21329280.0,22536.0,137484.0,313128.0,1068732.0,14592240.0,5220.0,56160.0,120492.0,444312.0,8848296.0,900.0,33156.0,85860.0,216144.0,3438720.0,0.0,288.0,2052.0,38196.0,114120.0,436716.0,244.0,21222.17111,0.4576212794612795,0.3387612464538327,49.6793645547882,0.5506357142857142,18.967467857142857,66.53821428571429,0.22964285714285718,-0.937857142857143,404.71568583199996,14.449731046215796,49.6793645547882
0.07220408987532888,0.2770756283238981,0.2790674499971936,0.5386168284878367,5.8,1.7561242795375893,8.0,3.0,0.0,36.0,108.0,11340.0,3994740.0,0.0,72.0,972.0,45288.0,3933756.0,0.0,360.0,720.0,29088.0,977220.0,180.0,2232.0,7740.0,47772.0,3698136.0,396.0,5040.0,28836.0,383796.0,18280116.0,7776.0,55584.0,150480.0,727668.0,12757932.0,17424.0,156420.0,412668.0,1235736.0,9623160.0,0.0,72.0,2628.0,8316.0,866448.0,252.0,1044.0,5760.0,63108.0,180720.0,652716.0,10.0,446.5182684,0.21422393450256227,0.09448163245969436,69.28000241993374,2.1593096774193548,27.91226774193548,66.18870967741937,-0.4016129032258066,0.4493548387096774,630.7392381154115,20.87680101977141,32.74033848859845
0.09545845277160178,0.27877681131998155,2.522466446849958,3.1634400557591986,22.7,4.357431960100584,1.0,4.0,0.0,0.0,576.0,3960.0,1848780.0,0.0,4572.0,56160.0,192564.0,9155664.0,0.0,4284.0,16704.0,40464.0,562320.0,3672.0,7596.0,30636.0,130680.0,4773960.0,0.0,15660.0,75996.0,383760.0,22131324.0,6660.0,39780.0,110592.0,342900.0,9458460.0,15372.0,150804.0,342648.0,1245456.0,15362316.0,0.0,0.0,2160.0,29736.0,5161428.0,396.0,1548.0,5832.0,60264.0,149040.0,772092.0,136.0,15407.79543,0.788951913165266,0.217123704684646,72.41505009656606,1.637825806451613,15.76802580645161,72.64645161290322,-1.1954838709677418,-1.1535483870967742,287.41887863944004,20.51977872428335,33.26189377411367
0.45791731336312047,0.49012658352808175,5.621458030519135,5.739356153852417,33.666666666666664,5.70714525131282,11.0,4.0,0.0,0.0,72.0,6264.0,396288.0,0.0,1080.0,1944.0,21924.0,4594428.0,0.0,432.0,11844.0,39852.0,515448.0,3060.0,10836.0,30744.0,151992.0,6155388.0,0.0,216.0,4860.0,29016.0,31607136.0,16272.0,87948.0,268452.0,1089684.0,18052848.0,7344.0,83844.0,227340.0,962352.0,10287900.0,0.0,0.0,72.0,5184.0,832932.0,0.0,720.0,4824.0,98460.0,239724.0,835236.0,26.0,23385.85399,0.2851331078250679,0.12714021709045306,33.188383553615616,0.0,26.258756666666674,64.46316666666667,0.739,-0.578,405.93832175900025,20.826342384389463,33.09432795229687
0.1661225130969462,0.3014175668025147,1.8957786371967593,2.51424665150434,23.0,3.456369039079829,4.0,1.0,0.0,2016.0,3024.0,22716.0,368892.0,0.0,13248.0,36504.0,243792.0,18107568.0,0.0,2232.0,14832.0,18396.0,131544.0,2808.0,8892.0,19620.0,130068.0,2635884.0,252.0,12096.0,57816.0,294588.0,33272388.0,15588.0,86976.0,222804.0,818892.0,10014156.0,7416.0,101628.0,278064.0,971172.0,5408820.0,0.0,756.0,1836.0,7848.0,2215008.0,0.0,0.0,5436.0,55044.0,150372.0,633996.0,90.0,33384.18737,0.367535365079365,0.10577643970878271,52.17460773463253,1.8207166666666665,22.19196333333333,54.27766666666667,0.587,-0.8339999999999997,497.83629030346407,12.903716680306928,27.71876796843921
0.3145133363172718,0.3992330382445812,3.1186281991413387,1.687697343537396,23.833333333333332,5.069881209673951,11.0,4.0,0.0,0.0,396.0,23652.0,1052172.0,144.0,1188.0,3132.0,61992.0,15595848.0,0.0,0.0,360.0,360.0,43344.0,2988.0,5040.0,7848.0,26820.0,987372.0,8244.0,151956.0,426096.0,1934280.0,43157772.0,12564.0,61452.0,155664.0,527796.0,10154340.0,4500.0,38376.0,114804.0,299304.0,3431988.0,0.0,360.0,1872.0,4176.0,124308.0,0.0,792.0,2916.0,24228.0,75384.0,263088.0,47.0,33952.92531,0.4689358033051783,0.26469421942897253,33.324651778025775,0.9783,25.77216,69.93626666666667,0.477,-0.49466666666666675,451.2075380377101,18.7117597485727,33.397489253173426
0.11499740517150049,0.21189036161299557,3.020265581184357,4.659754480666913,29.272727272727273,4.319846244598353,1.0,4.0,0.0,2016.0,3024.0,22716.0,368892.0,0.0,13248.0,36504.0,243792.0,18107568.0,0.0,2232.0,14832.0,18396.0,131544.0,2808.0,8892.0,19620.0,130068.0,2635884.0,252.0,12096.0,57816.0,294588.0,33272388.0,15588.0,86976.0,222804.0,818892.0,10014156.0,7416.0,101628.0,278064.0,971172.0,5408820.0,0.0,756.0,1836.0,7848.0,2215008.0,0.0,0.0,5436.0,55044.0,150372.0,633996.0,90.0,33384.18737,0.2542186746031746,0.16304163600946425,57.88282430961031,0.722958064516129,18.074848387096765,59.62354838709675,0.38806451612903237,-0.9329032258064517,424.59901369279993,13.161314555123157,35.83893994907122
0.17797102971809226,0.4548181493855539,1.0264050623042011,0.7724144076142253,14.363636363636363,3.737985432820679,10.0,3.0,0.0,36.0,288.0,3924.0,857016.0,0.0,180.0,12960.0,37008.0,7114968.0,0.0,0.0,9900.0,30780.0,2116368.0,15948.0,100296.0,174312.0,329508.0,5897412.0,0.0,3240.0,24840.0,268092.0,27456480.0,7452.0,88056.0,213912.0,772884.0,13663944.0,3168.0,51876.0,198900.0,930492.0,10530288.0,0.0,1296.0,3924.0,70920.0,1410696.0,288.0,1296.0,4824.0,37980.0,146412.0,697644.0,33.0,30649.61061,0.285231528590459,0.17737449550256418,43.942259047552234,0.5174322580645161,26.29605806451613,61.28741935483872,0.3948387096774194,-0.5367741935483871,463.76317907041596,13.685172117195235,43.942259047552234
0.042365875052782664,0.4254992450344755,0.3483782025199583,0.48745022661254883,6.8,1.238161192102755,12.0,4.0,468.0,3672.0,5652.0,10260.0,14356188.0,2016.0,30924.0,192024.0,1402488.0,35351172.0,108.0,1440.0,2376.0,42192.0,705816.0,6408.0,32364.0,71208.0,222516.0,4530708.0,0.0,2628.0,12528.0,41652.0,2106468.0,10116.0,88272.0,204084.0,558396.0,7673292.0,7236.0,69228.0,174708.0,526356.0,8055252.0,0.0,72.0,72.0,2304.0,409104.0,0.0,756.0,5148.0,53676.0,123192.0,335124.0,5.0,3129.911321,0.28994590043290047,0.19943429790390257,42.585964020574586,33.322016129032264,17.300751612903223,80.86903225806452,-1.293225806451613,-1.7174193548387096,98.29615804189993,17.26673769938802,38.65383135904983
0.11480134558831709,0.31803601208098087,1.6425166540270835,1.7896150168553595,16.454545454545453,2.964821658316626,3.0,1.0,144.0,1296.0,13824.0,212580.0,4250628.0,0.0,72.0,7992.0,169992.0,2584656.0,0.0,5292.0,35028.0,119232.0,3711276.0,6084.0,39528.0,98388.0,284940.0,5554620.0,0.0,0.0,0.0,81684.0,387216.0,2628.0,8748.0,41652.0,258912.0,11876724.0,15948.0,108144.0,291708.0,1076688.0,28221228.0,0.0,180.0,252.0,828.0,1158588.0,576.0,1800.0,6696.0,119196.0,296604.0,936540.0,2.0,17057.75366,0.35637054654558403,0.28437109475845773,81.50751714770887,6.370851612903227,20.552535483870972,67.12096774193547,-1.4683870967741934,-0.7309677419354839,360.68122012816997,23.52308286608614,40.46290392069537
0.11405008188312568,0.2827749993813083,1.245664685751875,0.9139975317772591,12.3,3.616213554588563,1.0,4.0,792.0,6660.0,12384.0,25380.0,15036228.0,2052.0,37116.0,215892.0,1494468.0,34953588.0,144.0,1800.0,3024.0,48240.0,748260.0,8676.0,52020.0,123804.0,435852.0,5531328.0,0.0,2376.0,12492.0,42876.0,2119536.0,7452.0,50652.0,106020.0,246060.0,5895216.0,7776.0,83016.0,203004.0,575028.0,8929584.0,0.0,108.0,108.0,1584.0,470016.0,36.0,684.0,4608.0,48528.0,109116.0,271800.0,5.0,3129.911321,0.5850633333333334,0.25295959230612736,63.9715631247847,15.245980645161293,17.552345161290326,77.09193548387097,-1.190322580645161,-1.1058064516129034,178.52272880476,12.85753118457383,40.51011679657495
0.10102282451704285,0.3160449549878054,1.6970722284903788,1.7278904420808923,19.545454545454547,3.769630534023429,1.0,4.0,0.0,36.0,504.0,2880.0,2287188.0,0.0,0.0,0.0,10404.0,5999760.0,360.0,8280.0,13824.0,51984.0,3838176.0,1080.0,3456.0,4752.0,12672.0,1858428.0,0.0,0.0,180.0,10728.0,2787408.0,12852.0,87696.0,190080.0,736488.0,16177392.0,11952.0,115056.0,340452.0,1379700.0,24128460.0,0.0,0.0,0.0,13428.0,4451220.0,0.0,1440.0,5256.0,67824.0,235944.0,922968.0,6.0,17454.33105,0.4366508001743627,0.2218298727209831,32.40760657265938,1.1192806451612902,17.393683870967745,69.03935483870967,-1.061290322580645,-0.8912903225806451,278.59407232245985,23.391804023599985,32.40760657265938
0.3142755485995908,0.5977604738559297,1.6077576902840756,3.739911641180902,21.4,2.554669631381789,12.0,4.0,0.0,16056.0,31068.0,63288.0,8697168.0,0.0,4212.0,7956.0,106704.0,7575696.0,0.0,11772.0,23904.0,77364.0,1670688.0,9000.0,26136.0,41832.0,195120.0,7251444.0,0.0,0.0,576.0,2700.0,258012.0,15084.0,103104.0,248652.0,1007244.0,17584380.0,4680.0,55224.0,195732.0,769140.0,12195504.0,0.0,252.0,2664.0,15372.0,557424.0,0.0,756.0,2700.0,65952.0,232632.0,904356.0,3.0,3430.762574,0.0,0.0,0.0,19.145699999999998,19.956519354838704,61.58974193548388,0.5725806451612904,-2.9964516129032255,418.95552518845,18.593548113971586,27.190023670239867
0.05407731640425595,0.22771716574209533,1.0210192926985415,0.4343940443325282,10.727272727272727,3.1132432347538535,8.0,3.0,0.0,864.0,7524.0,21960.0,870552.0,108.0,3996.0,44028.0,521892.0,21321756.0,0.0,0.0,5436.0,54108.0,503064.0,936.0,5328.0,8316.0,61704.0,2499012.0,468.0,19296.0,123804.0,491688.0,23333688.0,12132.0,63180.0,164232.0,688248.0,11684412.0,15156.0,100728.0,194472.0,624312.0,8113140.0,1548.0,54216.0,131076.0,273996.0,3682152.0,0.0,0.0,1116.0,35424.0,105660.0,404100.0,244.0,21222.17111,0.30638666666666664,0.21029918721670848,50.909098157774665,4.654251612903226,27.960877419354837,67.08774193548386,0.4235483870967742,0.5387096774193548,538.0298243017393,9.763283980240729,26.91581779392413
0.15299448059827883,0.2568480310487913,1.0359413101136223,0.44215194550167236,7.5,2.154403282884878,6.0,2.0,0.0,0.0,396.0,23652.0,1052172.0,144.0,1188.0,3132.0,61992.0,15595848.0,0.0,0.0,360.0,360.0,43344.0,2988.0,5040.0,7848.0,26820.0,987372.0,8244.0,151956.0,426096.0,1934280.0,43157772.0,12564.0,61452.0,155664.0,527796.0,10154340.0,4500.0,38376.0,114804.0,299304.0,3431988.0,0.0,360.0,1872.0,4176.0,124308.0,0.0,792.0,2916.0,24228.0,75384.0,263088.0,47.0,33952.92531,0.672172176544307,0.33862579932007947,20.686930504075175,299.7099,28.599803333333337,68.00499999999998,0.05266666666666666,0.138,594.2610054469002,14.90788421715942,13.29910831314757
0.4764720989969103,0.4198650387342492,2.0560127952852296,2.9427181396822926,22.125,4.215152197051661,4.0,1.0,0.0,1368.0,2016.0,18144.0,824652.0,0.0,2952.0,7272.0,66780.0,4424256.0,0.0,2412.0,2952.0,43740.0,457164.0,6948.0,20448.0,36396.0,163224.0,5204412.0,0.0,5544.0,53640.0,357876.0,42842880.0,3960.0,25092.0,54180.0,335772.0,7005744.0,19116.0,147420.0,402156.0,1398312.0,8457336.0,0.0,612.0,1728.0,5328.0,3746628.0,0.0,0.0,1296.0,76932.0,225072.0,752148.0,51.0,32919.87338,0.45449096803545347,0.22606914820411686,42.89982523058419,40.6674,22.972780000000004,58.870900000000006,0.9496666666666665,-0.8759999999999999,550.2763700112799,14.448333381702424,42.50424232536842
0.09838501185802827,0.667295369443073,0.2531613284614418,0.6457065252738216,5.9,1.7769120119309583,7.0,2.0,0.0,0.0,0.0,360.0,17313516.0,0.0,0.0,792.0,24012.0,4819896.0,0.0,0.0,6588.0,193428.0,1965276.0,108.0,5940.0,11916.0,126216.0,1356804.0,108.0,180.0,1656.0,42984.0,18569484.0,7380.0,58824.0,174456.0,802620.0,11699172.0,14832.0,134280.0,371808.0,1239372.0,5274612.0,0.0,216.0,1476.0,7236.0,129708.0,504.0,2376.0,9036.0,83160.0,216792.0,705276.0,13.0,537.3484137,0.5884593747180399,0.2664160821320455,95.61130031787096,1.8503645161290323,29.426335483870965,69.32483870967742,-0.7512903225806453,0.0796774193548387,732.3785173256,24.12366245875357,45.41871416323418
0.10956246007842212,0.37675186280917294,0.5416399000241187,0.5878227514825766,8.285714285714286,2.8196649019674487,8.0,3.0,0.0,0.0,0.0,11772.0,829332.0,0.0,540.0,3744.0,25740.0,4172148.0,0.0,936.0,14616.0,51408.0,517428.0,4536.0,14868.0,34308.0,189252.0,5143968.0,0.0,396.0,4536.0,32904.0,32335056.0,17820.0,109080.0,325368.0,1321704.0,21186648.0,4284.0,58248.0,162000.0,668304.0,7418088.0,0.0,0.0,36.0,3960.0,850716.0,0.0,828.0,4860.0,98712.0,240912.0,836604.0,26.0,23385.85399,0.20474798531349406,0.10312328121116254,79.10776644358626,41.43503548387096,27.681483870967735,74.10354838709677,-0.18096774193548393,0.7619354838709679,425.5646675075501,12.012387186882394,33.74543597826214
0.0981248846132749,0.597655149645361,0.4214578166958266,0.5286510509733346,9.3,2.0914729605055093,7.0,2.0,0.0,2520.0,4896.0,16740.0,366552.0,0.0,1512.0,2916.0,6624.0,12186756.0,0.0,6408.0,12600.0,59616.0,1355508.0,684.0,4572.0,14724.0,43344.0,5660064.0,0.0,0.0,1296.0,1764.0,13306140.0,11484.0,92124.0,212868.0,837252.0,16455384.0,14400.0,91656.0,256140.0,1151712.0,16518600.0,0.0,144.0,216.0,7920.0,2204604.0,0.0,72.0,4860.0,83808.0,279756.0,1016208.0,18.0,6622.610663,0.17493894690035938,0.07724830437406291,32.403065552654624,3.969229032258065,29.418738709677424,65.9774193548387,1.7474193548387102,0.35838709677419367,673.58320155325,20.55858960031895,32.403065552654624
0.11526101014707235,0.12916952041419888,1.6782047114392917,1.768944686416225,18.6,3.8357516504979983,5.0,2.0,1800.0,18864.0,59976.0,229500.0,1440612.0,0.0,6156.0,23400.0,136980.0,15704424.0,0.0,1476.0,6228.0,6804.0,89136.0,4644.0,30780.0,67140.0,305280.0,6315048.0,216.0,13248.0,61092.0,303984.0,33500052.0,19800.0,164160.0,429336.0,1587024.0,16685100.0,108.0,1800.0,3708.0,25524.0,329652.0,0.0,0.0,0.0,720.0,176580.0,0.0,0.0,4932.0,46404.0,133992.0,545652.0,90.0,33384.18737,0.39782,0.21496550698760297,51.57435865134699,11.155674193548387,25.295438709677423,62.28870967741935,0.4738709677419355,0.05870967741935486,381.0323216910298,14.639328766035781,32.51362883279269
0.05759427670775333,0.1851023845657692,0.5504221108192593,0.41910017178465514,7.444444444444445,1.8150993961548596,7.0,2.0,36.0,252.0,756.0,2412.0,330552.0,0.0,252.0,2664.0,30528.0,30112164.0,0.0,36.0,684.0,1440.0,197964.0,252.0,360.0,684.0,5364.0,1127088.0,0.0,972.0,6192.0,164664.0,16251480.0,5940.0,49824.0,176724.0,667008.0,14963040.0,17172.0,138960.0,367092.0,1496880.0,7779240.0,0.0,108.0,540.0,22608.0,845244.0,0.0,1440.0,7992.0,91908.0,230076.0,750492.0,48.0,9205.662327,0.23087006944444444,0.14493789919810418,84.05216995208174,0.5223225806451613,30.107348387096778,61.87,1.5206451612903227,1.5722580645161288,651.0684318080002,27.600199765665387,33.54273555847255
0.04667922251012131,0.06076446996560755,0.5800159786396666,0.34930465011532874,7.0,1.7172447864259206,6.0,2.0,468.0,7524.0,13536.0,62496.0,184932.0,252.0,47520.0,203508.0,951732.0,52800732.0,0.0,144.0,180.0,2160.0,77004.0,1368.0,26172.0,56700.0,405864.0,4047984.0,2880.0,63468.0,152640.0,429660.0,8939844.0,17784.0,111924.0,312372.0,977724.0,9715392.0,4392.0,6588.0,6876.0,18216.0,632376.0,72.0,72.0,684.0,105300.0,334944.0,468.0,1260.0,4248.0,19332.0,38772.0,188352.0,378.0,15241.42093,0.6734024999999999,0.3152937596197658,20.39640415818257,10.838846666666667,26.44563,79.37033333333335,0.7146666666666666,1.8749999999999996,476.5164557219998,9.769329528541416,33.27033948480458
0.06850550765542743,0.3654434287125797,0.7497069106465625,0.7471792016439448,13.11111111111111,2.9733850190215683,5.0,2.0,0.0,612.0,720.0,12132.0,127584.0,0.0,1944.0,10800.0,215172.0,16458120.0,12564.0,15876.0,15876.0,40752.0,363780.0,1404.0,5184.0,18324.0,230436.0,7293816.0,0.0,576.0,8136.0,120528.0,23168700.0,8136.0,75132.0,227880.0,869940.0,13181436.0,6444.0,120240.0,310320.0,971856.0,7344396.0,0.0,0.0,1404.0,31248.0,3887100.0,0.0,864.0,2916.0,63180.0,191484.0,649080.0,13.0,14435.29365,0.7554304284273774,0.22393760818431213,65.01293631369059,7.875374193548387,28.492403225806445,64.84709677419355,1.5232258064516124,1.1006451612903227,659.1153852756999,17.7440631589198,31.850110806436962
0.12762726286933235,0.36506965295303,3.014965567275152,5.297467298957846,25.727272727272727,3.662110117891869,3.0,1.0,432.0,3240.0,14472.0,89028.0,1528812.0,828.0,3348.0,25776.0,272880.0,7501392.0,0.0,756.0,5220.0,42264.0,346284.0,5436.0,51804.0,112248.0,245664.0,3283884.0,0.0,5220.0,65844.0,923220.0,48029112.0,8280.0,63756.0,156456.0,422028.0,7216596.0,9972.0,86580.0,233676.0,642456.0,4296564.0,0.0,36.0,468.0,3060.0,630360.0,828.0,2016.0,6516.0,68184.0,170568.0,501012.0,5.0,10720.10518,0.4418995299559066,0.3143849492343087,76.27220246429816,1.381477419354839,21.615022580645157,69.18967741935485,0.44322580645161286,-1.9838709677419355,571.5128135184099,23.14732560812422,31.059960802162998
0.13736173639682075,0.5527734625797884,0.5285735505923514,0.6589982076497168,9.2,2.6095497687432685,6.0,2.0,0.0,0.0,3996.0,53892.0,4873536.0,4392.0,47448.0,75096.0,202716.0,16952292.0,0.0,36.0,9756.0,119844.0,2542248.0,7560.0,40392.0,112104.0,366948.0,12347856.0,0.0,144.0,11232.0,348228.0,8724492.0,7236.0,91152.0,230868.0,729180.0,12392712.0,4752.0,42480.0,161352.0,642168.0,10709352.0,0.0,216.0,864.0,4932.0,544176.0,468.0,2736.0,7416.0,60660.0,180072.0,673452.0,4.0,12791.38051,0.6242642933195656,0.2576547948066754,63.22269031402011,7.538353333333333,29.69721,64.13566666666668,0.5813333333333333,-0.8820000000000001,532.7264886719,17.725222388944342,30.993851093295206
0.06689957067907923,0.22531367439665528,0.625926105565375,0.5160810621924063,9.555555555555555,2.0321671888484354,7.0,2.0,0.0,0.0,0.0,10044.0,1798164.0,0.0,1188.0,16848.0,579240.0,36791064.0,0.0,2556.0,51948.0,180792.0,746028.0,1008.0,2808.0,6588.0,52560.0,3502764.0,0.0,7776.0,17172.0,230760.0,18600048.0,16632.0,63360.0,162792.0,802044.0,9715392.0,8892.0,135288.0,326628.0,761940.0,3536748.0,0.0,1584.0,1656.0,1872.0,466380.0,0.0,0.0,4824.0,68328.0,201888.0,521964.0,111.0,18978.38682,0.27331191094619667,0.1770526401919538,33.381960971255715,1.977667741935484,28.303070967741935,62.675161290322585,0.69,0.01612903225806451,622.6032095120006,21.397284323744145,33.381960971255715
0.08670818594875407,0.32170685804533367,0.37739644892067764,0.2366110871809548,4.666666666666667,1.3367293010604702,5.0,2.0,864.0,3780.0,7992.0,17568.0,8711604.0,0.0,0.0,36.0,14544.0,5059116.0,0.0,0.0,14688.0,228204.0,2422548.0,0.0,864.0,1476.0,60588.0,930924.0,144.0,180.0,1584.0,40356.0,18400572.0,396.0,6804.0,29448.0,276192.0,4141440.0,20880.0,185472.0,507312.0,1765224.0,9773928.0,0.0,684.0,2268.0,8676.0,343152.0,540.0,2268.0,9108.0,85032.0,220644.0,730116.0,13.0,537.3484137,0.32191203300604676,0.20296563447044896,34.066429594864665,119.6598,25.197338709677425,72.65712903225806,-0.5348387096774193,-0.5487096774193546,445.42449974624003,19.0991691769175,34.38507884050918
0.3225515053330272,0.29760294506847873,4.306253300881204,8.338443916906964,37.111111111111114,6.426886472414586,2.0,1.0,252.0,612.0,1332.0,2952.0,80604.0,0.0,756.0,3024.0,39600.0,3574476.0,0.0,108.0,108.0,10116.0,163836.0,2736.0,11628.0,24984.0,124992.0,4372668.0,0.0,3456.0,45648.0,300600.0,37478232.0,16200.0,100368.0,236160.0,939816.0,13227192.0,9648.0,82548.0,233460.0,874152.0,10321560.0,0.0,324.0,756.0,2844.0,2290680.0,0.0,0.0,2484.0,82980.0,239940.0,846252.0,51.0,32919.87338,0.4852361049214227,0.2549218692597674,89.56824854763664,0.22153571428571425,20.184192857142854,66.17428571428572,0.6767857142857142,-1.5096428571428573,414.6051266225002,25.67756088596777,43.154836511757715
0.06659384953831893,0.36804742669953994,0.8586623661588888,0.7011350129248861,12.3,3.087869386828298,5.0,2.0,0.0,468.0,648.0,3816.0,216648.0,0.0,3996.0,7956.0,32904.0,6632532.0,0.0,1332.0,28908.0,138780.0,2207700.0,14040.0,71028.0,138960.0,402336.0,9612576.0,0.0,0.0,288.0,7596.0,6591744.0,9648.0,115956.0,324684.0,1139076.0,21286692.0,1476.0,34452.0,115812.0,652932.0,13201596.0,0.0,216.0,216.0,1368.0,2635452.0,0.0,648.0,6228.0,55116.0,167868.0,762588.0,69.0,17428.37218,0.42110336562431994,0.14659497757916465,53.260917971422906,7.969190322580645,28.778535483870968,61.46548387096776,1.4790322580645159,1.0396774193548388,654.5974608619001,10.465145978624086,26.07567333943596
0.07950952099620337,0.1899354001153533,0.4983345507246666,0.449092253425101,8.5,1.800742384068927,7.0,2.0,0.0,0.0,576.0,3960.0,1848780.0,0.0,4572.0,56160.0,192564.0,9155664.0,0.0,4284.0,16704.0,40464.0,562320.0,3672.0,7596.0,30636.0,130680.0,4773960.0,0.0,15660.0,75996.0,383760.0,22131324.0,6660.0,39780.0,110592.0,342900.0,9458460.0,15372.0,150804.0,342648.0,1245456.0,15362316.0,0.0,0.0,2160.0,29736.0,5161428.0,396.0,1548.0,5832.0,60264.0,149040.0,772092.0,136.0,15407.79543,0.6571883371473651,0.3460811700595075,22.453520878187447,0.937725806451613,29.6621064516129,59.83096774193548,1.3400000000000003,0.17741935483870977,642.4140067779998,19.574177173194343,35.870193152841225
0.18659052109463464,0.19737242471363345,2.0167165650658334,2.4473107383329182,20.8,2.7861721179462773,12.0,4.0,288.0,756.0,2664.0,47340.0,988848.0,0.0,324.0,7848.0,54396.0,13282704.0,0.0,0.0,0.0,144.0,29520.0,6120.0,22320.0,55116.0,198000.0,3590604.0,4428.0,101016.0,321552.0,1552968.0,37457676.0,9792.0,43884.0,106056.0,367704.0,9432360.0,7884.0,90972.0,218772.0,674928.0,9784800.0,0.0,72.0,1080.0,2628.0,114408.0,0.0,936.0,2844.0,23256.0,72468.0,243360.0,47.0,33952.92531,0.3818490949745563,0.19386671032508118,57.71005746075923,1.2164548387096774,20.420770967741934,70.37774193548388,0.5548387096774194,-1.0012903225806453,373.7525390052564,18.5559279781276,32.86292778581752
0.1424450753793574,0.459402962084097,2.0655815617375,0.899005841601749,20.0,6.064025393117686,10.0,3.0,0.0,0.0,1584.0,31284.0,899496.0,36.0,1512.0,13212.0,44532.0,10840284.0,0.0,0.0,72.0,62748.0,578484.0,3024.0,11484.0,26748.0,103608.0,5398272.0,0.0,36.0,252.0,21564.0,8649000.0,324.0,3492.0,7020.0,44676.0,4714668.0,2556.0,88200.0,304920.0,1352016.0,26415288.0,23472.0,57636.0,68436.0,129240.0,5470776.0,0.0,0.0,1908.0,120492.0,363420.0,1351584.0,100.0,15052.7619,0.3144953412959083,0.1620209934852681,66.86117517140445,0.4552483870967742,24.365099999999998,64.87032258064517,-2.391935483870968,-1.0016129032258063,444.17581794666,17.108068736614076,37.03907569110578
0.13138662758737016,0.2660367484722811,0.9969374389395833,1.2149943372999394,12.0,2.3790212875800747,12.0,4.0,468.0,7524.0,13536.0,62496.0,184932.0,252.0,47520.0,203508.0,951732.0,52800732.0,0.0,144.0,180.0,2160.0,77004.0,1368.0,26172.0,56700.0,405864.0,4047984.0,2880.0,63468.0,152640.0,429660.0,8939844.0,17784.0,111924.0,312372.0,977724.0,9715392.0,4392.0,6588.0,6876.0,18216.0,632376.0,72.0,72.0,684.0,105300.0,334944.0,468.0,1260.0,4248.0,19332.0,38772.0,188352.0,378.0,15241.42093,0.24734689593547482,0.20846996756661432,25.23946499005286,3.85483870967742,16.62218064516129,74.81290322580644,-1.8193548387096774,-3.201935483870968,350.36605778184526,16.33667899502688,34.38592447718585
0.06568298051857172,0.14729445033270835,0.7643484283479167,0.6436632318683622,8.4,2.3012040992929856,1.0,4.0,72.0,1296.0,3420.0,36936.0,21521520.0,0.0,216.0,540.0,28656.0,3311424.0,0.0,0.0,0.0,11844.0,653004.0,288.0,1944.0,16128.0,129276.0,6806340.0,288.0,2700.0,18540.0,297972.0,14391648.0,9252.0,87012.0,250128.0,938592.0,11903040.0,15480.0,121464.0,305748.0,1001952.0,12292884.0,0.0,0.0,1980.0,5904.0,691308.0,360.0,1260.0,6012.0,68040.0,189000.0,690228.0,10.0,446.5182684,0.27482871428571426,0.15204759399760734,69.83694140111945,2.0334451612903224,19.370699999999996,68.3683870967742,0.07354838709677419,-0.8770967741935486,233.05271528695994,24.3932016766855,36.84154570981172
0.15384955687012483,0.43029331659712805,1.1602420174835573,1.4426840374581422,13.4,2.6980221962120745,1.0,4.0,0.0,504.0,4536.0,11592.0,4108716.0,0.0,0.0,72.0,44928.0,6859116.0,2124.0,17316.0,26424.0,143064.0,5227560.0,12096.0,54756.0,85176.0,214344.0,5605452.0,0.0,0.0,0.0,9216.0,2720952.0,1476.0,5328.0,13896.0,47916.0,6953580.0,11736.0,146736.0,438840.0,1798992.0,26051940.0,0.0,0.0,0.0,15876.0,4861224.0,0.0,828.0,4068.0,57708.0,216792.0,855324.0,6.0,17454.33105,0.452970231149851,0.235192352345665,20.87459513553355,105.8316,16.910290322580646,74.53916129032257,-1.8341935483870973,-0.8625806451612903,208.17418862216994,13.5537903325542,35.92371830313814
0.11257120791292911,0.17067065739164,1.7740476285535984,1.6645436201861663,16.272727272727273,4.0885843345332455,3.0,1.0,72.0,1080.0,13752.0,47700.0,1066464.0,0.0,180.0,1080.0,10584.0,6058368.0,0.0,6624.0,12600.0,39024.0,710496.0,1224.0,18324.0,32904.0,119268.0,5352768.0,0.0,3888.0,30096.0,467676.0,37260648.0,24372.0,123588.0,259524.0,678996.0,10691388.0,1512.0,85176.0,280656.0,1149192.0,9985752.0,0.0,216.0,504.0,16416.0,677268.0,288.0,1656.0,4140.0,39060.0,145188.0,591264.0,5.0,6703.15719,0.6965848048245614,0.3525602815791528,66.8477473311769,3.9684580645161294,19.370377419354845,70.48129032258062,-0.19548387096774195,-0.39838709677419354,300.99122195273,13.51128763090503,29.916258478499
0.0730365169392779,0.19430567380701008,0.2109044311863091,1.091052932091131,4.5,0.9650713308161375,7.0,2.0,0.0,0.0,72.0,5544.0,16950312.0,0.0,504.0,2844.0,110124.0,4830840.0,0.0,252.0,504.0,38340.0,1331100.0,1728.0,7092.0,18468.0,150552.0,6398712.0,360.0,4572.0,27612.0,379404.0,18205920.0,6732.0,31212.0,91512.0,444780.0,7915104.0,16704.0,173052.0,455400.0,1359396.0,11062080.0,36.0,180.0,3384.0,7632.0,812232.0,396.0,1152.0,5832.0,65808.0,185688.0,645588.0,10.0,446.5182684,0.39418140924189027,0.19876165895787973,29.66578313370648,104.0975,28.9970064516129,64.49577419354839,-0.5187096774193549,0.5087096774193549,792.6930394100004,17.416451014514333,29.94396489508617
0.08690509355659119,0.48108110138929866,0.5990399195134959,0.5170879143435876,7.0,2.7688488801800237,6.0,2.0,0.0,0.0,0.0,72.0,7164.0,23868.0,270036.0,753912.0,2745720.0,61694784.0,0.0,0.0,0.0,65124.0,446868.0,6336.0,10980.0,19764.0,143640.0,4862088.0,324.0,324.0,10044.0,164448.0,9299376.0,756.0,1116.0,1476.0,17964.0,1763748.0,0.0,0.0,0.0,252.0,180684.0,0.0,0.0,0.0,0.0,13536.0,0.0,36.0,108.0,288.0,288.0,4248.0,841.0,10474.35103,0.5104712842741378,0.18952182353779384,77.68859029680212,7.284359999999999,23.4017,88.58833333333334,1.6806666666666665,0.679,463.2846476847002,22.28075731628408,37.5217715208872
0.06399469806577582,0.2863254899731651,0.9010811966008333,0.27239165597443127,10.7,2.6813629332087374,8.0,3.0,0.0,72.0,144.0,1296.0,45036.0,0.0,972.0,11016.0,194256.0,15513120.0,11268.0,14724.0,14724.0,29880.0,297360.0,612.0,1476.0,6336.0,133956.0,4026888.0,0.0,288.0,4680.0,104076.0,21895920.0,4968.0,28980.0,84960.0,480636.0,9963864.0,10764.0,167112.0,462492.0,1463328.0,13105296.0,0.0,72.0,2304.0,43416.0,5082768.0,0.0,468.0,3708.0,68832.0,198900.0,690624.0,13.0,14435.29365,0.9041645863095237,0.19096687722790298,72.99186588046767,2.7794741935483875,29.230183870967736,66.21322580645162,0.9612903225806453,0.7858064516129033,576.1861207200596,20.73607533492779,36.797753586859045
0.10053339762372082,0.2864953798439807,0.7226924600042541,0.762981308717058,8.5,1.7521198010692254,12.0,4.0,0.0,504.0,4536.0,11592.0,4108716.0,0.0,0.0,72.0,44928.0,6859116.0,2124.0,17316.0,26424.0,143064.0,5227560.0,12096.0,54756.0,85176.0,214344.0,5605452.0,0.0,0.0,0.0,9216.0,2720952.0,1476.0,5328.0,13896.0,47916.0,6953580.0,11736.0,146736.0,438840.0,1798992.0,26051940.0,0.0,0.0,0.0,15876.0,4861224.0,0.0,828.0,4068.0,57708.0,216792.0,855324.0,6.0,17454.33105,0.5827303992324994,0.2550695532932026,35.563489372435164,101.76289999999999,16.842767741935486,73.33070967741935,-1.5874193548387097,-0.8180645161290324,181.59163094678004,14.050171641077641,35.563489372435164
0.06936463162681399,0.27120776399962854,0.8853569835671667,0.5282337894511301,12.6,2.7648539832787105,5.0,2.0,0.0,36.0,504.0,2880.0,2287188.0,0.0,0.0,0.0,10404.0,5999760.0,360.0,8280.0,13824.0,51984.0,3838176.0,1080.0,3456.0,4752.0,12672.0,1858428.0,0.0,0.0,180.0,10728.0,2787408.0,12852.0,87696.0,190080.0,736488.0,16177392.0,11952.0,115056.0,340452.0,1379700.0,24128460.0,0.0,0.0,0.0,13428.0,4451220.0,0.0,1440.0,5256.0,67824.0,235944.0,922968.0,6.0,17454.33105,0.3684125,0.14294552274441366,66.06426917817858,12.42008064516129,26.482106451612903,65.9667741935484,-0.4099999999999999,-0.4383870967741934,456.47173520800015,29.8264558337393,36.23781334443928
0.14358491279710814,0.3570012100090292,1.7752591831914286,1.7194028765057496,20.5,3.687203934810619,4.0,1.0,0.0,72.0,144.0,1296.0,45036.0,0.0,972.0,11016.0,194256.0,15513120.0,11268.0,14724.0,14724.0,29880.0,297360.0,612.0,1476.0,6336.0,133956.0,4026888.0,0.0,288.0,4680.0,104076.0,21895920.0,4968.0,28980.0,84960.0,480636.0,9963864.0,10764.0,167112.0,462492.0,1463328.0,13105296.0,0.0,72.0,2304.0,43416.0,5082768.0,0.0,468.0,3708.0,68832.0,198900.0,690624.0,13.0,14435.29365,0.1845939531090003,0.35120340867793365,90.49698956607854,1.7068333333333332,21.77225333333333,58.96933333333334,0.6353333333333333,-1.9283333333333343,538.0146755744098,18.06516524613148,50.275144585776516
0.14998632664168898,0.2823135902689217,1.2561169799447065,0.3964647877716163,13.0,3.156399463766102,5.0,2.0,0.0,0.0,396.0,23652.0,1052172.0,144.0,1188.0,3132.0,61992.0,15595848.0,0.0,0.0,360.0,360.0,43344.0,2988.0,5040.0,7848.0,26820.0,987372.0,8244.0,151956.0,426096.0,1934280.0,43157772.0,12564.0,61452.0,155664.0,527796.0,10154340.0,4500.0,38376.0,114804.0,299304.0,3431988.0,0.0,360.0,1872.0,4176.0,124308.0,0.0,792.0,2916.0,24228.0,75384.0,263088.0,47.0,33952.92531,0.7848235631939956,0.3778463165647948,27.478484348818693,247.18789999999998,26.17440322580646,71.78164516129031,0.22612903225806463,-0.1348387096774194,452.19720600779,16.049846012844316,28.49666264467008
0.07872621244861554,0.32598143331457197,1.0532151695717427,0.9837386156976382,13.272727272727273,2.4756401119260065,3.0,1.0,468.0,3672.0,5652.0,10260.0,14356188.0,2016.0,30924.0,192024.0,1402488.0,35351172.0,108.0,1440.0,2376.0,42192.0,705816.0,6408.0,32364.0,71208.0,222516.0,4530708.0,0.0,2628.0,12528.0,41652.0,2106468.0,10116.0,88272.0,204084.0,558396.0,7673292.0,7236.0,69228.0,174708.0,526356.0,8055252.0,0.0,72.0,72.0,2304.0,409104.0,0.0,756.0,5148.0,53676.0,123192.0,335124.0,5.0,3129.911321,0.29324994753846395,0.23741588355054027,62.58023981499737,5.109077419354839,19.250570967741936,73.83451612903225,-0.763225806451613,-0.8009677419354839,289.34136706189,16.487345077680096,34.34570431481279
0.0725896905477284,0.32337437619227477,1.4785119015299477,1.306202481462579,17.22222222222222,3.5307416786290653,2.0,1.0,0.0,0.0,252.0,13068.0,163944.0,0.0,1332.0,17388.0,494820.0,37553508.0,0.0,900.0,46872.0,152316.0,595044.0,2484.0,3456.0,5292.0,49608.0,2128212.0,0.0,7992.0,16452.0,228384.0,18595332.0,13428.0,53028.0,144324.0,821484.0,8549712.0,10620.0,148608.0,354348.0,869796.0,6093036.0,0.0,1116.0,1188.0,1584.0,535500.0,0.0,0.0,4824.0,66456.0,199404.0,510156.0,111.0,18978.38682,0.4703254761904762,0.1695570812741598,44.226888785929155,1.1553931034482758,16.68234137931034,62.986206896551714,-0.2213793103448276,-0.570344827586207,365.60246872310046,14.61395215142737,44.226888785929155
0.11013242673596543,0.392895985184578,1.4531651610239167,0.4488101417065306,16.9,4.468253561099381,9.0,3.0,0.0,540.0,1476.0,12060.0,200376.0,0.0,72.0,2844.0,189828.0,13324104.0,3456.0,4248.0,4248.0,9396.0,210600.0,252.0,6912.0,20916.0,227232.0,8901216.0,0.0,180.0,2304.0,77364.0,16479432.0,4248.0,36252.0,93240.0,413064.0,7985808.0,19476.0,163404.0,437688.0,1431468.0,18203436.0,0.0,72.0,3492.0,32040.0,4163040.0,0.0,576.0,3888.0,70848.0,219348.0,749016.0,13.0,14435.29365,0.2889775,0.0595387277622967,33.3186491463495,0.5470466666666667,27.860279999999996,62.96999999999999,0.44233333333333336,-1.3696666666666673,545.4398781229997,17.11593613227844,33.3186491463495
0.08708169181647543,0.21238391168155743,1.2891631161860835,0.5344801198820779,14.1,3.2089261631837034,5.0,2.0,0.0,1584.0,5004.0,8568.0,2892600.0,0.0,0.0,0.0,1620.0,5294016.0,0.0,0.0,36.0,5148.0,2103840.0,36.0,1584.0,2088.0,10584.0,3175488.0,0.0,0.0,0.0,3456.0,1581732.0,9684.0,54468.0,93348.0,293148.0,8216424.0,16524.0,157608.0,446436.0,1865304.0,30358440.0,0.0,0.0,0.0,16020.0,4942260.0,0.0,1440.0,5256.0,67104.0,238824.0,937368.0,6.0,17454.33105,0.4294295595238095,0.31897704868542603,81.16901805839726,7.585693548387097,24.67888064516129,64.75258064516132,-1.4445161290322583,-0.2609677419354838,383.6946102868998,18.729691888051363,44.82670748331515
0.14551633614864537,0.27587294017185365,4.420974403615758,8.46915030711587,38.09090909090909,4.95369184579551,1.0,4.0,0.0,0.0,36.0,144.0,90864.0,0.0,1692.0,4176.0,46152.0,4248288.0,0.0,324.0,324.0,16668.0,230184.0,2052.0,7344.0,8172.0,33228.0,1562616.0,0.0,4716.0,51264.0,347220.0,42239952.0,19476.0,102708.0,206496.0,921744.0,14659020.0,7092.0,84492.0,277632.0,971208.0,5814540.0,0.0,360.0,1188.0,3924.0,2396196.0,0.0,0.0,2700.0,81144.0,236124.0,801036.0,51.0,32919.87338,0.46423721794871803,0.19457521844718972,97.41569746924051,0.5705129032258065,17.5234935483871,64.08709677419354,0.4593548387096774,-1.5512903225806456,425.57441488920006,33.585142002455626,37.78433822502064
0.25662570984613936,0.38106591461583944,3.540131723940695,5.801797872940551,27.88888888888889,6.0165243551966645,2.0,1.0,180.0,1080.0,17172.0,123912.0,2553768.0,468.0,2016.0,12132.0,174276.0,4952880.0,0.0,468.0,3312.0,36360.0,205380.0,2232.0,25272.0,63936.0,137520.0,2397924.0,0.0,3276.0,55044.0,873036.0,44607456.0,8244.0,67464.0,162720.0,429912.0,7908012.0,13644.0,113436.0,286416.0,819144.0,9133344.0,0.0,72.0,576.0,3312.0,633312.0,828.0,2016.0,6696.0,69840.0,183420.0,544176.0,5.0,10720.10518,0.5925835999551435,0.3922018884460307,35.09091494612038,0.5193785714285715,20.279982142857136,75.43892857142858,0.030357142857142843,-2.8635714285714284,436.8234859170001,10.77911756527125,41.76519787405011
0.12120779083144742,0.49779612517485494,0.47547466521019927,0.5387169734875366,7.0,2.331635371016183,6.0,2.0,0.0,36.0,108.0,11340.0,3994740.0,0.0,72.0,972.0,45288.0,3933756.0,0.0,360.0,720.0,29088.0,977220.0,180.0,2232.0,7740.0,47772.0,3698136.0,396.0,5040.0,28836.0,383796.0,18280116.0,7776.0,55584.0,150480.0,727668.0,12757932.0,17424.0,156420.0,412668.0,1235736.0,9623160.0,0.0,72.0,2628.0,8316.0,866448.0,252.0,1044.0,5760.0,63108.0,180720.0,652716.0,10.0,446.5182684,0.27660816950142764,0.15099872518462334,62.346635650596724,3.9644866666666667,27.752086666666663,65.14133333333334,-0.4400000000000001,0.08633333333333333,623.8812169403998,14.91488896785163,34.180554443261705
0.11542928927967631,0.2797476057855309,0.45556604245032944,0.20010496111750808,6.333333333333333,1.2910419665523687,5.0,2.0,0.0,0.0,72.0,5544.0,16950312.0,0.0,504.0,2844.0,110124.0,4830840.0,0.0,252.0,504.0,38340.0,1331100.0,1728.0,7092.0,18468.0,150552.0,6398712.0,360.0,4572.0,27612.0,379404.0,18205920.0,6732.0,31212.0,91512.0,444780.0,7915104.0,16704.0,173052.0,455400.0,1359396.0,11062080.0,36.0,180.0,3384.0,7632.0,812232.0,396.0,1152.0,5832.0,65808.0,185688.0,645588.0,10.0,446.5182684,0.40799812783517775,0.19712629879426968,36.950593472379296,268.8532,23.79393548387097,72.53129032258066,-0.24903225806451615,-0.6880645161290322,368.4603874444402,10.0687340129764,33.59434880138716
0.3170644134197979,0.24241499390463575,3.231455590954306,5.4168941979738765,29.125,5.4690523873791435,2.0,1.0,1800.0,18864.0,59976.0,229500.0,1440612.0,0.0,6156.0,23400.0,136980.0,15704424.0,0.0,1476.0,6228.0,6804.0,89136.0,4644.0,30780.0,67140.0,305280.0,6315048.0,216.0,13248.0,61092.0,303984.0,33500052.0,19800.0,164160.0,429336.0,1587024.0,16685100.0,108.0,1800.0,3708.0,25524.0,329652.0,0.0,0.0,0.0,720.0,176580.0,0.0,0.0,4932.0,46404.0,133992.0,545652.0,90.0,33384.18737,0.3802811218487396,0.14226649749091858,37.0747745961067,0.1606857142857143,20.739953571428572,61.58785714285714,0.49071428571428566,-1.0607142857142857,418.0394661925003,10.21165856670674,26.863116029399958
0.3280795425861053,0.4314286845031033,1.2854550841131414,2.49717812114794,20.5,3.431943692985384,11.0,4.0,0.0,36.0,288.0,3924.0,857016.0,0.0,180.0,12960.0,37008.0,7114968.0,0.0,0.0,9900.0,30780.0,2116368.0,15948.0,100296.0,174312.0,329508.0,5897412.0,0.0,3240.0,24840.0,268092.0,27456480.0,7452.0,88056.0,213912.0,772884.0,13663944.0,3168.0,51876.0,198900.0,930492.0,10530288.0,0.0,1296.0,3924.0,70920.0,1410696.0,288.0,1296.0,4824.0,37980.0,146412.0,697644.0,33.0,30649.61061,0.39320073589171206,0.1864693241151512,37.90126858545287,0.5874166666666667,22.254583333333326,61.525,0.24100000000000002,-1.3873333333333333,395.4384642656876,21.409399765344194,37.90126858545287
0.04965813017583998,0.12058423809960654,0.60835192866625,0.1547260271687349,7.444444444444445,1.8732564140949766,5.0,2.0,36.0,36.0,72.0,2520.0,56844.0,23616.0,269244.0,753732.0,2745756.0,61570800.0,0.0,0.0,0.0,64224.0,334404.0,1980.0,2628.0,2628.0,43164.0,1423728.0,324.0,324.0,9792.0,158112.0,9181944.0,1296.0,2160.0,2592.0,19656.0,2378124.0,1548.0,1656.0,1692.0,41976.0,1638000.0,0.0,0.0,0.0,36.0,72828.0,0.0,432.0,2520.0,6660.0,15120.0,65988.0,841.0,10474.35103,0.2879765909090909,0.2684378957831265,81.75776417999224,13.2852,21.638880645161294,91.08129032258067,0.15967741935483867,0.44096774193548394,378.93371014670043,21.454722048356004,43.010707733806385
0.06027151321979962,0.05366376796383411,0.4007948387813333,0.38000851759719945,7.222222222222222,1.2809871187676818,6.0,2.0,1800.0,18864.0,59976.0,229500.0,1440612.0,0.0,6156.0,23400.0,136980.0,15704424.0,0.0,1476.0,6228.0,6804.0,89136.0,4644.0,30780.0,67140.0,305280.0,6315048.0,216.0,13248.0,61092.0,303984.0,33500052.0,19800.0,164160.0,429336.0,1587024.0,16685100.0,108.0,1800.0,3708.0,25524.0,329652.0,0.0,0.0,0.0,720.0,176580.0,0.0,0.0,4932.0,46404.0,133992.0,545652.0,90.0,33384.18737,0.285135,0.266070175645661,44.3144587026325,16.062353333333338,27.82248333333333,62.99033333333333,0.1583333333333333,0.925,471.56421846200027,6.7847594205440505,44.3144587026325
0.14505796571931093,0.3217958201613621,3.713178149011805,7.083913516908238,33.333333333333336,3.960421955228132,3.0,1.0,0.0,0.0,36.0,144.0,90864.0,0.0,1692.0,4176.0,46152.0,4248288.0,0.0,324.0,324.0,16668.0,230184.0,2052.0,7344.0,8172.0,33228.0,1562616.0,0.0,4716.0,51264.0,347220.0,42239952.0,19476.0,102708.0,206496.0,921744.0,14659020.0,7092.0,84492.0,277632.0,971208.0,5814540.0,0.0,360.0,1188.0,3924.0,2396196.0,0.0,0.0,2700.0,81144.0,236124.0,801036.0,51.0,32919.87338,0.46177791666666673,0.2732562858834275,82.59649902303079,1.586074193548387,21.49731290322581,61.05903225806451,0.7864516129032258,-1.0312903225806451,505.99280921040025,21.049233869542775,44.174526554503196
0.09116726415854592,0.24479162237935953,0.3268464681714212,0.390472954248005,5.6,1.3502282234255119,2.0,1.0,0.0,2844.0,3096.0,25056.0,1824192.0,0.0,3240.0,14652.0,668484.0,39128940.0,0.0,2304.0,57852.0,171252.0,840636.0,10980.0,24840.0,58968.0,253512.0,7250904.0,0.0,9324.0,18936.0,234144.0,18689328.0,13212.0,98676.0,258156.0,873936.0,5567544.0,3276.0,78336.0,202428.0,505368.0,2483352.0,0.0,1008.0,1044.0,1224.0,344124.0,0.0,0.0,3888.0,62316.0,170388.0,408240.0,111.0,18978.38682,0.0,0.0,0.0,180.2071,14.950882142857143,75.79817857142856,-0.0725,-0.5603571428571429,182.42077859550014,12.75679215735046,31.84378968708415
0.13609491801113405,0.3106707450330371,1.5408056618153299,0.7617167021278006,12.0,3.1958411642145252,8.0,3.0,972.0,6840.0,12132.0,24768.0,763236.0,0.0,180.0,2916.0,7236.0,12204504.0,36.0,8712.0,16488.0,86688.0,2108304.0,2664.0,23436.0,53352.0,177192.0,11528928.0,0.0,0.0,1188.0,1944.0,13937580.0,13104.0,89136.0,200952.0,727092.0,14840172.0,9720.0,79308.0,239292.0,1160532.0,12726000.0,0.0,108.0,252.0,7344.0,1636416.0,0.0,0.0,4860.0,74700.0,258660.0,948492.0,18.0,6622.610663,0.36879280511538876,0.2612262044127974,34.91717592132007,38.20289999999999,29.290445161290318,65.39664516129034,1.2293548387096773,0.01645161290322583,623.2849333789002,18.741834633875644,34.169137506473966
0.06072102572412329,0.2529039360528111,0.7776204539320833,1.378919604035486,12.4,1.5084590555631179,12.0,4.0,0.0,144.0,540.0,7308.0,128160.0,0.0,1296.0,3060.0,19512.0,4957632.0,0.0,432.0,26064.0,96624.0,1656468.0,7596.0,32544.0,57708.0,137988.0,4870692.0,0.0,0.0,72.0,5760.0,6313068.0,11052.0,103284.0,258228.0,884052.0,16646616.0,3276.0,63684.0,210816.0,1044324.0,21131172.0,0.0,144.0,144.0,2088.0,3379608.0,0.0,1548.0,9396.0,81180.0,228744.0,943632.0,69.0,17428.37218,0.057450595238095245,0.24257287514910772,72.51054361075882,1.1398322580645162,19.226406451612903,66.34645161290322,0.2522580645161291,-3.002580645161291,341.59498985180005,23.86235184363446,38.92393010488024
0.21107477771352223,0.3169069858585548,2.016000155476759,2.427177280790875,18.77777777777778,4.288907743655788,2.0,1.0,756.0,2196.0,11520.0,29196.0,945000.0,0.0,2628.0,13860.0,88416.0,5568588.0,0.0,3996.0,10944.0,17640.0,200700.0,612.0,1044.0,11232.0,51696.0,2955960.0,0.0,14508.0,71316.0,368280.0,22536036.0,9576.0,40788.0,152460.0,471348.0,12768480.0,14760.0,153684.0,348696.0,1285200.0,17034228.0,0.0,0.0,2592.0,30996.0,5403132.0,360.0,1476.0,5832.0,64116.0,161892.0,798840.0,136.0,15407.79543,0.38824791666666664,0.1899352290049029,48.50660685754717,3.513414285714286,16.91900357142857,79.35857142857142,-1.2,-1.315,194.00276959949994,11.771121943732533,40.91082377232331
0.07663446492911784,0.1636411117011494,0.3853492313091964,0.307187956401141,3.6666666666666665,1.0467552492746164,12.0,4.0,0.0,0.0,0.0,1044.0,1376928.0,0.0,0.0,5148.0,20664.0,7057044.0,0.0,6048.0,12456.0,41112.0,931068.0,3708.0,34920.0,51588.0,158040.0,4543092.0,0.0,7560.0,38412.0,507348.0,40099320.0,4680.0,38376.0,79956.0,268416.0,6345144.0,20196.0,158688.0,454536.0,1548504.0,10778976.0,0.0,0.0,0.0,11664.0,901116.0,180.0,756.0,2736.0,37080.0,143568.0,584640.0,5.0,6703.15719,0.7343195556597921,0.3653276044199539,27.072268596302198,380.2039,16.52888064516129,73.04267741935483,0.48032258064516126,-0.3003225806451612,185.44057355260014,17.09571481209947,26.882157653939796
0.19871582102497093,0.344515542859322,2.0378691396763338,3.3383026914858625,22.3,3.1294749712189045,12.0,4.0,0.0,0.0,72.0,28872.0,486324.0,216.0,900.0,7056.0,52848.0,16033032.0,0.0,0.0,396.0,504.0,41184.0,4644.0,8460.0,16308.0,52488.0,1460736.0,7884.0,150336.0,421128.0,1904616.0,42705360.0,11016.0,67320.0,173412.0,585396.0,10664748.0,4716.0,31788.0,89928.0,248832.0,2886084.0,0.0,180.0,1692.0,3528.0,78408.0,0.0,1044.0,2880.0,23616.0,75564.0,264384.0,47.0,33952.92531,0.18776,0.2488607762471264,60.814769379978664,0.14238709677419353,21.18808709677419,70.96032258064515,0.9038709677419353,-1.2138709677419357,350.85938221288,19.203028685780254,35.94159186848949
0.06621503923561096,0.578153019876338,0.38888299899734097,0.6492015196971255,5.545454545454546,1.7363820247880806,10.0,3.0,0.0,0.0,0.0,360.0,17313516.0,0.0,0.0,792.0,24012.0,4819896.0,0.0,0.0,6588.0,193428.0,1965276.0,108.0,5940.0,11916.0,126216.0,1356804.0,108.0,180.0,1656.0,42984.0,18569484.0,7380.0,58824.0,174456.0,802620.0,11699172.0,14832.0,134280.0,371808.0,1239372.0,5274612.0,0.0,216.0,1476.0,7236.0,129708.0,504.0,2376.0,9036.0,83160.0,216792.0,705276.0,13.0,537.3484137,0.432551449432604,0.234618094940233,31.6722187574022,21.820025806451614,25.90028709677418,66.82774193548387,-0.8674193548387098,-1.790322580645161,453.44299114958295,17.953670142709818,31.6722187574022
0.03466657057494892,0.24590284913756402,0.3766204820397916,0.1316644384748697,5.0,1.3681687584954578,10.0,3.0,36.0,36.0,72.0,2520.0,56844.0,23616.0,269244.0,753732.0,2745756.0,61570800.0,0.0,0.0,0.0,64224.0,334404.0,1980.0,2628.0,2628.0,43164.0,1423728.0,324.0,324.0,9792.0,158112.0,9181944.0,1296.0,2160.0,2592.0,19656.0,2378124.0,1548.0,1656.0,1692.0,41976.0,1638000.0,0.0,0.0,0.0,36.0,72828.0,0.0,432.0,2520.0,6660.0,15120.0,65988.0,841.0,10474.35103,0.45707143518518506,0.1401056011998384,65.04123242471806,26.712896774193545,18.211067741935484,93.41096774193548,-5.48258064516129,-1.4129032258064516,165.13866005673495,15.382249057129362,35.47491654359139
0.06124842148849791,0.3868869703057317,0.658648439424875,0.5917865508589959,9.444444444444445,2.472198530712694,7.0,2.0,0.0,0.0,0.0,0.0,3762360.0,0.0,0.0,1152.0,44100.0,3371364.0,0.0,3204.0,3240.0,35100.0,712332.0,4608.0,31788.0,68760.0,160020.0,2079972.0,36.0,36.0,576.0,3492.0,6972408.0,15408.0,68832.0,217476.0,669816.0,25133436.0,7128.0,122400.0,353376.0,1506924.0,19474812.0,0.0,0.0,0.0,1152.0,1961208.0,0.0,288.0,4284.0,56232.0,140832.0,720828.0,12.0,5480.991045,0.14901765561224492,0.023065208057430092,61.38593911738267,11.648964516129029,29.020248387096775,73.09290322580645,0.3132258064516129,1.4967741935483878,526.3638769640995,19.77105245218283,31.239398790539326
0.10715280252238797,0.3343899916847737,0.8653484553012498,0.8448991423445223,14.0,2.535692514627941,1.0,4.0,468.0,8352.0,17316.0,70344.0,1600884.0,0.0,1692.0,10944.0,55116.0,13787856.0,0.0,216.0,3492.0,125532.0,1221012.0,5112.0,15768.0,28764.0,139932.0,5337612.0,0.0,252.0,2052.0,68004.0,14170140.0,5832.0,58320.0,184248.0,758088.0,13111056.0,3096.0,79164.0,262584.0,1052676.0,14636412.0,15084.0,37944.0,41472.0,81216.0,4399488.0,0.0,72.0,1728.0,80964.0,234396.0,790524.0,100.0,15052.7619,0.3612291266523084,0.21024600495437137,59.85768975957631,1.397858064516129,14.751767741935485,68.71161290322578,-2.43516129032258,-1.184516129032258,300.6091543027951,9.24073455276469,36.05894938229995
0.6232064073530393,0.5878013943246594,1.9570881673958334,2.9127565598146177,22.4,3.7155786865403897,11.0,4.0,612.0,3528.0,5112.0,24768.0,1285056.0,0.0,144.0,12528.0,39960.0,7385724.0,0.0,0.0,7920.0,22680.0,662292.0,14724.0,87948.0,143784.0,249120.0,4104180.0,36.0,2628.0,21240.0,232452.0,25188264.0,7128.0,75528.0,159840.0,522108.0,10818432.0,2952.0,64908.0,255276.0,1161000.0,16313040.0,0.0,1512.0,4932.0,82044.0,1626444.0,540.0,1692.0,6012.0,46692.0,174672.0,807120.0,33.0,30649.61061,0.41191405240592743,0.17004451151600314,67.15904420451285,0.0,22.481930000000002,60.58866666666666,0.45699999999999996,-1.1400000000000001,425.12459841026003,14.80270230349568,37.90805370405937
0.12246725853039356,0.4122463736258054,0.8480210943612916,0.25349985937922376,11.11111111111111,2.213036822560798,7.0,2.0,0.0,540.0,1476.0,12060.0,200376.0,0.0,72.0,2844.0,189828.0,13324104.0,3456.0,4248.0,4248.0,9396.0,210600.0,252.0,6912.0,20916.0,227232.0,8901216.0,0.0,180.0,2304.0,77364.0,16479432.0,4248.0,36252.0,93240.0,413064.0,7985808.0,19476.0,163404.0,437688.0,1431468.0,18203436.0,0.0,72.0,3492.0,32040.0,4163040.0,0.0,576.0,3888.0,70848.0,219348.0,749016.0,13.0,14435.29365,0.3517119444444445,0.20088378402560528,74.105514243443,2.2649096774193547,29.492190322580644,65.32516129032257,1.366774193548387,2.1677419354838703,583.9185444820004,21.447141134492416,44.05617956637769
0.10931141316835519,0.15281089702563888,1.3311712006081482,1.780060512182521,18.0,3.457807588715126,1.0,4.0,0.0,0.0,6984.0,29664.0,731304.0,0.0,504.0,17424.0,341208.0,18685944.0,0.0,0.0,216.0,30528.0,211680.0,72.0,4284.0,17568.0,126972.0,3778056.0,684.0,13248.0,108756.0,447732.0,21329280.0,22536.0,137484.0,313128.0,1068732.0,14592240.0,5220.0,56160.0,120492.0,444312.0,8848296.0,900.0,33156.0,85860.0,216144.0,3438720.0,0.0,288.0,2052.0,38196.0,114120.0,436716.0,244.0,21222.17111,0.25132991375661373,0.20122906370357332,47.28828227009413,0.7720096774193549,17.61383870967742,63.15967741935485,-0.2761290322580644,-1.0945161290322585,362.77443575489997,8.705112836136335,29.6970337881396
0.17257458208636836,0.4008249696828058,1.128636032993697,0.6644786058744788,16.0,3.8174255813791507,3.0,1.0,0.0,504.0,4536.0,11592.0,4108716.0,0.0,0.0,72.0,44928.0,6859116.0,2124.0,17316.0,26424.0,143064.0,5227560.0,12096.0,54756.0,85176.0,214344.0,5605452.0,0.0,0.0,0.0,9216.0,2720952.0,1476.0,5328.0,13896.0,47916.0,6953580.0,11736.0,146736.0,438840.0,1798992.0,26051940.0,0.0,0.0,0.0,15876.0,4861224.0,0.0,828.0,4068.0,57708.0,216792.0,855324.0,6.0,17454.33105,0.39545939480551867,0.18938403387460587,36.04962355259603,203.11069999999998,20.62200645161291,64.71058064516129,-1.3312903225806452,-0.4509677419354839,380.6200761372403,15.222044472358917,36.367708970578676
0.09206706298750682,0.47629324807398615,0.30292023871100576,0.6070851077742987,5.8,2.0362945158089722,6.0,2.0,0.0,0.0,72.0,23472.0,643500.0,216.0,2016.0,5436.0,85932.0,15812388.0,0.0,0.0,324.0,504.0,58068.0,4824.0,11736.0,20628.0,72324.0,2121804.0,8352.0,153612.0,429120.0,1942884.0,43299900.0,11196.0,73224.0,201312.0,606780.0,11139156.0,4176.0,19152.0,53820.0,158148.0,1724076.0,0.0,288.0,1548.0,2952.0,85932.0,0.0,792.0,2592.0,22428.0,73188.0,248328.0,47.0,33952.92531,0.6664281675784648,0.25975794053662404,26.648197966497825,40.63016000000001,27.213260000000002,77.023,-0.26833333333333337,-0.026333333333333327,442.44970336980015,5.683085112933832,34.3611235600052
0.09562311287743977,0.47229333365556075,0.3970733325824872,0.6302321542001394,8.4,1.8678484208686108,2.0,1.0,972.0,6840.0,12132.0,24768.0,763236.0,0.0,180.0,2916.0,7236.0,12204504.0,36.0,8712.0,16488.0,86688.0,2108304.0,2664.0,23436.0,53352.0,177192.0,11528928.0,0.0,0.0,1188.0,1944.0,13937580.0,13104.0,89136.0,200952.0,727092.0,14840172.0,9720.0,79308.0,239292.0,1160532.0,12726000.0,0.0,108.0,252.0,7344.0,1636416.0,0.0,0.0,4860.0,74700.0,258660.0,948492.0,18.0,6622.610663,0.0,0.0,0.0,185.5024,15.428785714285715,76.8774285714286,-1.737857142857143,-3.117142857142857,166.13126840675994,10.172880819159483,34.74581957615736
0.0883700780004066,0.07997527332656992,0.48359682702991663,0.3801222356249101,7.2,1.450542418231766,6.0,2.0,252.0,612.0,1332.0,2952.0,80604.0,0.0,756.0,3024.0,39600.0,3574476.0,0.0,108.0,108.0,10116.0,163836.0,2736.0,11628.0,24984.0,124992.0,4372668.0,0.0,3456.0,45648.0,300600.0,37478232.0,16200.0,100368.0,236160.0,939816.0,13227192.0,9648.0,82548.0,233460.0,874152.0,10321560.0,0.0,324.0,756.0,2844.0,2290680.0,0.0,0.0,2484.0,82980.0,239940.0,846252.0,51.0,32919.87338,0.3658341071428572,0.04417109163815696,38.69097321048711,9.275659999999998,27.700686666666666,63.00666666666667,0.7416666666666667,1.6196666666666664,489.6785280615001,14.731509309002208,38.69097321048711
0.06441930919655806,0.11277954387585884,0.8506049431885417,0.3497051353433531,9.7,2.07975331636234,6.0,2.0,0.0,1512.0,4500.0,60480.0,4570812.0,360.0,4680.0,11772.0,80136.0,15725088.0,0.0,0.0,1152.0,35244.0,925524.0,648.0,5328.0,11772.0,29772.0,4261716.0,0.0,396.0,12240.0,345384.0,7897032.0,11664.0,93384.0,178056.0,452844.0,10234260.0,9432.0,76068.0,273564.0,1198260.0,21777552.0,0.0,432.0,1224.0,9324.0,922248.0,468.0,2988.0,9180.0,100764.0,291456.0,930024.0,4.0,12791.38051,0.36404787337662337,0.2105094439282982,84.09137091897068,12.33907,28.59862,66.696,0.08466666666666668,-0.6376666666666667,451.22323314630034,21.028321149310713,42.99324031971705
0.08046682791345913,0.25909611143790406,0.7496573132505098,0.4680406701685553,9.5,2.420720104406746,9.0,3.0,0.0,0.0,30636.0,135072.0,712656.0,720.0,33696.0,112680.0,469368.0,44240832.0,0.0,108.0,2268.0,9720.0,817272.0,10008.0,71748.0,201924.0,648648.0,8903916.0,0.0,6048.0,26676.0,266796.0,5304744.0,10080.0,77040.0,180828.0,659628.0,9137484.0,5220.0,39672.0,96840.0,337860.0,3885516.0,0.0,0.0,900.0,20088.0,362484.0,828.0,1764.0,5400.0,54432.0,132768.0,594252.0,9.0,12779.34997,0.3794737325785985,0.1758490510819215,40.799681080365204,4.930543333333333,28.804640000000006,65.28333333333333,-0.5026666666666668,-0.6456666666666666,577.4577240087,16.78015848680195,40.799681080365204
0.1278121925566737,0.32475072019418183,1.9588607021993751,2.253606068841902,20.5,4.510280407750026,1.0,4.0,3312.0,23724.0,59868.0,235152.0,1241964.0,252.0,7056.0,36936.0,153000.0,37385064.0,0.0,2736.0,9720.0,21456.0,641772.0,6660.0,50220.0,140148.0,594144.0,8434872.0,0.0,1656.0,8748.0,178200.0,15991812.0,2052.0,14040.0,43848.0,172620.0,924120.0,10728.0,95580.0,267048.0,1057572.0,8059896.0,0.0,108.0,468.0,18864.0,820368.0,0.0,1404.0,8388.0,87552.0,218628.0,710388.0,48.0,9205.662327,0.3830616791831357,0.32694505395923007,47.721422197392386,0.8808322580645161,16.974822580645164,70.90354838709676,-0.42322580645161295,-2.1506451612903232,287.2661120144001,15.477825312318096,47.721422197392386
0.12473377260829577,0.21463314444641188,1.8485340758399076,1.2081380018346204,16.09090909090909,5.041630927551876,3.0,1.0,0.0,1512.0,4500.0,60480.0,4570812.0,360.0,4680.0,11772.0,80136.0,15725088.0,0.0,0.0,1152.0,35244.0,925524.0,648.0,5328.0,11772.0,29772.0,4261716.0,0.0,396.0,12240.0,345384.0,7897032.0,11664.0,93384.0,178056.0,452844.0,10234260.0,9432.0,76068.0,273564.0,1198260.0,21777552.0,0.0,432.0,1224.0,9324.0,922248.0,468.0,2988.0,9180.0,100764.0,291456.0,930024.0,4.0,12791.38051,0.7560642653133903,0.3337368465137525,86.84823357401302,5.179877419354839,19.83662580645161,70.95612903225808,-1.3651612903225807,-0.4067741935483871,331.63419060706997,22.652935831477755,46.562033533193166
0.06822709970464981,0.3078791946432242,0.8683089183781482,0.8949969010438574,9.8,2.504826343746283,5.0,2.0,0.0,828.0,4968.0,30276.0,4214916.0,0.0,72.0,468.0,48888.0,6909048.0,0.0,5040.0,5796.0,60228.0,1280772.0,3348.0,20484.0,56340.0,156744.0,2644560.0,180.0,180.0,792.0,4356.0,6750540.0,14544.0,109044.0,329400.0,1117188.0,20372976.0,8496.0,88092.0,245232.0,1018296.0,20647584.0,0.0,0.0,0.0,648.0,1803168.0,0.0,288.0,4896.0,58752.0,142416.0,704772.0,12.0,5480.991045,0.45759235600094905,0.07015150582762457,56.86235058011751,14.817925806451616,28.032938709677417,71.25290322580646,0.9625806451612902,0.8993548387096776,618.1212471500004,16.048741266359038,26.398354133931278
0.10879177260382518,0.3443112007039762,0.9305893854925925,0.7153590409439265,13.555555555555555,3.1915022328663603,5.0,2.0,0.0,360.0,684.0,2808.0,504684.0,144.0,11520.0,71496.0,649944.0,23835960.0,0.0,0.0,6840.0,65592.0,736416.0,7164.0,25524.0,61920.0,327996.0,6423876.0,396.0,19908.0,124992.0,485676.0,23438124.0,17352.0,104148.0,235296.0,724356.0,10497204.0,4752.0,51192.0,104760.0,365544.0,5191956.0,540.0,36504.0,88560.0,193464.0,2933136.0,0.0,0.0,1044.0,33624.0,91080.0,326556.0,244.0,21222.17111,0.03855243876467872,-0.0028895708633904444,42.91998382322256,5.823467741935483,28.122174193548382,62.3316129032258,1.0861290322580648,1.223548387096774,639.7190821211,6.0123398776173,25.60574213595066
0.10226623729083656,0.16105757489216957,0.5053649881371338,0.5323826203503838,5.5,1.2219599995668344,12.0,4.0,0.0,0.0,0.0,252.0,639864.0,432.0,72252.0,289800.0,1198332.0,55466496.0,0.0,36.0,36.0,1008.0,71928.0,72.0,6372.0,13320.0,205848.0,2909484.0,4788.0,70524.0,159264.0,439632.0,9057168.0,12168.0,80280.0,225288.0,702900.0,6435648.0,8712.0,24876.0,37152.0,143424.0,1044792.0,1332.0,1368.0,4284.0,182304.0,743220.0,216.0,972.0,3960.0,27036.0,56124.0,267804.0,378.0,15241.42093,0.0,0.0,0.0,15.408100000000001,14.978887096774196,74.7596129032258,-2.394193548387096,-4.195161290322582,311.2611898304701,11.247091662254935,32.75873748506578
0.2060351424792133,0.8615665848438078,0.8192430252700179,0.8769475242773668,11.333333333333334,3.0453470382542194,9.0,3.0,0.0,180.0,828.0,3204.0,20377008.0,24804.0,195660.0,592704.0,2582748.0,42100380.0,0.0,0.0,0.0,0.0,139752.0,0.0,108.0,5292.0,63036.0,2830356.0,5868.0,58716.0,130356.0,286848.0,2839068.0,792.0,26856.0,52056.0,183384.0,4262976.0,0.0,1008.0,2736.0,14724.0,875124.0,0.0,0.0,0.0,72.0,2052.0,0.0,0.0,0.0,0.0,1440.0,7308.0,72.0,1508.7111,0.8592233715649646,0.23448791119326096,34.59435625156748,37.3462,27.651796666666666,78.92213333333333,0.12633333333333346,-2.0509999999999997,609.8936186125002,28.82965405901775,34.68213341760048
0.1321167084088088,0.3012128210801024,1.6220834908392132,1.2071311857147506,18.9,3.428267816189165,4.0,1.0,0.0,144.0,540.0,7308.0,128160.0,0.0,1296.0,3060.0,19512.0,4957632.0,0.0,432.0,26064.0,96624.0,1656468.0,7596.0,32544.0,57708.0,137988.0,4870692.0,0.0,0.0,72.0,5760.0,6313068.0,11052.0,103284.0,258228.0,884052.0,16646616.0,3276.0,63684.0,210816.0,1044324.0,21131172.0,0.0,144.0,144.0,2088.0,3379608.0,0.0,1548.0,9396.0,81180.0,228744.0,943632.0,69.0,17428.37218,0.11703608333333335,0.2972557431064883,85.93174367871401,1.7157433333333332,21.909809999999993,56.06899999999999,0.6246666666666666,-1.558666666666667,521.0328750653998,20.212130325445244,41.52943558048576
0.07834445509571429,0.16969313596441998,2.510991569069924,3.501307848752968,23.90909090909091,3.9076103211903,1.0,4.0,0.0,864.0,7524.0,21960.0,870552.0,108.0,3996.0,44028.0,521892.0,21321756.0,0.0,0.0,5436.0,54108.0,503064.0,936.0,5328.0,8316.0,61704.0,2499012.0,468.0,19296.0,123804.0,491688.0,23333688.0,12132.0,63180.0,164232.0,688248.0,11684412.0,15156.0,100728.0,194472.0,624312.0,8113140.0,1548.0,54216.0,131076.0,273996.0,3682152.0,0.0,0.0,1116.0,35424.0,105660.0,404100.0,244.0,21222.17111,0.3960095373907139,0.244681000608001,53.42514314510322,1.0560645161290323,16.479654838709678,64.12161290322581,-0.44032258064516133,-1.0790322580645162,411.95004185939985,20.246446186588802,33.17869695851442
0.10189778714588539,0.20932805586432163,1.3049576887441252,1.2228382340848607,14.0,3.5172737984524503,1.0,4.0,0.0,1584.0,5004.0,8568.0,2892600.0,0.0,0.0,0.0,1620.0,5294016.0,0.0,0.0,36.0,5148.0,2103840.0,36.0,1584.0,2088.0,10584.0,3175488.0,0.0,0.0,0.0,3456.0,1581732.0,9684.0,54468.0,93348.0,293148.0,8216424.0,16524.0,157608.0,446436.0,1865304.0,30358440.0,0.0,0.0,0.0,16020.0,4942260.0,0.0,1440.0,5256.0,67104.0,238824.0,937368.0,6.0,17454.33105,0.33693219404361074,0.20747018836715125,49.64081172999864,1.4784193548387095,18.157935483870965,72.38516129032257,-1.8083870967741935,-0.8293548387096774,246.35315678466,9.54313490256651,32.65117553239023
0.17343162139343493,0.694149329912343,4.798200436196864,9.346510029071165,34.5,5.813045053390162,3.0,1.0,0.0,36.0,9360.0,90720.0,1457496.0,180.0,720.0,6876.0,153540.0,3871080.0,0.0,0.0,972.0,11016.0,118692.0,144.0,6228.0,23328.0,53532.0,1655280.0,0.0,5904.0,65268.0,927504.0,48487428.0,20412.0,137808.0,325728.0,860832.0,13993128.0,3816.0,63432.0,178128.0,537912.0,2911140.0,0.0,0.0,324.0,2160.0,481824.0,864.0,2232.0,6912.0,68796.0,174744.0,504396.0,5.0,10720.10518,0.34916080045930303,0.1923131490633009,25.46699941082366,80.8398,21.257829032258066,71.223,0.32161290322580643,-2.033225806451613,504.52208587650966,16.4470698767613,35.59977765871663
0.09680436511680926,0.5008766154429921,0.49933177545306257,0.5386355946913947,9.6,2.6718059237445706,7.0,2.0,0.0,432.0,792.0,10404.0,141948.0,36.0,20592.0,57528.0,365724.0,20220372.0,0.0,2772.0,18396.0,24336.0,220140.0,13824.0,49464.0,96732.0,492876.0,10173276.0,288.0,12924.0,60768.0,303912.0,33592284.0,12276.0,115848.0,309888.0,1013256.0,8128080.0,1260.0,35352.0,112716.0,423180.0,1901268.0,0.0,0.0,144.0,2916.0,1182708.0,0.0,0.0,3780.0,45360.0,128664.0,504900.0,90.0,33384.18737,0.638626255713394,0.378075968586508,28.171453503136,7.160216129032257,28.83891290322581,65.64516129032258,0.38741935483870965,0.3251612903225806,645.7901830293001,12.6293184929074,27.658209992342385
0.11088036686424856,0.5422386413659699,0.37819563969238695,0.6821010984206863,8.2,2.211875367527589,7.0,2.0,0.0,0.0,0.0,11772.0,829332.0,0.0,540.0,3744.0,25740.0,4172148.0,0.0,936.0,14616.0,51408.0,517428.0,4536.0,14868.0,34308.0,189252.0,5143968.0,0.0,396.0,4536.0,32904.0,32335056.0,17820.0,109080.0,325368.0,1321704.0,21186648.0,4284.0,58248.0,162000.0,668304.0,7418088.0,0.0,0.0,36.0,3960.0,850716.0,0.0,828.0,4860.0,98712.0,240912.0,836604.0,26.0,23385.85399,0.31701440239598583,0.14044332153036737,62.16776444550881,19.46797741935484,28.48637741935484,70.79548387096774,0.38096774193548383,-0.5296774193548387,537.5675031651,19.307823680190047,30.632474815749813
0.13355774565285414,0.43627995904948713,0.88876972784155,0.6594279164133522,8.2,2.166339500788742,10.0,3.0,0.0,0.0,0.0,252.0,639864.0,432.0,72252.0,289800.0,1198332.0,55466496.0,0.0,36.0,36.0,1008.0,71928.0,72.0,6372.0,13320.0,205848.0,2909484.0,4788.0,70524.0,159264.0,439632.0,9057168.0,12168.0,80280.0,225288.0,702900.0,6435648.0,8712.0,24876.0,37152.0,143424.0,1044792.0,1332.0,1368.0,4284.0,182304.0,743220.0,216.0,972.0,3960.0,27036.0,56124.0,267804.0,378.0,15241.42093,0.0,0.0,0.0,16.316,22.71959677419354,72.90503225806452,-1.8100000000000003,-2.871612903225807,458.0315283562551,10.856901778139525,27.34576164136746
0.05526997097050982,0.14249671012410403,0.647549237946574,0.36298825139103863,9.7,1.9819963510315057,7.0,2.0,0.0,36.0,504.0,2880.0,2287188.0,0.0,0.0,0.0,10404.0,5999760.0,360.0,8280.0,13824.0,51984.0,3838176.0,1080.0,3456.0,4752.0,12672.0,1858428.0,0.0,0.0,180.0,10728.0,2787408.0,12852.0,87696.0,190080.0,736488.0,16177392.0,11952.0,115056.0,340452.0,1379700.0,24128460.0,0.0,0.0,0.0,13428.0,4451220.0,0.0,1440.0,5256.0,67824.0,235944.0,922968.0,6.0,17454.33105,0.3415371972600843,0.23571711899909087,28.64103960794081,4.847203225806452,30.501941935483877,56.7541935483871,-0.11677419354838707,-0.05903225806451614,611.9237408393394,20.84472110112755,28.64103960794081
0.11155795832358063,0.4006341161796285,2.5741140178606945,4.202117123526884,28.333333333333332,3.980525697103851,2.0,1.0,0.0,2016.0,3024.0,22716.0,368892.0,0.0,13248.0,36504.0,243792.0,18107568.0,0.0,2232.0,14832.0,18396.0,131544.0,2808.0,8892.0,19620.0,130068.0,2635884.0,252.0,12096.0,57816.0,294588.0,33272388.0,15588.0,86976.0,222804.0,818892.0,10014156.0,7416.0,101628.0,278064.0,971172.0,5408820.0,0.0,756.0,1836.0,7848.0,2215008.0,0.0,0.0,5436.0,55044.0,150372.0,633996.0,90.0,33384.18737,0.30717,0.21024646825043966,52.1899025178456,0.0,18.956217241379303,55.44344827586207,0.4410344827586207,-0.7482758620689653,443.0585703770001,11.018194558758088,32.41553256829369
0.2421051670301683,0.7250105355978844,1.8945269047853117,2.6533008284349098,22.333333333333332,4.1408786229114805,4.0,1.0,0.0,36.0,9360.0,90720.0,1457496.0,180.0,720.0,6876.0,153540.0,3871080.0,0.0,0.0,972.0,11016.0,118692.0,144.0,6228.0,23328.0,53532.0,1655280.0,0.0,5904.0,65268.0,927504.0,48487428.0,20412.0,137808.0,325728.0,860832.0,13993128.0,3816.0,63432.0,178128.0,537912.0,2911140.0,0.0,0.0,324.0,2160.0,481824.0,864.0,2232.0,6912.0,68796.0,174744.0,504396.0,5.0,10720.10518,0.0,0.0,0.0,126.525,23.095779999999998,68.31930000000001,0.6490000000000001,-1.6596666666666666,619.0467696130302,14.26554724874837,34.811020809532096
0.05165486213006302,0.29083953996818884,0.44201868309916664,0.585418174631344,7.125,1.3344854178572243,12.0,4.0,0.0,612.0,2880.0,59508.0,3920076.0,108.0,15120.0,28332.0,97848.0,16425396.0,0.0,0.0,1584.0,64656.0,1614996.0,1692.0,17928.0,39348.0,108144.0,4856796.0,0.0,288.0,13284.0,352368.0,8603604.0,16704.0,123732.0,254988.0,652068.0,11203956.0,8820.0,75672.0,275580.0,1131048.0,19009980.0,0.0,432.0,1188.0,9396.0,952704.0,396.0,1980.0,3960.0,48780.0,168552.0,666432.0,4.0,12791.38051,0.5562127742982312,0.3329741429784225,52.41551061009095,1.7988870967741935,18.58109032258065,77.86548387096774,-1.4383870967741939,0.05096774193548391,172.43540949899995,13.406746160518583,52.41551061009095
0.07579209488133393,0.49153395256332627,2.8216090212447917,4.470390502338642,26.0,5.5705346598465155,3.0,1.0,468.0,8352.0,17316.0,70344.0,1600884.0,0.0,1692.0,10944.0,55116.0,13787856.0,0.0,216.0,3492.0,125532.0,1221012.0,5112.0,15768.0,28764.0,139932.0,5337612.0,0.0,252.0,2052.0,68004.0,14170140.0,5832.0,58320.0,184248.0,758088.0,13111056.0,3096.0,79164.0,262584.0,1052676.0,14636412.0,15084.0,37944.0,41472.0,81216.0,4399488.0,0.0,72.0,1728.0,80964.0,234396.0,790524.0,100.0,15052.7619,0.8534271801860542,0.374058058564481,91.71402691455057,3.6203451612903224,18.757461290322585,71.06903225806451,-0.9454838709677416,-1.0193548387096774,411.69438799221,23.567291699111102,48.69310528785093
0.0908007034143584,0.544815227159546,0.5349133884689775,0.602575065179265,7.818181818181818,2.302563840332437,10.0,3.0,0.0,0.0,3996.0,53892.0,4873536.0,4392.0,47448.0,75096.0,202716.0,16952292.0,0.0,36.0,9756.0,119844.0,2542248.0,7560.0,40392.0,112104.0,366948.0,12347856.0,0.0,144.0,11232.0,348228.0,8724492.0,7236.0,91152.0,230868.0,729180.0,12392712.0,4752.0,42480.0,161352.0,642168.0,10709352.0,0.0,216.0,864.0,4932.0,544176.0,468.0,2736.0,7416.0,60660.0,180072.0,673452.0,4.0,12791.38051,0.23295000874244412,0.1191006537528718,66.01883185837342,4.870374193548388,25.748229032258063,70.72258064516126,-2.7183870967741925,0.05903225806451614,375.27929077005035,22.127897659025876,33.22944676072576
0.2729532848110038,0.42975743985464493,1.5390675171236532,0.6976279840644359,17.88888888888889,3.9679758007835924,9.0,3.0,0.0,1368.0,2016.0,18144.0,824652.0,0.0,2952.0,7272.0,66780.0,4424256.0,0.0,2412.0,2952.0,43740.0,457164.0,6948.0,20448.0,36396.0,163224.0,5204412.0,0.0,5544.0,53640.0,357876.0,42842880.0,3960.0,25092.0,54180.0,335772.0,7005744.0,19116.0,147420.0,402156.0,1398312.0,8457336.0,0.0,612.0,1728.0,5328.0,3746628.0,0.0,0.0,1296.0,76932.0,225072.0,752148.0,51.0,32919.87338,0.5409881920284683,0.2352288298760258,36.98031509557878,92.6062,27.310183333333335,60.98819999999999,0.42166666666666663,-0.641,543.6844373780999,16.067918975903048,37.84258939116869
0.09189458998274065,0.3570068430244572,0.8129859479415208,0.8550945479360375,12.4,2.2575533938352725,11.0,4.0,36.0,252.0,756.0,2412.0,330552.0,0.0,252.0,2664.0,30528.0,30112164.0,0.0,36.0,684.0,1440.0,197964.0,252.0,360.0,684.0,5364.0,1127088.0,0.0,972.0,6192.0,164664.0,16251480.0,5940.0,49824.0,176724.0,667008.0,14963040.0,17172.0,138960.0,367092.0,1496880.0,7779240.0,0.0,108.0,540.0,22608.0,845244.0,0.0,1440.0,7992.0,91908.0,230076.0,750492.0,48.0,9205.662327,0.3180477,0.16160754938604016,86.4397495253761,0.20121666666666668,22.47589,64.87899999999999,-0.5816666666666668,-2.110333333333333,370.92043613200013,37.5915296155104,32.678799820527686
0.312626324372333,0.3542938872427412,4.36773472940075,10.071741368795756,42.55555555555556,6.3875835194418915,1.0,4.0,0.0,1044.0,4608.0,20880.0,1134252.0,0.0,144.0,3780.0,16956.0,4065480.0,0.0,864.0,12888.0,40536.0,328032.0,1260.0,7632.0,18684.0,92988.0,5897304.0,0.0,36.0,3852.0,24588.0,30468240.0,10620.0,38916.0,108324.0,535356.0,14265072.0,14580.0,132732.0,380376.0,1473840.0,14401980.0,0.0,0.0,396.0,9684.0,1262484.0,0.0,828.0,5040.0,101448.0,252144.0,884520.0,26.0,23385.85399,0.4137337724116162,0.13780119859234388,54.74467784439341,0.03999032258064516,21.117703225806455,62.1216129032258,0.7370967741935482,-1.0445161290322582,358.7457264799002,11.188651064381812,32.18786851019961
0.0774945104590766,0.43010434979864093,0.4127987828236752,0.8345449943802586,7.6,1.8841557986113773,12.0,4.0,0.0,36.0,108.0,11340.0,3994740.0,0.0,72.0,972.0,45288.0,3933756.0,0.0,360.0,720.0,29088.0,977220.0,180.0,2232.0,7740.0,47772.0,3698136.0,396.0,5040.0,28836.0,383796.0,18280116.0,7776.0,55584.0,150480.0,727668.0,12757932.0,17424.0,156420.0,412668.0,1235736.0,9623160.0,0.0,72.0,2628.0,8316.0,866448.0,252.0,1044.0,5760.0,63108.0,180720.0,652716.0,10.0,446.5182684,0.3790760279238235,0.19524715759801725,35.06612897773649,1.5592129032258064,19.220138709677418,61.82999999999999,0.22516129032258056,-0.7412903225806451,267.23190317255006,17.783003010298444,35.06612897773649
0.1283430852454503,0.2655905417496406,2.383515270928542,3.4367164703293076,21.0,5.122092832510243,5.0,2.0,0.0,0.0,0.0,0.0,3762360.0,0.0,0.0,1152.0,44100.0,3371364.0,0.0,3204.0,3240.0,35100.0,712332.0,4608.0,31788.0,68760.0,160020.0,2079972.0,36.0,36.0,576.0,3492.0,6972408.0,15408.0,68832.0,217476.0,669816.0,25133436.0,7128.0,122400.0,353376.0,1506924.0,19474812.0,0.0,0.0,0.0,1152.0,1961208.0,0.0,288.0,4284.0,56232.0,140832.0,720828.0,12.0,5480.991045,0.3077098842592592,0.14584263388037919,64.04468683893367,3.0578870967741936,26.73054193548387,69.36806451612902,0.9093548387096774,-0.3112903225806452,519.1082289599,15.349753123099784,34.752315578736486
0.1014690248474118,0.3277170070192223,2.3105377570608754,2.73315036632347,22.3,4.578344024288059,1.0,4.0,36.0,252.0,756.0,2412.0,330552.0,0.0,252.0,2664.0,30528.0,30112164.0,0.0,36.0,684.0,1440.0,197964.0,252.0,360.0,684.0,5364.0,1127088.0,0.0,972.0,6192.0,164664.0,16251480.0,5940.0,49824.0,176724.0,667008.0,14963040.0,17172.0,138960.0,367092.0,1496880.0,7779240.0,0.0,108.0,540.0,22608.0,845244.0,0.0,1440.0,7992.0,91908.0,230076.0,750492.0,48.0,9205.662327,0.8653875833333334,0.1968905411027541,37.51224107710668,1.008683870967742,16.32153870967742,70.47387096774193,-0.39225806451612905,-1.814838709677419,319.9458656118001,19.73500549768628,37.51224107710668
0.03182495843995728,0.31932764155690235,0.43301118935104166,0.766796277362619,7.7,1.1392918206130078,12.0,4.0,144.0,1296.0,13824.0,212580.0,4250628.0,0.0,72.0,7992.0,169992.0,2584656.0,0.0,5292.0,35028.0,119232.0,3711276.0,6084.0,39528.0,98388.0,284940.0,5554620.0,0.0,0.0,0.0,81684.0,387216.0,2628.0,8748.0,41652.0,258912.0,11876724.0,15948.0,108144.0,291708.0,1076688.0,28221228.0,0.0,180.0,252.0,828.0,1158588.0,576.0,1800.0,6696.0,119196.0,296604.0,936540.0,2.0,17057.75366,0.8351254337445617,0.2876878360249017,43.61142491832887,3.0790774193548383,18.009900000000002,78.06,-2.355806451612903,-0.38838709677419364,155.66596112929994,19.57739553893189,43.61142491832887
0.09667852129672486,0.7398214195515115,0.3196946353376568,0.8254084124746031,7.5,1.946562441218821,7.0,2.0,0.0,40356.0,69480.0,137772.0,8090604.0,0.0,540.0,792.0,128484.0,7688448.0,0.0,4104.0,9324.0,47088.0,1636704.0,7884.0,24552.0,36036.0,159444.0,6909444.0,0.0,108.0,684.0,2376.0,268020.0,16164.0,112932.0,297360.0,1203912.0,21801528.0,3888.0,32868.0,138780.0,531252.0,7912656.0,0.0,72.0,828.0,14472.0,425124.0,0.0,864.0,3528.0,67248.0,231912.0,916488.0,3.0,3430.762574,1.0733587809495415,0.42196210876116386,65.00505291592334,16.150132258064517,29.01714193548387,73.98838709677419,1.154193548387097,0.1806451612903226,587.5369439983,10.474698810516276,28.5224233028288
0.09390135962886771,0.260248298724267,1.4392925335938753,0.6835496214244938,19.6,4.9494361256812685,9.0,3.0,1800.0,18864.0,59976.0,229500.0,1440612.0,0.0,6156.0,23400.0,136980.0,15704424.0,0.0,1476.0,6228.0,6804.0,89136.0,4644.0,30780.0,67140.0,305280.0,6315048.0,216.0,13248.0,61092.0,303984.0,33500052.0,19800.0,164160.0,429336.0,1587024.0,16685100.0,108.0,1800.0,3708.0,25524.0,329652.0,0.0,0.0,0.0,720.0,176580.0,0.0,0.0,4932.0,46404.0,133992.0,545652.0,90.0,33384.18737,0.2620222222222222,0.18128202983108316,58.85805659220609,2.186316666666667,27.49964666666667,62.43666666666666,0.202,-0.2546666666666667,529.8364802702995,11.286633630068543,36.54219226281667
0.07319047260821693,0.3675348003867705,0.6878890326867084,0.5914215210302602,11.666666666666666,2.3050191886401663,7.0,2.0,0.0,1332.0,38052.0,131616.0,882540.0,216.0,38016.0,96588.0,424224.0,42867684.0,0.0,0.0,756.0,2988.0,389016.0,1152.0,16992.0,51372.0,169956.0,3327876.0,0.0,5184.0,26208.0,254844.0,5124528.0,4644.0,31320.0,125316.0,407160.0,6897744.0,18252.0,109800.0,236592.0,827532.0,10585152.0,0.0,0.0,6300.0,62172.0,887580.0,648.0,1620.0,7200.0,80136.0,203760.0,860868.0,9.0,12779.34997,0.036423333333333335,0.11424870765221472,46.41423463934547,2.978487096774194,29.293370967741936,64.8841935483871,-0.5016129032258064,-0.7996774193548389,621.1055172156998,16.061538377698824,37.69192212521236
0.20767212866590976,0.5083783349188064,1.2044490933708605,0.8742386919136478,20.666666666666668,3.4413908784983582,4.0,1.0,0.0,1188.0,1944.0,20556.0,224712.0,0.0,6516.0,25236.0,207324.0,17753616.0,0.0,1728.0,10332.0,11988.0,109944.0,1584.0,5652.0,14040.0,109296.0,3430584.0,252.0,13680.0,61416.0,306252.0,33656508.0,18900.0,121788.0,303732.0,1099296.0,12834000.0,5328.0,76860.0,218124.0,760716.0,3613248.0,0.0,648.0,1548.0,6336.0,1773108.0,0.0,0.0,5436.0,54828.0,148500.0,619704.0,90.0,33384.18737,0.23435370497402966,0.15529690146126443,26.535458397329972,53.022999999999996,23.367089999999997,56.47206666666666,0.5183333333333333,-0.6323333333333331,542.7817905685201,11.987498929612743,29.88895383687572
0.1129614082405395,0.5273557252052948,0.26918099789481204,0.6479658518721298,6.888888888888889,2.218692418383894,6.0,2.0,0.0,36.0,288.0,3924.0,857016.0,0.0,180.0,12960.0,37008.0,7114968.0,0.0,0.0,9900.0,30780.0,2116368.0,15948.0,100296.0,174312.0,329508.0,5897412.0,0.0,3240.0,24840.0,268092.0,27456480.0,7452.0,88056.0,213912.0,772884.0,13663944.0,3168.0,51876.0,198900.0,930492.0,10530288.0,0.0,1296.0,3924.0,70920.0,1410696.0,288.0,1296.0,4824.0,37980.0,146412.0,697644.0,33.0,30649.61061,0.24481304786239524,0.08851358780309612,67.7291305640641,20.402489999999997,27.62188,65.22666666666666,0.39133333333333337,1.5593333333333335,470.25386373552027,22.524576375262143,31.368354283565417
0.050886125267004215,0.24116242337973537,0.7166578244418518,0.39529398956316786,10.444444444444445,2.118007910457537,6.0,2.0,468.0,3672.0,5652.0,10260.0,14356188.0,2016.0,30924.0,192024.0,1402488.0,35351172.0,108.0,1440.0,2376.0,42192.0,705816.0,6408.0,32364.0,71208.0,222516.0,4530708.0,0.0,2628.0,12528.0,41652.0,2106468.0,10116.0,88272.0,204084.0,558396.0,7673292.0,7236.0,69228.0,174708.0,526356.0,8055252.0,0.0,72.0,72.0,2304.0,409104.0,0.0,756.0,5148.0,53676.0,123192.0,335124.0,5.0,3129.911321,0.3847834608309991,0.2899443890717146,56.71676861561058,2.4163333333333337,28.871489999999998,66.522,-0.42000000000000004,-0.3953333333333333,644.7164423459994,15.065115421730491,29.592677445935255
0.19178911524323755,0.44927743283629634,2.9702621567540834,4.68102346438471,29.6,5.180326016502783,4.0,1.0,0.0,504.0,756.0,6660.0,146772.0,0.0,2232.0,5904.0,51552.0,4213656.0,0.0,216.0,360.0,24912.0,249228.0,2520.0,9252.0,11988.0,62604.0,2392200.0,0.0,5148.0,52668.0,353916.0,42707592.0,15372.0,66348.0,119160.0,613080.0,12245544.0,11016.0,117792.0,357012.0,1225872.0,6919056.0,0.0,504.0,1476.0,5184.0,3013992.0,0.0,0.0,2520.0,80748.0,235728.0,797976.0,51.0,32919.87338,0.5759910567943113,0.23450626371519523,76.78971469960399,1.12139,23.25974666666667,62.21566666666666,0.8563333333333334,-0.9030000000000001,536.8398620912798,19.20411592831946,38.957319859793444
0.06062087704829014,0.4388386351552949,0.6043722234789772,0.34913022007704964,9.454545454545455,1.9688323951083604,8.0,3.0,0.0,35208.0,60804.0,122148.0,18437760.0,0.0,2268.0,3888.0,143244.0,7604460.0,0.0,12996.0,29484.0,108108.0,2827908.0,4212.0,14976.0,18936.0,67572.0,5161536.0,0.0,0.0,504.0,1800.0,252000.0,2916.0,27936.0,65448.0,256500.0,4584384.0,19980.0,114804.0,361764.0,1471644.0,24566616.0,0.0,864.0,3744.0,34812.0,1090944.0,0.0,936.0,4356.0,73656.0,240444.0,935460.0,3.0,3430.762574,0.19947077092004298,0.16962187103371193,32.931087374371,21.321683870967743,28.718454838709686,73.5693548387097,0.8222580645161289,0.33548387096774185,501.2891480153897,8.864639652177923,29.61169527462843
0.24021486693653618,0.2971802288467982,1.7565662732577318,2.2473977320648033,17.555555555555557,4.170075760137628,2.0,1.0,0.0,0.0,1584.0,31284.0,899496.0,36.0,1512.0,13212.0,44532.0,10840284.0,0.0,0.0,72.0,62748.0,578484.0,3024.0,11484.0,26748.0,103608.0,5398272.0,0.0,36.0,252.0,21564.0,8649000.0,324.0,3492.0,7020.0,44676.0,4714668.0,2556.0,88200.0,304920.0,1352016.0,26415288.0,23472.0,57636.0,68436.0,129240.0,5470776.0,0.0,0.0,1908.0,120492.0,363420.0,1351584.0,100.0,15052.7619,0.5486570028490028,0.26569720118216,51.33739671877668,2.613403571428571,17.488882142857147,78.20642857142856,-1.4989285714285712,-1.2485714285714284,222.22876921419999,10.6911362505283,40.64626046824838
0.22835057601383218,0.41916691140045803,1.9580077809435417,1.3688955423067843,21.0,5.467843011528917,9.0,3.0,0.0,1044.0,4608.0,20880.0,1134252.0,0.0,144.0,3780.0,16956.0,4065480.0,0.0,864.0,12888.0,40536.0,328032.0,1260.0,7632.0,18684.0,92988.0,5897304.0,0.0,36.0,3852.0,24588.0,30468240.0,10620.0,38916.0,108324.0,535356.0,14265072.0,14580.0,132732.0,380376.0,1473840.0,14401980.0,0.0,0.0,396.0,9684.0,1262484.0,0.0,828.0,5040.0,101448.0,252144.0,884520.0,26.0,23385.85399,0.2710574894179894,0.185395615463851,79.84451795646589,5.050326666666666,27.760993333333328,67.95433333333332,0.26166666666666666,-0.19099999999999995,456.22872476871015,23.64045599786417,39.23090777255989
0.20789151664860364,0.9034295187305345,1.2380833248360237,1.1655797042582474,15.0,3.45068295712289,9.0,3.0,72.0,468.0,1044.0,5400.0,1631988.0,0.0,5436.0,38916.0,160704.0,7778952.0,0.0,5004.0,16776.0,35640.0,527652.0,2952.0,8928.0,43596.0,184860.0,6713064.0,0.0,15948.0,76716.0,385992.0,22281840.0,8424.0,34200.0,109656.0,381456.0,10997712.0,14220.0,151920.0,346536.0,1225944.0,13950468.0,0.0,0.0,2268.0,25056.0,4760928.0,396.0,1512.0,5868.0,61056.0,149004.0,736560.0,136.0,15407.79543,0.0,0.0,0.0,375.65530000000007,26.090749999999996,65.79959999999998,-1.0303333333333333,-1.1526666666666665,460.96831575829987,13.850121314705166,30.651395445335076
0.23265702416831324,0.7296156940414167,1.6232002789191216,2.4340490743725507,17.444444444444443,3.5824092845189526,4.0,1.0,0.0,16056.0,31068.0,63288.0,8697168.0,0.0,4212.0,7956.0,106704.0,7575696.0,0.0,11772.0,23904.0,77364.0,1670688.0,9000.0,26136.0,41832.0,195120.0,7251444.0,0.0,0.0,576.0,2700.0,258012.0,15084.0,103104.0,248652.0,1007244.0,17584380.0,4680.0,55224.0,195732.0,769140.0,12195504.0,0.0,252.0,2664.0,15372.0,557424.0,0.0,756.0,2700.0,65952.0,232632.0,904356.0,3.0,3430.762574,0.2649360847726414,0.09121049123979662,20.65611771506897,1.0577,25.246933333333335,67.61213333333333,0.9706666666666665,-0.2753333333333333,637.96096549508,8.144634789874276,33.90903676385453
0.09722128835620131,0.33214825407359067,0.9426999432279165,0.6944054649956116,10.454545454545455,3.0434951695722385,3.0,1.0,0.0,1224.0,1656.0,3024.0,24855408.0,24300.0,206424.0,612900.0,2663100.0,42280236.0,0.0,0.0,0.0,0.0,164556.0,0.0,108.0,19080.0,86652.0,3431232.0,5796.0,58284.0,112608.0,260532.0,2744316.0,1368.0,15444.0,34200.0,100944.0,2761236.0,0.0,504.0,3060.0,19728.0,1051632.0,0.0,0.0,180.0,648.0,16740.0,0.0,0.0,0.0,540.0,1728.0,6696.0,72.0,1508.7111,0.8438272533222959,0.37036318774120136,90.95966015093364,0.9756483870967743,23.5955,76.75774193548389,-2.9300000000000006,-2.63,585.9605271215798,23.337638588388785,48.40220298748429
0.05019104756717515,0.1627875474374102,0.46294317592376455,0.3177001121848899,6.5,1.218650643494771,7.0,2.0,0.0,0.0,0.0,1044.0,1376928.0,0.0,0.0,5148.0,20664.0,7057044.0,0.0,6048.0,12456.0,41112.0,931068.0,3708.0,34920.0,51588.0,158040.0,4543092.0,0.0,7560.0,38412.0,507348.0,40099320.0,4680.0,38376.0,79956.0,268416.0,6345144.0,20196.0,158688.0,454536.0,1548504.0,10778976.0,0.0,0.0,0.0,11664.0,901116.0,180.0,756.0,2736.0,37080.0,143568.0,584640.0,5.0,6703.15719,0.0,0.0,0.0,10.4649,29.29876129032258,64.34170967741935,-0.6187096774193548,-0.32354838709677414,764.3829782885997,16.716390143681878,29.74929092449483
0.10173976648138258,0.3280893733291443,0.70491614759845,0.7222937536136034,12.3,2.869853358157532,11.0,4.0,0.0,0.0,30636.0,135072.0,712656.0,720.0,33696.0,112680.0,469368.0,44240832.0,0.0,108.0,2268.0,9720.0,817272.0,10008.0,71748.0,201924.0,648648.0,8903916.0,0.0,6048.0,26676.0,266796.0,5304744.0,10080.0,77040.0,180828.0,659628.0,9137484.0,5220.0,39672.0,96840.0,337860.0,3885516.0,0.0,0.0,900.0,20088.0,362484.0,828.0,1764.0,5400.0,54432.0,132768.0,594252.0,9.0,12779.34997,0.41228304244272496,0.27237693059333,52.7500344034953,5.123963333333334,20.513836666666673,72.89699999999999,-1.4953333333333332,-1.2653333333333336,185.7982274485,16.57948071078155,52.7500344034953
0.06557219967514975,0.29000002524012064,0.9601598168593334,0.46166175583077174,12.7,2.989510539002701,9.0,3.0,0.0,36.0,504.0,2880.0,2287188.0,0.0,0.0,0.0,10404.0,5999760.0,360.0,8280.0,13824.0,51984.0,3838176.0,1080.0,3456.0,4752.0,12672.0,1858428.0,0.0,0.0,180.0,10728.0,2787408.0,12852.0,87696.0,190080.0,736488.0,16177392.0,11952.0,115056.0,340452.0,1379700.0,24128460.0,0.0,0.0,0.0,13428.0,4451220.0,0.0,1440.0,5256.0,67824.0,235944.0,922968.0,6.0,17454.33105,0.41475783193277305,0.24956710644435584,65.03988610218447,4.277690000000001,27.523819999999997,62.85799999999999,-0.6213333333333332,-0.44033333333333335,420.90010224730037,14.789763479215072,35.77260117190747
0.18099989806938752,0.4666210664714347,0.7540036920690586,0.5321012729473803,12.333333333333334,2.6051959626464334,4.0,1.0,0.0,0.0,0.0,1044.0,1376928.0,0.0,0.0,5148.0,20664.0,7057044.0,0.0,6048.0,12456.0,41112.0,931068.0,3708.0,34920.0,51588.0,158040.0,4543092.0,0.0,7560.0,38412.0,507348.0,40099320.0,4680.0,38376.0,79956.0,268416.0,6345144.0,20196.0,158688.0,454536.0,1548504.0,10778976.0,0.0,0.0,0.0,11664.0,901116.0,180.0,756.0,2736.0,37080.0,143568.0,584640.0,5.0,6703.15719,0.0,0.0,0.0,63.6738,21.549993333333337,69.93936666666667,-0.3273333333333334,-0.4223333333333333,402.2980576486602,13.07649949899084,26.73627295236824
0.07463959587499999,0.2511421628,1.4114485107777779,0.8109960768000001,12.444444444444445,3.1509059738,1.0,4.0,0.0,1512.0,4500.0,60480.0,4570812.0,360.0,4680.0,11772.0,80136.0,15725088.0,0.0,0.0,1152.0,35244.0,925524.0,648.0,5328.0,11772.0,29772.0,4261716.0,0.0,396.0,12240.0,345384.0,7897032.0,11664.0,93384.0,178056.0,452844.0,10234260.0,9432.0,76068.0,273564.0,1198260.0,21777552.0,0.0,432.0,1224.0,9324.0,922248.0,468.0,2988.0,9180.0,100764.0,291456.0,930024.0,4.0,12791.38051,0.5198708492063493,0.24516963980683737,73.76542277882488,1.0662225806451615,18.67040645161291,73.38290322580646,-1.9099999999999995,-0.4203225806451612,262.40064186384984,18.88348853389147,44.111320417993326
0.059997394807584106,0.4354894709887902,1.211340427403583,1.5806506720333813,15.1,3.3184504088451563,4.0,1.0,468.0,8352.0,17316.0,70344.0,1600884.0,0.0,1692.0,10944.0,55116.0,13787856.0,0.0,216.0,3492.0,125532.0,1221012.0,5112.0,15768.0,28764.0,139932.0,5337612.0,0.0,252.0,2052.0,68004.0,14170140.0,5832.0,58320.0,184248.0,758088.0,13111056.0,3096.0,79164.0,262584.0,1052676.0,14636412.0,15084.0,37944.0,41472.0,81216.0,4399488.0,0.0,72.0,1728.0,80964.0,234396.0,790524.0,100.0,15052.7619,0.63630837273799,0.3370889045299387,84.58801879522687,2.0388666666666664,21.36492666666667,67.67800000000001,-2.0033333333333334,-0.9323333333333331,455.03889947251,22.640861312786516,44.33233601630206
0.15542600668111067,0.19888108031355906,1.0977192150681696,0.8356603179703945,9.0,2.410226194305152,8.0,3.0,0.0,36.0,9360.0,90720.0,1457496.0,180.0,720.0,6876.0,153540.0,3871080.0,0.0,0.0,972.0,11016.0,118692.0,144.0,6228.0,23328.0,53532.0,1655280.0,0.0,5904.0,65268.0,927504.0,48487428.0,20412.0,137808.0,325728.0,860832.0,13993128.0,3816.0,63432.0,178128.0,537912.0,2911140.0,0.0,0.0,324.0,2160.0,481824.0,864.0,2232.0,6912.0,68796.0,174744.0,504396.0,5.0,10720.10518,0.0,0.0,0.0,126.09259999999999,28.957174193548386,70.78232258064514,0.5693548387096774,0.30419354838709683,631.7066634156996,16.084761064945226,29.86676203542938
0.08962960952979547,0.20551983635163945,0.8819842630856944,0.5658650688274087,11.5,2.1687510335232703,3.0,1.0,252.0,432.0,1080.0,4500.0,898380.0,0.0,0.0,3492.0,13932.0,6106356.0,0.0,7020.0,12204.0,32904.0,766980.0,5760.0,32148.0,52920.0,186840.0,2682288.0,0.0,12636.0,43344.0,507060.0,39385440.0,18144.0,116568.0,297684.0,994032.0,13874184.0,3024.0,73764.0,234936.0,816336.0,6865020.0,0.0,36.0,324.0,4464.0,491796.0,288.0,1620.0,4140.0,40068.0,139680.0,581364.0,5.0,6703.15719,0.3940450262626262,0.34309728384095284,31.381423174254532,1.8590612903225807,19.940132258064512,70.29129032258062,-0.22580645161290322,-0.38806451612903226,351.0148298324403,7.888521240431829,32.68188496499394
0.2943920436168207,0.4238128150220568,1.103390653140679,2.0020650121039685,18.0,3.2994549838720197,11.0,4.0,612.0,720.0,3600.0,11592.0,730656.0,36.0,2700.0,13176.0,217044.0,5406300.0,0.0,1872.0,29376.0,61884.0,360288.0,4248.0,13176.0,32508.0,312768.0,3733632.0,0.0,936.0,9036.0,78300.0,44746380.0,11448.0,83844.0,240228.0,879156.0,9486324.0,10944.0,116784.0,278208.0,887832.0,5650632.0,0.0,0.0,3096.0,54144.0,1911708.0,0.0,828.0,4140.0,62568.0,176148.0,638604.0,13.0,19435.77403,0.3250475712779727,0.2009523745515236,70.20112474179653,0.36706,22.27438333333334,67.92500000000001,0.18899999999999997,-2.2939999999999996,415.5574959631304,18.9717650379217,43.67569130433349
0.05341758049188084,0.29443951889791675,0.29389698538708886,0.638248964235306,4.75,1.3411654741128716,8.0,3.0,0.0,0.0,0.0,360.0,17313516.0,0.0,0.0,792.0,24012.0,4819896.0,0.0,0.0,6588.0,193428.0,1965276.0,108.0,5940.0,11916.0,126216.0,1356804.0,108.0,180.0,1656.0,42984.0,18569484.0,7380.0,58824.0,174456.0,802620.0,11699172.0,14832.0,134280.0,371808.0,1239372.0,5274612.0,0.0,216.0,1476.0,7236.0,129708.0,504.0,2376.0,9036.0,83160.0,216792.0,705276.0,13.0,537.3484137,0.45823234609799185,0.27892089113970286,83.97844412842711,5.772990322580646,28.14598064516129,72.26322580645162,-0.1441935483870968,0.8835483870967745,583.4959827750498,21.456577064746796,41.14528383001036
0.07399696822654546,0.2205871421520894,0.9366549943950759,0.24008646194545033,9.636363636363637,2.587220394913577,8.0,3.0,504.0,4464.0,8496.0,49644.0,1112580.0,0.0,684.0,14292.0,75024.0,9852588.0,0.0,0.0,10944.0,32292.0,961812.0,15156.0,103104.0,175428.0,389268.0,6043032.0,0.0,3096.0,24408.0,267120.0,27030996.0,4572.0,56556.0,128340.0,413424.0,8626428.0,2808.0,51444.0,214848.0,999360.0,12290652.0,0.0,1512.0,4860.0,87372.0,1592532.0,792.0,2700.0,8424.0,62028.0,203688.0,827748.0,33.0,30649.61061,0.25133998361665855,0.3228264632406042,101.27551982872006,9.448593548387096,28.128687096774193,66.3990322580645,0.26064516129032245,0.6532258064516129,507.0964503846998,25.880541157271097,38.787313795645865
0.13158239015722836,0.33840695083725036,0.7772480500635641,0.5153149295692887,9.5,2.05704613107652,6.0,2.0,0.0,0.0,0.0,684.0,939528.0,36.0,1080.0,10512.0,48888.0,13178556.0,0.0,0.0,2376.0,106992.0,1248588.0,6264.0,14256.0,21024.0,76968.0,5166504.0,0.0,72.0,1800.0,66888.0,14702940.0,7704.0,60624.0,184068.0,882900.0,12755196.0,2808.0,93888.0,287496.0,1060236.0,15868980.0,12996.0,31464.0,34164.0,75240.0,4376232.0,0.0,36.0,1512.0,81468.0,244224.0,822456.0,100.0,15052.7619,0.1851162727293605,0.0763458687326487,23.102032692816998,230.74900000000005,27.54311333333334,64.32629999999999,0.6916666666666667,-0.33100000000000007,505.0215441574902,8.637912454780713,48.8126580925244
0.08541311508683294,0.3955593688556484,1.2486308590108333,0.5395143189684547,16.0,4.355278093557346,5.0,2.0,0.0,0.0,30636.0,135072.0,712656.0,720.0,33696.0,112680.0,469368.0,44240832.0,0.0,108.0,2268.0,9720.0,817272.0,10008.0,71748.0,201924.0,648648.0,8903916.0,0.0,6048.0,26676.0,266796.0,5304744.0,10080.0,77040.0,180828.0,659628.0,9137484.0,5220.0,39672.0,96840.0,337860.0,3885516.0,0.0,0.0,900.0,20088.0,362484.0,828.0,1764.0,5400.0,54432.0,132768.0,594252.0,9.0,12779.34997,0.2874532075829725,0.13491703583521047,61.95858605240845,8.474180645161292,26.994051612903228,67.69322580645161,-0.5732258064516128,-0.9003225806451611,550.1786270798999,10.21889879824286,38.07392197781124
0.11478701605453422,0.572168684818175,0.5862428287652957,0.674035474967185,12.0,2.41598617095145,7.0,2.0,468.0,8352.0,17316.0,70344.0,1600884.0,0.0,1692.0,10944.0,55116.0,13787856.0,0.0,216.0,3492.0,125532.0,1221012.0,5112.0,15768.0,28764.0,139932.0,5337612.0,0.0,252.0,2052.0,68004.0,14170140.0,5832.0,58320.0,184248.0,758088.0,13111056.0,3096.0,79164.0,262584.0,1052676.0,14636412.0,15084.0,37944.0,41472.0,81216.0,4399488.0,0.0,72.0,1728.0,80964.0,234396.0,790524.0,100.0,15052.7619,0.6419373514106648,0.23151778470933976,58.886295383488275,10.063199999999998,29.33213225806451,62.350322580645155,0.26290322580645165,-0.7296774193548384,627.1438692531996,13.99489650430522,32.91100827647556
0.2805069845925403,0.3419565846698901,1.8891287327187503,3.2377349761786425,23.1,2.9415409248784625,12.0,4.0,252.0,612.0,1332.0,2952.0,80604.0,0.0,756.0,3024.0,39600.0,3574476.0,0.0,108.0,108.0,10116.0,163836.0,2736.0,11628.0,24984.0,124992.0,4372668.0,0.0,3456.0,45648.0,300600.0,37478232.0,16200.0,100368.0,236160.0,939816.0,13227192.0,9648.0,82548.0,233460.0,874152.0,10321560.0,0.0,324.0,756.0,2844.0,2290680.0,0.0,0.0,2484.0,82980.0,239940.0,846252.0,51.0,32919.87338,0.17600880102040817,0.08871343698636354,38.50978444549247,4.362683870967742,18.619645161290325,64.60483870967741,0.3774193548387097,-1.7896774193548384,347.6847186029298,22.152317132417163,33.381575125317575
0.08282703369716758,0.1659553488341939,2.4869198536256434,2.928130072045896,21.90909090909091,4.201281689176063,1.0,4.0,1368.0,4500.0,9324.0,57384.0,991152.0,1476.0,86148.0,317232.0,1322028.0,56631060.0,0.0,72.0,72.0,3096.0,111960.0,936.0,13284.0,26028.0,297108.0,2219148.0,5004.0,70632.0,159120.0,439668.0,9053388.0,8568.0,54864.0,179388.0,485532.0,4833900.0,8892.0,23148.0,29016.0,78840.0,820440.0,1260.0,1332.0,4896.0,142380.0,525276.0,216.0,1008.0,3960.0,28764.0,60192.0,315468.0,378.0,15241.42093,0.36931993041165007,0.175303693567155,26.7092167664473,0.8014032258064516,15.401209677419354,75.05000000000003,-1.4193548387096773,-2.6193548387096777,382.3371669539,13.021749054780596,26.7092167664473
0.056747226273019945,0.6514039093835121,0.5460768274022916,0.5941349403616976,10.2,1.9429275910268309,10.0,3.0,144.0,1296.0,13824.0,212580.0,4250628.0,0.0,72.0,7992.0,169992.0,2584656.0,0.0,5292.0,35028.0,119232.0,3711276.0,6084.0,39528.0,98388.0,284940.0,5554620.0,0.0,0.0,0.0,81684.0,387216.0,2628.0,8748.0,41652.0,258912.0,11876724.0,15948.0,108144.0,291708.0,1076688.0,28221228.0,0.0,180.0,252.0,828.0,1158588.0,576.0,1800.0,6696.0,119196.0,296604.0,936540.0,2.0,17057.75366,0.5924488571428572,0.05004245635050254,25.97388850534887,0.21088387096774194,24.435022580645168,67.3483870967742,-3.494193548387096,-0.9070967741935484,292.9609892924501,22.14429531220406,25.97388850534887
0.046828431262890616,0.46126395243236934,1.0420587344361112,1.0678217026883465,13.5,3.000603474655402,4.0,1.0,1188.0,6156.0,9900.0,16452.0,14830560.0,504.0,21240.0,155412.0,1278360.0,33346728.0,108.0,1224.0,2448.0,43524.0,757872.0,4752.0,48600.0,130644.0,457956.0,8234388.0,0.0,2700.0,12852.0,42012.0,2134224.0,11088.0,99072.0,241920.0,693072.0,10252800.0,8388.0,54432.0,124092.0,347724.0,4580892.0,0.0,36.0,36.0,432.0,227592.0,180.0,1260.0,5436.0,49356.0,108108.0,262404.0,5.0,3129.911321,0.7482173845808162,0.40786255941063215,92.65985754095779,5.616626666666667,20.121156666666664,74.70866666666666,-1.2749999999999997,-0.7569999999999997,377.4698285167097,19.20868929119189,53.7644609225766
0.08396454927453768,0.4649550459170508,0.9811994277939813,0.7706745732723566,13.555555555555555,3.4530091122146325,5.0,2.0,0.0,3348.0,4392.0,56448.0,1260072.0,0.0,3096.0,20808.0,638892.0,39235824.0,0.0,3744.0,64512.0,213840.0,822600.0,1764.0,3636.0,8316.0,71244.0,4220388.0,0.0,9576.0,19728.0,235188.0,18702396.0,6516.0,26352.0,68976.0,413496.0,5373504.0,18324.0,166428.0,399996.0,1011888.0,5169276.0,0.0,1368.0,1476.0,1944.0,760500.0,0.0,0.0,4752.0,65376.0,197244.0,498348.0,111.0,18978.38682,0.30289329986473856,0.07213479255221164,53.579770186055214,5.025319354838709,26.580045161290332,63.2167741935484,0.4264516129032257,-0.2974193548387097,504.4232624448003,13.264383653908553,28.67149913259022
0.11117717665294667,0.20273320331458963,0.9954898947133588,0.262696745327993,9.555555555555555,2.620132288056369,4.0,1.0,0.0,0.0,0.0,2196.0,21240.0,24660.0,271368.0,755028.0,2755080.0,62446896.0,0.0,0.0,0.0,61668.0,426024.0,5184.0,9864.0,19188.0,140940.0,4426596.0,360.0,360.0,10296.0,166284.0,9243540.0,108.0,108.0,108.0,5148.0,369072.0,792.0,792.0,792.0,4968.0,1230948.0,0.0,0.0,0.0,36.0,80244.0,0.0,0.0,216.0,216.0,216.0,5112.0,841.0,10474.35103,0.5197935583307134,0.24228842487094177,43.99114843876726,184.2983,16.35156666666666,90.66713333333335,-2.5649999999999995,-0.13566666666666663,323.1395526003702,25.303806363989757,47.91060178885096
0.0852530958020515,0.3289994853474506,0.8223361648199301,0.4948017244039775,10.1,2.7503477364942768,9.0,3.0,0.0,288.0,2376.0,300780.0,5937804.0,0.0,36.0,8136.0,137844.0,3044412.0,0.0,4788.0,38268.0,128484.0,4995720.0,3312.0,19944.0,58284.0,176760.0,7376544.0,0.0,0.0,0.0,82296.0,436896.0,11484.0,60912.0,151272.0,555300.0,15366096.0,11124.0,84564.0,251604.0,890604.0,21741768.0,0.0,72.0,72.0,540.0,1076544.0,540.0,1512.0,5436.0,112320.0,275472.0,868716.0,2.0,17057.75366,0.30333470853576594,0.16059981349694677,66.19004981228791,4.813059999999999,29.557223333333333,60.787000000000006,-1.0473333333333332,-0.030666666666666658,571.2755180431999,18.136263211618672,35.65145089623246
0.06501385782268086,0.32290258216097417,0.6692040441040417,1.1134222073364104,9.8,1.4693254052649296,12.0,4.0,0.0,0.0,576.0,3960.0,1848780.0,0.0,4572.0,56160.0,192564.0,9155664.0,0.0,4284.0,16704.0,40464.0,562320.0,3672.0,7596.0,30636.0,130680.0,4773960.0,0.0,15660.0,75996.0,383760.0,22131324.0,6660.0,39780.0,110592.0,342900.0,9458460.0,15372.0,150804.0,342648.0,1245456.0,15362316.0,0.0,0.0,2160.0,29736.0,5161428.0,396.0,1548.0,5832.0,60264.0,149040.0,772092.0,136.0,15407.79543,0.754825900974026,0.28667833951702704,43.02562951065964,3.6727225806451615,16.610329032258072,80.61645161290325,-2.814516129032258,-1.3429032258064515,169.05859943033,14.910673263212498,39.99686020395129
0.09995854555809791,0.3979906373542157,1.0201208486489584,0.555873481750605,13.9,3.0007956897448476,4.0,1.0,0.0,612.0,2880.0,59508.0,3920076.0,108.0,15120.0,28332.0,97848.0,16425396.0,0.0,0.0,1584.0,64656.0,1614996.0,1692.0,17928.0,39348.0,108144.0,4856796.0,0.0,288.0,13284.0,352368.0,8603604.0,16704.0,123732.0,254988.0,652068.0,11203956.0,8820.0,75672.0,275580.0,1131048.0,19009980.0,0.0,432.0,1188.0,9396.0,952704.0,396.0,1980.0,3960.0,48780.0,168552.0,666432.0,4.0,12791.38051,0.378813912004662,0.23513106435011671,75.21850037487505,1.65366,20.863976666666662,66.86366666666666,-1.6059999999999997,-0.43166666666666675,364.61299072819037,21.46515158637773,37.82293739346079
0.05877387807174447,0.2520025890073023,0.6125165397070371,0.4738939675297641,10.666666666666666,2.308878764768461,5.0,2.0,0.0,0.0,576.0,3960.0,1848780.0,0.0,4572.0,56160.0,192564.0,9155664.0,0.0,4284.0,16704.0,40464.0,562320.0,3672.0,7596.0,30636.0,130680.0,4773960.0,0.0,15660.0,75996.0,383760.0,22131324.0,6660.0,39780.0,110592.0,342900.0,9458460.0,15372.0,150804.0,342648.0,1245456.0,15362316.0,0.0,0.0,2160.0,29736.0,5161428.0,396.0,1548.0,5832.0,60264.0,149040.0,772092.0,136.0,15407.79543,0.6704819619804859,0.21208284766868643,21.60908010751698,11.88504516129032,25.395580645161292,68.1467741935484,0.4125806451612902,-0.3903225806451614,484.0279781496997,10.427876767362378,40.64325474397863
0.12838327558534335,0.21661222493882512,2.246283242372576,2.428019327518191,20.636363636363637,4.847281980841005,3.0,1.0,756.0,2196.0,11520.0,29196.0,945000.0,0.0,2628.0,13860.0,88416.0,5568588.0,0.0,3996.0,10944.0,17640.0,200700.0,612.0,1044.0,11232.0,51696.0,2955960.0,0.0,14508.0,71316.0,368280.0,22536036.0,9576.0,40788.0,152460.0,471348.0,12768480.0,14760.0,153684.0,348696.0,1285200.0,17034228.0,0.0,0.0,2592.0,30996.0,5403132.0,360.0,1476.0,5832.0,64116.0,161892.0,798840.0,136.0,15407.79543,0.338697625,0.285235334493206,64.4899364135417,7.593338709677418,18.247241935483874,71.62258064516128,-1.271935483870968,-0.7874193548387097,318.31003396709997,17.356879544658042,64.4899364135417
0.3449891938260348,0.36615240660397247,1.0116310990194208,1.7194441668938827,17.0,2.3011179917658935,12.0,4.0,0.0,0.0,396.0,23652.0,1052172.0,144.0,1188.0,3132.0,61992.0,15595848.0,0.0,0.0,360.0,360.0,43344.0,2988.0,5040.0,7848.0,26820.0,987372.0,8244.0,151956.0,426096.0,1934280.0,43157772.0,12564.0,61452.0,155664.0,527796.0,10154340.0,4500.0,38376.0,114804.0,299304.0,3431988.0,0.0,360.0,1872.0,4176.0,124308.0,0.0,792.0,2916.0,24228.0,75384.0,263088.0,47.0,33952.92531,0.396614116427658,0.22954456695214834,34.83727227500222,18.5712,19.675564516129043,65.6766129032258,0.9625806451612902,-1.5345161290322578,413.64373368962026,17.01254401626585,34.83727227500222
0.11064138935202772,0.2564097361210143,0.56993465318718,0.5572774654397584,6.166666666666667,1.439812853654949,12.0,4.0,0.0,0.0,2880.0,55512.0,5057964.0,1368.0,31968.0,79812.0,242748.0,17657928.0,0.0,0.0,6264.0,149652.0,2902536.0,4536.0,39996.0,81936.0,221436.0,9786132.0,0.0,36.0,13032.0,351216.0,8531964.0,4284.0,37404.0,80208.0,214488.0,2730672.0,10116.0,79272.0,287964.0,1163916.0,20858760.0,0.0,396.0,1116.0,9360.0,1004940.0,468.0,2916.0,10980.0,93492.0,232524.0,733140.0,4.0,12791.38051,0.3830349216366587,0.15892057886661573,32.54850789741246,34.48330000000001,17.129106451612902,74.34403225806452,-1.4035483870967744,-0.09516129032258062,198.7885822334,10.59248659323373,32.12480843368311
0.11596953838142295,0.3231012966736547,1.1878939117286669,0.3566384029699364,14.2,3.1825356045228417,9.0,3.0,0.0,72.0,144.0,1296.0,45036.0,0.0,972.0,11016.0,194256.0,15513120.0,11268.0,14724.0,14724.0,29880.0,297360.0,612.0,1476.0,6336.0,133956.0,4026888.0,0.0,288.0,4680.0,104076.0,21895920.0,4968.0,28980.0,84960.0,480636.0,9963864.0,10764.0,167112.0,462492.0,1463328.0,13105296.0,0.0,72.0,2304.0,43416.0,5082768.0,0.0,468.0,3708.0,68832.0,198900.0,690624.0,13.0,14435.29365,0.5107211166384752,0.20849891827095587,81.5525802627729,0.0,28.499903333333332,60.67033333333333,0.6170000000000001,-1.2510000000000001,551.4777670103999,18.4213434387646,40.23768553634561
0.10291731817437264,0.352191943062519,1.2012779841504149,0.6644387426756383,14.3,3.7820541474044456,10.0,3.0,0.0,468.0,648.0,3816.0,216648.0,0.0,3996.0,7956.0,32904.0,6632532.0,0.0,1332.0,28908.0,138780.0,2207700.0,14040.0,71028.0,138960.0,402336.0,9612576.0,0.0,0.0,288.0,7596.0,6591744.0,9648.0,115956.0,324684.0,1139076.0,21286692.0,1476.0,34452.0,115812.0,652932.0,13201596.0,0.0,216.0,216.0,1368.0,2635452.0,0.0,648.0,6228.0,55116.0,167868.0,762588.0,69.0,17428.37218,0.4347131696306073,0.22399455251273578,81.20641972995261,0.2779225806451613,26.765680645161293,57.588387096774184,0.2980645161290323,-1.2151612903225808,473.4444468973302,24.516098036617418,37.91420579632504
0.07875363115155042,0.3569171580688008,0.4412938364240635,0.790795240300582,8.11111111111111,1.9560505842876792,12.0,4.0,0.0,0.0,144.0,4500.0,1258848.0,0.0,0.0,4536.0,29232.0,7207164.0,0.0,7920.0,15732.0,44784.0,1071612.0,9684.0,50400.0,79596.0,226800.0,5407596.0,0.0,13140.0,51516.0,539244.0,41023224.0,11628.0,72900.0,214452.0,767448.0,8379360.0,8784.0,104724.0,291276.0,980676.0,7258608.0,0.0,0.0,0.0,5688.0,452988.0,252.0,792.0,1404.0,33804.0,127692.0,542988.0,5.0,6703.15719,0.5697453373879325,0.31922924591261703,20.096846835846407,4.077629032258065,17.706667741935487,70.56258064516129,0.23516129032258065,-0.2616129032258065,200.8051473479999,10.803820853384,31.791942389626378
0.04642157730179584,0.2989866620704845,0.29435035577886903,0.4793246408056176,5.0,1.1041101490804974,5.0,2.0,0.0,1152.0,1152.0,1296.0,24737328.0,21456.0,166680.0,531720.0,2408220.0,41169420.0,0.0,0.0,0.0,0.0,148428.0,0.0,72.0,1728.0,50544.0,2817000.0,5436.0,57420.0,129132.0,285804.0,2837664.0,4572.0,57204.0,117036.0,372528.0,5664996.0,0.0,0.0,720.0,7812.0,403524.0,0.0,0.0,0.0,0.0,504.0,0.0,0.0,0.0,0.0,3924.0,15120.0,72.0,1508.7111,0.4755127936507937,0.3622515422792027,89.22825372005009,7.353806451612904,27.742299999999993,82.8448387096774,1.5451612903225809,-0.47838709677419367,596.4233077988998,21.978628108429547,46.61241026914578
0.04610760667599701,0.30569199651530743,0.7061664924284166,0.5805640058918248,9.75,2.318790730673891,7.0,2.0,3312.0,23724.0,59868.0,235152.0,1241964.0,252.0,7056.0,36936.0,153000.0,37385064.0,0.0,2736.0,9720.0,21456.0,641772.0,6660.0,50220.0,140148.0,594144.0,8434872.0,0.0,1656.0,8748.0,178200.0,15991812.0,2052.0,14040.0,43848.0,172620.0,924120.0,10728.0,95580.0,267048.0,1057572.0,8059896.0,0.0,108.0,468.0,18864.0,820368.0,0.0,1404.0,8388.0,87552.0,218628.0,710388.0,48.0,9205.662327,0.33162770635601807,0.1453491091928759,62.43143621684165,1.5112483870967741,29.37620967741936,64.87870967741937,1.5174193548387096,1.7000000000000002,633.8845402070006,17.202427524737598,30.28608670929139
0.07169888925817511,0.6402704561942155,0.5552306042570834,0.7141087666149891,10.7,2.207438876372876,10.0,3.0,0.0,0.0,576.0,3960.0,1848780.0,0.0,4572.0,56160.0,192564.0,9155664.0,0.0,4284.0,16704.0,40464.0,562320.0,3672.0,7596.0,30636.0,130680.0,4773960.0,0.0,15660.0,75996.0,383760.0,22131324.0,6660.0,39780.0,110592.0,342900.0,9458460.0,15372.0,150804.0,342648.0,1245456.0,15362316.0,0.0,0.0,2160.0,29736.0,5161428.0,396.0,1548.0,5832.0,60264.0,149040.0,772092.0,136.0,15407.79543,0.555371615692949,0.17610332646299298,32.01671114723359,0.9631516129032258,23.23213225806452,68.14645161290323,-3.7716129032258063,-1.5141935483870967,387.82244827516985,19.425937008384466,40.844282979787565
0.18418381624211808,0.4379582464844039,2.7495817017237036,5.078651989078725,28.22222222222222,4.200796276181234,2.0,1.0,0.0,0.0,108.0,16740.0,1143972.0,0.0,576.0,3816.0,30276.0,4731696.0,0.0,1296.0,31824.0,105228.0,838404.0,2988.0,8316.0,20448.0,107964.0,4049748.0,0.0,360.0,4284.0,28044.0,31632048.0,576.0,9288.0,32256.0,259668.0,9710676.0,22932.0,162252.0,445284.0,1721232.0,17968896.0,0.0,0.0,468.0,10728.0,1712700.0,0.0,900.0,5004.0,100728.0,246564.0,861624.0,26.0,23385.85399,0.32790875836872707,0.13137774074603842,53.147929348604855,0.0248448275862069,20.812248275862068,58.525862068965516,0.7010344827586208,-0.5062068965517241,438.93439211000015,16.134468117284342,31.053521078607663
0.09623923645951321,0.26716099181475333,0.7632878246771759,0.5973008163403318,9.6,2.2569825276303725,5.0,2.0,0.0,0.0,108.0,16740.0,1143972.0,0.0,576.0,3816.0,30276.0,4731696.0,0.0,1296.0,31824.0,105228.0,838404.0,2988.0,8316.0,20448.0,107964.0,4049748.0,0.0,360.0,4284.0,28044.0,31632048.0,576.0,9288.0,32256.0,259668.0,9710676.0,22932.0,162252.0,445284.0,1721232.0,17968896.0,0.0,0.0,468.0,10728.0,1712700.0,0.0,900.0,5004.0,100728.0,246564.0,861624.0,26.0,23385.85399,0.37632693453082633,0.08736254133113307,53.04992627148819,18.084029032258066,28.110241935483874,65.79935483870968,0.6548387096774194,0.30387096774193545,556.4517001035,12.60571149283782,28.819634605045966
0.21245288138520443,0.6121533946634269,0.8858833710213098,0.6096058641370429,10.0,2.9750634442878514,4.0,1.0,0.0,180.0,828.0,3204.0,20377008.0,24804.0,195660.0,592704.0,2582748.0,42100380.0,0.0,0.0,0.0,0.0,139752.0,0.0,108.0,5292.0,63036.0,2830356.0,5868.0,58716.0,130356.0,286848.0,2839068.0,792.0,26856.0,52056.0,183384.0,4262976.0,0.0,1008.0,2736.0,14724.0,875124.0,0.0,0.0,0.0,72.0,2052.0,0.0,0.0,0.0,0.0,1440.0,7308.0,72.0,1508.7111,0.7618752343752833,0.3499074538029326,44.23231500838568,30.8976,24.6585,77.73906666666667,-3.7683333333333326,-2.091333333333333,653.5754354711923,19.972827319697533,45.10223407104213
0.06389074050571451,0.06660066339172269,0.6828352055684167,0.33715659819858856,8.5,1.9793913559343366,6.0,2.0,0.0,0.0,0.0,10044.0,1798164.0,0.0,1188.0,16848.0,579240.0,36791064.0,0.0,2556.0,51948.0,180792.0,746028.0,1008.0,2808.0,6588.0,52560.0,3502764.0,0.0,7776.0,17172.0,230760.0,18600048.0,16632.0,63360.0,162792.0,802044.0,9715392.0,8892.0,135288.0,326628.0,761940.0,3536748.0,0.0,1584.0,1656.0,1872.0,466380.0,0.0,0.0,4824.0,68328.0,201888.0,521964.0,111.0,18978.38682,0.07887362934904601,0.08288668304233157,58.606217990563216,9.970013333333334,26.661913333333338,64.70133333333335,0.38999999999999996,-0.07833333333333334,467.8352805914998,10.5721460082993,27.729476017160113
0.10255243292144404,0.18904758011050538,1.1586126156561003,0.4680912705431831,13.9,3.4555558410388536,9.0,3.0,0.0,432.0,792.0,10404.0,141948.0,36.0,20592.0,57528.0,365724.0,20220372.0,0.0,2772.0,18396.0,24336.0,220140.0,13824.0,49464.0,96732.0,492876.0,10173276.0,288.0,12924.0,60768.0,303912.0,33592284.0,12276.0,115848.0,309888.0,1013256.0,8128080.0,1260.0,35352.0,112716.0,423180.0,1901268.0,0.0,0.0,144.0,2916.0,1182708.0,0.0,0.0,3780.0,45360.0,128664.0,504900.0,90.0,33384.18737,0.2920384023474427,0.26527178646257876,50.60497971149685,4.1608,28.59194333333333,63.52833333333332,0.19266666666666662,0.2193333333333334,588.7658261850003,19.59107778683838,50.60497971149685
0.13966714920010984,0.32222348567499143,0.695373681917303,0.6173874679043488,7.666666666666667,1.908459494042441,12.0,4.0,0.0,0.0,36864.0,157860.0,991548.0,792.0,44532.0,129024.0,555696.0,45723960.0,0.0,108.0,2196.0,12456.0,997992.0,7740.0,51444.0,161820.0,558468.0,7580304.0,0.0,5724.0,26964.0,259884.0,5247180.0,3564.0,17352.0,57420.0,167364.0,1809468.0,14292.0,102240.0,221976.0,761040.0,9876492.0,0.0,0.0,6552.0,63468.0,863064.0,432.0,972.0,5076.0,61380.0,142092.0,605124.0,9.0,12779.34997,0.414103695953648,0.15190361521628068,26.620683349387633,404.2921,15.877590322580645,78.44216129032259,-1.8229032258064513,-1.247741935483871,155.37057025600006,17.98907916250494,26.620683349387633
0.17836008700215317,0.5147521006984336,0.3740353579864265,0.4584257878844236,5.75,1.707068727180474,3.0,1.0,0.0,180.0,828.0,3204.0,20377008.0,24804.0,195660.0,592704.0,2582748.0,42100380.0,0.0,0.0,0.0,0.0,139752.0,0.0,108.0,5292.0,63036.0,2830356.0,5868.0,58716.0,130356.0,286848.0,2839068.0,792.0,26856.0,52056.0,183384.0,4262976.0,0.0,1008.0,2736.0,14724.0,875124.0,0.0,0.0,0.0,72.0,2052.0,0.0,0.0,0.0,0.0,1440.0,7308.0,72.0,1508.7111,0.6317510919381064,0.24834273069558382,58.773779882182154,20.5718,23.619919354838718,79.24816129032259,-3.3219354838709676,-2.2080645161290327,553.35173763397,43.4057689528871,59.26952217022393
0.07241368340690466,0.5094441265581632,0.5060300523013327,0.6151237971526812,8.272727272727273,2.250972659751,10.0,3.0,180.0,2304.0,22536.0,50184.0,2289348.0,0.0,4932.0,39996.0,170100.0,8950140.0,0.0,2556.0,11520.0,31140.0,470556.0,3132.0,10296.0,38304.0,183168.0,5881428.0,0.0,16056.0,77040.0,385992.0,22149324.0,10116.0,76248.0,179784.0,610200.0,12737160.0,12528.0,111852.0,269604.0,971784.0,12116988.0,0.0,0.0,2952.0,27072.0,4443120.0,576.0,1548.0,5616.0,58608.0,143676.0,712224.0,136.0,15407.79543,0.4228017867918126,0.18197213649783392,22.217369824731808,5.933745161290322,24.750174193548386,66.08709677419355,-2.740322580645162,-0.9429032258064517,389.5416067768207,11.977460428954696,38.49530654589019
0.06261073615673853,0.1591064362576074,0.4888782772062501,0.18444389731305416,7.3,1.4540566942234585,7.0,2.0,0.0,72.0,144.0,1296.0,45036.0,0.0,972.0,11016.0,194256.0,15513120.0,11268.0,14724.0,14724.0,29880.0,297360.0,612.0,1476.0,6336.0,133956.0,4026888.0,0.0,288.0,4680.0,104076.0,21895920.0,4968.0,28980.0,84960.0,480636.0,9963864.0,10764.0,167112.0,462492.0,1463328.0,13105296.0,0.0,72.0,2304.0,43416.0,5082768.0,0.0,468.0,3708.0,68832.0,198900.0,690624.0,13.0,14435.29365,0.5030871250776106,0.29099705694142225,90.05490690673545,0.7711096774193549,30.253793548387094,63.582903225806454,1.3561290322580646,1.707096774193548,618.0945569259992,21.916503875094175,47.924445604762994
0.09572281792780438,0.2688152787240934,1.1845106555007043,0.47062200902623574,9.1,3.2670182011540576,8.0,3.0,0.0,0.0,14040.0,330516.0,6298848.0,0.0,144.0,5508.0,126396.0,2877624.0,0.0,4320.0,44028.0,166320.0,5869188.0,6768.0,28476.0,65808.0,165168.0,6651612.0,0.0,0.0,0.0,81684.0,375228.0,1872.0,8892.0,28476.0,109764.0,2641176.0,19656.0,135144.0,356616.0,1292940.0,33493212.0,0.0,144.0,180.0,720.0,1432368.0,324.0,756.0,3204.0,105336.0,270792.0,867888.0,2.0,17057.75366,0.29415408041733987,0.1837279184888805,32.403374535123184,127.9834,30.761190322580642,58.926354838709685,-0.21870967741935482,-0.21290322580645163,625.6602314175703,34.06372943082793,31.93713079640814
0.17058971391472338,0.2883446517267874,1.708674216742847,0.859902115979895,13.5,3.012132838722976,8.0,3.0,0.0,0.0,0.0,684.0,939528.0,36.0,1080.0,10512.0,48888.0,13178556.0,0.0,0.0,2376.0,106992.0,1248588.0,6264.0,14256.0,21024.0,76968.0,5166504.0,0.0,72.0,1800.0,66888.0,14702940.0,7704.0,60624.0,184068.0,882900.0,12755196.0,2808.0,93888.0,287496.0,1060236.0,15868980.0,12996.0,31464.0,34164.0,75240.0,4376232.0,0.0,36.0,1512.0,81468.0,244224.0,822456.0,100.0,15052.7619,0.3442573923611439,0.16700382345850903,31.118300903488596,67.4085,29.770703225806443,62.29187096774194,0.4525806451612904,-0.5219354838709678,584.9379962926197,12.137514271724594,34.26069973187318
0.1175612281369256,0.36401389826414543,0.6550402904480409,0.6050386913863524,9.090909090909092,1.7171156781095147,12.0,4.0,0.0,0.0,14040.0,330516.0,6298848.0,0.0,144.0,5508.0,126396.0,2877624.0,0.0,4320.0,44028.0,166320.0,5869188.0,6768.0,28476.0,65808.0,165168.0,6651612.0,0.0,0.0,0.0,81684.0,375228.0,1872.0,8892.0,28476.0,109764.0,2641176.0,19656.0,135144.0,356616.0,1292940.0,33493212.0,0.0,144.0,180.0,720.0,1432368.0,324.0,756.0,3204.0,105336.0,270792.0,867888.0,2.0,17057.75366,0.3625584821784386,0.16553215855220596,31.988727864057424,68.1228,16.683693548387097,73.47251612903226,-2.1290322580645156,-0.4780645161290322,196.54644557600005,18.632543311716248,31.988727864057424
0.0939378501494202,0.4659597843814545,0.7464918487270835,0.9258954290890673,11.1,2.5825968478845898,12.0,4.0,792.0,6660.0,12384.0,25380.0,15036228.0,2052.0,37116.0,215892.0,1494468.0,34953588.0,144.0,1800.0,3024.0,48240.0,748260.0,8676.0,52020.0,123804.0,435852.0,5531328.0,0.0,2376.0,12492.0,42876.0,2119536.0,7452.0,50652.0,106020.0,246060.0,5895216.0,7776.0,83016.0,203004.0,575028.0,8929584.0,0.0,108.0,108.0,1584.0,470016.0,36.0,684.0,4608.0,48528.0,109116.0,271800.0,5.0,3129.911321,0.24174020833333332,0.12361381367446213,29.316520215221626,11.724803225806452,18.046438709677417,74.7058064516129,-1.1993548387096775,-1.4406451612903226,174.3745428295001,20.626139531750365,29.316520215221626
0.09205193359438332,0.30319631141475833,2.1994423462839015,2.7160770434661945,21.272727272727273,4.220659665460767,1.0,4.0,0.0,0.0,0.0,0.0,193176.0,0.0,612.0,8640.0,38484.0,11350224.0,0.0,288.0,1656.0,57312.0,940680.0,3060.0,5472.0,6300.0,28620.0,1565424.0,0.0,36.0,1296.0,66852.0,13995000.0,6912.0,52272.0,150732.0,710892.0,17450856.0,3312.0,102564.0,334224.0,1337832.0,17347896.0,16452.0,42552.0,47556.0,100368.0,4935384.0,0.0,72.0,1584.0,79056.0,235260.0,800892.0,100.0,15052.7619,0.6725074282320244,0.19482862757642103,47.26751946613812,0.9366,16.443896774193547,71.5609677419355,-1.5709677419354837,-1.2277419354838708,293.9360529601397,13.612331948149128,33.65518751798899
0.1232765072107223,0.25947317408611864,1.0845994187286139,0.5975380923546769,13.0,3.2710816451088327,9.0,3.0,0.0,0.0,0.0,11772.0,829332.0,0.0,540.0,3744.0,25740.0,4172148.0,0.0,936.0,14616.0,51408.0,517428.0,4536.0,14868.0,34308.0,189252.0,5143968.0,0.0,396.0,4536.0,32904.0,32335056.0,17820.0,109080.0,325368.0,1321704.0,21186648.0,4284.0,58248.0,162000.0,668304.0,7418088.0,0.0,0.0,36.0,3960.0,850716.0,0.0,828.0,4860.0,98712.0,240912.0,836604.0,26.0,23385.85399,0.33606238004794686,0.16726497702208232,78.9487764816062,4.7984800000000005,28.299059999999994,68.73100000000001,0.36066666666666675,-0.4953333333333333,480.67598855120025,17.081272387254153,36.172193378232514
0.1868268859135867,0.36024619287383153,2.7249387790245416,3.7349788221194964,23.6,4.166332017027888,4.0,1.0,612.0,4716.0,11844.0,31464.0,420552.0,216.0,3420.0,20772.0,261468.0,6427800.0,0.0,1836.0,27936.0,63504.0,371016.0,7596.0,35676.0,74988.0,446076.0,4193712.0,0.0,1044.0,9108.0,79668.0,44217504.0,8532.0,50796.0,156564.0,582012.0,6867180.0,10080.0,119952.0,301176.0,965232.0,6366348.0,0.0,0.0,2700.0,44460.0,2110500.0,36.0,792.0,4284.0,65484.0,180396.0,667476.0,13.0,19435.77403,0.651107,0.2720314427533429,77.36188956664179,0.9666266666666665,22.186453333333336,61.185666666666656,0.6759999999999999,-2.040666666666666,588.0600418595698,22.147836612406124,40.840413987706
0.07463959587499999,0.2511421628,1.4114485107777779,0.8109960768000001,11.0,3.1509059738,7.0,2.0,0.0,1512.0,4500.0,60480.0,4570812.0,360.0,4680.0,11772.0,80136.0,15725088.0,0.0,0.0,1152.0,35244.0,925524.0,648.0,5328.0,11772.0,29772.0,4261716.0,0.0,396.0,12240.0,345384.0,7897032.0,11664.0,93384.0,178056.0,452844.0,10234260.0,9432.0,76068.0,273564.0,1198260.0,21777552.0,0.0,432.0,1224.0,9324.0,922248.0,468.0,2988.0,9180.0,100764.0,291456.0,930024.0,4.0,12791.38051,0.3977300199537305,0.14752998110563353,61.2432805823252,6.698503225806452,30.457551612903227,63.55483870967742,-0.3474193548387098,-0.5519354838709678,608.9292747423003,14.50966183502011,33.083925351289516
0.30110008443714825,0.5966193504644699,2.399101683788194,4.3855148164383175,28.11111111111111,4.125877394051111,2.0,1.0,0.0,432.0,792.0,10404.0,141948.0,36.0,20592.0,57528.0,365724.0,20220372.0,0.0,2772.0,18396.0,24336.0,220140.0,13824.0,49464.0,96732.0,492876.0,10173276.0,288.0,12924.0,60768.0,303912.0,33592284.0,12276.0,115848.0,309888.0,1013256.0,8128080.0,1260.0,35352.0,112716.0,423180.0,1901268.0,0.0,0.0,144.0,2916.0,1182708.0,0.0,0.0,3780.0,45360.0,128664.0,504900.0,90.0,33384.18737,0.534314116395366,0.3499704038520914,77.00828883574192,0.9711035714285714,18.982860714285714,53.08249999999999,0.41857142857142865,-0.6417857142857143,472.138539935,7.40743274023996,45.17939143622826
0.1550844323243999,0.3270077041355791,1.2483857191742502,1.345803864428272,16.5,2.30605898125226,12.0,4.0,0.0,540.0,1476.0,12060.0,200376.0,0.0,72.0,2844.0,189828.0,13324104.0,3456.0,4248.0,4248.0,9396.0,210600.0,252.0,6912.0,20916.0,227232.0,8901216.0,0.0,180.0,2304.0,77364.0,16479432.0,4248.0,36252.0,93240.0,413064.0,7985808.0,19476.0,163404.0,437688.0,1431468.0,18203436.0,0.0,72.0,3492.0,32040.0,4163040.0,0.0,576.0,3888.0,70848.0,219348.0,749016.0,13.0,14435.29365,0.43512803703703706,0.3271352645085479,77.90841115421243,3.7928935483870965,19.095235483870965,66.77419354838709,0.09741935483870964,-2.7322580645161287,365.5005452765926,12.440431214925521,34.28016450195301
0.07953740861608799,0.315047102128838,1.04557064012912,0.5064444287998422,12.7,3.216667248376742,9.0,3.0,0.0,0.0,576.0,3960.0,1848780.0,0.0,4572.0,56160.0,192564.0,9155664.0,0.0,4284.0,16704.0,40464.0,562320.0,3672.0,7596.0,30636.0,130680.0,4773960.0,0.0,15660.0,75996.0,383760.0,22131324.0,6660.0,39780.0,110592.0,342900.0,9458460.0,15372.0,150804.0,342648.0,1245456.0,15362316.0,0.0,0.0,2160.0,29736.0,5161428.0,396.0,1548.0,5832.0,60264.0,149040.0,772092.0,136.0,15407.79543,0.7519273665604083,0.18813870981000483,30.26893807866786,5.624896666666666,26.1326,65.678,-0.6453333333333333,-0.9173333333333333,437.76224662950005,15.692939883505133,40.13416506898377
0.1098813241985796,0.22542692510159598,2.7525715909227273,3.6754961952387997,26.636363636363637,4.133941948484473,1.0,4.0,0.0,0.0,72.0,28872.0,486324.0,216.0,900.0,7056.0,52848.0,16033032.0,0.0,0.0,396.0,504.0,41184.0,4644.0,8460.0,16308.0,52488.0,1460736.0,7884.0,150336.0,421128.0,1904616.0,42705360.0,11016.0,67320.0,173412.0,585396.0,10664748.0,4716.0,31788.0,89928.0,248832.0,2886084.0,0.0,180.0,1692.0,3528.0,78408.0,0.0,1044.0,2880.0,23616.0,75564.0,264384.0,47.0,33952.92531,-0.005659999999999998,0.1991050481739223,58.408280604120876,0.2669322580645161,19.636664516129027,66.52419354838712,0.9248387096774194,-1.395161290322581,444.7704816678001,18.54302278100541,30.56189020284219
0.11634044227465176,0.6711149298911051,0.4650280065592665,0.6875086791700364,9.6,2.2774406266851415,7.0,2.0,0.0,612.0,720.0,12132.0,127584.0,0.0,1944.0,10800.0,215172.0,16458120.0,12564.0,15876.0,15876.0,40752.0,363780.0,1404.0,5184.0,18324.0,230436.0,7293816.0,0.0,576.0,8136.0,120528.0,23168700.0,8136.0,75132.0,227880.0,869940.0,13181436.0,6444.0,120240.0,310320.0,971856.0,7344396.0,0.0,0.0,1404.0,31248.0,3887100.0,0.0,864.0,2916.0,63180.0,191484.0,649080.0,13.0,14435.29365,0.5142249415182935,0.21895118711520126,70.00236338952656,4.665948387096774,29.79001935483871,66.92612903225806,1.1935483870967745,0.6480645161290324,628.6703696689991,21.780190982678988,36.57460894040734
0.199563988574961,0.21867008436346058,2.0168425627134585,1.7302127178956614,21.0,5.34854991758469,4.0,1.0,0.0,1044.0,4608.0,20880.0,1134252.0,0.0,144.0,3780.0,16956.0,4065480.0,0.0,864.0,12888.0,40536.0,328032.0,1260.0,7632.0,18684.0,92988.0,5897304.0,0.0,36.0,3852.0,24588.0,30468240.0,10620.0,38916.0,108324.0,535356.0,14265072.0,14580.0,132732.0,380376.0,1473840.0,14401980.0,0.0,0.0,396.0,9684.0,1262484.0,0.0,828.0,5040.0,101448.0,252144.0,884520.0,26.0,23385.85399,0.4846464018983688,0.13236642378621818,61.00510369000282,1.6035633333333332,26.247596666666666,61.38733333333333,1.0366666666666666,-0.3219999999999999,575.0571030534188,13.510463977232968,34.89117562420805
0.08140179353123979,0.22827166636339247,0.4893006606039953,0.36480087522783616,7.0,1.46620939732912,7.0,2.0,0.0,0.0,0.0,252.0,639864.0,432.0,72252.0,289800.0,1198332.0,55466496.0,0.0,36.0,36.0,1008.0,71928.0,72.0,6372.0,13320.0,205848.0,2909484.0,4788.0,70524.0,159264.0,439632.0,9057168.0,12168.0,80280.0,225288.0,702900.0,6435648.0,8712.0,24876.0,37152.0,143424.0,1044792.0,1332.0,1368.0,4284.0,182304.0,743220.0,216.0,972.0,3960.0,27036.0,56124.0,267804.0,378.0,15241.42093,0.0,0.0,0.0,129.3036,27.415719354838714,78.27580645161291,0.846451612903226,1.0906451612903227,657.3935294779994,13.14814955652757,26.0599870841652
0.05382255843230919,0.1624279030717552,0.6522138575649167,0.37128368159028224,8.8,2.1237304038642995,7.0,2.0,0.0,0.0,252.0,13068.0,163944.0,0.0,1332.0,17388.0,494820.0,37553508.0,0.0,900.0,46872.0,152316.0,595044.0,2484.0,3456.0,5292.0,49608.0,2128212.0,0.0,7992.0,16452.0,228384.0,18595332.0,13428.0,53028.0,144324.0,821484.0,8549712.0,10620.0,148608.0,354348.0,869796.0,6093036.0,0.0,1116.0,1188.0,1584.0,535500.0,0.0,0.0,4824.0,66456.0,199404.0,510156.0,111.0,18978.38682,0.5489386366660299,0.1655597902843743,28.06566139535425,1.3785032258064518,28.864329032258063,58.96612903225806,0.6180645161290322,0.12645161290322587,621.3830780240003,14.910885620203404,28.06566139535425
0.0864225344842123,0.6568572555672154,0.44073012516804144,0.5752826534267519,10.3,2.135968666552599,7.0,2.0,0.0,0.0,30636.0,135072.0,712656.0,720.0,33696.0,112680.0,469368.0,44240832.0,0.0,108.0,2268.0,9720.0,817272.0,10008.0,71748.0,201924.0,648648.0,8903916.0,0.0,6048.0,26676.0,266796.0,5304744.0,10080.0,77040.0,180828.0,659628.0,9137484.0,5220.0,39672.0,96840.0,337860.0,3885516.0,0.0,0.0,900.0,20088.0,362484.0,828.0,1764.0,5400.0,54432.0,132768.0,594252.0,9.0,12779.34997,0.37258923229653973,0.13949323294860577,65.09485303164804,10.550945161290324,29.721316129032264,65.30354838709678,-0.4716129032258066,-0.64,677.1923200278993,13.64043656592573,35.95868392558361
0.0973502733766948,0.2293166309810844,0.8541581064270835,1.161163697476943,10.7,2.433022168992514,5.0,2.0,504.0,4464.0,8496.0,49644.0,1112580.0,0.0,684.0,14292.0,75024.0,9852588.0,0.0,0.0,10944.0,32292.0,961812.0,15156.0,103104.0,175428.0,389268.0,6043032.0,0.0,3096.0,24408.0,267120.0,27030996.0,4572.0,56556.0,128340.0,413424.0,8626428.0,2808.0,51444.0,214848.0,999360.0,12290652.0,0.0,1512.0,4860.0,87372.0,1592532.0,792.0,2700.0,8424.0,62028.0,203688.0,827748.0,33.0,30649.61061,0.30504468469134066,0.14025422608221436,55.123037534297424,10.330164516129033,27.27181612903226,62.477096774193534,0.9322580645161291,0.8558064516129033,557.6623559798003,13.669218991495429,29.749515383699997
0.3108411141720319,0.5740477690000649,4.043331844770334,9.819642245551124,32.8,4.577565411570664,1.0,4.0,0.0,16056.0,31068.0,63288.0,8697168.0,0.0,4212.0,7956.0,106704.0,7575696.0,0.0,11772.0,23904.0,77364.0,1670688.0,9000.0,26136.0,41832.0,195120.0,7251444.0,0.0,0.0,576.0,2700.0,258012.0,15084.0,103104.0,248652.0,1007244.0,17584380.0,4680.0,55224.0,195732.0,769140.0,12195504.0,0.0,252.0,2664.0,15372.0,557424.0,0.0,756.0,2700.0,65952.0,232632.0,904356.0,3.0,3430.762574,0.2764362512930361,0.1530884595756828,28.56235342044871,57.60459999999999,19.741467741935484,65.955,0.46129032258064523,-2.5767741935483865,389.17186122840025,12.787807823657564,31.812645379180346
0.03750772855239881,0.45571948708206583,1.4700958979104166,0.9923115960617008,15.333333333333334,4.197217296616492,3.0,1.0,1188.0,6156.0,9900.0,16452.0,14830560.0,504.0,21240.0,155412.0,1278360.0,33346728.0,108.0,1224.0,2448.0,43524.0,757872.0,4752.0,48600.0,130644.0,457956.0,8234388.0,0.0,2700.0,12852.0,42012.0,2134224.0,11088.0,99072.0,241920.0,693072.0,10252800.0,8388.0,54432.0,124092.0,347724.0,4580892.0,0.0,36.0,36.0,432.0,227592.0,180.0,1260.0,5436.0,49356.0,108108.0,262404.0,5.0,3129.911321,0.9577289789117713,0.3781424353232443,91.86721855996907,7.747016129032258,18.093516129032256,76.4725806451613,-0.6312903225806452,-0.7180645161290323,314.5553993662399,19.6242555756787,49.28892597327159
0.12566641863177477,0.6324907241235811,0.5086153800549361,0.6072950636292728,10.1,2.8741186866715593,6.0,2.0,0.0,0.0,30636.0,135072.0,712656.0,720.0,33696.0,112680.0,469368.0,44240832.0,0.0,108.0,2268.0,9720.0,817272.0,10008.0,71748.0,201924.0,648648.0,8903916.0,0.0,6048.0,26676.0,266796.0,5304744.0,10080.0,77040.0,180828.0,659628.0,9137484.0,5220.0,39672.0,96840.0,337860.0,3885516.0,0.0,0.0,900.0,20088.0,362484.0,828.0,1764.0,5400.0,54432.0,132768.0,594252.0,9.0,12779.34997,0.5855217545786643,0.24720345252763928,70.26270505064487,11.729853333333333,28.862296666666666,65.65100000000001,-0.0076666666666667,-0.6336666666666666,535.1446187172604,8.3753585885803,44.02425350855927
0.3376264145888918,0.5036955913468842,2.101684903764672,3.1412011462596694,24.166666666666668,3.9135169000249017,11.0,4.0,0.0,1188.0,1944.0,20556.0,224712.0,0.0,6516.0,25236.0,207324.0,17753616.0,0.0,1728.0,10332.0,11988.0,109944.0,1584.0,5652.0,14040.0,109296.0,3430584.0,252.0,13680.0,61416.0,306252.0,33656508.0,18900.0,121788.0,303732.0,1099296.0,12834000.0,5328.0,76860.0,218124.0,760716.0,3613248.0,0.0,648.0,1548.0,6336.0,1773108.0,0.0,0.0,5436.0,54828.0,148500.0,619704.0,90.0,33384.18737,0.38101926233502725,0.243679130133485,33.67966272012842,1.3836,24.38251666666667,59.98160000000002,0.2846666666666666,-0.6643333333333332,429.109575926,14.445619261913464,33.67966272012842
0.13322523471272982,0.3475576276472083,1.232872710699346,2.419380405550978,18.5,2.6195534098616315,12.0,4.0,0.0,432.0,792.0,10404.0,141948.0,36.0,20592.0,57528.0,365724.0,20220372.0,0.0,2772.0,18396.0,24336.0,220140.0,13824.0,49464.0,96732.0,492876.0,10173276.0,288.0,12924.0,60768.0,303912.0,33592284.0,12276.0,115848.0,309888.0,1013256.0,8128080.0,1260.0,35352.0,112716.0,423180.0,1901268.0,0.0,0.0,144.0,2916.0,1182708.0,0.0,0.0,3780.0,45360.0,128664.0,504900.0,90.0,33384.18737,0.2574296649513028,0.12490627562741795,30.037826812001235,0.7371903225806451,18.47091290322581,58.311290322580646,0.3793548387096774,-0.9519354838709678,384.5701058345798,16.07135349215009,30.037826812001235
0.2182826185764484,0.8882675229045707,1.210992217305266,0.9897379353313486,13.666666666666666,3.1391046306288803,9.0,3.0,0.0,0.0,72.0,5544.0,16950312.0,0.0,504.0,2844.0,110124.0,4830840.0,0.0,252.0,504.0,38340.0,1331100.0,1728.0,7092.0,18468.0,150552.0,6398712.0,360.0,4572.0,27612.0,379404.0,18205920.0,6732.0,31212.0,91512.0,444780.0,7915104.0,16704.0,173052.0,455400.0,1359396.0,11062080.0,36.0,180.0,3384.0,7632.0,812232.0,396.0,1152.0,5832.0,65808.0,185688.0,645588.0,10.0,446.5182684,0.5926560041692223,0.20640945949572242,32.37420419876413,135.40570000000002,27.232803333333333,61.155233333333335,-0.263,-0.337,527.7514666158996,17.627757122709678,37.012914797197325
0.1730326653280154,0.31502488650033594,2.3154043747397504,1.8948862857993507,20.6,4.612757675020328,4.0,1.0,0.0,540.0,1476.0,12060.0,200376.0,0.0,72.0,2844.0,189828.0,13324104.0,3456.0,4248.0,4248.0,9396.0,210600.0,252.0,6912.0,20916.0,227232.0,8901216.0,0.0,180.0,2304.0,77364.0,16479432.0,4248.0,36252.0,93240.0,413064.0,7985808.0,19476.0,163404.0,437688.0,1431468.0,18203436.0,0.0,72.0,3492.0,32040.0,4163040.0,0.0,576.0,3888.0,70848.0,219348.0,749016.0,13.0,14435.29365,0.5618022347915244,0.357987529271255,95.9957600265048,2.4662999999999995,24.678100000000004,66.87866666666666,0.9843333333333332,-0.5820000000000001,538.5423993803896,26.59148860002029,50.959496254275294
0.06713051300011783,0.3207825396985227,0.8821865563803843,0.6118359882392783,7.4,3.3393916899056277,8.0,3.0,612.0,720.0,3600.0,11592.0,730656.0,36.0,2700.0,13176.0,217044.0,5406300.0,0.0,1872.0,29376.0,61884.0,360288.0,4248.0,13176.0,32508.0,312768.0,3733632.0,0.0,936.0,9036.0,78300.0,44746380.0,11448.0,83844.0,240228.0,879156.0,9486324.0,10944.0,116784.0,278208.0,887832.0,5650632.0,0.0,0.0,3096.0,54144.0,1911708.0,0.0,828.0,4140.0,62568.0,176148.0,638604.0,13.0,19435.77403,0.22761515136417038,0.12785124662577727,36.08492116035331,18.886461290322583,27.75635483870968,75.59645161290324,-0.1787096774193548,1.8022580645161292,479.70759192804996,21.154309785403374,36.08492116035331
0.33103115602882077,0.37132765888956776,1.392465056215624,0.8595806100831825,18.25,4.443360494550293,3.0,1.0,0.0,0.0,0.0,684.0,939528.0,36.0,1080.0,10512.0,48888.0,13178556.0,0.0,0.0,2376.0,106992.0,1248588.0,6264.0,14256.0,21024.0,76968.0,5166504.0,0.0,72.0,1800.0,66888.0,14702940.0,7704.0,60624.0,184068.0,882900.0,12755196.0,2808.0,93888.0,287496.0,1060236.0,15868980.0,12996.0,31464.0,34164.0,75240.0,4376232.0,0.0,36.0,1512.0,81468.0,244224.0,822456.0,100.0,15052.7619,0.7544289680462742,0.3092677609053052,50.202740594069176,205.1291,20.00785483870968,67.66254838709676,-1.1545161290322574,-0.9819354838709677,403.5105609203302,24.684555933285782,51.88588950796265
0.05472806869947899,0.2600430323234966,0.7406259475790001,0.2765600068255897,7.3,1.6912879455849492,6.0,2.0,0.0,25668.0,44388.0,96876.0,18348516.0,0.0,252.0,720.0,109584.0,7273296.0,0.0,4068.0,7236.0,23436.0,927036.0,4068.0,9216.0,13032.0,62712.0,4813812.0,0.0,0.0,396.0,1044.0,230400.0,11412.0,63072.0,105948.0,474768.0,10553940.0,12132.0,104472.0,354096.0,1348416.0,20670372.0,0.0,792.0,3132.0,28980.0,937908.0,0.0,936.0,3852.0,75168.0,256068.0,995472.0,3.0,3430.762574,0.4006396408221409,0.15858193698516534,62.31585909792047,9.12516,29.169409999999996,75.76966666666665,0.9373333333333332,1.1923333333333332,559.3008481881002,5.357169343539156,38.866195694036776
0.08619286799960746,0.24699657736735847,0.5786983141525878,0.20631477750780225,7.333333333333333,1.532150618735156,5.0,2.0,0.0,0.0,2880.0,55512.0,5057964.0,1368.0,31968.0,79812.0,242748.0,17657928.0,0.0,0.0,6264.0,149652.0,2902536.0,4536.0,39996.0,81936.0,221436.0,9786132.0,0.0,36.0,13032.0,351216.0,8531964.0,4284.0,37404.0,80208.0,214488.0,2730672.0,10116.0,79272.0,287964.0,1163916.0,20858760.0,0.0,396.0,1116.0,9360.0,1004940.0,468.0,2916.0,10980.0,93492.0,232524.0,733140.0,4.0,12791.38051,0.6551433412259211,0.3050898981274893,33.34378315141617,436.14529999999996,23.58586451612903,74.24193548387096,-0.8932258064516132,-0.1896774193548387,321.78880434609994,15.390447216206988,53.950165143542954
0.08321677873074786,0.3050894702873118,0.6164292471597224,0.7226011681398008,9.444444444444445,1.9454304014256034,12.0,4.0,72.0,1080.0,13752.0,47700.0,1066464.0,0.0,180.0,1080.0,10584.0,6058368.0,0.0,6624.0,12600.0,39024.0,710496.0,1224.0,18324.0,32904.0,119268.0,5352768.0,0.0,3888.0,30096.0,467676.0,37260648.0,24372.0,123588.0,259524.0,678996.0,10691388.0,1512.0,85176.0,280656.0,1149192.0,9985752.0,0.0,216.0,504.0,16416.0,677268.0,288.0,1656.0,4140.0,39060.0,145188.0,591264.0,5.0,6703.15719,0.250979156162465,0.1376023019156664,12.82513964779018,4.566945161290323,18.287132258064517,71.28741935483872,0.16838709677419356,-0.24548387096774196,221.01417603040008,14.454073436776074,21.912774357563308
0.20699744572840728,0.4054742217156748,1.3317866797028137,1.287253295274387,12.555555555555555,3.492701606545531,5.0,2.0,0.0,16056.0,31068.0,63288.0,8697168.0,0.0,4212.0,7956.0,106704.0,7575696.0,0.0,11772.0,23904.0,77364.0,1670688.0,9000.0,26136.0,41832.0,195120.0,7251444.0,0.0,0.0,576.0,2700.0,258012.0,15084.0,103104.0,248652.0,1007244.0,17584380.0,4680.0,55224.0,195732.0,769140.0,12195504.0,0.0,252.0,2664.0,15372.0,557424.0,0.0,756.0,2700.0,65952.0,232632.0,904356.0,3.0,3430.762574,0.5151038186281063,0.22258888772443192,24.28320081834506,312.9972,26.632851612903224,73.00690322580644,0.6361290322580646,-0.07516129032258079,496.1320334715,15.927024289292449,27.259669166967946
0.11680976634536752,0.2039713019662482,1.7735105580547086,0.868674409553563,19.0,5.227862822870225,4.0,1.0,0.0,1332.0,38052.0,131616.0,882540.0,216.0,38016.0,96588.0,424224.0,42867684.0,0.0,0.0,756.0,2988.0,389016.0,1152.0,16992.0,51372.0,169956.0,3327876.0,0.0,5184.0,26208.0,254844.0,5124528.0,4644.0,31320.0,125316.0,407160.0,6897744.0,18252.0,109800.0,236592.0,827532.0,10585152.0,0.0,0.0,6300.0,62172.0,887580.0,648.0,1620.0,7200.0,80136.0,203760.0,860868.0,9.0,12779.34997,0.4212594444444444,0.16052716520798815,55.33953530921285,4.406626666666667,23.060330000000008,72.18833333333333,-0.6043333333333334,-0.9259999999999998,447.82648282376005,13.648125988223935,36.775498783614395
0.07967044884176426,0.21271391316488664,1.125207307043698,2.1513594839418615,13.75,1.7978730065390744,12.0,4.0,0.0,2016.0,3024.0,22716.0,368892.0,0.0,13248.0,36504.0,243792.0,18107568.0,0.0,2232.0,14832.0,18396.0,131544.0,2808.0,8892.0,19620.0,130068.0,2635884.0,252.0,12096.0,57816.0,294588.0,33272388.0,15588.0,86976.0,222804.0,818892.0,10014156.0,7416.0,101628.0,278064.0,971172.0,5408820.0,0.0,756.0,1836.0,7848.0,2215008.0,0.0,0.0,5436.0,55044.0,150372.0,633996.0,90.0,33384.18737,0.33208762275078724,0.09175679637143613,35.70488972376621,1.2021806451612904,19.599148387096776,62.59838709677418,0.5896774193548389,-1.312903225806452,329.6299623800799,20.10674176546877,35.70488972376621
0.07937246791679757,0.12656021965927988,0.9426741569825415,0.8502531368010959,10.555555555555555,2.5725672837297195,1.0,4.0,72.0,1080.0,13752.0,47700.0,1066464.0,0.0,180.0,1080.0,10584.0,6058368.0,0.0,6624.0,12600.0,39024.0,710496.0,1224.0,18324.0,32904.0,119268.0,5352768.0,0.0,3888.0,30096.0,467676.0,37260648.0,24372.0,123588.0,259524.0,678996.0,10691388.0,1512.0,85176.0,280656.0,1149192.0,9985752.0,0.0,216.0,504.0,16416.0,677268.0,288.0,1656.0,4140.0,39060.0,145188.0,591264.0,5.0,6703.15719,0.2466759722222222,0.15353108164339901,43.1060856140493,12.788145161290322,17.901712903225807,75.02612903225807,0.14709677419354839,-0.3312903225806452,206.58582933844994,13.72137755526149,25.3103318461054
0.10736968011237315,0.2515998537859343,0.8413925517875,0.8537435953564885,16.09090909090909,2.357497067733783,1.0,4.0,0.0,2520.0,4896.0,16740.0,366552.0,0.0,1512.0,2916.0,6624.0,12186756.0,0.0,6408.0,12600.0,59616.0,1355508.0,684.0,4572.0,14724.0,43344.0,5660064.0,0.0,0.0,1296.0,1764.0,13306140.0,11484.0,92124.0,212868.0,837252.0,16455384.0,14400.0,91656.0,256140.0,1151712.0,16518600.0,0.0,144.0,216.0,7920.0,2204604.0,0.0,72.0,4860.0,83808.0,279756.0,1016208.0,18.0,6622.610663,0.36324307380813603,0.1909156562623572,62.175460588989566,0.3486096774193548,14.876167741935484,65.93064516129034,-1.7725806451612907,-2.571290322580647,323.59476500619013,16.494188156210658,40.039351427533525
0.10996523146280657,0.2592420763150006,0.6412176836889815,0.49570368638008094,9.454545454545455,2.0582303045581294,8.0,3.0,0.0,0.0,108.0,16740.0,1143972.0,0.0,576.0,3816.0,30276.0,4731696.0,0.0,1296.0,31824.0,105228.0,838404.0,2988.0,8316.0,20448.0,107964.0,4049748.0,0.0,360.0,4284.0,28044.0,31632048.0,576.0,9288.0,32256.0,259668.0,9710676.0,22932.0,162252.0,445284.0,1721232.0,17968896.0,0.0,0.0,468.0,10728.0,1712700.0,0.0,900.0,5004.0,100728.0,246564.0,861624.0,26.0,23385.85399,0.4746264777831101,0.10893105612606292,65.49549422922514,22.61541612903226,27.676967741935485,70.86677419354838,0.14838709677419354,-0.18774193548387097,474.0794294138897,19.692977021494354,33.1925739816963
0.13225763162500032,0.1842807101551103,0.6868323933733251,0.307753235027966,7.6,2.072832540930084,3.0,1.0,0.0,0.0,0.0,2196.0,21240.0,24660.0,271368.0,755028.0,2755080.0,62446896.0,0.0,0.0,0.0,61668.0,426024.0,5184.0,9864.0,19188.0,140940.0,4426596.0,360.0,360.0,10296.0,166284.0,9243540.0,108.0,108.0,108.0,5148.0,369072.0,792.0,792.0,792.0,4968.0,1230948.0,0.0,0.0,0.0,36.0,80244.0,0.0,0.0,216.0,216.0,216.0,5112.0,841.0,10474.35103,0.6520483186128375,0.27985506976364116,45.9025515232237,235.71419999999998,15.373748387096773,87.46529032258067,-2.4416129032258063,0.5248387096774192,381.50861447332034,21.44822618754632,48.393258536732446
0.06240371095885899,0.40709355892377913,0.5543929040010867,0.43129873854389456,7.0,2.05144551453721,7.0,2.0,0.0,0.0,0.0,72.0,7164.0,23868.0,270036.0,753912.0,2745720.0,61694784.0,0.0,0.0,0.0,65124.0,446868.0,6336.0,10980.0,19764.0,143640.0,4862088.0,324.0,324.0,10044.0,164448.0,9299376.0,756.0,1116.0,1476.0,17964.0,1763748.0,0.0,0.0,0.0,252.0,180684.0,0.0,0.0,0.0,0.0,13536.0,0.0,36.0,108.0,288.0,288.0,4248.0,841.0,10474.35103,0.39040768079650706,0.20350483221773968,67.11195975661187,18.80461612903226,23.983880645161296,89.52967741935483,-0.2735483870967741,-0.03290322580645172,512.190528468,15.630812467973259,36.524187956229724
0.3286171104025733,1.8336414300767718,4.126764623550324,9.837574145030672,40.09090909090909,5.012246513366033,1.0,4.0,0.0,40356.0,69480.0,137772.0,8090604.0,0.0,540.0,792.0,128484.0,7688448.0,0.0,4104.0,9324.0,47088.0,1636704.0,7884.0,24552.0,36036.0,159444.0,6909444.0,0.0,108.0,684.0,2376.0,268020.0,16164.0,112932.0,297360.0,1203912.0,21801528.0,3888.0,32868.0,138780.0,531252.0,7912656.0,0.0,72.0,828.0,14472.0,425124.0,0.0,864.0,3528.0,67248.0,231912.0,916488.0,3.0,3430.762574,0.24700698039429536,0.13275854839597506,62.226132975660214,0.03986774193548387,17.72945806451613,61.463548387096765,0.5583870967741936,-2.412903225806452,416.9992447063003,15.952098033550152,32.14946898682002
0.12151905317576406,0.5964022162706735,0.27164836011836374,0.6632080634710357,6.6,2.044024787259288,6.0,2.0,0.0,0.0,36.0,720.0,3733812.0,0.0,0.0,720.0,65484.0,4323060.0,0.0,6912.0,7452.0,76500.0,3994344.0,7452.0,42300.0,103680.0,260856.0,3461760.0,36.0,36.0,828.0,5184.0,7228224.0,16200.0,115452.0,379080.0,1273212.0,28486188.0,4356.0,64944.0,161316.0,777492.0,12129120.0,0.0,0.0,0.0,288.0,1338768.0,0.0,216.0,3420.0,53136.0,132372.0,681588.0,12.0,5480.991045,0.45231256090660515,0.14264840633988424,67.1015378995677,25.809759999999994,28.43421,73.36999999999998,0.49066666666666675,1.4616666666666664,498.9485887828002,18.98200775073845,33.63393168270933
0.09959642457822473,0.3750888792570682,0.8786060740391249,0.24369525265124822,9.222222222222221,1.5752222191310552,7.0,2.0,900.0,2484.0,6912.0,19728.0,597420.0,0.0,2376.0,12708.0,213156.0,5200956.0,0.0,1836.0,17028.0,44100.0,252828.0,3060.0,10944.0,26532.0,234828.0,2872728.0,0.0,468.0,4896.0,55800.0,41917860.0,11052.0,54648.0,142380.0,582480.0,7627716.0,11880.0,140436.0,362448.0,1171188.0,10241136.0,0.0,0.0,3420.0,65808.0,2082492.0,36.0,1008.0,4428.0,69768.0,209160.0,754272.0,13.0,19435.77403,0.28210533620198175,0.17785909230274016,58.96785406193602,10.069770967741933,28.31225806451612,70.73129032258066,0.12032258064516128,1.8474193548387094,532.7806527683001,27.945663726732864,31.022190335203156
0.17633265776565046,0.28356964326008705,1.35309893535625,2.064597019148965,17.9,2.606384661078944,12.0,4.0,1800.0,18864.0,59976.0,229500.0,1440612.0,0.0,6156.0,23400.0,136980.0,15704424.0,0.0,1476.0,6228.0,6804.0,89136.0,4644.0,30780.0,67140.0,305280.0,6315048.0,216.0,13248.0,61092.0,303984.0,33500052.0,19800.0,164160.0,429336.0,1587024.0,16685100.0,108.0,1800.0,3708.0,25524.0,329652.0,0.0,0.0,0.0,720.0,176580.0,0.0,0.0,4932.0,46404.0,133992.0,545652.0,90.0,33384.18737,0.1494347306859807,0.10081754444010324,27.91323740233597,3.99841935483871,19.16408709677419,60.18774193548387,0.4164516129032257,-1.0048387096774194,356.0033888506703,10.843013737770164,27.91323740233597
0.05794567732058416,0.3754178911651264,0.33094701584723507,0.5009498015370143,5.3,1.4418971734158625,9.0,3.0,0.0,0.0,0.0,360.0,17313516.0,0.0,0.0,792.0,24012.0,4819896.0,0.0,0.0,6588.0,193428.0,1965276.0,108.0,5940.0,11916.0,126216.0,1356804.0,108.0,180.0,1656.0,42984.0,18569484.0,7380.0,58824.0,174456.0,802620.0,11699172.0,14832.0,134280.0,371808.0,1239372.0,5274612.0,0.0,216.0,1476.0,7236.0,129708.0,504.0,2376.0,9036.0,83160.0,216792.0,705276.0,13.0,537.3484137,0.3733070839402941,0.20848831044489263,85.13482925839071,2.0236533333333333,28.530796666666664,67.80733333333335,-0.6703333333333333,-0.3416666666666666,636.2795613815998,23.844707104168563,46.03080327545504
0.12701333652813002,0.2501624428786578,1.4531939294692084,0.8804996781914367,16.6,4.625510728328541,4.0,1.0,108.0,9108.0,15480.0,52092.0,1196892.0,0.0,972.0,4140.0,7128.0,11003004.0,0.0,4644.0,7812.0,40752.0,1343340.0,216.0,2052.0,8676.0,26172.0,6104664.0,0.0,0.0,1080.0,1332.0,13331664.0,7164.0,49356.0,105264.0,358128.0,15109992.0,18900.0,129924.0,357300.0,1605852.0,17765928.0,0.0,216.0,324.0,9972.0,2187180.0,0.0,0.0,4968.0,86148.0,285156.0,1039860.0,18.0,6622.610663,0.5586688294661892,0.22263354562848875,86.4890507424506,4.802366666666667,23.139626666666672,70.85500000000002,0.6866666666666668,-0.6973333333333334,505.11740926063413,22.967320339145743,38.47437271116401
0.11999575758391827,0.30164243503065513,1.0468670201301236,0.48224077365595763,13.8,3.530471554741139,9.0,3.0,0.0,612.0,720.0,12132.0,127584.0,0.0,1944.0,10800.0,215172.0,16458120.0,12564.0,15876.0,15876.0,40752.0,363780.0,1404.0,5184.0,18324.0,230436.0,7293816.0,0.0,576.0,8136.0,120528.0,23168700.0,8136.0,75132.0,227880.0,869940.0,13181436.0,6444.0,120240.0,310320.0,971856.0,7344396.0,0.0,0.0,1404.0,31248.0,3887100.0,0.0,864.0,2916.0,63180.0,191484.0,649080.0,13.0,14435.29365,0.4760325012399354,0.2624675023065555,73.10402327858125,0.20283333333333334,29.743150000000004,64.50000000000001,0.9070000000000001,0.06600000000000002,566.1995150500002,13.654200273451323,41.048895468051
0.2664059732111514,0.7513084383009538,1.3450669170726193,1.3436286830141866,16.285714285714285,3.349698872012493,2.0,1.0,0.0,3348.0,4392.0,56448.0,1260072.0,0.0,3096.0,20808.0,638892.0,39235824.0,0.0,3744.0,64512.0,213840.0,822600.0,1764.0,3636.0,8316.0,71244.0,4220388.0,0.0,9576.0,19728.0,235188.0,18702396.0,6516.0,26352.0,68976.0,413496.0,5373504.0,18324.0,166428.0,399996.0,1011888.0,5169276.0,0.0,1368.0,1476.0,1944.0,760500.0,0.0,0.0,4752.0,65376.0,197244.0,498348.0,111.0,18978.38682,0.33953006957317927,0.1841195929109115,41.34936540002277,1.558625,17.279335714285715,59.00035714285714,-0.23714285714285713,-0.7467857142857144,408.94016706999963,19.71146185004524,41.34936540002277
0.06222820824788551,0.18872580151731888,0.3236662696138889,0.3915442070549568,5.888888888888889,1.0952808009901964,6.0,2.0,0.0,0.0,36.0,144.0,90864.0,0.0,1692.0,4176.0,46152.0,4248288.0,0.0,324.0,324.0,16668.0,230184.0,2052.0,7344.0,8172.0,33228.0,1562616.0,0.0,4716.0,51264.0,347220.0,42239952.0,19476.0,102708.0,206496.0,921744.0,14659020.0,7092.0,84492.0,277632.0,971208.0,5814540.0,0.0,360.0,1188.0,3924.0,2396196.0,0.0,0.0,2700.0,81144.0,236124.0,801036.0,51.0,32919.87338,0.4395510336948431,0.03896830760117259,71.55740942075712,2.8688100000000003,28.749469999999995,60.038333333333334,0.8900000000000002,1.788333333333333,654.0962214800005,12.74676470819393,31.423021746156195
0.09725736729795029,0.5990785328692889,0.407675048310647,0.6729133812048038,7.9,2.5166946723918713,6.0,2.0,0.0,3348.0,4392.0,56448.0,1260072.0,0.0,3096.0,20808.0,638892.0,39235824.0,0.0,3744.0,64512.0,213840.0,822600.0,1764.0,3636.0,8316.0,71244.0,4220388.0,0.0,9576.0,19728.0,235188.0,18702396.0,6516.0,26352.0,68976.0,413496.0,5373504.0,18324.0,166428.0,399996.0,1011888.0,5169276.0,0.0,1368.0,1476.0,1944.0,760500.0,0.0,0.0,4752.0,65376.0,197244.0,498348.0,111.0,18978.38682,0.26832591057406396,0.1336045942878616,48.038153476263055,7.427419999999999,27.46101,64.46633333333334,0.7586666666666667,0.074,527.1375284334999,15.081725087104134,32.95642838915892
0.1387339352728939,0.6460202120858123,1.014797765025,0.9921648495213671,14.2,3.2169119470788714,11.0,4.0,0.0,1332.0,38052.0,131616.0,882540.0,216.0,38016.0,96588.0,424224.0,42867684.0,0.0,0.0,756.0,2988.0,389016.0,1152.0,16992.0,51372.0,169956.0,3327876.0,0.0,5184.0,26208.0,254844.0,5124528.0,4644.0,31320.0,125316.0,407160.0,6897744.0,18252.0,109800.0,236592.0,827532.0,10585152.0,0.0,0.0,6300.0,62172.0,887580.0,648.0,1620.0,7200.0,80136.0,203760.0,860868.0,9.0,12779.34997,0.52466875,0.30627007640993736,41.83141763581427,6.11617,20.73529666666667,72.85933333333332,-1.8283333333333336,-1.3426666666666665,244.36426942280002,14.767122957244027,41.83141763581427
0.05143207489581507,0.2933679891566276,0.9252946750605832,0.48677095922765484,12.8,2.8871966897347985,9.0,3.0,36.0,900.0,32760.0,130248.0,784260.0,216.0,45612.0,134424.0,555732.0,45369864.0,0.0,36.0,3276.0,12960.0,710784.0,3816.0,25020.0,84996.0,335880.0,5411196.0,0.0,5256.0,26640.0,264132.0,5267916.0,4284.0,19512.0,84276.0,255852.0,3836376.0,16164.0,98532.0,194040.0,616968.0,8426952.0,0.0,0.0,5796.0,59184.0,808812.0,648.0,1656.0,6948.0,87912.0,218700.0,910404.0,9.0,12779.34997,0.4770825917153636,0.08769463552593143,49.11605389402075,10.672006666666666,26.59643333333334,67.203,-0.5073333333333333,-0.8193333333333335,419.25181210430026,4.996055236184553,31.08402906359689
0.3530319154913421,0.5011902781828985,1.9844481396120368,3.207706068842568,22.22222222222222,3.843322241490222,2.0,1.0,468.0,8352.0,17316.0,70344.0,1600884.0,0.0,1692.0,10944.0,55116.0,13787856.0,0.0,216.0,3492.0,125532.0,1221012.0,5112.0,15768.0,28764.0,139932.0,5337612.0,0.0,252.0,2052.0,68004.0,14170140.0,5832.0,58320.0,184248.0,758088.0,13111056.0,3096.0,79164.0,262584.0,1052676.0,14636412.0,15084.0,37944.0,41472.0,81216.0,4399488.0,0.0,72.0,1728.0,80964.0,234396.0,790524.0,100.0,15052.7619,0.49988591041113944,0.26926184117001195,42.251898777354434,1.3812392857142854,17.802410714285713,64.85285714285715,-1.6932142857142856,-0.9814285714285716,363.94256746600007,14.126338184009636,42.251898777354434
0.1602517760638299,0.5027359436604731,1.6832862428596669,2.2895382474844683,18.75,3.966809662963522,1.0,4.0,0.0,468.0,1872.0,9036.0,1038132.0,0.0,2124.0,14076.0,95868.0,35725032.0,0.0,3096.0,10764.0,25056.0,654192.0,1584.0,2376.0,6876.0,49176.0,3458016.0,0.0,2556.0,12564.0,227556.0,17505576.0,3204.0,25128.0,88308.0,309240.0,5708808.0,18612.0,153360.0,412956.0,1626444.0,7541388.0,0.0,72.0,612.0,24624.0,1090800.0,0.0,1512.0,7992.0,93492.0,237384.0,774396.0,48.0,9205.662327,0.34427797317240466,0.24726473051132183,39.39045816881375,62.6024,16.514293548387098,73.4111612903226,-0.6451612903225807,-2.2329032258064516,274.7683765356001,14.058031359094931,39.39045816881375
0.3824809240714431,0.6405843698404813,5.301391375193525,7.295078694697387,33.5,5.734301515648088,11.0,4.0,72.0,720.0,4572.0,11448.0,4084560.0,0.0,0.0,36.0,32148.0,3385584.0,0.0,6624.0,6804.0,58680.0,3463452.0,2736.0,12132.0,26640.0,90036.0,2015388.0,0.0,0.0,504.0,4464.0,7046424.0,17280.0,108288.0,350712.0,1078812.0,24810984.0,7704.0,98496.0,254196.0,1152324.0,17560368.0,0.0,0.0,0.0,1296.0,1733076.0,0.0,36.0,3672.0,56232.0,141948.0,712188.0,12.0,5480.991045,0.35601088091069877,0.16310523671374888,36.40685426950249,0.7956,24.902436666666667,71.35713333333334,0.6633333333333334,-1.6383333333333334,432.60993126214,19.90346547018249,35.859135480565556
0.22825517501014697,0.40063034997772495,3.2055277215133335,6.388317288752181,29.5,3.5715609116198537,12.0,4.0,0.0,0.0,108.0,16740.0,1143972.0,0.0,576.0,3816.0,30276.0,4731696.0,0.0,1296.0,31824.0,105228.0,838404.0,2988.0,8316.0,20448.0,107964.0,4049748.0,0.0,360.0,4284.0,28044.0,31632048.0,576.0,9288.0,32256.0,259668.0,9710676.0,22932.0,162252.0,445284.0,1721232.0,17968896.0,0.0,0.0,468.0,10728.0,1712700.0,0.0,900.0,5004.0,100728.0,246564.0,861624.0,26.0,23385.85399,0.3790881783988958,0.16716554581302923,38.73463144754221,0.18651290322580644,21.627174193548385,64.6558064516129,0.6841935483870967,-0.9880645161290321,336.65532201145004,19.149200499032332,38.73463144754221
0.11967876806151749,0.21592201298459382,0.6935785527203694,0.29677823335866965,10.666666666666666,2.011522879704605,5.0,2.0,0.0,1116.0,5328.0,15984.0,874152.0,144.0,1512.0,19512.0,361116.0,21854232.0,0.0,0.0,2484.0,35064.0,634536.0,72.0,1548.0,9900.0,105948.0,4010544.0,648.0,20052.0,126252.0,486396.0,23258952.0,17568.0,103572.0,263484.0,977616.0,10432332.0,10476.0,75168.0,147492.0,524340.0,8006184.0,1368.0,44964.0,107460.0,246096.0,3613320.0,0.0,0.0,1188.0,35100.0,102636.0,389448.0,244.0,21222.17111,0.22776573831936087,0.11149239532886028,46.21978699919122,631.9594,23.97536451612903,68.75429032258066,0.34322580645161294,-0.04516129032258059,423.6439742478003,20.00486122701116,49.36152250347383
0.06519327917637094,0.34933186683048534,0.8756380003459583,0.47199973226983083,11.1,2.874236173085543,5.0,2.0,468.0,3672.0,5652.0,10260.0,14356188.0,2016.0,30924.0,192024.0,1402488.0,35351172.0,108.0,1440.0,2376.0,42192.0,705816.0,6408.0,32364.0,71208.0,222516.0,4530708.0,0.0,2628.0,12528.0,41652.0,2106468.0,10116.0,88272.0,204084.0,558396.0,7673292.0,7236.0,69228.0,174708.0,526356.0,8055252.0,0.0,72.0,72.0,2304.0,409104.0,0.0,756.0,5148.0,53676.0,123192.0,335124.0,5.0,3129.911321,0.28988518713357353,0.3121875762577505,40.715424918316714,13.668851612903227,25.254683870967742,74.7467741935484,-0.48741935483870974,-0.30193548387096775,450.41637246871,23.8392415662096,7.57846317947117
0.09584686345944546,0.44064465388727564,0.4598623896045833,0.8960080417268289,6.285714285714286,1.5439801411437175,12.0,4.0,0.0,0.0,252.0,13068.0,163944.0,0.0,1332.0,17388.0,494820.0,37553508.0,0.0,900.0,46872.0,152316.0,595044.0,2484.0,3456.0,5292.0,49608.0,2128212.0,0.0,7992.0,16452.0,228384.0,18595332.0,13428.0,53028.0,144324.0,821484.0,8549712.0,10620.0,148608.0,354348.0,869796.0,6093036.0,0.0,1116.0,1188.0,1584.0,535500.0,0.0,0.0,4824.0,66456.0,199404.0,510156.0,111.0,18978.38682,0.44935060522810527,0.07281788582680158,31.57680597864125,1.6785483870967743,17.535035483870967,73.67193548387097,-0.5351612903225806,-1.1429032258064513,257.89023856768,19.351518493678718,31.57680597864125
0.08257882622272633,0.2237743871628761,1.4769891911820692,0.3664629751119774,11.0,3.669964354656325,7.0,2.0,0.0,0.0,14040.0,330516.0,6298848.0,0.0,144.0,5508.0,126396.0,2877624.0,0.0,4320.0,44028.0,166320.0,5869188.0,6768.0,28476.0,65808.0,165168.0,6651612.0,0.0,0.0,0.0,81684.0,375228.0,1872.0,8892.0,28476.0,109764.0,2641176.0,19656.0,135144.0,356616.0,1292940.0,33493212.0,0.0,144.0,180.0,720.0,1432368.0,324.0,756.0,3204.0,105336.0,270792.0,867888.0,2.0,17057.75366,0.5038691427558478,0.24590715688439777,35.94353122420879,86.8942,30.85017741935484,59.48464516129031,0.18516129032258064,-0.6151612903225808,683.9934743390004,20.34283158994881,34.95366823583155
0.355506009597825,0.3624419932429023,5.333720724948592,8.682850977927183,33.875,6.357940449239129,2.0,1.0,900.0,2484.0,6912.0,19728.0,597420.0,0.0,2376.0,12708.0,213156.0,5200956.0,0.0,1836.0,17028.0,44100.0,252828.0,3060.0,10944.0,26532.0,234828.0,2872728.0,0.0,468.0,4896.0,55800.0,41917860.0,11052.0,54648.0,142380.0,582480.0,7627716.0,11880.0,140436.0,362448.0,1171188.0,10241136.0,0.0,0.0,3420.0,65808.0,2082492.0,36.0,1008.0,4428.0,69768.0,209160.0,754272.0,13.0,19435.77403,0.43242246900887055,0.24279534580829212,72.74160917473905,0.11081071428571429,20.75785,70.47464285714285,0.43428571428571433,-2.4235714285714285,450.75051323199995,18.036456231909085,40.090802484116345
0.23154624529814685,0.5761137185752561,2.7740038757073875,6.320329884611529,26.5,3.915086393592593,12.0,4.0,0.0,0.0,36.0,720.0,3733812.0,0.0,0.0,720.0,65484.0,4323060.0,0.0,6912.0,7452.0,76500.0,3994344.0,7452.0,42300.0,103680.0,260856.0,3461760.0,36.0,36.0,828.0,5184.0,7228224.0,16200.0,115452.0,379080.0,1273212.0,28486188.0,4356.0,64944.0,161316.0,777492.0,12129120.0,0.0,0.0,0.0,288.0,1338768.0,0.0,216.0,3420.0,53136.0,132372.0,681588.0,12.0,5480.991045,0.3191889732421981,0.1596275369915921,66.49654693341459,0.37524838709677416,19.385193548387097,65.58096774193548,0.12903225806451613,-2.5438709677419356,390.71221209970224,14.259296479410125,37.37114915641156
0.19126349833981426,0.36949631895056967,1.9496454811307917,3.2780661105777043,20.4,2.6826400467211617,12.0,4.0,180.0,1080.0,17172.0,123912.0,2553768.0,468.0,2016.0,12132.0,174276.0,4952880.0,0.0,468.0,3312.0,36360.0,205380.0,2232.0,25272.0,63936.0,137520.0,2397924.0,0.0,3276.0,55044.0,873036.0,44607456.0,8244.0,67464.0,162720.0,429912.0,7908012.0,13644.0,113436.0,286416.0,819144.0,9133344.0,0.0,72.0,576.0,3312.0,633312.0,828.0,2016.0,6696.0,69840.0,183420.0,544176.0,5.0,10720.10518,0.7020644444444445,0.2735926998386927,51.76161595949382,4.4611967741935485,18.68656129032258,73.32290322580644,-0.24193548387096778,-3.595483870967743,362.4965332253899,15.40244671575552,37.01376870949663
0.09553719509357032,0.3437233759495768,0.6117782470093677,0.2729454622609198,8.666666666666666,1.873460558144793,5.0,2.0,72.0,468.0,1044.0,5400.0,1631988.0,0.0,5436.0,38916.0,160704.0,7778952.0,0.0,5004.0,16776.0,35640.0,527652.0,2952.0,8928.0,43596.0,184860.0,6713064.0,0.0,15948.0,76716.0,385992.0,22281840.0,8424.0,34200.0,109656.0,381456.0,10997712.0,14220.0,151920.0,346536.0,1225944.0,13950468.0,0.0,0.0,2268.0,25056.0,4760928.0,396.0,1512.0,5868.0,61056.0,149004.0,736560.0,136.0,15407.79543,0.0,0.0,0.0,548.0001,22.016341935483872,74.9954193548387,-0.8832258064516132,-0.892903225806452,335.61835554469985,8.601084671184976,30.642000439383338
0.10038215811191531,0.3563685231987676,0.19840478283811674,0.9134142968577394,5.0,2.237630623958813,8.0,3.0,0.0,0.0,0.0,1044.0,1376928.0,0.0,0.0,5148.0,20664.0,7057044.0,0.0,6048.0,12456.0,41112.0,931068.0,3708.0,34920.0,51588.0,158040.0,4543092.0,0.0,7560.0,38412.0,507348.0,40099320.0,4680.0,38376.0,79956.0,268416.0,6345144.0,20196.0,158688.0,454536.0,1548504.0,10778976.0,0.0,0.0,0.0,11664.0,901116.0,180.0,756.0,2736.0,37080.0,143568.0,584640.0,5.0,6703.15719,0.21125933950905426,0.15182940865192676,23.6069737182668,17.674599999999998,29.372977419354836,63.20987096774194,-0.7096774193548389,-0.33677419354838706,742.7239393614,12.330323178672225,22.8453234842977
0.1040216550851645,0.33960285358878733,1.38443662346875,0.6846173149016113,16.77777777777778,4.666857109915957,10.0,3.0,0.0,0.0,0.0,10044.0,1798164.0,0.0,1188.0,16848.0,579240.0,36791064.0,0.0,2556.0,51948.0,180792.0,746028.0,1008.0,2808.0,6588.0,52560.0,3502764.0,0.0,7776.0,17172.0,230760.0,18600048.0,16632.0,63360.0,162792.0,802044.0,9715392.0,8892.0,135288.0,326628.0,761940.0,3536748.0,0.0,1584.0,1656.0,1872.0,466380.0,0.0,0.0,4824.0,68328.0,201888.0,521964.0,111.0,18978.38682,0.1885656925169176,0.11341621924372963,38.02360846471721,0.6369516129032258,23.895232258064517,62.9125806451613,-0.6532258064516128,-0.6296774193548387,513.6951795319649,15.726855222501506,38.02360846471721
0.087724831495048,0.47743504003397763,0.48976563980657295,0.5699753048579019,7.8,2.4414053870577144,6.0,2.0,0.0,0.0,144.0,4500.0,1258848.0,0.0,0.0,4536.0,29232.0,7207164.0,0.0,7920.0,15732.0,44784.0,1071612.0,9684.0,50400.0,79596.0,226800.0,5407596.0,0.0,13140.0,51516.0,539244.0,41023224.0,11628.0,72900.0,214452.0,767448.0,8379360.0,8784.0,104724.0,291276.0,980676.0,7258608.0,0.0,0.0,0.0,5688.0,452988.0,252.0,792.0,1404.0,33804.0,127692.0,542988.0,5.0,6703.15719,0.45753058242203226,0.2547553512292092,29.491664069618942,6.406206666666667,27.996973333333337,68.26399999999998,-0.49,-0.19466666666666665,580.1407238537997,13.073137723260382,33.24495355360688
0.04651222793979051,0.41062795166120514,0.5173612325649074,0.5893510459572877,9.8,2.3288842781210892,9.0,3.0,0.0,0.0,1584.0,31284.0,899496.0,36.0,1512.0,13212.0,44532.0,10840284.0,0.0,0.0,72.0,62748.0,578484.0,3024.0,11484.0,26748.0,103608.0,5398272.0,0.0,36.0,252.0,21564.0,8649000.0,324.0,3492.0,7020.0,44676.0,4714668.0,2556.0,88200.0,304920.0,1352016.0,26415288.0,23472.0,57636.0,68436.0,129240.0,5470776.0,0.0,0.0,1908.0,120492.0,363420.0,1351584.0,100.0,15052.7619,0.30876625886634657,0.16055195645205525,61.14559610718733,8.423956666666665,26.56597333333334,67.111,-1.698,-0.8446666666666667,435.13353492260023,15.960714760990786,31.5151303658178
0.190035297502671,0.37117465457654936,0.5131849390257723,0.6759831099372579,10.0,1.72615437957593,12.0,4.0,108.0,2232.0,3276.0,17352.0,485928.0,0.0,504.0,4932.0,199296.0,15894756.0,3852.0,6948.0,6948.0,28404.0,352944.0,36.0,1224.0,7452.0,160956.0,5284836.0,0.0,396.0,6984.0,112068.0,22396536.0,3024.0,14256.0,51156.0,251856.0,6055452.0,20448.0,186084.0,488520.0,1599012.0,14366556.0,0.0,72.0,3384.0,47412.0,5851980.0,0.0,540.0,3852.0,70812.0,212904.0,725112.0,13.0,14435.29365,0.5466932985194355,0.32297470380668614,31.758529629277422,11.8456,18.113061290322577,64.37932258064517,-0.016451612903225808,-3.751935483870969,391.10537416521197,20.3230052360074,26.945295423903215
0.0495634396380812,0.647482430142861,0.48249937692379635,0.5313968780524975,8.0,2.1653862049332084,9.0,3.0,0.0,1224.0,1656.0,3024.0,24855408.0,24300.0,206424.0,612900.0,2663100.0,42280236.0,0.0,0.0,0.0,0.0,164556.0,0.0,108.0,19080.0,86652.0,3431232.0,5796.0,58284.0,112608.0,260532.0,2744316.0,1368.0,15444.0,34200.0,100944.0,2761236.0,0.0,504.0,3060.0,19728.0,1051632.0,0.0,0.0,180.0,648.0,16740.0,0.0,0.0,0.0,540.0,1728.0,6696.0,72.0,1508.7111,0.6099345559163059,0.2971372482572899,87.30128569729754,6.764060000000001,27.504473333333333,83.41,-0.8970000000000001,-2.2003333333333335,476.8121776996,44.2512827315365,43.050002965761045
0.10231429403595844,0.3222536499454656,0.7148842142616667,0.7649720601769874,12.363636363636363,2.3239221340761658,1.0,4.0,36.0,540.0,1224.0,5904.0,3264156.0,0.0,0.0,0.0,20484.0,6811776.0,576.0,8856.0,16992.0,78588.0,4725108.0,7704.0,43812.0,76428.0,236952.0,6341508.0,0.0,0.0,180.0,9036.0,2848572.0,11412.0,80892.0,171828.0,634536.0,15084180.0,7524.0,94320.0,307800.0,1316196.0,20250756.0,0.0,0.0,0.0,8784.0,3747996.0,0.0,864.0,4176.0,54324.0,211104.0,831780.0,6.0,17454.33105,0.45488300222366423,0.25532696814311656,34.095590380320324,1.5160677419354842,15.83824193548387,67.48774193548388,-1.6574193548387097,-0.7051612903225809,277.0539634936129,20.807770475787844,34.095590380320324
0.23802608211085458,0.24737016739211276,2.0892612328556948,2.7053922634364262,19.0,4.5304562190092135,2.0,1.0,0.0,0.0,0.0,10044.0,1798164.0,0.0,1188.0,16848.0,579240.0,36791064.0,0.0,2556.0,51948.0,180792.0,746028.0,1008.0,2808.0,6588.0,52560.0,3502764.0,0.0,7776.0,17172.0,230760.0,18600048.0,16632.0,63360.0,162792.0,802044.0,9715392.0,8892.0,135288.0,326628.0,761940.0,3536748.0,0.0,1584.0,1656.0,1872.0,466380.0,0.0,0.0,4824.0,68328.0,201888.0,521964.0,111.0,18978.38682,0.1857929166666667,0.07308628186403344,25.759911059796476,1.881775,17.48605,73.04,-0.06535714285714286,-0.6696428571428571,212.9255323372998,17.545183524526486,25.759911059796476
0.0964122895834392,0.3255812950099564,1.5550919840848108,2.089465005028524,17.818181818181817,2.8519008000771766,3.0,1.0,0.0,936.0,1980.0,5184.0,743184.0,0.0,3204.0,11016.0,19404.0,13295916.0,0.0,13680.0,25740.0,113256.0,1770192.0,1800.0,8496.0,22860.0,79668.0,7270812.0,0.0,0.0,1224.0,2016.0,13779828.0,5616.0,31896.0,84780.0,334584.0,11066004.0,18900.0,138564.0,358272.0,1578744.0,18128628.0,0.0,180.0,288.0,9648.0,2380212.0,0.0,0.0,5040.0,85464.0,279072.0,998784.0,18.0,6622.610663,0.4713898575708061,0.2530764098904858,86.53533787009721,3.464567741935484,19.74744193548387,68.51967741935486,-0.27225806451612905,-1.5377419354838708,376.1725440823398,18.565979413939974,47.8651943843857
0.07899910460868018,0.27073178629379874,0.5421014853125,0.5126755310289102,9.727272727272727,1.8546312361147226,1.0,4.0,0.0,0.0,144.0,4500.0,1258848.0,0.0,0.0,4536.0,29232.0,7207164.0,0.0,7920.0,15732.0,44784.0,1071612.0,9684.0,50400.0,79596.0,226800.0,5407596.0,0.0,13140.0,51516.0,539244.0,41023224.0,11628.0,72900.0,214452.0,767448.0,8379360.0,8784.0,104724.0,291276.0,980676.0,7258608.0,0.0,0.0,0.0,5688.0,452988.0,252.0,792.0,1404.0,33804.0,127692.0,542988.0,5.0,6703.15719,0.3690843359219854,0.2312877165080368,45.37225522945468,1.7150387096774196,15.175074193548385,69.9683870967742,0.11419354838709672,-0.3551612903225807,215.70064393241992,6.727028304221833,21.954485864378814
0.18105770955392722,0.38942953523068946,2.526072659145791,1.4573500938089023,25.0,7.055686462089303,10.0,3.0,0.0,5616.0,18324.0,150768.0,1094904.0,0.0,1152.0,2016.0,13428.0,4046436.0,0.0,684.0,18468.0,65088.0,981540.0,9288.0,48744.0,106488.0,328500.0,8474220.0,0.0,0.0,72.0,5652.0,5030676.0,6840.0,77472.0,207684.0,738288.0,12738780.0,9216.0,79056.0,228744.0,975636.0,23128848.0,0.0,144.0,144.0,1836.0,3355236.0,0.0,1188.0,5976.0,69840.0,203436.0,862092.0,69.0,17428.37218,0.46315889478860905,0.23169590749612387,85.49730872521295,0.1926516129032258,25.900545161290324,58.594193548387096,0.4619354838709678,-1.5583870967741935,537.4954457307093,26.50553681795687,40.93139707661311
0.1278121925566737,0.24156016776745964,1.7059172748274585,1.1320391864533468,18.1,4.909369327351859,4.0,1.0,756.0,2196.0,11520.0,29196.0,945000.0,0.0,2628.0,13860.0,88416.0,5568588.0,0.0,3996.0,10944.0,17640.0,200700.0,612.0,1044.0,11232.0,51696.0,2955960.0,0.0,14508.0,71316.0,368280.0,22536036.0,9576.0,40788.0,152460.0,471348.0,12768480.0,14760.0,153684.0,348696.0,1285200.0,17034228.0,0.0,0.0,2592.0,30996.0,5403132.0,360.0,1476.0,5832.0,64116.0,161892.0,798840.0,136.0,15407.79543,0.4876066666666667,0.0036966130251993,35.5617048272747,3.2174533333333333,22.41265,71.48499999999999,-0.12066666666666671,-0.7680000000000001,453.50405688356614,14.976399612163847,35.5617048272747
0.09800520805077156,0.23209050492767264,0.7251575004898148,0.3866026309238622,7.4,2.6897489289517527,6.0,2.0,108.0,2232.0,3276.0,17352.0,485928.0,0.0,504.0,4932.0,199296.0,15894756.0,3852.0,6948.0,6948.0,28404.0,352944.0,36.0,1224.0,7452.0,160956.0,5284836.0,0.0,396.0,6984.0,112068.0,22396536.0,3024.0,14256.0,51156.0,251856.0,6055452.0,20448.0,186084.0,488520.0,1599012.0,14366556.0,0.0,72.0,3384.0,47412.0,5851980.0,0.0,540.0,3852.0,70812.0,212904.0,725112.0,13.0,14435.29365,0.575619791739321,0.2627177512557478,29.011849302423954,230.1178,28.78000666666666,63.18880000000001,1.4176666666666664,1.9263333333333335,551.4519784610804,15.36727114145312,35.63621792980251
0.1329726412362407,0.3530629623817042,0.49454602318595564,0.5921020008158926,5.5,1.684395078097435,11.0,4.0,0.0,0.0,0.0,1044.0,1376928.0,0.0,0.0,5148.0,20664.0,7057044.0,0.0,6048.0,12456.0,41112.0,931068.0,3708.0,34920.0,51588.0,158040.0,4543092.0,0.0,7560.0,38412.0,507348.0,40099320.0,4680.0,38376.0,79956.0,268416.0,6345144.0,20196.0,158688.0,454536.0,1548504.0,10778976.0,0.0,0.0,0.0,11664.0,901116.0,180.0,756.0,2736.0,37080.0,143568.0,584640.0,5.0,6703.15719,0.5313912202666191,0.2112055003565907,25.601702125710364,630.0216,22.529206666666667,79.72460000000001,-0.10233333333333332,-0.28933333333333333,245.2940746984999,13.53256068108225,16.579995004988884
0.10970718732509444,0.3128306742464912,1.4740113523856335,0.5628455236871232,15.7,4.464709485166397,10.0,3.0,0.0,180.0,1620.0,16704.0,1111032.0,0.0,1296.0,12492.0,65124.0,32436828.0,0.0,2340.0,8928.0,22356.0,529884.0,324.0,684.0,1296.0,15480.0,2249460.0,0.0,2556.0,13860.0,235872.0,17615160.0,4680.0,26532.0,94788.0,397656.0,10114164.0,18252.0,157356.0,422388.0,1617228.0,7307064.0,0.0,36.0,504.0,23328.0,1106604.0,0.0,1296.0,8208.0,91980.0,228888.0,747828.0,48.0,9205.662327,0.38441590778603363,0.18391125917186868,70.19321314297045,0.5120967741935484,25.49117096774194,63.032580645161296,-0.47516129032258064,-1.4758064516129035,441.8503656637146,30.852592492436802,39.34062065053365
0.08353258958866572,0.24047333405880172,0.7622838671662501,0.48013439892867654,8.5,2.4602010034466986,5.0,2.0,0.0,0.0,72.0,28872.0,486324.0,216.0,900.0,7056.0,52848.0,16033032.0,0.0,0.0,396.0,504.0,41184.0,4644.0,8460.0,16308.0,52488.0,1460736.0,7884.0,150336.0,421128.0,1904616.0,42705360.0,11016.0,67320.0,173412.0,585396.0,10664748.0,4716.0,31788.0,89928.0,248832.0,2886084.0,0.0,180.0,1692.0,3528.0,78408.0,0.0,1044.0,2880.0,23616.0,75564.0,264384.0,47.0,33952.92531,0.5727108332194122,0.17370047434031516,55.86869197168026,18.864570967741937,27.960467741935478,69.12387096774192,0.4858064516129033,0.015806451612903206,581.9615694979008,16.178152902946984,26.959999124206114
0.09936067774797258,0.28433363105423687,1.904592185118466,2.516689881409413,19.454545454545453,3.1749700979460345,3.0,1.0,36.0,252.0,756.0,2412.0,330552.0,0.0,252.0,2664.0,30528.0,30112164.0,0.0,36.0,684.0,1440.0,197964.0,252.0,360.0,684.0,5364.0,1127088.0,0.0,972.0,6192.0,164664.0,16251480.0,5940.0,49824.0,176724.0,667008.0,14963040.0,17172.0,138960.0,367092.0,1496880.0,7779240.0,0.0,108.0,540.0,22608.0,845244.0,0.0,1440.0,7992.0,91908.0,230076.0,750492.0,48.0,9205.662327,0.8034582009714555,0.3350177569919994,87.87824961459589,3.423206451612903,19.854848387096776,67.94580645161291,0.14612903225806456,-1.2264516129032257,402.5109861345402,18.99236660379224,46.772432584100805
0.09856939011769121,0.3317245800138382,0.6604516607985726,0.4939871338575766,10.7,3.2169626146661754,8.0,3.0,36.0,540.0,1224.0,5904.0,3264156.0,0.0,0.0,0.0,20484.0,6811776.0,576.0,8856.0,16992.0,78588.0,4725108.0,7704.0,43812.0,76428.0,236952.0,6341508.0,0.0,0.0,180.0,9036.0,2848572.0,11412.0,80892.0,171828.0,634536.0,15084180.0,7524.0,94320.0,307800.0,1316196.0,20250756.0,0.0,0.0,0.0,8784.0,3747996.0,0.0,864.0,4176.0,54324.0,211104.0,831780.0,6.0,17454.33105,0.5111405267395117,0.26900501727207465,79.60818135889645,10.730883870967743,28.758970967741938,63.726129032258065,-0.2025806451612903,-0.0861290322580645,499.9154470957799,28.672443221458398,36.03685939644995
0.10868239993547361,0.32837040513828697,1.4535211114139168,1.0529927944411368,20.8,5.062773377056411,9.0,3.0,252.0,612.0,1332.0,2952.0,80604.0,0.0,756.0,3024.0,39600.0,3574476.0,0.0,108.0,108.0,10116.0,163836.0,2736.0,11628.0,24984.0,124992.0,4372668.0,0.0,3456.0,45648.0,300600.0,37478232.0,16200.0,100368.0,236160.0,939816.0,13227192.0,9648.0,82548.0,233460.0,874152.0,10321560.0,0.0,324.0,756.0,2844.0,2290680.0,0.0,0.0,2484.0,82980.0,239940.0,846252.0,51.0,32919.87338,0.3671315255485255,0.14910792200663683,77.28437777512487,2.5747266666666673,26.99225333333333,64.06166666666668,0.4076666666666666,-0.43166666666666664,521.8921447809997,22.222829972746183,37.173117631987814
0.06906219538769501,0.35898657703595904,1.0458757905409468,0.5865820344564524,12.363636363636363,3.1407089115839266,8.0,3.0,0.0,1044.0,4608.0,20880.0,1134252.0,0.0,144.0,3780.0,16956.0,4065480.0,0.0,864.0,12888.0,40536.0,328032.0,1260.0,7632.0,18684.0,92988.0,5897304.0,0.0,36.0,3852.0,24588.0,30468240.0,10620.0,38916.0,108324.0,535356.0,14265072.0,14580.0,132732.0,380376.0,1473840.0,14401980.0,0.0,0.0,396.0,9684.0,1262484.0,0.0,828.0,5040.0,101448.0,252144.0,884520.0,26.0,23385.85399,0.1076695138888889,0.07219070148115596,81.63550008002878,19.69407419354839,27.803464516129036,74.37,0.35193548387096774,0.12935483870967734,369.73332109367027,27.1006946002878,35.08084156198483
0.17205679916540273,0.3918675303970562,1.0701788315940919,0.5251011153776498,15.666666666666666,3.5423300414341874,4.0,1.0,0.0,0.0,0.0,252.0,639864.0,432.0,72252.0,289800.0,1198332.0,55466496.0,0.0,36.0,36.0,1008.0,71928.0,72.0,6372.0,13320.0,205848.0,2909484.0,4788.0,70524.0,159264.0,439632.0,9057168.0,12168.0,80280.0,225288.0,702900.0,6435648.0,8712.0,24876.0,37152.0,143424.0,1044792.0,1332.0,1368.0,4284.0,182304.0,743220.0,216.0,972.0,3960.0,27036.0,56124.0,267804.0,378.0,15241.42093,0.0,0.0,0.0,54.1156,20.427603333333334,74.64436666666668,-0.5483333333333333,-1.3919999999999995,550.62413669905,13.913666778012217,22.582204072701476
0.12961733727715483,0.24191804673071618,1.2713522103238832,0.6843338847275395,13.4,3.6430218004356716,9.0,3.0,0.0,36.0,288.0,3924.0,857016.0,0.0,180.0,12960.0,37008.0,7114968.0,0.0,0.0,9900.0,30780.0,2116368.0,15948.0,100296.0,174312.0,329508.0,5897412.0,0.0,3240.0,24840.0,268092.0,27456480.0,7452.0,88056.0,213912.0,772884.0,13663944.0,3168.0,51876.0,198900.0,930492.0,10530288.0,0.0,1296.0,3924.0,70920.0,1410696.0,288.0,1296.0,4824.0,37980.0,146412.0,697644.0,33.0,30649.61061,0.36737928447768897,0.19444248720154764,72.6782669402329,2.95637,28.45915,65.05566666666667,0.35866666666666663,0.06633333333333333,518.1821961606399,22.910168110188472,35.599275924503296
0.0880399126107309,0.45895219968363693,1.2685587384304584,0.7822825796401094,16.5,4.523347998157156,9.0,3.0,0.0,0.0,0.0,0.0,3762360.0,0.0,0.0,1152.0,44100.0,3371364.0,0.0,3204.0,3240.0,35100.0,712332.0,4608.0,31788.0,68760.0,160020.0,2079972.0,36.0,36.0,576.0,3492.0,6972408.0,15408.0,68832.0,217476.0,669816.0,25133436.0,7128.0,122400.0,353376.0,1506924.0,19474812.0,0.0,0.0,0.0,1152.0,1961208.0,0.0,288.0,4284.0,56232.0,140832.0,720828.0,12.0,5480.991045,0.37027419359122965,0.14497883136458953,62.659025914787044,3.16366,28.233743333333337,67.417,0.537,-0.6476666666666666,547.7234624446997,15.337943431850238,37.01189070875146
0.05615114361001174,0.23899013656007712,0.9832160865145833,0.21269304447399198,10.727272727272727,2.651661582917096,8.0,3.0,0.0,144.0,540.0,7308.0,128160.0,0.0,1296.0,3060.0,19512.0,4957632.0,0.0,432.0,26064.0,96624.0,1656468.0,7596.0,32544.0,57708.0,137988.0,4870692.0,0.0,0.0,72.0,5760.0,6313068.0,11052.0,103284.0,258228.0,884052.0,16646616.0,3276.0,63684.0,210816.0,1044324.0,21131172.0,0.0,144.0,144.0,2088.0,3379608.0,0.0,1548.0,9396.0,81180.0,228744.0,943632.0,69.0,17428.37218,0.39337349494949486,0.2221952881629981,67.0000744337579,6.7398612903225805,29.144741935483868,63.89935483870968,0.8467741935483871,0.5941935483870967,543.2717126596998,13.663488352275632,37.640268688937475
0.2362355346687887,0.476593584030484,0.8036240148324384,0.5199327636086789,10.666666666666666,2.651190296077798,4.0,1.0,864.0,3780.0,7992.0,17568.0,8711604.0,0.0,0.0,36.0,14544.0,5059116.0,0.0,0.0,14688.0,228204.0,2422548.0,0.0,864.0,1476.0,60588.0,930924.0,144.0,180.0,1584.0,40356.0,18400572.0,396.0,6804.0,29448.0,276192.0,4141440.0,20880.0,185472.0,507312.0,1765224.0,9773928.0,0.0,684.0,2268.0,8676.0,343152.0,540.0,2268.0,9108.0,85032.0,220644.0,730116.0,13.0,537.3484137,0.4149409753059574,0.2829165888203087,50.06150205551636,205.12019999999998,23.70337666666667,70.324,-0.5846666666666667,-0.5623333333333334,511.15219996798015,11.286113410276304,50.06150205551636
0.07412940477286484,0.26360915450296624,0.8266944941098486,0.3314527666521317,9.090909090909092,2.180496957197065,8.0,3.0,612.0,4716.0,11844.0,31464.0,420552.0,216.0,3420.0,20772.0,261468.0,6427800.0,0.0,1836.0,27936.0,63504.0,371016.0,7596.0,35676.0,74988.0,446076.0,4193712.0,0.0,1044.0,9108.0,79668.0,44217504.0,8532.0,50796.0,156564.0,582012.0,6867180.0,10080.0,119952.0,301176.0,965232.0,6366348.0,0.0,0.0,2700.0,44460.0,2110500.0,36.0,792.0,4284.0,65484.0,180396.0,667476.0,13.0,19435.77403,0.4075283333333333,0.13731979373109499,68.70391447606104,11.787983870967741,27.909619354838703,72.03580645161291,-0.10225806451612902,0.5793548387096775,543.3871122891999,10.831711858735995,35.14607261697786
0.17921910007067762,0.4374748347672931,2.004585958729167,0.8974268753658233,20.9,5.9145257333857515,10.0,3.0,3312.0,23724.0,59868.0,235152.0,1241964.0,252.0,7056.0,36936.0,153000.0,37385064.0,0.0,2736.0,9720.0,21456.0,641772.0,6660.0,50220.0,140148.0,594144.0,8434872.0,0.0,1656.0,8748.0,178200.0,15991812.0,2052.0,14040.0,43848.0,172620.0,924120.0,10728.0,95580.0,267048.0,1057572.0,8059896.0,0.0,108.0,468.0,18864.0,820368.0,0.0,1404.0,8388.0,87552.0,218628.0,710388.0,48.0,9205.662327,0.25526946715915005,0.1717866750362948,53.4215064016676,0.5086548387096774,24.430993548387097,63.55774193548386,-0.4822580645161292,-1.7735483870967739,528.9885368711483,16.358123800352,37.063382601315595
0.0494428726871746,0.290127384865683,0.8167082351612963,0.4758717909765089,9.555555555555555,1.8992986247385177,2.0,1.0,108.0,576.0,3456.0,18324.0,20664576.0,72.0,1116.0,5076.0,91260.0,4691988.0,0.0,792.0,1332.0,36288.0,1218780.0,3168.0,18432.0,54180.0,215280.0,5654592.0,360.0,4752.0,27684.0,379980.0,18154764.0,9648.0,80316.0,210744.0,828756.0,12250368.0,12168.0,112680.0,298368.0,900828.0,7853688.0,0.0,180.0,2484.0,7128.0,633888.0,324.0,1044.0,5868.0,63828.0,182160.0,663516.0,10.0,446.5182684,0.27874,0.26609622234694075,74.80679574630084,0.3486551724137931,18.951031034482757,64.34620689655172,0.057586206896551737,-0.48344827586206895,284.4410985329999,9.03830921914894,38.080436713167096
0.24340281524765572,0.5670753052335648,1.0114640051759292,2.235410220649671,13.166666666666666,2.165921341417448,12.0,4.0,0.0,36.0,9360.0,90720.0,1457496.0,180.0,720.0,6876.0,153540.0,3871080.0,0.0,0.0,972.0,11016.0,118692.0,144.0,6228.0,23328.0,53532.0,1655280.0,0.0,5904.0,65268.0,927504.0,48487428.0,20412.0,137808.0,325728.0,860832.0,13993128.0,3816.0,63432.0,178128.0,537912.0,2911140.0,0.0,0.0,324.0,2160.0,481824.0,864.0,2232.0,6912.0,68796.0,174744.0,504396.0,5.0,10720.10518,0.0,0.0,0.0,22.9844,17.67581290322581,69.89080645161292,-0.42516129032258054,-4.613225806451614,402.62691346453386,12.186290528931359,30.435164455503326
0.10389972254786721,0.3842314694097649,1.174976150138039,0.6354701777375306,14.363636363636363,3.9018603021887968,10.0,3.0,0.0,0.0,36.0,1332.0,318816.0,1656.0,104652.0,416772.0,1440576.0,57570948.0,0.0,216.0,252.0,3600.0,115524.0,6012.0,47232.0,87552.0,640836.0,5099508.0,5220.0,70956.0,159660.0,440820.0,9061452.0,10260.0,33912.0,71244.0,296352.0,3787200.0,4788.0,12996.0,20628.0,85176.0,868536.0,1152.0,1152.0,3780.0,97884.0,369720.0,216.0,864.0,2448.0,11628.0,25236.0,134892.0,378.0,15241.42093,0.131296890899221,0.0718522335899275,39.4868611870804,0.23720645161290324,23.5470935483871,75.37967741935483,-1.0841935483870968,-1.8525806451612905,459.4134511783902,15.978596348676714,39.4868611870804
0.11793120847551367,0.6908884026474654,0.4264509115534919,0.621994011856922,10.0,2.3019568864018267,7.0,2.0,180.0,2304.0,22536.0,50184.0,2289348.0,0.0,4932.0,39996.0,170100.0,8950140.0,0.0,2556.0,11520.0,31140.0,470556.0,3132.0,10296.0,38304.0,183168.0,5881428.0,0.0,16056.0,77040.0,385992.0,22149324.0,10116.0,76248.0,179784.0,610200.0,12737160.0,12528.0,111852.0,269604.0,971784.0,12116988.0,0.0,0.0,2952.0,27072.0,4443120.0,576.0,1548.0,5616.0,58608.0,143676.0,712224.0,136.0,15407.79543,0.36361554671531837,0.17505308798778813,41.12102387419001,8.042412903225806,28.904432258064514,63.70548387096775,0.7190322580645161,-0.5377419354838711,620.0580521325,11.082329843237437,34.640085602838404
0.1077315889532171,0.20092616994158133,1.1367267535998749,0.4667478253987051,15.6,3.256022455650927,9.0,3.0,0.0,2016.0,3024.0,22716.0,368892.0,0.0,13248.0,36504.0,243792.0,18107568.0,0.0,2232.0,14832.0,18396.0,131544.0,2808.0,8892.0,19620.0,130068.0,2635884.0,252.0,12096.0,57816.0,294588.0,33272388.0,15588.0,86976.0,222804.0,818892.0,10014156.0,7416.0,101628.0,278064.0,971172.0,5408820.0,0.0,756.0,1836.0,7848.0,2215008.0,0.0,0.0,5436.0,55044.0,150372.0,633996.0,90.0,33384.18737,0.16479952901785716,0.32147981569603296,75.64188776194146,0.5025200000000001,28.266660000000005,59.531333333333336,0.24600000000000002,-0.3143333333333333,547.9318431169003,17.146180747487,32.415272093052096
0.04632969477923606,0.5211157826121489,0.43117913359112503,0.5538567277764643,7.1,1.602703114183965,10.0,3.0,0.0,72.0,144.0,900.0,30143844.0,0.0,36.0,540.0,21888.0,4385412.0,0.0,0.0,13032.0,214236.0,1961064.0,396.0,2736.0,5400.0,103104.0,1754496.0,144.0,216.0,1872.0,43632.0,18564408.0,4644.0,57456.0,156888.0,544752.0,11634660.0,17136.0,137736.0,388908.0,1485180.0,5468832.0,0.0,396.0,1800.0,7920.0,149724.0,540.0,2268.0,9072.0,84168.0,216864.0,719856.0,13.0,537.3484137,0.43021551916221035,0.23893163780546767,88.55571076311905,2.9123709677419356,25.81310967741935,65.36419354838709,-1.4812903225806453,-2.190645161290322,437.02662929029555,21.615596949387164,43.86151027336825
0.041374085460370365,0.16708926626224516,0.82135002562,0.4091983354787279,6.636363636363637,2.069768954588511,1.0,4.0,0.0,0.0,0.0,72.0,7164.0,23868.0,270036.0,753912.0,2745720.0,61694784.0,0.0,0.0,0.0,65124.0,446868.0,6336.0,10980.0,19764.0,143640.0,4862088.0,324.0,324.0,10044.0,164448.0,9299376.0,756.0,1116.0,1476.0,17964.0,1763748.0,0.0,0.0,0.0,252.0,180684.0,0.0,0.0,0.0,0.0,13536.0,0.0,36.0,108.0,288.0,288.0,4248.0,841.0,10474.35103,0.6244671662611161,0.27344667408196976,67.58487649010733,8.02933548387097,9.61402580645161,91.35000000000001,-3.7458064516129035,-1.2800000000000002,221.18008717265502,19.24718036851659,33.910410771068236
0.09960698890543802,0.2438861968984675,0.366842601266468,0.42556689086327426,6.6,1.3270442357242078,2.0,1.0,0.0,1116.0,5328.0,15984.0,874152.0,144.0,1512.0,19512.0,361116.0,21854232.0,0.0,0.0,2484.0,35064.0,634536.0,72.0,1548.0,9900.0,105948.0,4010544.0,648.0,20052.0,126252.0,486396.0,23258952.0,17568.0,103572.0,263484.0,977616.0,10432332.0,10476.0,75168.0,147492.0,524340.0,8006184.0,1368.0,44964.0,107460.0,246096.0,3613320.0,0.0,0.0,1188.0,35100.0,102636.0,389448.0,244.0,21222.17111,0.627658377748958,0.385314218240095,22.6814287659083,129.9132,15.739914285714287,70.53217857142857,-0.47000000000000003,-1.3671428571428572,309.1271898770999,13.77745736505884,24.76219778197719
0.08191718313031424,0.35785128142138617,0.5357059746113414,0.6389885232154183,6.857142857142857,2.5469411825181822,8.0,3.0,0.0,0.0,36.0,720.0,3733812.0,0.0,0.0,720.0,65484.0,4323060.0,0.0,6912.0,7452.0,76500.0,3994344.0,7452.0,42300.0,103680.0,260856.0,3461760.0,36.0,36.0,828.0,5184.0,7228224.0,16200.0,115452.0,379080.0,1273212.0,28486188.0,4356.0,64944.0,161316.0,777492.0,12129120.0,0.0,0.0,0.0,288.0,1338768.0,0.0,216.0,3420.0,53136.0,132372.0,681588.0,12.0,5480.991045,0.3367976296048917,0.18152892886995545,74.1133234184112,21.522945161290316,28.45832580645161,75.86935483870967,0.2687096774193548,1.4303225806451618,490.03327650254005,14.866680320378558,39.9777965458446
0.1303571235029804,0.2540790961343891,1.2908578287277064,0.5075757329311317,8.4,3.5166218807025076,8.0,3.0,0.0,0.0,72.0,1692.0,122580.0,0.0,0.0,5976.0,20124.0,5088636.0,0.0,0.0,6984.0,15408.0,1749888.0,8568.0,56412.0,85968.0,130032.0,2382516.0,72.0,3168.0,25200.0,264060.0,27176832.0,14004.0,126072.0,260496.0,799956.0,18152712.0,288.0,40896.0,205416.0,1020240.0,11685960.0,0.0,1152.0,5220.0,73656.0,1293444.0,864.0,2772.0,8532.0,55188.0,189972.0,816084.0,33.0,30649.61061,0.16283843249794186,0.09952357834471613,30.124327667908297,391.7172000000001,28.263716129032257,64.16764516129031,0.21161290322580645,0.11161290322580648,576.6128402792403,32.2645944971545,30.109040047699395
0.07692236358312911,0.24711579933093258,0.7326851137402915,0.5202152372294807,10.0,2.3510594741940327,7.0,2.0,468.0,7524.0,13536.0,62496.0,184932.0,252.0,47520.0,203508.0,951732.0,52800732.0,0.0,144.0,180.0,2160.0,77004.0,1368.0,26172.0,56700.0,405864.0,4047984.0,2880.0,63468.0,152640.0,429660.0,8939844.0,17784.0,111924.0,312372.0,977724.0,9715392.0,4392.0,6588.0,6876.0,18216.0,632376.0,72.0,72.0,684.0,105300.0,334944.0,468.0,1260.0,4248.0,19332.0,38772.0,188352.0,378.0,15241.42093,0.3212313888888889,0.17364359112414832,25.372317336780032,3.0010516129032254,27.40247419354839,80.26935483870966,0.8880645161290324,1.9251612903225805,571.6170871249999,11.0059332870393,25.372317336780032
0.12583573949029653,0.21279230747122455,0.8238962744238396,0.8453290697941345,12.6,2.4359488207343536,11.0,4.0,0.0,180.0,1620.0,16704.0,1111032.0,0.0,1296.0,12492.0,65124.0,32436828.0,0.0,2340.0,8928.0,22356.0,529884.0,324.0,684.0,1296.0,15480.0,2249460.0,0.0,2556.0,13860.0,235872.0,17615160.0,4680.0,26532.0,94788.0,397656.0,10114164.0,18252.0,157356.0,422388.0,1617228.0,7307064.0,0.0,36.0,504.0,23328.0,1106604.0,0.0,1296.0,8208.0,91980.0,228888.0,747828.0,48.0,9205.662327,0.1370153340397676,0.08737049185499239,28.308352978684756,0.5203233333333334,20.64769333333333,66.09133333333332,-0.575,-1.7123333333333335,297.30635928500016,19.348260783541473,28.308352978684756
0.25277623586736636,0.7474610281279165,2.6267378921625,4.718622887065219,26.333333333333332,5.341240983149197,2.0,1.0,0.0,612.0,720.0,12132.0,127584.0,0.0,1944.0,10800.0,215172.0,16458120.0,12564.0,15876.0,15876.0,40752.0,363780.0,1404.0,5184.0,18324.0,230436.0,7293816.0,0.0,576.0,8136.0,120528.0,23168700.0,8136.0,75132.0,227880.0,869940.0,13181436.0,6444.0,120240.0,310320.0,971856.0,7344396.0,0.0,0.0,1404.0,31248.0,3887100.0,0.0,864.0,2916.0,63180.0,191484.0,649080.0,13.0,14435.29365,0.606968718096102,0.368400892627751,94.06824744854217,1.107317857142857,18.339860714285717,64.66607142857143,0.5267857142857143,-1.9110714285714283,459.09740514100014,27.2713348174063,46.01343756626971
0.04893932815433992,0.4014873084654219,0.8358521205345832,0.5919937540360415,14.0,3.4205692180578877,9.0,3.0,3312.0,23724.0,59868.0,235152.0,1241964.0,252.0,7056.0,36936.0,153000.0,37385064.0,0.0,2736.0,9720.0,21456.0,641772.0,6660.0,50220.0,140148.0,594144.0,8434872.0,0.0,1656.0,8748.0,178200.0,15991812.0,2052.0,14040.0,43848.0,172620.0,924120.0,10728.0,95580.0,267048.0,1057572.0,8059896.0,0.0,108.0,468.0,18864.0,820368.0,0.0,1404.0,8388.0,87552.0,218628.0,710388.0,48.0,9205.662327,0.3293594279553779,0.1834144950321407,52.72467771183743,1.4217699999999998,26.53323,65.59800000000001,-0.314,-1.5760000000000003,513.9526359129997,14.474908443629236,38.24976926820819
0.058871514019659295,0.20343466363295726,0.3334581006153703,0.41949303826561163,7.2,1.1627341128256778,6.0,2.0,0.0,864.0,7524.0,21960.0,870552.0,108.0,3996.0,44028.0,521892.0,21321756.0,0.0,0.0,5436.0,54108.0,503064.0,936.0,5328.0,8316.0,61704.0,2499012.0,468.0,19296.0,123804.0,491688.0,23333688.0,12132.0,63180.0,164232.0,688248.0,11684412.0,15156.0,100728.0,194472.0,624312.0,8113140.0,1548.0,54216.0,131076.0,273996.0,3682152.0,0.0,0.0,1116.0,35424.0,105660.0,404100.0,244.0,21222.17111,0.257967986317604,0.2946547223977198,55.82746373749006,2.96925,28.663026666666667,61.586666666666666,0.9656666666666667,2.2326666666666664,586.0538906865993,13.668784232256014,25.643797160406386
0.08847898361839099,0.2726082512530424,0.9791041779697242,0.4545206489233801,12.1,3.155782619639038,9.0,3.0,468.0,8352.0,17316.0,70344.0,1600884.0,0.0,1692.0,10944.0,55116.0,13787856.0,0.0,216.0,3492.0,125532.0,1221012.0,5112.0,15768.0,28764.0,139932.0,5337612.0,0.0,252.0,2052.0,68004.0,14170140.0,5832.0,58320.0,184248.0,758088.0,13111056.0,3096.0,79164.0,262584.0,1052676.0,14636412.0,15084.0,37944.0,41472.0,81216.0,4399488.0,0.0,72.0,1728.0,80964.0,234396.0,790524.0,100.0,15052.7619,0.33463623284060956,0.143588053601873,72.4619227444656,2.2295999999999996,28.717493333333326,61.70500000000001,-0.5203333333333333,-0.5233333333333333,544.5043570325003,15.289290291904406,33.943627406377864
0.1431193535956543,0.1470945101477284,0.8071532212112367,0.2628663743331485,10.0,1.989422297177148,7.0,2.0,0.0,1188.0,1944.0,20556.0,224712.0,0.0,6516.0,25236.0,207324.0,17753616.0,0.0,1728.0,10332.0,11988.0,109944.0,1584.0,5652.0,14040.0,109296.0,3430584.0,252.0,13680.0,61416.0,306252.0,33656508.0,18900.0,121788.0,303732.0,1099296.0,12834000.0,5328.0,76860.0,218124.0,760716.0,3613248.0,0.0,648.0,1548.0,6336.0,1773108.0,0.0,0.0,5436.0,54828.0,148500.0,619704.0,90.0,33384.18737,0.8155714058712076,0.375421153944837,32.8768955966757,103.8951,29.12274516129033,63.27374193548388,0.36129032258064514,0.667741935483871,637.5353399220003,11.2446114506064,33.485321781728835
0.03581560186382709,0.5049171284835994,0.5753471710768229,0.6811207227403862,7.625,2.3279827891831237,3.0,1.0,0.0,648.0,648.0,1116.0,20152080.0,10908.0,128304.0,469692.0,2115648.0,40664808.0,0.0,0.0,0.0,0.0,155340.0,0.0,72.0,4896.0,41436.0,2741328.0,5976.0,58896.0,130968.0,287712.0,2839896.0,14436.0,94500.0,176472.0,664416.0,6091200.0,0.0,288.0,756.0,19872.0,751500.0,0.0,0.0,0.0,0.0,864.0,0.0,0.0,0.0,0.0,2052.0,11232.0,72.0,1508.7111,0.8539475302226488,0.37761866884950296,87.57486560783175,0.29844193548387093,23.74112258064516,78.79161290322581,-2.825806451612904,-2.6345161290322583,634.5001823728398,21.111943885761214,50.1561125265785
0.11989750190655438,0.49518000163219467,1.7853013413654164,0.6607100702481754,18.5,5.949022674436752,10.0,3.0,72.0,4356.0,19332.0,275400.0,5139036.0,0.0,0.0,2880.0,57708.0,1771632.0,0.0,1512.0,6588.0,29376.0,1913868.0,180.0,4212.0,16704.0,23004.0,1355580.0,0.0,0.0,0.0,79920.0,285912.0,4068.0,18396.0,75420.0,332028.0,10368144.0,20448.0,134640.0,366120.0,1389384.0,35211204.0,0.0,180.0,252.0,792.0,1393848.0,540.0,1764.0,6732.0,119160.0,298152.0,953784.0,2.0,17057.75366,0.3112458915556574,0.1608977275529853,58.92362824525084,0.21851290322580644,25.11663225806452,63.57129032258063,-2.1777419354838714,-0.7335483870967741,422.71895935771977,15.540287233080845,34.35462631917259
0.1791821511375903,0.3401764207347898,2.2622531771322913,2.858484387633554,23.6,4.017722156983615,4.0,1.0,0.0,0.0,108.0,16740.0,1143972.0,0.0,576.0,3816.0,30276.0,4731696.0,0.0,1296.0,31824.0,105228.0,838404.0,2988.0,8316.0,20448.0,107964.0,4049748.0,0.0,360.0,4284.0,28044.0,31632048.0,576.0,9288.0,32256.0,259668.0,9710676.0,22932.0,162252.0,445284.0,1721232.0,17968896.0,0.0,0.0,468.0,10728.0,1712700.0,0.0,900.0,5004.0,100728.0,246564.0,861624.0,26.0,23385.85399,0.2927430138519203,0.17596456451948866,65.92358452259283,1.1971566666666666,24.3739,56.595,1.0053333333333332,-0.7816666666666667,573.11779381092,17.641044697944654,35.998047755254504
0.08532259491452819,0.4819757869754307,0.47885530111848695,0.5348983856323277,9.2,2.387401556507101,7.0,2.0,0.0,180.0,1620.0,16704.0,1111032.0,0.0,1296.0,12492.0,65124.0,32436828.0,0.0,2340.0,8928.0,22356.0,529884.0,324.0,684.0,1296.0,15480.0,2249460.0,0.0,2556.0,13860.0,235872.0,17615160.0,4680.0,26532.0,94788.0,397656.0,10114164.0,18252.0,157356.0,422388.0,1617228.0,7307064.0,0.0,36.0,504.0,23328.0,1106604.0,0.0,1296.0,8208.0,91980.0,228888.0,747828.0,48.0,9205.662327,0.39965941141164085,0.22117262731198023,53.88490702397234,6.196464516129033,29.03626774193548,66.97354838709676,1.1448387096774193,0.6506451612903225,633.3758192400005,16.659174503995693,37.225732519976646
0.1255879216694562,0.5328785413809015,3.022679024648797,5.618345556578538,31.333333333333332,4.778644153711569,3.0,1.0,0.0,612.0,720.0,12132.0,127584.0,0.0,1944.0,10800.0,215172.0,16458120.0,12564.0,15876.0,15876.0,40752.0,363780.0,1404.0,5184.0,18324.0,230436.0,7293816.0,0.0,576.0,8136.0,120528.0,23168700.0,8136.0,75132.0,227880.0,869940.0,13181436.0,6444.0,120240.0,310320.0,971856.0,7344396.0,0.0,0.0,1404.0,31248.0,3887100.0,0.0,864.0,2916.0,63180.0,191484.0,649080.0,13.0,14435.29365,0.7578322042095698,0.39455164853220764,87.39718847197106,0.8918677419354839,20.621158064516127,67.7341935483871,0.7245161290322577,-1.7870967741935484,556.6049117428802,22.981536294450116,43.862427841132515
0.14878025394493655,0.4056514298442207,1.0977033602645834,1.3192570432657447,14.0,2.7831881309819893,12.0,4.0,3312.0,23724.0,59868.0,235152.0,1241964.0,252.0,7056.0,36936.0,153000.0,37385064.0,0.0,2736.0,9720.0,21456.0,641772.0,6660.0,50220.0,140148.0,594144.0,8434872.0,0.0,1656.0,8748.0,178200.0,15991812.0,2052.0,14040.0,43848.0,172620.0,924120.0,10728.0,95580.0,267048.0,1057572.0,8059896.0,0.0,108.0,468.0,18864.0,820368.0,0.0,1404.0,8388.0,87552.0,218628.0,710388.0,48.0,9205.662327,0.29560264705882355,0.2987469755048544,85.3957803529864,3.653325806451613,17.705261290322582,69.3583870967742,-0.6732258064516127,-2.294193548387097,299.7570519896127,13.96766627553314,43.20691306414567
0.049746365078289376,0.22630632939728365,1.0804106212180558,0.09566389958112423,9.0,2.8076716016352004,9.0,3.0,36.0,36.0,72.0,2520.0,56844.0,23616.0,269244.0,753732.0,2745756.0,61570800.0,0.0,0.0,0.0,64224.0,334404.0,1980.0,2628.0,2628.0,43164.0,1423728.0,324.0,324.0,9792.0,158112.0,9181944.0,1296.0,2160.0,2592.0,19656.0,2378124.0,1548.0,1656.0,1692.0,41976.0,1638000.0,0.0,0.0,0.0,36.0,72828.0,0.0,432.0,2520.0,6660.0,15120.0,65988.0,841.0,10474.35103,0.3964872087526885,0.22780932439736043,68.58998004429695,13.042366666666668,21.704733333333333,90.61366666666666,-1.092,-0.5646666666666668,365.5013757785004,18.199461890358165,35.13082239189167
0.12891994097347725,0.38216973083088795,0.45819814194206526,0.4530247627316427,8.0,1.7589963029062,2.0,1.0,72.0,468.0,1044.0,5400.0,1631988.0,0.0,5436.0,38916.0,160704.0,7778952.0,0.0,5004.0,16776.0,35640.0,527652.0,2952.0,8928.0,43596.0,184860.0,6713064.0,0.0,15948.0,76716.0,385992.0,22281840.0,8424.0,34200.0,109656.0,381456.0,10997712.0,14220.0,151920.0,346536.0,1225944.0,13950468.0,0.0,0.0,2268.0,25056.0,4760928.0,396.0,1512.0,5868.0,61056.0,149004.0,736560.0,136.0,15407.79543,0.0,0.0,0.0,313.505,14.720014285714289,81.08053571428572,-1.9164285714285718,-1.4228571428571428,159.18384981669996,10.22341675392179,38.35407932418193
0.07781124824877568,0.45833374097677054,0.5098635466133796,0.47330814722355696,8.2,1.866525310237447,10.0,3.0,252.0,432.0,1080.0,4500.0,898380.0,0.0,0.0,3492.0,13932.0,6106356.0,0.0,7020.0,12204.0,32904.0,766980.0,5760.0,32148.0,52920.0,186840.0,2682288.0,0.0,12636.0,43344.0,507060.0,39385440.0,18144.0,116568.0,297684.0,994032.0,13874184.0,3024.0,73764.0,234936.0,816336.0,6865020.0,0.0,36.0,324.0,4464.0,491796.0,288.0,1620.0,4140.0,40068.0,139680.0,581364.0,5.0,6703.15719,0.30414752469135803,0.2071568343304622,30.191091416119143,18.98529677419355,23.033935483870973,72.39193548387095,-0.0845161290322581,-0.25225806451612903,186.06775905802598,17.051114218556272,34.951436335224365
0.14979238306488113,0.48683113447817156,1.8417109340000004,0.8300831164970127,19.9,5.66263013901503,10.0,3.0,108.0,9108.0,15480.0,52092.0,1196892.0,0.0,972.0,4140.0,7128.0,11003004.0,0.0,4644.0,7812.0,40752.0,1343340.0,216.0,2052.0,8676.0,26172.0,6104664.0,0.0,0.0,1080.0,1332.0,13331664.0,7164.0,49356.0,105264.0,358128.0,15109992.0,18900.0,129924.0,357300.0,1605852.0,17765928.0,0.0,216.0,324.0,9972.0,2187180.0,0.0,0.0,4968.0,86148.0,285156.0,1039860.0,18.0,6622.610663,0.3808228241298442,0.24288313550335533,40.27479758035681,0.0,24.806029032258063,63.349999999999994,-1.5629032258064515,-2.3161290322580648,521.8848029734048,19.502254798984566,40.27479758035681
0.04207324147551331,0.42061800298266894,0.18533388637720832,0.4856289599385494,4.4,0.77208307502184,12.0,4.0,0.0,72.0,144.0,900.0,30143844.0,0.0,36.0,540.0,21888.0,4385412.0,0.0,0.0,13032.0,214236.0,1961064.0,396.0,2736.0,5400.0,103104.0,1754496.0,144.0,216.0,1872.0,43632.0,18564408.0,4644.0,57456.0,156888.0,544752.0,11634660.0,17136.0,137736.0,388908.0,1485180.0,5468832.0,0.0,396.0,1800.0,7920.0,149724.0,540.0,2268.0,9072.0,84168.0,216864.0,719856.0,13.0,537.3484137,0.4945977409485939,0.3133725678991179,43.61873574301524,0.23923870967741934,21.053470967741934,68.54193548387097,-1.0361290322580645,-2.1425806451612903,293.10882336566993,27.179477356264037,43.61873574301524
0.2124229107682526,0.601334055293181,0.5547836180975464,0.7237265791224696,10.444444444444445,1.9415081455861387,10.0,3.0,0.0,36.0,504.0,2880.0,2287188.0,0.0,0.0,0.0,10404.0,5999760.0,360.0,8280.0,13824.0,51984.0,3838176.0,1080.0,3456.0,4752.0,12672.0,1858428.0,0.0,0.0,180.0,10728.0,2787408.0,12852.0,87696.0,190080.0,736488.0,16177392.0,11952.0,115056.0,340452.0,1379700.0,24128460.0,0.0,0.0,0.0,13428.0,4451220.0,0.0,1440.0,5256.0,67824.0,235944.0,922968.0,6.0,17454.33105,0.48549836995960377,0.21003588825710154,45.315765081854735,0.4416258064516129,24.516309677419354,66.76322580645163,-2.866129032258065,-0.8896774193548387,263.5804565308298,11.0012421812833,34.31452290057143
0.13286895466079823,0.163116712176102,1.812593518246042,1.5862878237501632,16.7,4.624482697300293,5.0,2.0,0.0,1044.0,4608.0,20880.0,1134252.0,0.0,144.0,3780.0,16956.0,4065480.0,0.0,864.0,12888.0,40536.0,328032.0,1260.0,7632.0,18684.0,92988.0,5897304.0,0.0,36.0,3852.0,24588.0,30468240.0,10620.0,38916.0,108324.0,535356.0,14265072.0,14580.0,132732.0,380376.0,1473840.0,14401980.0,0.0,0.0,396.0,9684.0,1262484.0,0.0,828.0,5040.0,101448.0,252144.0,884520.0,26.0,23385.85399,0.19822816666666668,0.11836193696921495,39.95301971441663,6.76715806451613,26.41081612903226,66.49580645161289,0.5709677419354837,-0.33806451612903227,416.62949236980006,24.19610505100724,39.95301971441663
0.0270192420618251,0.16034295706831359,0.6261109073132576,0.07982247699917175,7.181818181818182,2.1781619636019,8.0,3.0,36.0,36.0,72.0,2520.0,56844.0,23616.0,269244.0,753732.0,2745756.0,61570800.0,0.0,0.0,0.0,64224.0,334404.0,1980.0,2628.0,2628.0,43164.0,1423728.0,324.0,324.0,9792.0,158112.0,9181944.0,1296.0,2160.0,2592.0,19656.0,2378124.0,1548.0,1656.0,1692.0,41976.0,1638000.0,0.0,0.0,0.0,36.0,72828.0,0.0,432.0,2520.0,6660.0,15120.0,65988.0,841.0,10474.35103,0.2095404502164502,0.23723405382475535,63.269304748106954,17.22505806451613,23.95258387096774,86.81451612903227,-0.6535483870967743,0.600967741935484,511.26793995428005,10.078549682366,33.86069543645415
0.0903407793941153,0.3866474123206847,1.4349267247363888,1.875423624086765,20.125,3.6399126672134563,4.0,1.0,0.0,468.0,648.0,3816.0,216648.0,0.0,3996.0,7956.0,32904.0,6632532.0,0.0,1332.0,28908.0,138780.0,2207700.0,14040.0,71028.0,138960.0,402336.0,9612576.0,0.0,0.0,288.0,7596.0,6591744.0,9648.0,115956.0,324684.0,1139076.0,21286692.0,1476.0,34452.0,115812.0,652932.0,13201596.0,0.0,216.0,216.0,1368.0,2635452.0,0.0,648.0,6228.0,55116.0,167868.0,762588.0,69.0,17428.37218,0.7852894869704246,0.3485352873704717,86.14505033775151,0.21212,23.535443333333337,60.50199999999998,0.7130000000000002,-1.3543333333333336,544.8892536506098,20.925374984945496,43.61877144047693
0.26121478822560945,0.654425528572379,3.1925948585206405,7.5244210682534485,32.0,4.4043331677975015,12.0,4.0,0.0,40356.0,69480.0,137772.0,8090604.0,0.0,540.0,792.0,128484.0,7688448.0,0.0,4104.0,9324.0,47088.0,1636704.0,7884.0,24552.0,36036.0,159444.0,6909444.0,0.0,108.0,684.0,2376.0,268020.0,16164.0,112932.0,297360.0,1203912.0,21801528.0,3888.0,32868.0,138780.0,531252.0,7912656.0,0.0,72.0,828.0,14472.0,425124.0,0.0,864.0,3528.0,67248.0,231912.0,916488.0,3.0,3430.762574,0.19639304205823976,0.10235474809652008,36.19734395656664,0.0,20.60194516129032,62.3167741935484,0.4235483870967742,-1.9893548387096776,382.685499647437,5.20268995351881,30.99465400304783
0.0917434090410987,0.5879116573917191,0.4275359201130794,0.6752963159047337,9.0,2.327213444448479,7.0,2.0,0.0,468.0,648.0,3816.0,216648.0,0.0,3996.0,7956.0,32904.0,6632532.0,0.0,1332.0,28908.0,138780.0,2207700.0,14040.0,71028.0,138960.0,402336.0,9612576.0,0.0,0.0,288.0,7596.0,6591744.0,9648.0,115956.0,324684.0,1139076.0,21286692.0,1476.0,34452.0,115812.0,652932.0,13201596.0,0.0,216.0,216.0,1368.0,2635452.0,0.0,648.0,6228.0,55116.0,167868.0,762588.0,69.0,17428.37218,0.5801417830189902,0.2497879875017042,78.72701626482835,3.757232258064516,29.559061290322585,64.97548387096774,1.1316129032258067,0.5212903225806451,623.3838896115999,20.49171320407311,37.66491179627837
0.1395814252980137,0.6057102795230438,3.47103729251,6.295586568194656,30.1,5.355878091965099,3.0,1.0,0.0,144.0,14184.0,122328.0,1665936.0,504.0,1152.0,12780.0,155196.0,3542976.0,0.0,648.0,6048.0,40536.0,320220.0,3132.0,29304.0,65340.0,114192.0,2104236.0,0.0,5868.0,66996.0,935676.0,48655656.0,8964.0,58680.0,140796.0,490968.0,12223404.0,13032.0,122724.0,316404.0,793224.0,4013748.0,36.0,72.0,720.0,3384.0,575784.0,864.0,1908.0,5760.0,64224.0,162288.0,486756.0,5.0,10720.10518,0.7199770718912732,0.37465641372333935,90.26051130116919,0.18801290322580647,20.4851064516129,73.56806451612906,0.4009677419354839,-2.447096774193549,594.5584540902804,19.31767992153043,45.52734493557152
0.15706471822300155,0.6764265748274045,0.9472518579708333,1.006466095679734,13.6,2.885258387261869,11.0,4.0,0.0,1512.0,4500.0,60480.0,4570812.0,360.0,4680.0,11772.0,80136.0,15725088.0,0.0,0.0,1152.0,35244.0,925524.0,648.0,5328.0,11772.0,29772.0,4261716.0,0.0,396.0,12240.0,345384.0,7897032.0,11664.0,93384.0,178056.0,452844.0,10234260.0,9432.0,76068.0,273564.0,1198260.0,21777552.0,0.0,432.0,1224.0,9324.0,922248.0,468.0,2988.0,9180.0,100764.0,291456.0,930024.0,4.0,12791.38051,0.38498796884531594,0.17963200291944914,66.65757493590388,0.12578666666666666,22.11406666666667,69.77799999999999,-2.6899999999999995,-0.5843333333333334,307.7975400269997,17.752130250411447,37.34342156911416
0.05734711517192468,0.3384383185844444,1.0050997222002314,0.7047986951527202,14.11111111111111,2.8399182185189074,2.0,1.0,36.0,900.0,32760.0,130248.0,784260.0,216.0,45612.0,134424.0,555732.0,45369864.0,0.0,36.0,3276.0,12960.0,710784.0,3816.0,25020.0,84996.0,335880.0,5411196.0,0.0,5256.0,26640.0,264132.0,5267916.0,4284.0,19512.0,84276.0,255852.0,3836376.0,16164.0,98532.0,194040.0,616968.0,8426952.0,0.0,0.0,5796.0,59184.0,808812.0,648.0,1656.0,6948.0,87912.0,218700.0,910404.0,9.0,12779.34997,0.547791365079365,0.2508505542286832,55.8532591072468,2.20811724137931,17.483675862068967,69.08068965517242,-1.0434482758620687,-1.0320689655172415,303.3491697553004,14.018191773258442,35.954242133162424
0.1241123712261373,0.4591095985767053,0.9304273077141225,0.5346487408294557,11.636363636363637,2.9082874978639954,10.0,3.0,0.0,324.0,1080.0,5688.0,373428.0,0.0,4716.0,9072.0,27468.0,5372712.0,0.0,1116.0,29052.0,141300.0,2318760.0,12672.0,56844.0,104364.0,330048.0,7367256.0,0.0,0.0,360.0,4752.0,6465744.0,3168.0,28692.0,70884.0,222732.0,8117892.0,10296.0,131652.0,384840.0,1607904.0,26628948.0,0.0,360.0,360.0,2916.0,4186764.0,0.0,324.0,5184.0,59004.0,185364.0,798480.0,69.0,17428.37218,0.6310634873684041,0.2757691306222218,41.620760406970525,12.7235,26.10289032258064,58.16199999999999,0.42161290322580647,-2.0103225806451612,473.2674131000199,22.4553132982212,42.15198266931883
0.0644396435090613,0.23655575408773333,0.6297695052177689,0.46247750948721605,6.9,2.7129112341957557,8.0,3.0,0.0,0.0,0.0,72.0,7164.0,23868.0,270036.0,753912.0,2745720.0,61694784.0,0.0,0.0,0.0,65124.0,446868.0,6336.0,10980.0,19764.0,143640.0,4862088.0,324.0,324.0,10044.0,164448.0,9299376.0,756.0,1116.0,1476.0,17964.0,1763748.0,0.0,0.0,0.0,252.0,180684.0,0.0,0.0,0.0,0.0,13536.0,0.0,36.0,108.0,288.0,288.0,4248.0,841.0,10474.35103,0.4568320648873232,0.1648601474152533,71.21893712051497,7.432412903225807,23.41879677419355,91.18387096774194,0.2538709677419354,0.4912903225806452,465.37647325150505,18.245919310409185,31.365252011264495
0.32208188033294904,0.9539012895903907,3.3475120876094437,7.334610543412119,37.18181818181818,5.1214991573399535,1.0,4.0,0.0,36.0,288.0,3924.0,857016.0,0.0,180.0,12960.0,37008.0,7114968.0,0.0,0.0,9900.0,30780.0,2116368.0,15948.0,100296.0,174312.0,329508.0,5897412.0,0.0,3240.0,24840.0,268092.0,27456480.0,7452.0,88056.0,213912.0,772884.0,13663944.0,3168.0,51876.0,198900.0,930492.0,10530288.0,0.0,1296.0,3924.0,70920.0,1410696.0,288.0,1296.0,4824.0,37980.0,146412.0,697644.0,33.0,30649.61061,0.5362515686118569,0.20338972011831605,51.99606678308135,0.11530645161290323,15.616545161290322,60.18322580645161,0.4458064516129032,-1.6974193548387098,389.4262669981003,15.881388277496697,37.313347314454354
0.10150145213638957,0.5367138651508785,0.4395157357958589,0.5460895149001441,8.0,2.539343244050069,6.0,2.0,0.0,2520.0,4896.0,16740.0,366552.0,0.0,1512.0,2916.0,6624.0,12186756.0,0.0,6408.0,12600.0,59616.0,1355508.0,684.0,4572.0,14724.0,43344.0,5660064.0,0.0,0.0,1296.0,1764.0,13306140.0,11484.0,92124.0,212868.0,837252.0,16455384.0,14400.0,91656.0,256140.0,1151712.0,16518600.0,0.0,144.0,216.0,7920.0,2204604.0,0.0,72.0,4860.0,83808.0,279756.0,1016208.0,18.0,6622.610663,0.40052018472620765,0.21232823597935133,78.03280890453404,6.396026666666668,28.339389999999998,67.41533333333334,2.6249999999999996,1.3203333333333336,592.4954033268998,36.90669101567365,31.18966291018523
0.18838000417534936,0.25927197745587255,2.199470369107917,2.898562841822855,20.9,4.888545851873259,4.0,1.0,180.0,1080.0,17172.0,123912.0,2553768.0,468.0,2016.0,12132.0,174276.0,4952880.0,0.0,468.0,3312.0,36360.0,205380.0,2232.0,25272.0,63936.0,137520.0,2397924.0,0.0,3276.0,55044.0,873036.0,44607456.0,8244.0,67464.0,162720.0,429912.0,7908012.0,13644.0,113436.0,286416.0,819144.0,9133344.0,0.0,72.0,576.0,3312.0,633312.0,828.0,2016.0,6696.0,69840.0,183420.0,544176.0,5.0,10720.10518,0.4533115641025641,0.3030720443663398,89.6940700563207,1.7933899999999998,24.407550000000008,72.16633333333333,0.9656666666666662,-0.898,609.7097947463305,9.08100475318993,61.6776942811408
0.04752335579187641,0.41787023979235494,0.6229503303195416,0.6429841066055985,10.333333333333334,2.238334883029954,7.0,2.0,108.0,9108.0,15480.0,52092.0,1196892.0,0.0,972.0,4140.0,7128.0,11003004.0,0.0,4644.0,7812.0,40752.0,1343340.0,216.0,2052.0,8676.0,26172.0,6104664.0,0.0,0.0,1080.0,1332.0,13331664.0,7164.0,49356.0,105264.0,358128.0,15109992.0,18900.0,129924.0,357300.0,1605852.0,17765928.0,0.0,216.0,324.0,9972.0,2187180.0,0.0,0.0,4968.0,86148.0,285156.0,1039860.0,18.0,6622.610663,0.21501381465910308,0.21751239846501613,63.763624014685405,1.2224870967741939,29.587993548387097,64.89387096774193,2.5670967741935486,1.3832258064516136,672.81775391924,13.6172148262005,29.03698296923737
0.07039874251172576,0.23988697320212507,1.2263164288933333,0.46249957489849225,11.8,3.7124494294311896,5.0,2.0,792.0,6660.0,12384.0,25380.0,15036228.0,2052.0,37116.0,215892.0,1494468.0,34953588.0,144.0,1800.0,3024.0,48240.0,748260.0,8676.0,52020.0,123804.0,435852.0,5531328.0,0.0,2376.0,12492.0,42876.0,2119536.0,7452.0,50652.0,106020.0,246060.0,5895216.0,7776.0,83016.0,203004.0,575028.0,8929584.0,0.0,108.0,108.0,1584.0,470016.0,36.0,684.0,4608.0,48528.0,109116.0,271800.0,5.0,3129.911321,1.2363675,0.3926548556953963,45.90682269997997,10.518432258064516,23.531967741935482,71.57548387096774,-0.9735483870967739,-0.23967741935483874,373.46917833059985,16.972456424174815,33.95388195515077
0.057444460621773503,0.43785557881377535,0.4573762101533333,0.43523627397256964,7.181818181818182,2.753039722842194,8.0,3.0,0.0,1152.0,1152.0,1296.0,24737328.0,21456.0,166680.0,531720.0,2408220.0,41169420.0,0.0,0.0,0.0,0.0,148428.0,0.0,72.0,1728.0,50544.0,2817000.0,5436.0,57420.0,129132.0,285804.0,2837664.0,4572.0,57204.0,117036.0,372528.0,5664996.0,0.0,0.0,720.0,7812.0,403524.0,0.0,0.0,0.0,0.0,504.0,0.0,0.0,0.0,0.0,3924.0,15120.0,72.0,1508.7111,0.36199095555555555,0.2822839004264085,58.7509091421558,14.075574193548386,28.18713225806452,84.66322580645162,-0.28451612903225765,-0.09193548387096767,535.0168808680303,21.70610710327462,32.4113608180743
0.08265248505975191,0.34693402478177066,0.5769452173326556,0.5631221402616583,8.4,2.6013008026117777,8.0,3.0,0.0,0.0,144.0,4500.0,1258848.0,0.0,0.0,4536.0,29232.0,7207164.0,0.0,7920.0,15732.0,44784.0,1071612.0,9684.0,50400.0,79596.0,226800.0,5407596.0,0.0,13140.0,51516.0,539244.0,41023224.0,11628.0,72900.0,214452.0,767448.0,8379360.0,8784.0,104724.0,291276.0,980676.0,7258608.0,0.0,0.0,0.0,5688.0,452988.0,252.0,792.0,1404.0,33804.0,127692.0,542988.0,5.0,6703.15719,0.20922854762507778,0.09767469203724433,38.1726966727777,4.4016161290322575,28.102400000000006,67.17741935483872,-0.5661290322580644,-0.23903225806451614,614.6718058007998,12.934433469977273,34.15310376008525
0.10497508059947451,0.3104975695428253,0.6045347892336668,0.4667665471953408,9.0,2.2019871663898445,8.0,3.0,0.0,828.0,4968.0,30276.0,4214916.0,0.0,72.0,468.0,48888.0,6909048.0,0.0,5040.0,5796.0,60228.0,1280772.0,3348.0,20484.0,56340.0,156744.0,2644560.0,180.0,180.0,792.0,4356.0,6750540.0,14544.0,109044.0,329400.0,1117188.0,20372976.0,8496.0,88092.0,245232.0,1018296.0,20647584.0,0.0,0.0,0.0,648.0,1803168.0,0.0,288.0,4896.0,58752.0,142416.0,704772.0,12.0,5480.991045,0.18255627594924492,0.19412903263269637,68.5536377020305,21.295654838709677,28.717261290322572,71.74870967741934,0.27129032258064517,0.393225806451613,503.5832753390702,14.026577005408898,35.90951528200686
0.07489837536847857,0.28176167772076943,1.6055560815432497,0.312749879688612,12.9,4.031598320624264,5.0,2.0,72.0,4356.0,19332.0,275400.0,5139036.0,0.0,0.0,2880.0,57708.0,1771632.0,0.0,1512.0,6588.0,29376.0,1913868.0,180.0,4212.0,16704.0,23004.0,1355580.0,0.0,0.0,0.0,79920.0,285912.0,4068.0,18396.0,75420.0,332028.0,10368144.0,20448.0,134640.0,366120.0,1389384.0,35211204.0,0.0,180.0,252.0,792.0,1393848.0,540.0,1764.0,6732.0,119160.0,298152.0,953784.0,2.0,17057.75366,0.47913674621212127,0.17636836754986818,79.95425460993997,5.746148387096775,24.861583870967742,65.53064516129032,-1.766451612903225,-0.18290322580645163,389.08999158929015,26.9525883590743,40.666008937258354
0.2516050752785669,0.4406451664275539,3.3337490870708337,6.5204821822602925,21.0,4.185306577539148,12.0,4.0,0.0,25668.0,44388.0,96876.0,18348516.0,0.0,252.0,720.0,109584.0,7273296.0,0.0,4068.0,7236.0,23436.0,927036.0,4068.0,9216.0,13032.0,62712.0,4813812.0,0.0,0.0,396.0,1044.0,230400.0,11412.0,63072.0,105948.0,474768.0,10553940.0,12132.0,104472.0,354096.0,1348416.0,20670372.0,0.0,792.0,3132.0,28980.0,937908.0,0.0,936.0,3852.0,75168.0,256068.0,995472.0,3.0,3430.762574,0.13250854166666665,0.09452118750829987,29.216502281930172,0.9023709677419355,20.775499999999997,66.33483870967743,0.46677419354838706,-2.119677419354839,369.80766410851015,19.00352966005753,29.216502281930172
0.09720544417835089,0.7003537804451233,0.6675160403604082,0.530405527675809,9.181818181818182,2.2720312926838777,10.0,3.0,0.0,0.0,14040.0,330516.0,6298848.0,0.0,144.0,5508.0,126396.0,2877624.0,0.0,4320.0,44028.0,166320.0,5869188.0,6768.0,28476.0,65808.0,165168.0,6651612.0,0.0,0.0,0.0,81684.0,375228.0,1872.0,8892.0,28476.0,109764.0,2641176.0,19656.0,135144.0,356616.0,1292940.0,33493212.0,0.0,144.0,180.0,720.0,1432368.0,324.0,756.0,3204.0,105336.0,270792.0,867888.0,2.0,17057.75366,0.12088983521455174,0.06617606352963891,29.419600977690607,393.4176,24.24844193548387,70.54251612903226,-3.3912903225806446,-0.735806451612903,273.65992699074985,23.444668586442,29.691188813656456
0.23377236666171752,0.4973182422505682,1.639555734238562,2.221343874448761,16.88888888888889,3.7167493915625727,4.0,1.0,0.0,0.0,72.0,1116.0,72900.0,0.0,180.0,2196.0,147744.0,3510864.0,0.0,684.0,9288.0,26424.0,211392.0,0.0,1116.0,8136.0,132192.0,1343448.0,0.0,756.0,8064.0,78624.0,44472636.0,9720.0,86292.0,254448.0,1131696.0,14460120.0,16452.0,128556.0,315000.0,911160.0,5473800.0,0.0,0.0,2484.0,31680.0,1472652.0,180.0,1224.0,5148.0,65340.0,185796.0,680724.0,13.0,19435.77403,0.37362232948251406,0.2237713059561811,41.21464799406877,31.6407,23.760113333333333,63.16516666666667,0.795,-1.199666666666666,589.9056676367201,6.571473548866759,40.338451520886544
0.04782292508678099,0.1594539402147474,0.3515756593716667,0.6005327296566669,7.333333333333333,0.9645592311862529,12.0,4.0,0.0,936.0,1980.0,5184.0,743184.0,0.0,3204.0,11016.0,19404.0,13295916.0,0.0,13680.0,25740.0,113256.0,1770192.0,1800.0,8496.0,22860.0,79668.0,7270812.0,0.0,0.0,1224.0,2016.0,13779828.0,5616.0,31896.0,84780.0,334584.0,11066004.0,18900.0,138564.0,358272.0,1578744.0,18128628.0,0.0,180.0,288.0,9648.0,2380212.0,0.0,0.0,5040.0,85464.0,279072.0,998784.0,18.0,6622.610663,1.0384056757154883,0.16920664238638625,39.55689844455373,1.3372387096774194,17.895525806451612,74.09096774193549,-2.6603225806451616,-3.732903225806452,227.71070334063023,17.471856031157355,39.55689844455373
0.08687660683678508,0.5533802588276615,0.36204107362536475,0.5872774964886054,7.1,1.6830126595672243,7.0,2.0,0.0,0.0,144.0,4500.0,1258848.0,0.0,0.0,4536.0,29232.0,7207164.0,0.0,7920.0,15732.0,44784.0,1071612.0,9684.0,50400.0,79596.0,226800.0,5407596.0,0.0,13140.0,51516.0,539244.0,41023224.0,11628.0,72900.0,214452.0,767448.0,8379360.0,8784.0,104724.0,291276.0,980676.0,7258608.0,0.0,0.0,0.0,5688.0,452988.0,252.0,792.0,1404.0,33804.0,127692.0,542988.0,5.0,6703.15719,0.4805160215924635,0.24840961738119,37.335050932109546,6.720351612903224,29.15406774193548,66.08516129032257,-0.5219354838709678,-0.24645161290322584,731.4696735600011,12.85969217472654,32.45867174864654
0.1624340615659544,0.3667134888464356,0.759436126737029,0.2833918884104057,10.666666666666666,2.473273021707626,5.0,2.0,0.0,468.0,1872.0,9036.0,1038132.0,0.0,2124.0,14076.0,95868.0,35725032.0,0.0,3096.0,10764.0,25056.0,654192.0,1584.0,2376.0,6876.0,49176.0,3458016.0,0.0,2556.0,12564.0,227556.0,17505576.0,3204.0,25128.0,88308.0,309240.0,5708808.0,18612.0,153360.0,412956.0,1626444.0,7541388.0,0.0,72.0,612.0,24624.0,1090800.0,0.0,1512.0,7992.0,93492.0,237384.0,774396.0,48.0,9205.662327,0.2898198636768094,0.16922191161553524,36.00058385733166,538.4070999999999,22.892264516129032,73.63629032258066,0.3080645161290323,-0.7941935483870967,393.5520527226601,10.2317199993352,36.876454281028835
0.10103390030549873,0.31831033121422586,2.7085870436736608,3.9383523929741764,28.142857142857142,4.546767292595087,3.0,1.0,0.0,180.0,1620.0,16704.0,1111032.0,0.0,1296.0,12492.0,65124.0,32436828.0,0.0,2340.0,8928.0,22356.0,529884.0,324.0,684.0,1296.0,15480.0,2249460.0,0.0,2556.0,13860.0,235872.0,17615160.0,4680.0,26532.0,94788.0,397656.0,10114164.0,18252.0,157356.0,422388.0,1617228.0,7307064.0,0.0,36.0,504.0,23328.0,1106604.0,0.0,1296.0,8208.0,91980.0,228888.0,747828.0,48.0,9205.662327,0.7803961085657891,0.3770816175284606,92.43257059807067,1.9062645161290324,18.822454838709675,73.24548387096773,0.17354838709677417,-1.38741935483871,439.25474178305365,20.24359152429145,50.65764769269302
0.1313395104900804,0.45948059345394116,1.2343130338962576,0.8255418823787297,14.818181818181818,3.9981920711963284,10.0,3.0,0.0,612.0,720.0,12132.0,127584.0,0.0,1944.0,10800.0,215172.0,16458120.0,12564.0,15876.0,15876.0,40752.0,363780.0,1404.0,5184.0,18324.0,230436.0,7293816.0,0.0,576.0,8136.0,120528.0,23168700.0,8136.0,75132.0,227880.0,869940.0,13181436.0,6444.0,120240.0,310320.0,971856.0,7344396.0,0.0,0.0,1404.0,31248.0,3887100.0,0.0,864.0,2916.0,63180.0,191484.0,649080.0,13.0,14435.29365,0.43939719297134233,0.2913643532209674,80.67523891290013,0.12910967741935483,26.8552935483871,59.983225806451635,0.3254838709677419,-1.373225806451613,476.62101275521985,19.540805445820116,40.960437711696756
0.19672062977964694,0.5347550944390742,3.0665876565996273,5.204878908956618,23.4,4.263150994222484,1.0,4.0,0.0,36.0,9360.0,90720.0,1457496.0,180.0,720.0,6876.0,153540.0,3871080.0,0.0,0.0,972.0,11016.0,118692.0,144.0,6228.0,23328.0,53532.0,1655280.0,0.0,5904.0,65268.0,927504.0,48487428.0,20412.0,137808.0,325728.0,860832.0,13993128.0,3816.0,63432.0,178128.0,537912.0,2911140.0,0.0,0.0,324.0,2160.0,481824.0,864.0,2232.0,6912.0,68796.0,174744.0,504396.0,5.0,10720.10518,1.0973523008484358,0.43260179687208306,32.60320766117205,21.668,17.56647419354839,75.065,-0.2280645161290322,-3.899032258064517,362.7504349179999,12.1355387545046,39.59367580617675
0.07776675689789134,0.3018807917266983,0.7688497376127641,0.5286140585188008,11.0,3.1683104275781853,8.0,3.0,0.0,0.0,30636.0,135072.0,712656.0,720.0,33696.0,112680.0,469368.0,44240832.0,0.0,108.0,2268.0,9720.0,817272.0,10008.0,71748.0,201924.0,648648.0,8903916.0,0.0,6048.0,26676.0,266796.0,5304744.0,10080.0,77040.0,180828.0,659628.0,9137484.0,5220.0,39672.0,96840.0,337860.0,3885516.0,0.0,0.0,900.0,20088.0,362484.0,828.0,1764.0,5400.0,54432.0,132768.0,594252.0,9.0,12779.34997,0.228439279490758,0.129625047784161,55.9311480323013,9.560754838709677,28.556090322580644,67.06387096774193,-0.28032258064516136,-0.6051612903225808,550.3316175223501,20.196194877176495,55.9311480323013
0.08050761872410873,0.18072256234488276,0.9038332511992918,0.4479308122701379,9.4,2.1404368236350573,5.0,2.0,72.0,1296.0,3420.0,36936.0,21521520.0,0.0,216.0,540.0,28656.0,3311424.0,0.0,0.0,0.0,11844.0,653004.0,288.0,1944.0,16128.0,129276.0,6806340.0,288.0,2700.0,18540.0,297972.0,14391648.0,9252.0,87012.0,250128.0,938592.0,11903040.0,15480.0,121464.0,305748.0,1001952.0,12292884.0,0.0,0.0,1980.0,5904.0,691308.0,360.0,1260.0,6012.0,68040.0,189000.0,690228.0,10.0,446.5182684,0.7139986606060607,0.17219469594901746,84.5685330047535,6.807822580645162,23.839229032258054,69.02032258064517,-0.18258064516129036,-0.44,368.4970501023041,18.2724628973256,36.974753886347706
0.1594156080477738,0.3274271294319243,0.5005336955054288,0.5680037613873894,8.4,1.7130464718635068,2.0,1.0,0.0,0.0,14040.0,330516.0,6298848.0,0.0,144.0,5508.0,126396.0,2877624.0,0.0,4320.0,44028.0,166320.0,5869188.0,6768.0,28476.0,65808.0,165168.0,6651612.0,0.0,0.0,0.0,81684.0,375228.0,1872.0,8892.0,28476.0,109764.0,2641176.0,19656.0,135144.0,356616.0,1292940.0,33493212.0,0.0,144.0,180.0,720.0,1432368.0,324.0,756.0,3204.0,105336.0,270792.0,867888.0,2.0,17057.75366,0.0,0.0,0.0,196.5206,16.444203571428567,78.45121428571429,-1.5753571428571431,-0.5517857142857142,158.4379658241,21.137219162525703,36.45844867802108
0.042190816099039616,0.08940390689976599,0.6623862759923611,0.2618306297154596,8.0,1.7041226024408191,2.0,1.0,0.0,0.0,0.0,1188.0,27432.0,23472.0,260424.0,728424.0,2586636.0,57861540.0,0.0,0.0,0.0,55584.0,314676.0,2916.0,7308.0,13932.0,92088.0,2884464.0,360.0,360.0,9504.0,158760.0,8902440.0,2160.0,11700.0,28620.0,199944.0,5934096.0,648.0,648.0,1008.0,17172.0,1561608.0,0.0,0.0,0.0,36.0,40500.0,0.0,36.0,1764.0,2268.0,4140.0,30024.0,841.0,10474.35103,0.6427886642026579,0.2576471954857542,71.8976149881791,3.5129928571428573,13.724164285714286,94.35642857142855,-2.626071428571428,0.07214285714285715,235.50461812699996,16.56512805328218,38.309762863133635
0.07789431038321773,0.19358630025761686,0.815123344115875,0.13717462611899006,7.9,1.8715408016869706,6.0,2.0,0.0,5616.0,18324.0,150768.0,1094904.0,0.0,1152.0,2016.0,13428.0,4046436.0,0.0,684.0,18468.0,65088.0,981540.0,9288.0,48744.0,106488.0,328500.0,8474220.0,0.0,0.0,72.0,5652.0,5030676.0,6840.0,77472.0,207684.0,738288.0,12738780.0,9216.0,79056.0,228744.0,975636.0,23128848.0,0.0,144.0,144.0,1836.0,3355236.0,0.0,1188.0,5976.0,69840.0,203436.0,862092.0,69.0,17428.37218,0.35100646596119944,0.14743979033926072,74.42797442712542,7.496830000000001,28.44816333333333,62.637666666666675,1.0793333333333335,1.712666666666667,488.5593123564001,21.942869665636294,34.82866861783816
0.248087545403226,0.6750515833626075,1.4704016501383335,2.9864069303387923,21.1,3.042544013202309,11.0,4.0,0.0,828.0,4968.0,30276.0,4214916.0,0.0,72.0,468.0,48888.0,6909048.0,0.0,5040.0,5796.0,60228.0,1280772.0,3348.0,20484.0,56340.0,156744.0,2644560.0,180.0,180.0,792.0,4356.0,6750540.0,14544.0,109044.0,329400.0,1117188.0,20372976.0,8496.0,88092.0,245232.0,1018296.0,20647584.0,0.0,0.0,0.0,648.0,1803168.0,0.0,288.0,4896.0,58752.0,142416.0,704772.0,12.0,5480.991045,0.5426469318181819,0.1949090704316197,79.30712499681829,1.6468533333333333,24.258126666666666,67.78533333333333,0.4663333333333333,-1.6586666666666667,379.1034098019997,18.997272332033205,37.22761492040129
0.14634477487430847,0.31438715865298766,2.2033983798902277,1.3535929105111557,18.3,4.7753117444812965,3.0,1.0,72.0,4356.0,19332.0,275400.0,5139036.0,0.0,0.0,2880.0,57708.0,1771632.0,0.0,1512.0,6588.0,29376.0,1913868.0,180.0,4212.0,16704.0,23004.0,1355580.0,0.0,0.0,0.0,79920.0,285912.0,4068.0,18396.0,75420.0,332028.0,10368144.0,20448.0,134640.0,366120.0,1389384.0,35211204.0,0.0,180.0,252.0,792.0,1393848.0,540.0,1764.0,6732.0,119160.0,298152.0,953784.0,2.0,17057.75366,0.6556634366924254,0.3462329165235863,83.99446242366635,5.460029032258064,19.67993548387097,69.79645161290323,-1.6525806451612899,-0.5335483870967742,313.53956864590015,16.329067551694916,49.91643066600786
0.14426638347792406,0.3481845225812658,0.6054011296371636,0.6145954085648497,6.5,1.830626131228529,11.0,4.0,0.0,0.0,2880.0,55512.0,5057964.0,1368.0,31968.0,79812.0,242748.0,17657928.0,0.0,0.0,6264.0,149652.0,2902536.0,4536.0,39996.0,81936.0,221436.0,9786132.0,0.0,36.0,13032.0,351216.0,8531964.0,4284.0,37404.0,80208.0,214488.0,2730672.0,10116.0,79272.0,287964.0,1163916.0,20858760.0,0.0,396.0,1116.0,9360.0,1004940.0,468.0,2916.0,10980.0,93492.0,232524.0,733140.0,4.0,12791.38051,0.3510271868518466,0.1866177804689247,37.90979339523513,113.88569999999999,24.203196666666667,74.66533333333334,-2.0613333333333332,-0.4276666666666667,318.829970572,22.107364217665406,37.51773523342631
0.07341600240200795,0.579571454983032,0.4299087974408603,0.6477548663205688,9.4,1.9782721434428008,7.0,2.0,0.0,288.0,2376.0,300780.0,5937804.0,0.0,36.0,8136.0,137844.0,3044412.0,0.0,4788.0,38268.0,128484.0,4995720.0,3312.0,19944.0,58284.0,176760.0,7376544.0,0.0,0.0,0.0,82296.0,436896.0,11484.0,60912.0,151272.0,555300.0,15366096.0,11124.0,84564.0,251604.0,890604.0,21741768.0,0.0,72.0,72.0,540.0,1076544.0,540.0,1512.0,5436.0,112320.0,275472.0,868716.0,2.0,17057.75366,0.32956142961441326,0.1963940423217867,70.98454812288169,9.886280645161289,30.483403225806455,60.703870967741935,-0.26645161290322555,-0.45322580645161287,637.7430127229998,20.53048463177281,34.51683411225935
0.11268005294437902,0.5158740928557631,0.3236615763816529,0.5613543545697522,7.333333333333333,2.160241108833288,6.0,2.0,0.0,612.0,720.0,12132.0,127584.0,0.0,1944.0,10800.0,215172.0,16458120.0,12564.0,15876.0,15876.0,40752.0,363780.0,1404.0,5184.0,18324.0,230436.0,7293816.0,0.0,576.0,8136.0,120528.0,23168700.0,8136.0,75132.0,227880.0,869940.0,13181436.0,6444.0,120240.0,310320.0,971856.0,7344396.0,0.0,0.0,1404.0,31248.0,3887100.0,0.0,864.0,2916.0,63180.0,191484.0,649080.0,13.0,14435.29365,0.8211238864736884,0.28768845579825164,77.66727219383205,15.810576666666668,28.46382,65.85566666666668,1.1400000000000001,1.9986666666666664,492.97633894800026,15.276397364642495,39.66688842786631
0.11736916803936492,0.23723217880940065,2.1932521028014396,3.24879557802381,23.0,3.2585923723198023,3.0,1.0,0.0,864.0,7524.0,21960.0,870552.0,108.0,3996.0,44028.0,521892.0,21321756.0,0.0,0.0,5436.0,54108.0,503064.0,936.0,5328.0,8316.0,61704.0,2499012.0,468.0,19296.0,123804.0,491688.0,23333688.0,12132.0,63180.0,164232.0,688248.0,11684412.0,15156.0,100728.0,194472.0,624312.0,8113140.0,1548.0,54216.0,131076.0,273996.0,3682152.0,0.0,0.0,1116.0,35424.0,105660.0,404100.0,244.0,21222.17111,0.41873399382716053,0.2951850093063157,84.39701502611307,1.8079354838709678,20.33972258064516,63.97774193548387,0.2738709677419354,-0.49677419354838703,485.9616867741058,24.289284682327928,42.33292051728632
0.05276279251970231,0.4388930579531242,0.24496344458041897,0.6482931654254886,5.111111111111111,1.549130512736613,12.0,4.0,0.0,0.0,0.0,360.0,17313516.0,0.0,0.0,792.0,24012.0,4819896.0,0.0,0.0,6588.0,193428.0,1965276.0,108.0,5940.0,11916.0,126216.0,1356804.0,108.0,180.0,1656.0,42984.0,18569484.0,7380.0,58824.0,174456.0,802620.0,11699172.0,14832.0,134280.0,371808.0,1239372.0,5274612.0,0.0,216.0,1476.0,7236.0,129708.0,504.0,2376.0,9036.0,83160.0,216792.0,705276.0,13.0,537.3484137,0.4424254747621102,0.27590239604516037,76.57147062594308,1.9347709677419356,20.219738709677426,61.94483870967742,-0.21838709677419355,-1.6306451612903228,309.2894948322901,15.90701760544435,40.97666361348862
0.03284929040333646,0.12576079727102124,0.5906037006300927,0.12787513113439766,7.4,1.7262213459448859,6.0,2.0,36.0,36.0,72.0,2520.0,56844.0,23616.0,269244.0,753732.0,2745756.0,61570800.0,0.0,0.0,0.0,64224.0,334404.0,1980.0,2628.0,2628.0,43164.0,1423728.0,324.0,324.0,9792.0,158112.0,9181944.0,1296.0,2160.0,2592.0,19656.0,2378124.0,1548.0,1656.0,1692.0,41976.0,1638000.0,0.0,0.0,0.0,36.0,72828.0,0.0,432.0,2520.0,6660.0,15120.0,65988.0,841.0,10474.35103,0.19787173076923073,0.19488152655913235,65.78004213052887,3.6729199999999995,24.312393333333336,86.54966666666668,1.4660000000000002,1.0390000000000001,549.1966903424999,16.400036772710987,34.353615788994944
0.11128103634998301,0.3959385668921792,1.2314784196947917,0.759891980808734,17.1,3.317157902398855,4.0,1.0,0.0,0.0,0.0,0.0,193176.0,0.0,612.0,8640.0,38484.0,11350224.0,0.0,288.0,1656.0,57312.0,940680.0,3060.0,5472.0,6300.0,28620.0,1565424.0,0.0,36.0,1296.0,66852.0,13995000.0,6912.0,52272.0,150732.0,710892.0,17450856.0,3312.0,102564.0,334224.0,1337832.0,17347896.0,16452.0,42552.0,47556.0,100368.0,4935384.0,0.0,72.0,1584.0,79056.0,235260.0,800892.0,100.0,15052.7619,0.613434001942502,0.2681614307159152,71.95389216965842,1.9146666666666667,19.734409999999993,65.32233333333332,-1.8736666666666664,-0.7703333333333332,376.92566594922994,17.97666770769944,37.4271021851465
0.07426385535640258,0.18958799165456844,0.9826561953214583,0.3929832864684591,11.090909090909092,2.9306145242256334,8.0,3.0,0.0,2016.0,3024.0,22716.0,368892.0,0.0,13248.0,36504.0,243792.0,18107568.0,0.0,2232.0,14832.0,18396.0,131544.0,2808.0,8892.0,19620.0,130068.0,2635884.0,252.0,12096.0,57816.0,294588.0,33272388.0,15588.0,86976.0,222804.0,818892.0,10014156.0,7416.0,101628.0,278064.0,971172.0,5408820.0,0.0,756.0,1836.0,7848.0,2215008.0,0.0,0.0,5436.0,55044.0,150372.0,633996.0,90.0,33384.18737,0.28635727272727274,0.3148743470885349,72.1162893153607,7.655629032258063,28.530093548387097,65.2258064516129,0.20032258064516129,0.4016129032258065,579.0988684669605,7.8335302378905,49.3851737359941
0.02459624197103228,0.15829330029161118,0.5112953057551388,0.13679418461136622,7.0,2.062920389510782,9.0,3.0,0.0,0.0,0.0,1188.0,27432.0,23472.0,260424.0,728424.0,2586636.0,57861540.0,0.0,0.0,0.0,55584.0,314676.0,2916.0,7308.0,13932.0,92088.0,2884464.0,360.0,360.0,9504.0,158760.0,8902440.0,2160.0,11700.0,28620.0,199944.0,5934096.0,648.0,648.0,1008.0,17172.0,1561608.0,0.0,0.0,0.0,36.0,40500.0,0.0,36.0,1764.0,2268.0,4140.0,30024.0,841.0,10474.35103,0.298207339169001,0.11944608303192078,67.92844963543426,36.96026,21.13996333333333,93.09966666666669,-2.592666666666667,-1.308,279.3320905951369,21.54263672930883,33.13799201805085
0.04162493068958422,0.3457465438144254,0.6560003201037121,0.40866950588561246,9.5,2.0944084740815074,8.0,3.0,0.0,1332.0,38052.0,131616.0,882540.0,216.0,38016.0,96588.0,424224.0,42867684.0,0.0,0.0,756.0,2988.0,389016.0,1152.0,16992.0,51372.0,169956.0,3327876.0,0.0,5184.0,26208.0,254844.0,5124528.0,4644.0,31320.0,125316.0,407160.0,6897744.0,18252.0,109800.0,236592.0,827532.0,10585152.0,0.0,0.0,6300.0,62172.0,887580.0,648.0,1620.0,7200.0,80136.0,203760.0,860868.0,9.0,12779.34997,0.3693184375,0.116570840590292,36.130513678904,5.554819354838711,29.330545161290317,67.28709677419354,-0.5577419354838712,-0.606774193548387,587.7261497744274,15.336370561480784,36.130513678904
0.09945822999882988,0.3644008431386607,0.6976367852944444,0.6499308632502817,11.1,2.101046323731846,1.0,4.0,0.0,0.0,30636.0,135072.0,712656.0,720.0,33696.0,112680.0,469368.0,44240832.0,0.0,108.0,2268.0,9720.0,817272.0,10008.0,71748.0,201924.0,648648.0,8903916.0,0.0,6048.0,26676.0,266796.0,5304744.0,10080.0,77040.0,180828.0,659628.0,9137484.0,5220.0,39672.0,96840.0,337860.0,3885516.0,0.0,0.0,900.0,20088.0,362484.0,828.0,1764.0,5400.0,54432.0,132768.0,594252.0,9.0,12779.34997,0.604998906320401,0.39816973779537,58.3173820848469,4.483025806451613,15.303022580645159,72.88000000000002,-1.4393548387096777,-1.104516129032258,245.20565128284,19.58194233899463,58.3173820848469
0.13078684736814378,0.4128807467361789,0.9475216156319445,1.2300963853306484,13.6,2.5085349304705966,12.0,4.0,0.0,1584.0,5004.0,8568.0,2892600.0,0.0,0.0,0.0,1620.0,5294016.0,0.0,0.0,36.0,5148.0,2103840.0,36.0,1584.0,2088.0,10584.0,3175488.0,0.0,0.0,0.0,3456.0,1581732.0,9684.0,54468.0,93348.0,293148.0,8216424.0,16524.0,157608.0,446436.0,1865304.0,30358440.0,0.0,0.0,0.0,16020.0,4942260.0,0.0,1440.0,5256.0,67104.0,238824.0,937368.0,6.0,17454.33105,0.20882752380952382,0.10642122358498503,45.885672196004094,5.064951612903226,18.672532258064514,69.29193548387097,-1.7445161290322582,-0.8503225806451612,234.09452373040006,27.440534152960467,32.26685371193509
0.20292080384523237,0.6351934278875642,3.4255490454639586,6.466608285606216,31.4,5.30353360117176,3.0,1.0,0.0,0.0,36.0,720.0,3733812.0,0.0,0.0,720.0,65484.0,4323060.0,0.0,6912.0,7452.0,76500.0,3994344.0,7452.0,42300.0,103680.0,260856.0,3461760.0,36.0,36.0,828.0,5184.0,7228224.0,16200.0,115452.0,379080.0,1273212.0,28486188.0,4356.0,64944.0,161316.0,777492.0,12129120.0,0.0,0.0,0.0,288.0,1338768.0,0.0,216.0,3420.0,53136.0,132372.0,681588.0,12.0,5480.991045,0.672502829530775,0.3085937759387757,87.50022289661828,0.12933548387096774,22.135261290322582,66.78354838709677,0.7622580645161291,-1.7400000000000002,618.2507209477004,22.87684910958314,46.615912123985694
0.12943859538312527,0.427607321481643,0.8698737305431059,1.7548170207152598,14.6,2.557301070984715,12.0,4.0,0.0,468.0,648.0,3816.0,216648.0,0.0,3996.0,7956.0,32904.0,6632532.0,0.0,1332.0,28908.0,138780.0,2207700.0,14040.0,71028.0,138960.0,402336.0,9612576.0,0.0,0.0,288.0,7596.0,6591744.0,9648.0,115956.0,324684.0,1139076.0,21286692.0,1476.0,34452.0,115812.0,652932.0,13201596.0,0.0,216.0,216.0,1368.0,2635452.0,0.0,648.0,6228.0,55116.0,167868.0,762588.0,69.0,17428.37218,0.3149846837206718,0.19048402476518272,65.6912060479509,0.603425806451613,18.78284193548387,61.586774193548386,0.23483870967741935,-2.4370967741935483,380.50595181063983,7.49799670744107,36.35401050950673
0.1686046613022237,0.4608139420133191,1.2750308712825056,1.595485067857477,13.333333333333334,2.518223164050283,5.0,2.0,0.0,36.0,9360.0,90720.0,1457496.0,180.0,720.0,6876.0,153540.0,3871080.0,0.0,0.0,972.0,11016.0,118692.0,144.0,6228.0,23328.0,53532.0,1655280.0,0.0,5904.0,65268.0,927504.0,48487428.0,20412.0,137808.0,325728.0,860832.0,13993128.0,3816.0,63432.0,178128.0,537912.0,2911140.0,0.0,0.0,324.0,2160.0,481824.0,864.0,2232.0,6912.0,68796.0,174744.0,504396.0,5.0,10720.10518,0.3989391734522047,0.19756988035328024,35.90524893927759,268.5579,24.493667741935482,74.15406451612903,0.4819354838709678,-0.8819354838709677,490.43541135860045,17.69546618263435,37.964528726050915
0.0542546867398894,0.2893698845981616,0.6114267228085,0.8832855398660492,8.5,1.507659211276439,12.0,4.0,0.0,0.0,0.0,0.0,193176.0,0.0,612.0,8640.0,38484.0,11350224.0,0.0,288.0,1656.0,57312.0,940680.0,3060.0,5472.0,6300.0,28620.0,1565424.0,0.0,36.0,1296.0,66852.0,13995000.0,6912.0,52272.0,150732.0,710892.0,17450856.0,3312.0,102564.0,334224.0,1337832.0,17347896.0,16452.0,42552.0,47556.0,100368.0,4935384.0,0.0,72.0,1584.0,79056.0,235260.0,800892.0,100.0,15052.7619,0.65821437812634,0.20176409511749052,37.11402038302801,3.516241935483871,16.978745161290323,80.06709677419353,-2.8945161290322585,-1.2225806451612908,172.5981509535999,15.570068034836929,37.11402038302801
0.0918243837639276,0.15754451532902192,0.9878904241720341,0.5150019091669685,11.3,3.5154162514869776,9.0,3.0,0.0,0.0,72.0,23472.0,643500.0,216.0,2016.0,5436.0,85932.0,15812388.0,0.0,0.0,324.0,504.0,58068.0,4824.0,11736.0,20628.0,72324.0,2121804.0,8352.0,153612.0,429120.0,1942884.0,43299900.0,11196.0,73224.0,201312.0,606780.0,11139156.0,4176.0,19152.0,53820.0,158148.0,1724076.0,0.0,288.0,1548.0,2952.0,85932.0,0.0,792.0,2592.0,22428.0,73188.0,248328.0,47.0,33952.92531,0.6106717780710227,0.385534789513921,86.48506093155595,8.344293333333333,28.37263666666667,78.018,-0.0016666666666666607,-0.5513333333333335,571.6928274810001,21.40507785058475,45.76484564061638
0.1932460539937529,0.9070042660526054,0.7554332756029167,1.4744800793491517,16.8,2.891633031242471,10.0,3.0,432.0,3240.0,14472.0,89028.0,1528812.0,828.0,3348.0,25776.0,272880.0,7501392.0,0.0,756.0,5220.0,42264.0,346284.0,5436.0,51804.0,112248.0,245664.0,3283884.0,0.0,5220.0,65844.0,923220.0,48029112.0,8280.0,63756.0,156456.0,422028.0,7216596.0,9972.0,86580.0,233676.0,642456.0,4296564.0,0.0,36.0,468.0,3060.0,630360.0,828.0,2016.0,6516.0,68184.0,170568.0,501012.0,5.0,10720.10518,0.46429463671129334,0.22859609084754512,75.98559981511124,0.0,25.193387096774202,69.24225806451614,0.21354838709677423,-2.531935483870968,527.8539012898137,21.866149351497846,40.5063774191009
0.08787157199225158,0.5364910289557001,2.6961105025604164,3.980994249687531,21.6,5.504983621912835,3.0,1.0,0.0,3348.0,4392.0,56448.0,1260072.0,0.0,3096.0,20808.0,638892.0,39235824.0,0.0,3744.0,64512.0,213840.0,822600.0,1764.0,3636.0,8316.0,71244.0,4220388.0,0.0,9576.0,19728.0,235188.0,18702396.0,6516.0,26352.0,68976.0,413496.0,5373504.0,18324.0,166428.0,399996.0,1011888.0,5169276.0,0.0,1368.0,1476.0,1944.0,760500.0,0.0,0.0,4752.0,65376.0,197244.0,498348.0,111.0,18978.38682,0.6225662693750769,0.36460988518586185,86.9000715772282,2.9117774193548382,18.980606451612903,68.6174193548387,0.037096774193548385,-0.6096774193548385,440.0873929076996,20.13024593394315,51.620826145574526
0.06324471210579462,0.06971329988565078,0.478573264638375,0.35362099090625837,6.222222222222222,1.2815041444297393,6.0,2.0,288.0,756.0,2664.0,47340.0,988848.0,0.0,324.0,7848.0,54396.0,13282704.0,0.0,0.0,0.0,144.0,29520.0,6120.0,22320.0,55116.0,198000.0,3590604.0,4428.0,101016.0,321552.0,1552968.0,37457676.0,9792.0,43884.0,106056.0,367704.0,9432360.0,7884.0,90972.0,218772.0,674928.0,9784800.0,0.0,72.0,1080.0,2628.0,114408.0,0.0,936.0,2844.0,23256.0,72468.0,243360.0,47.0,33952.92531,0.4671259943181818,0.3260608506291457,59.82454405241508,11.912136666666665,28.33451333333333,72.53533333333333,-0.055666666666666656,0.1363333333333333,515.3924208060005,15.588970739172169,23.684243358199765
0.10050358677058935,0.32278911184154413,1.0148434994138888,0.6893039443880072,12.0,3.2341785737043156,5.0,2.0,0.0,180.0,1620.0,16704.0,1111032.0,0.0,1296.0,12492.0,65124.0,32436828.0,0.0,2340.0,8928.0,22356.0,529884.0,324.0,684.0,1296.0,15480.0,2249460.0,0.0,2556.0,13860.0,235872.0,17615160.0,4680.0,26532.0,94788.0,397656.0,10114164.0,18252.0,157356.0,422388.0,1617228.0,7307064.0,0.0,36.0,504.0,23328.0,1106604.0,0.0,1296.0,8208.0,91980.0,228888.0,747828.0,48.0,9205.662327,0.5845324410886776,0.14873141238053383,52.9183591709185,8.442054838709678,27.58347741935484,66.11096774193547,1.490322580645161,0.8551612903225806,645.6548159241597,15.603287980018992,30.95043973397433
0.14473230376418109,0.57234256892106,0.5901842020756943,0.852751095344182,12.555555555555555,2.1318287352894627,10.0,3.0,0.0,144.0,540.0,7308.0,128160.0,0.0,1296.0,3060.0,19512.0,4957632.0,0.0,432.0,26064.0,96624.0,1656468.0,7596.0,32544.0,57708.0,137988.0,4870692.0,0.0,0.0,72.0,5760.0,6313068.0,11052.0,103284.0,258228.0,884052.0,16646616.0,3276.0,63684.0,210816.0,1044324.0,21131172.0,0.0,144.0,144.0,2088.0,3379608.0,0.0,1548.0,9396.0,81180.0,228744.0,943632.0,69.0,17428.37218,0.40174595739815744,0.1634487948205171,73.7988978165107,0.008396774193548387,25.906151612903226,57.6025806451613,0.4490322580645161,-2.0041935483870965,512.3240880249155,22.138216038134445,34.44927447088351
0.20750939579375918,0.3904290585688187,1.19290283864775,0.7802579239149078,16.6,2.8285618759587297,11.0,4.0,0.0,5616.0,18324.0,150768.0,1094904.0,0.0,1152.0,2016.0,13428.0,4046436.0,0.0,684.0,18468.0,65088.0,981540.0,9288.0,48744.0,106488.0,328500.0,8474220.0,0.0,0.0,72.0,5652.0,5030676.0,6840.0,77472.0,207684.0,738288.0,12738780.0,9216.0,79056.0,228744.0,975636.0,23128848.0,0.0,144.0,144.0,1836.0,3355236.0,0.0,1188.0,5976.0,69840.0,203436.0,862092.0,69.0,17428.37218,0.291958053540975,0.24583368172602554,79.93675398845373,0.0,22.693473333333333,58.352999999999994,0.31400000000000006,-2.084,450.64000862168024,18.551134992050706,42.21989290281959
0.2886304715168745,0.5391179637794832,0.5961887852395832,0.6874247630760972,9.375,2.4576875793709574,2.0,1.0,0.0,0.0,0.0,360.0,17313516.0,0.0,0.0,792.0,24012.0,4819896.0,0.0,0.0,6588.0,193428.0,1965276.0,108.0,5940.0,11916.0,126216.0,1356804.0,108.0,180.0,1656.0,42984.0,18569484.0,7380.0,58824.0,174456.0,802620.0,11699172.0,14832.0,134280.0,371808.0,1239372.0,5274612.0,0.0,216.0,1476.0,7236.0,129708.0,504.0,2376.0,9036.0,83160.0,216792.0,705276.0,13.0,537.3484137,0.43917927918542415,0.22222530555457998,48.32081893481862,1.8361785714285712,20.375921428571434,64.94428571428573,-0.5675,-1.224285714285714,398.92603271099995,19.35522428270113,48.32081893481862
0.31625775762766056,0.7377829415205288,3.8466791019224544,7.588354515395325,37.0,4.915838376454024,2.0,1.0,0.0,504.0,756.0,6660.0,146772.0,0.0,2232.0,5904.0,51552.0,4213656.0,0.0,216.0,360.0,24912.0,249228.0,2520.0,9252.0,11988.0,62604.0,2392200.0,0.0,5148.0,52668.0,353916.0,42707592.0,15372.0,66348.0,119160.0,613080.0,12245544.0,11016.0,117792.0,357012.0,1225872.0,6919056.0,0.0,504.0,1476.0,5184.0,3013992.0,0.0,0.0,2520.0,80748.0,235728.0,797976.0,51.0,32919.87338,0.3663374825211851,0.25333579912844306,77.86937229075892,1.0572285714285714,18.375075000000006,60.73392857142857,0.6857142857142858,-1.0789285714285712,466.04600004200006,35.81253201655186,42.05684027420706
0.0939915485330296,0.3350364871340088,0.48387675976037037,0.46429847965102944,7.777777777777778,1.6226271771451681,2.0,1.0,0.0,72.0,144.0,900.0,30143844.0,0.0,36.0,540.0,21888.0,4385412.0,0.0,0.0,13032.0,214236.0,1961064.0,396.0,2736.0,5400.0,103104.0,1754496.0,144.0,216.0,1872.0,43632.0,18564408.0,4644.0,57456.0,156888.0,544752.0,11634660.0,17136.0,137736.0,388908.0,1485180.0,5468832.0,0.0,396.0,1800.0,7920.0,149724.0,540.0,2268.0,9072.0,84168.0,216864.0,719856.0,13.0,537.3484137,0.2900586205172021,0.20650795808247116,71.31285930775951,0.8338448275862069,20.260162068965517,65.08965517241379,-0.22206896551724137,-0.8520689655172413,331.45523299692,9.38047841469082,43.98056453585868
0.22945581140120433,0.5044773658367524,1.2594345603796295,1.3980678960600197,16.555555555555557,3.2945081405161427,2.0,1.0,0.0,0.0,30636.0,135072.0,712656.0,720.0,33696.0,112680.0,469368.0,44240832.0,0.0,108.0,2268.0,9720.0,817272.0,10008.0,71748.0,201924.0,648648.0,8903916.0,0.0,6048.0,26676.0,266796.0,5304744.0,10080.0,77040.0,180828.0,659628.0,9137484.0,5220.0,39672.0,96840.0,337860.0,3885516.0,0.0,0.0,900.0,20088.0,362484.0,828.0,1764.0,5400.0,54432.0,132768.0,594252.0,9.0,12779.34997,0.4211919318309522,0.2272338003057761,57.64430378361851,3.205167857142857,18.309610714285714,67.85214285714287,-0.9892857142857144,-0.9939285714285714,333.6590785726,18.26782600778926,46.72600144615568
0.06666379271877064,0.3087472502365941,0.27872669279695833,0.45039573637809766,4.888888888888889,1.0015460971266275,6.0,2.0,0.0,828.0,4968.0,30276.0,4214916.0,0.0,72.0,468.0,48888.0,6909048.0,0.0,5040.0,5796.0,60228.0,1280772.0,3348.0,20484.0,56340.0,156744.0,2644560.0,180.0,180.0,792.0,4356.0,6750540.0,14544.0,109044.0,329400.0,1117188.0,20372976.0,8496.0,88092.0,245232.0,1018296.0,20647584.0,0.0,0.0,0.0,648.0,1803168.0,0.0,288.0,4896.0,58752.0,142416.0,704772.0,12.0,5480.991045,0.2872449862674362,0.04929448621429893,49.133533781003706,1.9757199999999997,29.925056666666666,69.67366666666668,1.1026666666666671,1.7543333333333335,695.7649621559993,11.087392201242743,26.386656230179888
0.45404058810357817,0.6092157426310539,2.579784774235962,1.9055759935069538,21.8,3.7663963476015163,10.0,3.0,0.0,0.0,72.0,6264.0,396288.0,0.0,1080.0,1944.0,21924.0,4594428.0,0.0,432.0,11844.0,39852.0,515448.0,3060.0,10836.0,30744.0,151992.0,6155388.0,0.0,216.0,4860.0,29016.0,31607136.0,16272.0,87948.0,268452.0,1089684.0,18052848.0,7344.0,83844.0,227340.0,962352.0,10287900.0,0.0,0.0,72.0,5184.0,832932.0,0.0,720.0,4824.0,98460.0,239724.0,835236.0,26.0,23385.85399,0.7319019050636818,0.2905757051485385,35.351887759952476,24.3489,26.88701290322581,62.541548387096775,0.44419354838709674,-0.25000000000000006,397.85512720102,6.606874486986426,42.1404275972869
0.06858178763695105,0.11020189177932467,0.8364388136358333,0.39156919117950384,11.1,2.5544903856043657,6.0,2.0,0.0,1332.0,38052.0,131616.0,882540.0,216.0,38016.0,96588.0,424224.0,42867684.0,0.0,0.0,756.0,2988.0,389016.0,1152.0,16992.0,51372.0,169956.0,3327876.0,0.0,5184.0,26208.0,254844.0,5124528.0,4644.0,31320.0,125316.0,407160.0,6897744.0,18252.0,109800.0,236592.0,827532.0,10585152.0,0.0,0.0,6300.0,62172.0,887580.0,648.0,1620.0,7200.0,80136.0,203760.0,860868.0,9.0,12779.34997,0.6203074470899471,0.3509010817964585,74.30335319103881,8.917596666666666,27.468106666666674,68.406,-0.31766666666666676,-0.8043333333333335,452.737082211,18.42163209741623,51.6891942267439
0.054655149159603775,0.1921037134762547,1.3214188910040532,0.5226257571325557,13.454545454545455,3.8239443251029015,8.0,3.0,468.0,7524.0,13536.0,62496.0,184932.0,252.0,47520.0,203508.0,951732.0,52800732.0,0.0,144.0,180.0,2160.0,77004.0,1368.0,26172.0,56700.0,405864.0,4047984.0,2880.0,63468.0,152640.0,429660.0,8939844.0,17784.0,111924.0,312372.0,977724.0,9715392.0,4392.0,6588.0,6876.0,18216.0,632376.0,72.0,72.0,684.0,105300.0,334944.0,468.0,1260.0,4248.0,19332.0,38772.0,188352.0,378.0,15241.42093,0.15227105555555556,0.1597754004421942,23.22552843950045,16.92764516129032,26.52436774193549,84.14548387096775,0.12870967741935482,0.6593548387096775,429.3144897816,8.491597232457709,34.66981827967742
0.12614880922254976,0.5128375463474241,1.795968482754208,2.8159957098286155,19.0,4.80742985034122,4.0,1.0,0.0,40356.0,69480.0,137772.0,8090604.0,0.0,540.0,792.0,128484.0,7688448.0,0.0,4104.0,9324.0,47088.0,1636704.0,7884.0,24552.0,36036.0,159444.0,6909444.0,0.0,108.0,684.0,2376.0,268020.0,16164.0,112932.0,297360.0,1203912.0,21801528.0,3888.0,32868.0,138780.0,531252.0,7912656.0,0.0,72.0,828.0,14472.0,425124.0,0.0,864.0,3528.0,67248.0,231912.0,916488.0,3.0,3430.762574,0.5523073941465422,0.21061582755007044,67.69896188486307,1.10397,25.115690000000004,69.56800000000001,1.4013333333333333,-0.9216666666666665,599.0066259568504,16.257032370286243,35.99751310601096
0.05890945685589825,0.27216444294777214,0.41863861737193986,0.5433662825157708,6.6,1.277206785200208,9.0,3.0,0.0,36.0,108.0,11340.0,3994740.0,0.0,72.0,972.0,45288.0,3933756.0,0.0,360.0,720.0,29088.0,977220.0,180.0,2232.0,7740.0,47772.0,3698136.0,396.0,5040.0,28836.0,383796.0,18280116.0,7776.0,55584.0,150480.0,727668.0,12757932.0,17424.0,156420.0,412668.0,1235736.0,9623160.0,0.0,72.0,2628.0,8316.0,866448.0,252.0,1044.0,5760.0,63108.0,180720.0,652716.0,10.0,446.5182684,0.13852177693700946,0.07628892880574922,71.72491734352471,7.345343333333335,27.632680000000004,64.71033333333335,-0.29933333333333334,0.16400000000000006,620.6945731339999,22.129559574385397,36.56481527343821
0.1032340569867871,0.3570039010888615,0.443297263229722,0.582395488347463,5.0,1.0669217543102179,12.0,4.0,0.0,0.0,72.0,5544.0,16950312.0,0.0,504.0,2844.0,110124.0,4830840.0,0.0,252.0,504.0,38340.0,1331100.0,1728.0,7092.0,18468.0,150552.0,6398712.0,360.0,4572.0,27612.0,379404.0,18205920.0,6732.0,31212.0,91512.0,444780.0,7915104.0,16704.0,173052.0,455400.0,1359396.0,11062080.0,36.0,180.0,3384.0,7632.0,812232.0,396.0,1152.0,5832.0,65808.0,185688.0,645588.0,10.0,446.5182684,0.36755402588749897,0.2249901288059945,40.7330326075372,24.173999999999996,19.16496451612903,64.41448387096773,0.12193548387096775,-0.9167741935483873,283.54034147850774,14.435661693288488,40.7330326075372
0.4330760778582624,0.4728768716402055,1.9750877902250004,2.910685227763188,26.1,3.7080947307826806,11.0,4.0,252.0,612.0,1332.0,2952.0,80604.0,0.0,756.0,3024.0,39600.0,3574476.0,0.0,108.0,108.0,10116.0,163836.0,2736.0,11628.0,24984.0,124992.0,4372668.0,0.0,3456.0,45648.0,300600.0,37478232.0,16200.0,100368.0,236160.0,939816.0,13227192.0,9648.0,82548.0,233460.0,874152.0,10321560.0,0.0,324.0,756.0,2844.0,2290680.0,0.0,0.0,2484.0,82980.0,239940.0,846252.0,51.0,32919.87338,0.3284004160045201,0.11582705370944113,64.50720479139109,0.0,22.200543333333332,60.67466666666667,0.4496666666666666,-1.1483333333333334,438.0322293930496,15.873215444423863,33.61759567413825
0.05418640887719266,0.18979335346641127,0.8736571321806226,0.3778314275600074,8.2,2.62280511814344,9.0,3.0,0.0,0.0,0.0,72.0,7164.0,23868.0,270036.0,753912.0,2745720.0,61694784.0,0.0,0.0,0.0,65124.0,446868.0,6336.0,10980.0,19764.0,143640.0,4862088.0,324.0,324.0,10044.0,164448.0,9299376.0,756.0,1116.0,1476.0,17964.0,1763748.0,0.0,0.0,0.0,252.0,180684.0,0.0,0.0,0.0,0.0,13536.0,0.0,36.0,108.0,288.0,288.0,4248.0,841.0,10474.35103,0.5172517365564008,0.18329978270348107,67.65296014396685,9.35075,23.22961,88.13300000000001,-1.3026666666666666,0.7216666666666665,433.29750961899975,17.159948704458202,35.81083074992851
0.0989745882086659,0.2685537656999536,0.7394142815955407,0.4809046634904878,7.0,1.691290920331439,6.0,2.0,0.0,0.0,72.0,5544.0,16950312.0,0.0,504.0,2844.0,110124.0,4830840.0,0.0,252.0,504.0,38340.0,1331100.0,1728.0,7092.0,18468.0,150552.0,6398712.0,360.0,4572.0,27612.0,379404.0,18205920.0,6732.0,31212.0,91512.0,444780.0,7915104.0,16704.0,173052.0,455400.0,1359396.0,11062080.0,36.0,180.0,3384.0,7632.0,812232.0,396.0,1152.0,5832.0,65808.0,185688.0,645588.0,10.0,446.5182684,0.37350990189182065,0.1597977565253093,33.03318496328922,127.04209999999999,27.44417333333333,65.34506666666667,-0.40633333333333327,0.046333333333333386,639.7864188619998,16.363666730877014,32.869845873140704
0.0723139440818335,0.17796919970900835,0.44320839881233337,0.4174331637430127,7.7,1.5685957158512203,7.0,2.0,0.0,0.0,108.0,16740.0,1143972.0,0.0,576.0,3816.0,30276.0,4731696.0,0.0,1296.0,31824.0,105228.0,838404.0,2988.0,8316.0,20448.0,107964.0,4049748.0,0.0,360.0,4284.0,28044.0,31632048.0,576.0,9288.0,32256.0,259668.0,9710676.0,22932.0,162252.0,445284.0,1721232.0,17968896.0,0.0,0.0,468.0,10728.0,1712700.0,0.0,900.0,5004.0,100728.0,246564.0,861624.0,26.0,23385.85399,0.38925640686274515,0.07556709463638413,57.041194194354134,4.405974193548388,29.298141935483873,65.10483870967742,0.38677419354838705,0.2574193548387096,608.0873629200998,19.0466402424148,26.6660059770436
0.23010207584792633,0.3520581881147421,3.478636231253958,6.718099144658761,34.2,5.175541597537463,1.0,4.0,252.0,612.0,1332.0,2952.0,80604.0,0.0,756.0,3024.0,39600.0,3574476.0,0.0,108.0,108.0,10116.0,163836.0,2736.0,11628.0,24984.0,124992.0,4372668.0,0.0,3456.0,45648.0,300600.0,37478232.0,16200.0,100368.0,236160.0,939816.0,13227192.0,9648.0,82548.0,233460.0,874152.0,10321560.0,0.0,324.0,756.0,2844.0,2290680.0,0.0,0.0,2484.0,82980.0,239940.0,846252.0,51.0,32919.87338,0.4022108713450292,0.17867880648640413,79.1880956632142,0.1558967741935484,18.446961290322584,65.21000000000001,0.5596774193548386,-1.6906451612903226,367.35513209339996,12.2367291204966,40.35633860186276
0.2696172068759912,0.1874853693207087,0.5995395948495369,0.799775029379734,8.88888888888889,2.1491787706552516,2.0,1.0,72.0,1296.0,3420.0,36936.0,21521520.0,0.0,216.0,540.0,28656.0,3311424.0,0.0,0.0,0.0,11844.0,653004.0,288.0,1944.0,16128.0,129276.0,6806340.0,288.0,2700.0,18540.0,297972.0,14391648.0,9252.0,87012.0,250128.0,938592.0,11903040.0,15480.0,121464.0,305748.0,1001952.0,12292884.0,0.0,0.0,1980.0,5904.0,691308.0,360.0,1260.0,6012.0,68040.0,189000.0,690228.0,10.0,446.5182684,0.2939975779220779,0.23486508653915084,48.01117461585356,1.730007142857143,20.28650357142857,69.98321428571428,-0.23964285714285719,-1.016785714285714,264.99870018599995,9.05970428289704,38.95147033295652
0.10483891642212781,0.23107296355710014,0.664839677746875,0.387762754681376,10.7,2.472452997249018,5.0,2.0,0.0,72.0,144.0,1296.0,45036.0,0.0,972.0,11016.0,194256.0,15513120.0,11268.0,14724.0,14724.0,29880.0,297360.0,612.0,1476.0,6336.0,133956.0,4026888.0,0.0,288.0,4680.0,104076.0,21895920.0,4968.0,28980.0,84960.0,480636.0,9963864.0,10764.0,167112.0,462492.0,1463328.0,13105296.0,0.0,72.0,2304.0,43416.0,5082768.0,0.0,468.0,3708.0,68832.0,198900.0,690624.0,13.0,14435.29365,0.9017573111111109,0.2227324704148145,79.7977406280293,9.161348387096774,27.506429032258065,65.44806451612904,1.1409677419354836,0.8577419354838711,576.9172257240002,21.34147984537532,41.48744912465777
0.22811197104236,0.4366112605671256,2.684767834713436,4.004028280720283,23.5,5.080330117351243,3.0,1.0,0.0,0.0,396.0,23652.0,1052172.0,144.0,1188.0,3132.0,61992.0,15595848.0,0.0,0.0,360.0,360.0,43344.0,2988.0,5040.0,7848.0,26820.0,987372.0,8244.0,151956.0,426096.0,1934280.0,43157772.0,12564.0,61452.0,155664.0,527796.0,10154340.0,4500.0,38376.0,114804.0,299304.0,3431988.0,0.0,360.0,1872.0,4176.0,124308.0,0.0,792.0,2916.0,24228.0,75384.0,263088.0,47.0,33952.92531,0.49863937635415273,0.1259795991968319,29.030718027876823,25.328500000000002,23.893303225806452,64.54793548387097,0.753225806451613,-0.6332258064516131,519.6360059812398,13.676400042185223,29.81501333322582
0.12179294769294935,0.24631633567507327,1.6311319560182294,1.9541527071733182,15.2,2.956193346595348,1.0,4.0,0.0,0.0,0.0,252.0,639864.0,432.0,72252.0,289800.0,1198332.0,55466496.0,0.0,36.0,36.0,1008.0,71928.0,72.0,6372.0,13320.0,205848.0,2909484.0,4788.0,70524.0,159264.0,439632.0,9057168.0,12168.0,80280.0,225288.0,702900.0,6435648.0,8712.0,24876.0,37152.0,143424.0,1044792.0,1332.0,1368.0,4284.0,182304.0,743220.0,216.0,972.0,3960.0,27036.0,56124.0,267804.0,378.0,15241.42093,0.0,0.0,0.0,51.693900000000006,15.068148387096775,79.03841935483871,-1.803225806451613,-3.1335483870967744,318.6543232769499,21.409625926218155,30.864325867326254
0.1362351581345069,0.44966713894797944,0.7541706214013392,0.9762768915105831,10.666666666666666,2.4792647153858263,11.0,4.0,972.0,6840.0,12132.0,24768.0,763236.0,0.0,180.0,2916.0,7236.0,12204504.0,36.0,8712.0,16488.0,86688.0,2108304.0,2664.0,23436.0,53352.0,177192.0,11528928.0,0.0,0.0,1188.0,1944.0,13937580.0,13104.0,89136.0,200952.0,727092.0,14840172.0,9720.0,79308.0,239292.0,1160532.0,12726000.0,0.0,108.0,252.0,7344.0,1636416.0,0.0,0.0,4860.0,74700.0,258660.0,948492.0,18.0,6622.610663,0.2627088320380141,0.1487439029629016,27.803684169910365,103.209,23.069419999999997,72.74436666666666,-1.258333333333333,-2.013,367.56274254999994,11.641071566423175,27.803684169910365
0.10049371830340134,0.372794770015814,2.763831309656771,5.273183133125649,30.285714285714285,3.4860247599526297,2.0,1.0,0.0,0.0,36.0,144.0,90864.0,0.0,1692.0,4176.0,46152.0,4248288.0,0.0,324.0,324.0,16668.0,230184.0,2052.0,7344.0,8172.0,33228.0,1562616.0,0.0,4716.0,51264.0,347220.0,42239952.0,19476.0,102708.0,206496.0,921744.0,14659020.0,7092.0,84492.0,277632.0,971208.0,5814540.0,0.0,360.0,1188.0,3924.0,2396196.0,0.0,0.0,2700.0,81144.0,236124.0,801036.0,51.0,32919.87338,0.47646241363211955,0.18908908012900533,72.4270586414052,0.0,18.493948275862067,59.289310344827584,0.6493103448275861,-1.2668965517241375,444.8942470539998,26.43990324124843,39.83601984808302
0.15618860132644707,0.3227895146849663,0.43886135498886103,0.4913178513545752,7.2,1.4650975997053604,2.0,1.0,0.0,0.0,0.0,684.0,939528.0,36.0,1080.0,10512.0,48888.0,13178556.0,0.0,0.0,2376.0,106992.0,1248588.0,6264.0,14256.0,21024.0,76968.0,5166504.0,0.0,72.0,1800.0,66888.0,14702940.0,7704.0,60624.0,184068.0,882900.0,12755196.0,2808.0,93888.0,287496.0,1060236.0,15868980.0,12996.0,31464.0,34164.0,75240.0,4376232.0,0.0,36.0,1512.0,81468.0,244224.0,822456.0,100.0,15052.7619,0.8346935753869769,0.4834922747475932,42.74653978312533,250.22690000000006,15.366817857142854,79.45660714285715,-2.2096428571428577,-1.2335714285714288,170.26358451937,8.37317586233201,63.2533779973342
0.08576024333379388,0.21834976587153174,1.0673649403656247,0.4171409184851983,13.0,3.119623220216102,9.0,3.0,0.0,864.0,7524.0,21960.0,870552.0,108.0,3996.0,44028.0,521892.0,21321756.0,0.0,0.0,5436.0,54108.0,503064.0,936.0,5328.0,8316.0,61704.0,2499012.0,468.0,19296.0,123804.0,491688.0,23333688.0,12132.0,63180.0,164232.0,688248.0,11684412.0,15156.0,100728.0,194472.0,624312.0,8113140.0,1548.0,54216.0,131076.0,273996.0,3682152.0,0.0,0.0,1116.0,35424.0,105660.0,404100.0,244.0,21222.17111,0.4588238846153847,0.21490521311949193,62.61477412416761,0.16496999999999998,27.13360666666667,62.39033333333332,-0.022333333333333375,-0.685,517.5018580060001,17.87723376146914,34.328804984400676
0.3115249868523812,0.4726999292347616,4.0662570310710935,5.109112266212811,26.333333333333332,6.106941220031087,2.0,1.0,0.0,540.0,1476.0,12060.0,200376.0,0.0,72.0,2844.0,189828.0,13324104.0,3456.0,4248.0,4248.0,9396.0,210600.0,252.0,6912.0,20916.0,227232.0,8901216.0,0.0,180.0,2304.0,77364.0,16479432.0,4248.0,36252.0,93240.0,413064.0,7985808.0,19476.0,163404.0,437688.0,1431468.0,18203436.0,0.0,72.0,3492.0,32040.0,4163040.0,0.0,576.0,3888.0,70848.0,219348.0,749016.0,13.0,14435.29365,0.6332829112739112,0.40934581890867466,86.64959231709867,0.4414142857142857,20.34275357142857,69.98535714285715,0.515,-2.5171428571428573,409.89959430899995,27.160163695438268,30.265001365492672
0.09385397816790844,0.2495653273004327,1.3638404690072914,0.4863417954735449,13.7,3.5399002340756254,5.0,2.0,0.0,1332.0,38052.0,131616.0,882540.0,216.0,38016.0,96588.0,424224.0,42867684.0,0.0,0.0,756.0,2988.0,389016.0,1152.0,16992.0,51372.0,169956.0,3327876.0,0.0,5184.0,26208.0,254844.0,5124528.0,4644.0,31320.0,125316.0,407160.0,6897744.0,18252.0,109800.0,236592.0,827532.0,10585152.0,0.0,0.0,6300.0,62172.0,887580.0,648.0,1620.0,7200.0,80136.0,203760.0,860868.0,9.0,12779.34997,0.540765,0.2153714236077294,44.11470788817576,6.890522580645161,23.830522580645166,70.39354838709677,-1.0080645161290323,-0.8587096774193549,369.27506780987966,19.1745245245556,43.80120011599346
0.11775145392460329,0.3882375203408803,0.5747048220089621,0.24861436628130776,8.0,1.8737649575516226,5.0,2.0,0.0,0.0,0.0,684.0,939528.0,36.0,1080.0,10512.0,48888.0,13178556.0,0.0,0.0,2376.0,106992.0,1248588.0,6264.0,14256.0,21024.0,76968.0,5166504.0,0.0,72.0,1800.0,66888.0,14702940.0,7704.0,60624.0,184068.0,882900.0,12755196.0,2808.0,93888.0,287496.0,1060236.0,15868980.0,12996.0,31464.0,34164.0,75240.0,4376232.0,0.0,36.0,1512.0,81468.0,244224.0,822456.0,100.0,15052.7619,0.47794268275610924,0.23397550134103096,40.23118027663115,541.3036000000001,22.740748387096772,73.94454838709677,-1.3116129032258066,-0.8000000000000002,342.78736490079996,20.123653491682305,44.35115312528519
0.042652548626411005,0.1553567704478443,0.41240443905625,0.18682987303548543,5.9,1.2588958436892612,7.0,2.0,504.0,4464.0,8496.0,49644.0,1112580.0,0.0,684.0,14292.0,75024.0,9852588.0,0.0,0.0,10944.0,32292.0,961812.0,15156.0,103104.0,175428.0,389268.0,6043032.0,0.0,3096.0,24408.0,267120.0,27030996.0,4572.0,56556.0,128340.0,413424.0,8626428.0,2808.0,51444.0,214848.0,999360.0,12290652.0,0.0,1512.0,4860.0,87372.0,1592532.0,792.0,2700.0,8424.0,62028.0,203688.0,827748.0,33.0,30649.61061,0.45210624999999993,0.23603563329905863,67.45156451462962,3.108683870967742,29.35438064516129,62.38064516129033,0.6587096774193552,1.220322580645161,617.6049825261,18.844961785787657,33.422645445000896
0.02164251495623723,0.18355912611761352,0.38313240229708334,0.1281655413762663,4.5,1.2052601448597262,11.0,4.0,36.0,36.0,72.0,2520.0,56844.0,23616.0,269244.0,753732.0,2745756.0,61570800.0,0.0,0.0,0.0,64224.0,334404.0,1980.0,2628.0,2628.0,43164.0,1423728.0,324.0,324.0,9792.0,158112.0,9181944.0,1296.0,2160.0,2592.0,19656.0,2378124.0,1548.0,1656.0,1692.0,41976.0,1638000.0,0.0,0.0,0.0,36.0,72828.0,0.0,432.0,2520.0,6660.0,15120.0,65988.0,841.0,10474.35103,0.20255315550239236,0.23565520377166174,77.02013743603503,16.394756666666666,16.90091,93.67500000000001,-5.818,-0.8730000000000001,141.44214072850002,19.78182924364787,38.30770282061954
0.3140103516110869,0.4906183945510153,1.9952304883857672,1.1133213964250745,18.2,3.5381090693944786,10.0,3.0,0.0,0.0,396.0,23652.0,1052172.0,144.0,1188.0,3132.0,61992.0,15595848.0,0.0,0.0,360.0,360.0,43344.0,2988.0,5040.0,7848.0,26820.0,987372.0,8244.0,151956.0,426096.0,1934280.0,43157772.0,12564.0,61452.0,155664.0,527796.0,10154340.0,4500.0,38376.0,114804.0,299304.0,3431988.0,0.0,360.0,1872.0,4176.0,124308.0,0.0,792.0,2916.0,24228.0,75384.0,263088.0,47.0,33952.92531,0.6423127562110105,0.34402644848844843,33.35506077265437,69.89989999999999,26.43884516129033,69.28661290322582,0.04387096774193552,-0.2867741935483871,472.12574184875984,23.717628183438297,33.4834771549948
0.10797530325050493,0.35235983670971,0.6504363993574942,0.6183962829601021,7.5,1.844012379977598,12.0,4.0,0.0,900.0,900.0,1224.0,14660424.0,1836.0,26928.0,189648.0,1375380.0,35085888.0,0.0,0.0,648.0,33300.0,662580.0,3708.0,18648.0,44280.0,179388.0,5048568.0,0.0,2232.0,11808.0,41724.0,2099664.0,8568.0,68112.0,154008.0,483804.0,5764968.0,12204.0,108108.0,255312.0,694944.0,9868752.0,0.0,36.0,72.0,1944.0,553896.0,0.0,936.0,5184.0,57312.0,129168.0,329580.0,5.0,3129.911321,0.5214548633740868,0.1408164102527676,23.648504050010096,1103.9312000000002,15.862245161290325,76.89248387096774,-1.1196774193548384,-1.6603225806451616,110.41890731680002,5.3158419406923,23.116919855940857
0.3330617320894734,0.36983068102732447,1.6695050857936817,0.8649555206306463,15.333333333333334,3.8761155920862147,9.0,3.0,0.0,0.0,72.0,6264.0,396288.0,0.0,1080.0,1944.0,21924.0,4594428.0,0.0,432.0,11844.0,39852.0,515448.0,3060.0,10836.0,30744.0,151992.0,6155388.0,0.0,216.0,4860.0,29016.0,31607136.0,16272.0,87948.0,268452.0,1089684.0,18052848.0,7344.0,83844.0,227340.0,962352.0,10287900.0,0.0,0.0,72.0,5184.0,832932.0,0.0,720.0,4824.0,98460.0,239724.0,835236.0,26.0,23385.85399,0.5921066089412728,0.23312699139243964,33.92968261894371,41.972899999999996,28.39641666666667,65.3479,0.5209999999999999,-0.9540000000000001,465.5498790670003,14.25998303256848,36.91540216152294
0.060611935432196895,0.5019454407932256,0.328131994510531,0.6771832003167461,5.0,1.7200392816987362,12.0,4.0,0.0,648.0,648.0,1116.0,20152080.0,10908.0,128304.0,469692.0,2115648.0,40664808.0,0.0,0.0,0.0,0.0,155340.0,0.0,72.0,4896.0,41436.0,2741328.0,5976.0,58896.0,130968.0,287712.0,2839896.0,14436.0,94500.0,176472.0,664416.0,6091200.0,0.0,288.0,756.0,19872.0,751500.0,0.0,0.0,0.0,0.0,864.0,0.0,0.0,0.0,0.0,2052.0,11232.0,72.0,1508.7111,0.4412758905968221,0.1887292942587446,63.679050848158155,0.9435451612903226,21.531225806451612,77.04354838709676,-4.14,-4.166451612903225,409.14188779246024,16.030527952063977,34.20707511283744
0.10008026991059352,0.32499173329766023,0.6654896107960514,0.555285345592495,6.181818181818182,1.8245597741568558,7.0,2.0,0.0,16056.0,31068.0,63288.0,8697168.0,0.0,4212.0,7956.0,106704.0,7575696.0,0.0,11772.0,23904.0,77364.0,1670688.0,9000.0,26136.0,41832.0,195120.0,7251444.0,0.0,0.0,576.0,2700.0,258012.0,15084.0,103104.0,248652.0,1007244.0,17584380.0,4680.0,55224.0,195732.0,769140.0,12195504.0,0.0,252.0,2664.0,15372.0,557424.0,0.0,756.0,2700.0,65952.0,232632.0,904356.0,3.0,3430.762574,0.8531615276068306,0.28562593453181134,26.407137143301366,181.3588,29.910548387096775,72.25567741935487,0.8922580645161291,1.1870967741935483,657.001584996,20.438305075064847,25.341936494448493
0.0871661565334931,0.6479969456764652,0.5856631434157917,0.5026726931052066,6.2,2.064005939811034,8.0,3.0,0.0,1224.0,1656.0,3024.0,24855408.0,24300.0,206424.0,612900.0,2663100.0,42280236.0,0.0,0.0,0.0,0.0,164556.0,0.0,108.0,19080.0,86652.0,3431232.0,5796.0,58284.0,112608.0,260532.0,2744316.0,1368.0,15444.0,34200.0,100944.0,2761236.0,0.0,504.0,3060.0,19728.0,1051632.0,0.0,0.0,180.0,648.0,16740.0,0.0,0.0,0.0,540.0,1728.0,6696.0,72.0,1508.7111,1.1717245833333334,0.538084884386454,32.049243229313,19.41663870967742,27.972374193548387,87.38483870967744,1.4896774193548388,-0.1512903225806452,472.03771030022995,25.270898480336125,31.912011539593493
0.102088926487131,0.5240637924286163,0.45693965032515876,0.5627763272163554,7.4,2.366187697019219,6.0,2.0,0.0,0.0,36.0,1332.0,318816.0,1656.0,104652.0,416772.0,1440576.0,57570948.0,0.0,216.0,252.0,3600.0,115524.0,6012.0,47232.0,87552.0,640836.0,5099508.0,5220.0,70956.0,159660.0,440820.0,9061452.0,10260.0,33912.0,71244.0,296352.0,3787200.0,4788.0,12996.0,20628.0,85176.0,868536.0,1152.0,1152.0,3780.0,97884.0,369720.0,216.0,864.0,2448.0,11628.0,25236.0,134892.0,378.0,15241.42093,0.5012832835154971,0.2643326395838812,55.6309339341248,19.071103333333333,26.09072666666666,80.866,0.9436666666666669,1.8860000000000003,490.023695631,16.809150524789036,42.18084799625257
0.2224307911977382,0.4489527546443791,2.7147215646447083,2.0807783941111504,26.5,7.331101999134809,10.0,3.0,900.0,2484.0,6912.0,19728.0,597420.0,0.0,2376.0,12708.0,213156.0,5200956.0,0.0,1836.0,17028.0,44100.0,252828.0,3060.0,10944.0,26532.0,234828.0,2872728.0,0.0,468.0,4896.0,55800.0,41917860.0,11052.0,54648.0,142380.0,582480.0,7627716.0,11880.0,140436.0,362448.0,1171188.0,10241136.0,0.0,0.0,3420.0,65808.0,2082492.0,36.0,1008.0,4428.0,69768.0,209160.0,754272.0,13.0,19435.77403,0.45399668767507007,0.21295438889693064,79.32365051705975,0.03226129032258065,25.658061290322586,66.50032258064515,0.26387096774193547,-1.2351612903225808,528.0649332759739,14.715189944471035,43.571437597557065
0.11956945080760929,0.21588207873774062,2.014539369191743,1.716319204139371,19.0,4.913402542649994,3.0,1.0,0.0,1584.0,5004.0,8568.0,2892600.0,0.0,0.0,0.0,1620.0,5294016.0,0.0,0.0,36.0,5148.0,2103840.0,36.0,1584.0,2088.0,10584.0,3175488.0,0.0,0.0,0.0,3456.0,1581732.0,9684.0,54468.0,93348.0,293148.0,8216424.0,16524.0,157608.0,446436.0,1865304.0,30358440.0,0.0,0.0,0.0,16020.0,4942260.0,0.0,1440.0,5256.0,67104.0,238824.0,937368.0,6.0,17454.33105,0.7226437023809524,0.3158986075822678,71.02619755577976,6.125848387096774,19.546835483870968,69.00032258064515,-1.4487096774193549,-0.5683870967741936,316.56183758748807,19.07588730710569,40.160915009340066
0.05429798554110774,0.3094540106548863,0.37093453619387506,0.5347786869804986,7.5,1.3464668064827925,6.0,2.0,0.0,936.0,1980.0,5184.0,743184.0,0.0,3204.0,11016.0,19404.0,13295916.0,0.0,13680.0,25740.0,113256.0,1770192.0,1800.0,8496.0,22860.0,79668.0,7270812.0,0.0,0.0,1224.0,2016.0,13779828.0,5616.0,31896.0,84780.0,334584.0,11066004.0,18900.0,138564.0,358272.0,1578744.0,18128628.0,0.0,180.0,288.0,9648.0,2380212.0,0.0,0.0,5040.0,85464.0,279072.0,998784.0,18.0,6622.610663,0.5502762801612848,0.10795014964316323,52.511358327177255,1.5259733333333332,28.99422,63.35366666666666,3.171,1.728333333333333,679.7371943063998,13.033654356177914,26.69760181646391
0.10328540461833292,0.4334132420487758,0.38456570875915813,0.4248453007313601,4.5,1.106626384916223,12.0,4.0,864.0,3780.0,7992.0,17568.0,8711604.0,0.0,0.0,36.0,14544.0,5059116.0,0.0,0.0,14688.0,228204.0,2422548.0,0.0,864.0,1476.0,60588.0,930924.0,144.0,180.0,1584.0,40356.0,18400572.0,396.0,6804.0,29448.0,276192.0,4141440.0,20880.0,185472.0,507312.0,1765224.0,9773928.0,0.0,684.0,2268.0,8676.0,343152.0,540.0,2268.0,9108.0,85032.0,220644.0,730116.0,13.0,537.3484137,0.0,0.0,0.0,4.668,20.561596774193546,63.45429032258065,-0.8425806451612904,-2.103225806451613,342.2024957535998,19.287465942178173,35.967940744191765
0.2732483706420988,0.3803613875797053,3.4059829314827317,6.195011400080764,29.22222222222222,5.745206957740094,2.0,1.0,0.0,0.0,0.0,0.0,3762360.0,0.0,0.0,1152.0,44100.0,3371364.0,0.0,3204.0,3240.0,35100.0,712332.0,4608.0,31788.0,68760.0,160020.0,2079972.0,36.0,36.0,576.0,3492.0,6972408.0,15408.0,68832.0,217476.0,669816.0,25133436.0,7128.0,122400.0,353376.0,1506924.0,19474812.0,0.0,0.0,0.0,1152.0,1961208.0,0.0,288.0,4284.0,56232.0,140832.0,720828.0,12.0,5480.991045,0.7723504869734682,0.253511879980624,75.17999004765167,0.07039642857142857,21.893867857142848,69.99535714285716,0.39785714285714285,-1.8889285714285715,454.47072609300017,19.42774895628372,36.565235625300836
0.16321137033333336,0.32590427266666666,1.3767821162222222,0.9674814368888891,14.571428571428571,3.241073904555556,2.0,1.0,0.0,1512.0,4500.0,60480.0,4570812.0,360.0,4680.0,11772.0,80136.0,15725088.0,0.0,0.0,1152.0,35244.0,925524.0,648.0,5328.0,11772.0,29772.0,4261716.0,0.0,396.0,12240.0,345384.0,7897032.0,11664.0,93384.0,178056.0,452844.0,10234260.0,9432.0,76068.0,273564.0,1198260.0,21777552.0,0.0,432.0,1224.0,9324.0,922248.0,468.0,2988.0,9180.0,100764.0,291456.0,930024.0,4.0,12791.38051,0.4949960714632589,0.19198346714150047,63.96969741139598,1.9714928571428572,18.807128571428574,76.84535714285714,-1.1132142857142857,-0.44,228.93968438869993,19.16401192799076,40.32177758706553
0.10916968903269368,0.5639854470956387,0.5400453291442836,0.6647411880051961,9.2,2.6598829992892012,6.0,2.0,180.0,2304.0,22536.0,50184.0,2289348.0,0.0,4932.0,39996.0,170100.0,8950140.0,0.0,2556.0,11520.0,31140.0,470556.0,3132.0,10296.0,38304.0,183168.0,5881428.0,0.0,16056.0,77040.0,385992.0,22149324.0,10116.0,76248.0,179784.0,610200.0,12737160.0,12528.0,111852.0,269604.0,971784.0,12116988.0,0.0,0.0,2952.0,27072.0,4443120.0,576.0,1548.0,5616.0,58608.0,143676.0,712224.0,136.0,15407.79543,0.43679349955412006,0.1307056821603129,18.74749467064877,5.404656666666666,27.875900000000005,64.38333333333334,1.4273333333333336,0.2433333333333333,569.1004526009993,17.780541561149448,33.85306397963036
0.1929605118568057,0.3005351061845384,0.3417709255622209,0.45207889763880454,5.6,1.2881581061975083,2.0,1.0,0.0,0.0,2880.0,55512.0,5057964.0,1368.0,31968.0,79812.0,242748.0,17657928.0,0.0,0.0,6264.0,149652.0,2902536.0,4536.0,39996.0,81936.0,221436.0,9786132.0,0.0,36.0,13032.0,351216.0,8531964.0,4284.0,37404.0,80208.0,214488.0,2730672.0,10116.0,79272.0,287964.0,1163916.0,20858760.0,0.0,396.0,1116.0,9360.0,1004940.0,468.0,2916.0,10980.0,93492.0,232524.0,733140.0,4.0,12791.38051,0.0,0.0,0.0,153.2817,16.581214285714285,79.00814285714286,-1.076785714285714,0.026785714285714256,159.54522141319507,15.45369542132483,28.668081141263748
0.09585308192762888,0.32936823335782783,1.9835102805074076,2.786683132364096,22.77777777777778,3.525284266188839,2.0,1.0,0.0,864.0,7524.0,21960.0,870552.0,108.0,3996.0,44028.0,521892.0,21321756.0,0.0,0.0,5436.0,54108.0,503064.0,936.0,5328.0,8316.0,61704.0,2499012.0,468.0,19296.0,123804.0,491688.0,23333688.0,12132.0,63180.0,164232.0,688248.0,11684412.0,15156.0,100728.0,194472.0,624312.0,8113140.0,1548.0,54216.0,131076.0,273996.0,3682152.0,0.0,0.0,1116.0,35424.0,105660.0,404100.0,244.0,21222.17111,0.3139295548340548,0.2626830814144293,52.684452688273964,0.15754482758620691,17.351155172413797,59.496551724137944,-0.23172413793103447,-0.7827586206896552,441.037400914,15.335920274175443,36.05842967045038
0.2164827814892689,0.3834187267053017,1.3853349440083813,1.7431977012196977,16.5,3.0011055076359043,11.0,4.0,0.0,1116.0,5328.0,15984.0,874152.0,144.0,1512.0,19512.0,361116.0,21854232.0,0.0,0.0,2484.0,35064.0,634536.0,72.0,1548.0,9900.0,105948.0,4010544.0,648.0,20052.0,126252.0,486396.0,23258952.0,17568.0,103572.0,263484.0,977616.0,10432332.0,10476.0,75168.0,147492.0,524340.0,8006184.0,1368.0,44964.0,107460.0,246096.0,3613320.0,0.0,0.0,1188.0,35100.0,102636.0,389448.0,244.0,21222.17111,0.428401306395443,0.303662406623355,30.5485584088225,13.128400000000001,23.59822333333334,63.89753333333333,-0.032333333333333346,-0.7639999999999999,417.0259721209998,9.635423628332898,30.5485584088225
0.04870174250236617,0.06965704264987514,0.13791152989483552,0.22499486018589465,1.3333333333333333,0.4617047662966901,2.0,1.0,0.0,0.0,0.0,2196.0,21240.0,24660.0,271368.0,755028.0,2755080.0,62446896.0,0.0,0.0,0.0,61668.0,426024.0,5184.0,9864.0,19188.0,140940.0,4426596.0,360.0,360.0,10296.0,166284.0,9243540.0,108.0,108.0,108.0,5148.0,369072.0,792.0,792.0,792.0,4968.0,1230948.0,0.0,0.0,0.0,36.0,80244.0,0.0,0.0,216.0,216.0,216.0,5112.0,841.0,10474.35103,0.0,0.0,0.0,645.8369,10.721317857142859,96.62407142857141,-3.8775000000000004,-1.6807142857142858,109.62914864503009,19.049895514247055,28.87213457351765
0.05007813673709792,0.4320886713538735,0.8706132016336459,0.9557993146200742,12.25,2.7895930912681512,4.0,1.0,0.0,0.0,30636.0,135072.0,712656.0,720.0,33696.0,112680.0,469368.0,44240832.0,0.0,108.0,2268.0,9720.0,817272.0,10008.0,71748.0,201924.0,648648.0,8903916.0,0.0,6048.0,26676.0,266796.0,5304744.0,10080.0,77040.0,180828.0,659628.0,9137484.0,5220.0,39672.0,96840.0,337860.0,3885516.0,0.0,0.0,900.0,20088.0,362484.0,828.0,1764.0,5400.0,54432.0,132768.0,594252.0,9.0,12779.34997,0.7371347453270953,0.2743967337333101,55.76332630246244,2.1090666666666666,21.204586666666668,71.71133333333334,-1.346,-1.1113333333333333,419.74785289180966,14.776227200732283,39.683033131388626
0.26424685097895084,0.5516921332413423,3.242899685661423,6.90865365131157,27.2,4.545714541752265,1.0,4.0,72.0,720.0,4572.0,11448.0,4084560.0,0.0,0.0,36.0,32148.0,3385584.0,0.0,6624.0,6804.0,58680.0,3463452.0,2736.0,12132.0,26640.0,90036.0,2015388.0,0.0,0.0,504.0,4464.0,7046424.0,17280.0,108288.0,350712.0,1078812.0,24810984.0,7704.0,98496.0,254196.0,1152324.0,17560368.0,0.0,0.0,0.0,1296.0,1733076.0,0.0,36.0,3672.0,56232.0,141948.0,712188.0,12.0,5480.991045,0.3376606971162492,0.1679982204024704,36.125987313613535,43.866400000000006,18.59242258064516,69.81838709677416,0.2335483870967742,-3.0896774193548397,376.53102270300013,18.184903427301254,36.782498913352164
0.07680150225052476,0.2857199745095841,0.5046756406484375,0.4862277010318927,9.222222222222221,1.5613581054461934,4.0,1.0,108.0,576.0,3456.0,18324.0,20664576.0,72.0,1116.0,5076.0,91260.0,4691988.0,0.0,792.0,1332.0,36288.0,1218780.0,3168.0,18432.0,54180.0,215280.0,5654592.0,360.0,4752.0,27684.0,379980.0,18154764.0,9648.0,80316.0,210744.0,828756.0,12250368.0,12168.0,112680.0,298368.0,900828.0,7853688.0,0.0,180.0,2484.0,7128.0,633888.0,324.0,1044.0,5868.0,63828.0,182160.0,663516.0,10.0,446.5182684,0.45848101520565504,0.19412195792897408,76.14759788591579,2.05715,20.981176666666663,66.4,-0.12133333333333331,-0.6079999999999999,319.6727645944902,36.6606824422827,39.486915443633094
0.337159015388733,0.39830738392737874,0.8156105722596871,1.5238300594077128,13.8,2.583389620873672,2.0,1.0,108.0,2232.0,3276.0,17352.0,485928.0,0.0,504.0,4932.0,199296.0,15894756.0,3852.0,6948.0,6948.0,28404.0,352944.0,36.0,1224.0,7452.0,160956.0,5284836.0,0.0,396.0,6984.0,112068.0,22396536.0,3024.0,14256.0,51156.0,251856.0,6055452.0,20448.0,186084.0,488520.0,1599012.0,14366556.0,0.0,72.0,3384.0,47412.0,5851980.0,0.0,540.0,3852.0,70812.0,212904.0,725112.0,13.0,14435.29365,0.680304954798257,0.499433657526708,30.3742842499874,113.3117,16.538728571428575,71.84332142857143,0.24107142857142858,-3.1253571428571436,311.28327995759986,13.6000574660961,40.39517422667673
0.2456102423863743,0.7309506977164609,1.2995728400136988,1.0341854817441856,14.666666666666666,3.6306839298510476,9.0,3.0,0.0,468.0,1872.0,9036.0,1038132.0,0.0,2124.0,14076.0,95868.0,35725032.0,0.0,3096.0,10764.0,25056.0,654192.0,1584.0,2376.0,6876.0,49176.0,3458016.0,0.0,2556.0,12564.0,227556.0,17505576.0,3204.0,25128.0,88308.0,309240.0,5708808.0,18612.0,153360.0,412956.0,1626444.0,7541388.0,0.0,72.0,612.0,24624.0,1090800.0,0.0,1512.0,7992.0,93492.0,237384.0,774396.0,48.0,9205.662327,0.38751872602923837,0.1677709706720826,36.39522196537838,281.03340000000003,26.571573333333333,62.702133333333336,-0.3076666666666668,-1.5323333333333333,506.781458908,22.75330075619267,36.11252876280195
0.4068461814749839,0.53863756995084,4.196985736581168,5.370760473936043,29.9,5.173236572447893,11.0,4.0,0.0,0.0,72.0,1692.0,122580.0,0.0,0.0,5976.0,20124.0,5088636.0,0.0,0.0,6984.0,15408.0,1749888.0,8568.0,56412.0,85968.0,130032.0,2382516.0,72.0,3168.0,25200.0,264060.0,27176832.0,14004.0,126072.0,260496.0,799956.0,18152712.0,288.0,40896.0,205416.0,1020240.0,11685960.0,0.0,1152.0,5220.0,73656.0,1293444.0,864.0,2772.0,8532.0,55188.0,189972.0,816084.0,33.0,30649.61061,0.29400795217266446,0.16038712411333614,44.558627944375424,0.4749,24.386076666666668,65.97193333333334,0.6593333333333332,-1.0179999999999998,405.32718802655,19.267281960925143,44.558627944375424
0.07883083375651483,0.20958488836015798,1.0679921712909897,0.4263155496024712,12.75,3.334787026505278,9.0,3.0,0.0,0.0,36.0,1332.0,318816.0,1656.0,104652.0,416772.0,1440576.0,57570948.0,0.0,216.0,252.0,3600.0,115524.0,6012.0,47232.0,87552.0,640836.0,5099508.0,5220.0,70956.0,159660.0,440820.0,9061452.0,10260.0,33912.0,71244.0,296352.0,3787200.0,4788.0,12996.0,20628.0,85176.0,868536.0,1152.0,1152.0,3780.0,97884.0,369720.0,216.0,864.0,2448.0,11628.0,25236.0,134892.0,378.0,15241.42093,0.526158819097464,0.3071238299343984,60.697683337995976,2.345003333333333,26.419503333333335,80.682,-0.194,-0.011666666666666695,538.3568373204994,22.223398157816433,34.930422213191676
0.12498545429706326,0.2727025635978428,1.876956426313125,1.1163511840115428,18.77777777777778,4.485630268101117,5.0,2.0,0.0,540.0,1476.0,12060.0,200376.0,0.0,72.0,2844.0,189828.0,13324104.0,3456.0,4248.0,4248.0,9396.0,210600.0,252.0,6912.0,20916.0,227232.0,8901216.0,0.0,180.0,2304.0,77364.0,16479432.0,4248.0,36252.0,93240.0,413064.0,7985808.0,19476.0,163404.0,437688.0,1431468.0,18203436.0,0.0,72.0,3492.0,32040.0,4163040.0,0.0,576.0,3888.0,70848.0,219348.0,749016.0,13.0,14435.29365,0.5280992455163883,0.14286388242789377,42.83581961239845,5.586067741935484,25.480012903225806,63.95096774193549,0.9329032258064516,-0.34225806451612906,439.8194269185001,13.879068546713537,42.83581961239845
0.05498790746578076,0.37872714473578756,0.3360081757186018,0.5346781030040378,4.0,1.4807154620335325,9.0,3.0,0.0,648.0,648.0,1116.0,20152080.0,10908.0,128304.0,469692.0,2115648.0,40664808.0,0.0,0.0,0.0,0.0,155340.0,0.0,72.0,4896.0,41436.0,2741328.0,5976.0,58896.0,130968.0,287712.0,2839896.0,14436.0,94500.0,176472.0,664416.0,6091200.0,0.0,288.0,756.0,19872.0,751500.0,0.0,0.0,0.0,0.0,864.0,0.0,0.0,0.0,0.0,2052.0,11232.0,72.0,1508.7111,0.46961251496120376,0.3034978773906138,41.26716029958281,5.005256666666666,28.13837,84.53533333333334,-1.2213333333333334,-1.2023333333333333,594.7226136890001,17.38406338882976,41.26716029958281
0.10245220518232208,0.49140120173065827,0.3225174176167484,0.59698282727747,6.9,2.0816762307905163,6.0,2.0,0.0,468.0,648.0,3816.0,216648.0,0.0,3996.0,7956.0,32904.0,6632532.0,0.0,1332.0,28908.0,138780.0,2207700.0,14040.0,71028.0,138960.0,402336.0,9612576.0,0.0,0.0,288.0,7596.0,6591744.0,9648.0,115956.0,324684.0,1139076.0,21286692.0,1476.0,34452.0,115812.0,652932.0,13201596.0,0.0,216.0,216.0,1368.0,2635452.0,0.0,648.0,6228.0,55116.0,167868.0,762588.0,69.0,17428.37218,0.3704901732910624,0.18260147407765734,70.67623994177947,21.75219333333334,28.231956666666665,63.488333333333344,1.1980000000000002,1.7986666666666669,472.52599964760003,17.25159256145143,35.70118113711403
0.16431217881509597,0.3973762708402297,1.0834332780324134,0.5626213857707772,17.0,3.2970518920703893,4.0,1.0,0.0,1116.0,5328.0,15984.0,874152.0,144.0,1512.0,19512.0,361116.0,21854232.0,0.0,0.0,2484.0,35064.0,634536.0,72.0,1548.0,9900.0,105948.0,4010544.0,648.0,20052.0,126252.0,486396.0,23258952.0,17568.0,103572.0,263484.0,977616.0,10432332.0,10476.0,75168.0,147492.0,524340.0,8006184.0,1368.0,44964.0,107460.0,246096.0,3613320.0,0.0,0.0,1188.0,35100.0,102636.0,389448.0,244.0,21222.17111,0.34471110554533935,0.19763293751194064,29.83591883806132,49.14939999999999,22.572396666666666,62.393699999999995,0.28300000000000003,-0.6233333333333333,552.3934333545398,18.04586681138138,35.887290376231334
0.3332777228041781,0.7524993400224862,3.858399563933241,8.39455646971414,38.142857142857146,5.807125472095129,2.0,1.0,0.0,36.0,288.0,3924.0,857016.0,0.0,180.0,12960.0,37008.0,7114968.0,0.0,0.0,9900.0,30780.0,2116368.0,15948.0,100296.0,174312.0,329508.0,5897412.0,0.0,3240.0,24840.0,268092.0,27456480.0,7452.0,88056.0,213912.0,772884.0,13663944.0,3168.0,51876.0,198900.0,930492.0,10530288.0,0.0,1296.0,3924.0,70920.0,1410696.0,288.0,1296.0,4824.0,37980.0,146412.0,697644.0,33.0,30649.61061,0.6620632506150376,0.2795517398139216,67.99803110715149,0.6966571428571429,18.694599999999998,60.109642857142845,0.6182142857142857,-1.2028571428571428,462.34473742900025,15.589827594624685,45.05541839047009
0.2692167028984843,0.5264516762156659,2.7441038258363424,4.002849121729757,26.88888888888889,5.010234174498754,2.0,1.0,0.0,0.0,72.0,23472.0,643500.0,216.0,2016.0,5436.0,85932.0,15812388.0,0.0,0.0,324.0,504.0,58068.0,4824.0,11736.0,20628.0,72324.0,2121804.0,8352.0,153612.0,429120.0,1942884.0,43299900.0,11196.0,73224.0,201312.0,606780.0,11139156.0,4176.0,19152.0,53820.0,158148.0,1724076.0,0.0,288.0,1548.0,2952.0,85932.0,0.0,792.0,2592.0,22428.0,73188.0,248328.0,47.0,33952.92531,0.6907939461140822,0.23836457294891295,63.315718125922224,0.440975,20.307428571428574,61.23535714285715,0.9482142857142856,-0.8739285714285714,488.5727629069995,19.527629922039154,33.69152741387226
0.0930619005918908,0.3267010367500479,1.4894554072727915,0.37301241361671567,16.3,4.42774201205917,9.0,3.0,0.0,5616.0,18324.0,150768.0,1094904.0,0.0,1152.0,2016.0,13428.0,4046436.0,0.0,684.0,18468.0,65088.0,981540.0,9288.0,48744.0,106488.0,328500.0,8474220.0,0.0,0.0,72.0,5652.0,5030676.0,6840.0,77472.0,207684.0,738288.0,12738780.0,9216.0,79056.0,228744.0,975636.0,23128848.0,0.0,144.0,144.0,1836.0,3355236.0,0.0,1188.0,5976.0,69840.0,203436.0,862092.0,69.0,17428.37218,0.3442658129618161,0.22269046214319757,78.47387651076981,0.5099333333333333,27.826943333333336,61.40200000000001,0.43399999999999994,-1.209,526.0467500983002,19.722295471266648,42.535523975495146
0.1258798559038498,0.2773755992262733,1.2773605912075698,0.6561793772773225,8.88888888888889,3.335343123697834,8.0,3.0,0.0,0.0,72.0,1116.0,72900.0,0.0,180.0,2196.0,147744.0,3510864.0,0.0,684.0,9288.0,26424.0,211392.0,0.0,1116.0,8136.0,132192.0,1343448.0,0.0,756.0,8064.0,78624.0,44472636.0,9720.0,86292.0,254448.0,1131696.0,14460120.0,16452.0,128556.0,315000.0,911160.0,5473800.0,0.0,0.0,2484.0,31680.0,1472652.0,180.0,1224.0,5148.0,65340.0,185796.0,680724.0,13.0,19435.77403,0.1594316293968818,0.026090657133916235,28.383611606244035,241.60899999999995,28.49816451612903,68.37867741935484,0.07096774193548386,0.17838709677419354,616.0537993673304,14.4048644594239,28.483254336028423
0.07091180262177187,0.17443795818418692,0.3187612244157143,0.38433777400944846,7.777777777777778,1.1156935975447706,6.0,2.0,0.0,2016.0,3024.0,22716.0,368892.0,0.0,13248.0,36504.0,243792.0,18107568.0,0.0,2232.0,14832.0,18396.0,131544.0,2808.0,8892.0,19620.0,130068.0,2635884.0,252.0,12096.0,57816.0,294588.0,33272388.0,15588.0,86976.0,222804.0,818892.0,10014156.0,7416.0,101628.0,278064.0,971172.0,5408820.0,0.0,756.0,1836.0,7848.0,2215008.0,0.0,0.0,5436.0,55044.0,150372.0,633996.0,90.0,33384.18737,0.45362271805278037,0.09687557935411346,60.722158443589635,4.77028,29.09575999999999,59.50733333333336,0.4196666666666667,1.1036666666666666,620.1549290916998,23.441702863878,29.0233105851185
0.22645071947840198,0.8591387261657589,1.2689750293274211,0.9579005224314372,13.666666666666666,3.404306569116898,9.0,3.0,0.0,0.0,0.0,1044.0,1376928.0,0.0,0.0,5148.0,20664.0,7057044.0,0.0,6048.0,12456.0,41112.0,931068.0,3708.0,34920.0,51588.0,158040.0,4543092.0,0.0,7560.0,38412.0,507348.0,40099320.0,4680.0,38376.0,79956.0,268416.0,6345144.0,20196.0,158688.0,454536.0,1548504.0,10778976.0,0.0,0.0,0.0,11664.0,901116.0,180.0,756.0,2736.0,37080.0,143568.0,584640.0,5.0,6703.15719,0.0,0.0,0.0,297.2313,26.751920000000002,65.02693333333333,0.05766666666666669,-0.16400000000000003,480.80595478480046,16.243192898411206,23.132935885419805
0.04645706657127802,0.3271790269366888,1.195190620518144,0.43157321562327455,13.545454545454545,3.46243699576261,8.0,3.0,108.0,9108.0,15480.0,52092.0,1196892.0,0.0,972.0,4140.0,7128.0,11003004.0,0.0,4644.0,7812.0,40752.0,1343340.0,216.0,2052.0,8676.0,26172.0,6104664.0,0.0,0.0,1080.0,1332.0,13331664.0,7164.0,49356.0,105264.0,358128.0,15109992.0,18900.0,129924.0,357300.0,1605852.0,17765928.0,0.0,216.0,324.0,9972.0,2187180.0,0.0,0.0,4968.0,86148.0,285156.0,1039860.0,18.0,6622.610663,0.28434083043878716,0.11743403043239405,50.720722719709165,5.873264516129033,28.873006451612902,66.56935483870967,1.0922580645161288,0.446774193548387,573.9433487565999,14.910180886413407,27.593978164071192
0.20451165263629872,0.3949476521165101,1.5840711576645001,1.739463787834796,20.5,3.538522483439736,11.0,4.0,0.0,0.0,72.0,28872.0,486324.0,216.0,900.0,7056.0,52848.0,16033032.0,0.0,0.0,396.0,504.0,41184.0,4644.0,8460.0,16308.0,52488.0,1460736.0,7884.0,150336.0,421128.0,1904616.0,42705360.0,11016.0,67320.0,173412.0,585396.0,10664748.0,4716.0,31788.0,89928.0,248832.0,2886084.0,0.0,180.0,1692.0,3528.0,78408.0,0.0,1044.0,2880.0,23616.0,75564.0,264384.0,47.0,33952.92531,0.6850166797993446,0.18899419261904002,53.163194868239785,0.009729999999999999,24.592573333333338,71.55000000000001,0.203,-0.3359999999999999,374.6904571599185,9.91516093640303,35.26443621641881
0.1569364727001611,0.25876665546037253,1.5326634736229663,1.8213616152474172,14.777777777777779,3.887079149223472,5.0,2.0,0.0,1368.0,2016.0,18144.0,824652.0,0.0,2952.0,7272.0,66780.0,4424256.0,0.0,2412.0,2952.0,43740.0,457164.0,6948.0,20448.0,36396.0,163224.0,5204412.0,0.0,5544.0,53640.0,357876.0,42842880.0,3960.0,25092.0,54180.0,335772.0,7005744.0,19116.0,147420.0,402156.0,1398312.0,8457336.0,0.0,612.0,1728.0,5328.0,3746628.0,0.0,0.0,1296.0,76932.0,225072.0,752148.0,51.0,32919.87338,0.5658066656283579,0.24088474082581166,37.68983163436687,264.099,24.453090322580646,67.31683870967741,0.724516129032258,-0.322258064516129,470.5674602626,18.4741896614164,37.63611549045131
0.0596400086655048,0.18485238510320554,1.099001797370375,0.14796778164630314,10.4,2.678081991712248,6.0,2.0,72.0,4356.0,19332.0,275400.0,5139036.0,0.0,0.0,2880.0,57708.0,1771632.0,0.0,1512.0,6588.0,29376.0,1913868.0,180.0,4212.0,16704.0,23004.0,1355580.0,0.0,0.0,0.0,79920.0,285912.0,4068.0,18396.0,75420.0,332028.0,10368144.0,20448.0,134640.0,366120.0,1389384.0,35211204.0,0.0,180.0,252.0,792.0,1393848.0,540.0,1764.0,6732.0,119160.0,298152.0,953784.0,2.0,17057.75366,0.4297131722374848,0.25091426519465526,74.78225871009477,9.29326,28.382016666666665,63.945000000000014,-0.24233333333333335,-0.46366666666666667,451.48578796732994,22.665186367629083,39.970271167320824
0.05686504300467016,0.2878340602122697,1.3329410602120002,0.4098096448708462,15.0,3.748425915721692,8.0,3.0,0.0,5616.0,18324.0,150768.0,1094904.0,0.0,1152.0,2016.0,13428.0,4046436.0,0.0,684.0,18468.0,65088.0,981540.0,9288.0,48744.0,106488.0,328500.0,8474220.0,0.0,0.0,72.0,5652.0,5030676.0,6840.0,77472.0,207684.0,738288.0,12738780.0,9216.0,79056.0,228744.0,975636.0,23128848.0,0.0,144.0,144.0,1836.0,3355236.0,0.0,1188.0,5976.0,69840.0,203436.0,862092.0,69.0,17428.37218,0.3556333472222222,0.16570595114700712,69.88706083426644,11.660922580645162,28.732858064516126,66.45903225806451,0.7135483870967742,0.8829032258064514,415.07782913463006,18.838000605325824,33.33360688055934
0.06577827211112776,0.29048621606240355,1.0127744251030681,0.42851594478773936,12.090909090909092,3.396571289488887,8.0,3.0,0.0,0.0,0.0,0.0,193176.0,0.0,612.0,8640.0,38484.0,11350224.0,0.0,288.0,1656.0,57312.0,940680.0,3060.0,5472.0,6300.0,28620.0,1565424.0,0.0,36.0,1296.0,66852.0,13995000.0,6912.0,52272.0,150732.0,710892.0,17450856.0,3312.0,102564.0,334224.0,1337832.0,17347896.0,16452.0,42552.0,47556.0,100368.0,4935384.0,0.0,72.0,1584.0,79056.0,235260.0,800892.0,100.0,15052.7619,0.5274581633886948,0.17316263494520862,55.87129132863992,9.04694193548387,29.11002903225806,61.51096774193548,0.05870967741935488,-0.5377419354838711,572.8849575677002,13.755089679564271,30.696848820501053
0.19926451493381278,0.27593132478524485,2.974860470355,3.1886719939505825,23.0,5.101575342361131,4.0,1.0,612.0,3528.0,5112.0,24768.0,1285056.0,0.0,144.0,12528.0,39960.0,7385724.0,0.0,0.0,7920.0,22680.0,662292.0,14724.0,87948.0,143784.0,249120.0,4104180.0,36.0,2628.0,21240.0,232452.0,25188264.0,7128.0,75528.0,159840.0,522108.0,10818432.0,2952.0,64908.0,255276.0,1161000.0,16313040.0,0.0,1512.0,4932.0,82044.0,1626444.0,540.0,1692.0,6012.0,46692.0,174672.0,807120.0,33.0,30649.61061,0.4731159872267283,0.2088198917751747,68.596457797276,1.6930699999999999,24.637019999999996,61.9,0.9933333333333334,-0.31233333333333335,581.0544109934898,18.331731265025898,36.38684463109162
0.3510570843170624,0.3865100663135303,3.453532479851485,7.539975882725356,28.8,4.396065124430275,1.0,4.0,0.0,0.0,72.0,6264.0,396288.0,0.0,1080.0,1944.0,21924.0,4594428.0,0.0,432.0,11844.0,39852.0,515448.0,3060.0,10836.0,30744.0,151992.0,6155388.0,0.0,216.0,4860.0,29016.0,31607136.0,16272.0,87948.0,268452.0,1089684.0,18052848.0,7344.0,83844.0,227340.0,962352.0,10287900.0,0.0,0.0,72.0,5184.0,832932.0,0.0,720.0,4824.0,98460.0,239724.0,835236.0,26.0,23385.85399,0.3233342460073155,0.11178382829855238,18.443174954083226,52.0319,20.134258064516125,64.6982258064516,0.6945161290322581,-1.230967741935484,369.3987382725002,9.386031263303387,26.956164187739848
0.09884552008336857,0.20735453020331862,0.3981403289120115,0.360897842317741,7.0,1.4072141710680333,7.0,2.0,0.0,468.0,1872.0,9036.0,1038132.0,0.0,2124.0,14076.0,95868.0,35725032.0,0.0,3096.0,10764.0,25056.0,654192.0,1584.0,2376.0,6876.0,49176.0,3458016.0,0.0,2556.0,12564.0,227556.0,17505576.0,3204.0,25128.0,88308.0,309240.0,5708808.0,18612.0,153360.0,412956.0,1626444.0,7541388.0,0.0,72.0,612.0,24624.0,1090800.0,0.0,1512.0,7992.0,93492.0,237384.0,774396.0,48.0,9205.662327,0.30827255012463606,0.20498628216070358,32.77576080793179,35.139300000000006,29.207796774193554,65.17593548387096,1.3545161290322587,1.0425806451612905,691.008963884239,19.87979754554808,31.984555953093498
0.030857431555946828,0.5583014027502783,0.3476371996919167,0.5205986096820617,8.25,1.6980741468235443,9.0,3.0,792.0,6660.0,12384.0,25380.0,15036228.0,2052.0,37116.0,215892.0,1494468.0,34953588.0,144.0,1800.0,3024.0,48240.0,748260.0,8676.0,52020.0,123804.0,435852.0,5531328.0,0.0,2376.0,12492.0,42876.0,2119536.0,7452.0,50652.0,106020.0,246060.0,5895216.0,7776.0,83016.0,203004.0,575028.0,8929584.0,0.0,108.0,108.0,1584.0,470016.0,36.0,684.0,4608.0,48528.0,109116.0,271800.0,5.0,3129.911321,0.5571254603174604,0.3554216694344901,74.23659687649797,13.197403333333332,26.213366666666673,72.736,-1.119,-0.8130000000000001,366.48660748011974,18.29505111602946,41.95239133069297
0.10590614654858244,0.33311648839282637,1.0206182701407314,0.39052578146463723,10.0,2.9969199313585784,7.0,2.0,0.0,900.0,900.0,1224.0,14660424.0,1836.0,26928.0,189648.0,1375380.0,35085888.0,0.0,0.0,648.0,33300.0,662580.0,3708.0,18648.0,44280.0,179388.0,5048568.0,0.0,2232.0,11808.0,41724.0,2099664.0,8568.0,68112.0,154008.0,483804.0,5764968.0,12204.0,108108.0,255312.0,694944.0,9868752.0,0.0,36.0,72.0,1944.0,553896.0,0.0,936.0,5184.0,57312.0,129168.0,329580.0,5.0,3129.911321,1.1041749345254894,0.4522398583856098,36.94375489700683,35.5982,29.026293548387095,65.9548387096774,-0.3803225806451613,-0.2319354838709677,763.291294136,26.131534229383117,58.0052917153085
0.06464164329854627,0.17571082913978295,0.4713903223009339,0.40586681109477396,6.555555555555555,1.8506829419349187,5.0,2.0,0.0,0.0,14040.0,330516.0,6298848.0,0.0,144.0,5508.0,126396.0,2877624.0,0.0,4320.0,44028.0,166320.0,5869188.0,6768.0,28476.0,65808.0,165168.0,6651612.0,0.0,0.0,0.0,81684.0,375228.0,1872.0,8892.0,28476.0,109764.0,2641176.0,19656.0,135144.0,356616.0,1292940.0,33493212.0,0.0,144.0,180.0,720.0,1432368.0,324.0,756.0,3204.0,105336.0,270792.0,867888.0,2.0,17057.75366,0.3995693932273699,0.2318024634194139,42.86843551949715,474.57179999999994,23.47077419354839,72.93012903225807,-1.6374193548387095,-0.5864516129032258,311.00068314734983,16.136600787937333,44.51081385339962
0.07129256375359505,0.2888524232094367,1.031565135764229,0.4816336512970433,12.0,3.1216083960778107,9.0,3.0,36.0,252.0,756.0,2412.0,330552.0,0.0,252.0,2664.0,30528.0,30112164.0,0.0,36.0,684.0,1440.0,197964.0,252.0,360.0,684.0,5364.0,1127088.0,0.0,972.0,6192.0,164664.0,16251480.0,5940.0,49824.0,176724.0,667008.0,14963040.0,17172.0,138960.0,367092.0,1496880.0,7779240.0,0.0,108.0,540.0,22608.0,845244.0,0.0,1440.0,7992.0,91908.0,230076.0,750492.0,48.0,9205.662327,0.30008632518135464,0.22094090233672795,56.74494541864114,0.5522366666666667,27.15738666666666,62.76233333333333,0.010000000000000061,-1.2336666666666667,503.91099725270027,18.501712476284798,38.243232942356336
0.31813423625505194,0.5235445298677115,4.850063870157638,8.333346554318958,34.666666666666664,5.799094252704011,2.0,1.0,0.0,25668.0,44388.0,96876.0,18348516.0,0.0,252.0,720.0,109584.0,7273296.0,0.0,4068.0,7236.0,23436.0,927036.0,4068.0,9216.0,13032.0,62712.0,4813812.0,0.0,0.0,396.0,1044.0,230400.0,11412.0,63072.0,105948.0,474768.0,10553940.0,12132.0,104472.0,354096.0,1348416.0,20670372.0,0.0,792.0,3132.0,28980.0,937908.0,0.0,936.0,3852.0,75168.0,256068.0,995472.0,3.0,3430.762574,0.41743129420774155,0.2284249943592336,67.30193845460727,0.23727142857142858,23.027235714285712,68.45714285714286,0.5260714285714285,-1.3799999999999997,473.485713096,17.239534098242444,35.70030273353815
0.1455245313768146,0.32489236089684764,1.1524079530498912,0.6782457418153351,12.555555555555555,3.813182776274382,9.0,3.0,612.0,720.0,3600.0,11592.0,730656.0,36.0,2700.0,13176.0,217044.0,5406300.0,0.0,1872.0,29376.0,61884.0,360288.0,4248.0,13176.0,32508.0,312768.0,3733632.0,0.0,936.0,9036.0,78300.0,44746380.0,11448.0,83844.0,240228.0,879156.0,9486324.0,10944.0,116784.0,278208.0,887832.0,5650632.0,0.0,0.0,3096.0,54144.0,1911708.0,0.0,828.0,4140.0,62568.0,176148.0,638604.0,13.0,19435.77403,0.3475880474021013,0.19467214708313724,59.45719370022225,2.4234666666666667,28.76663666666667,69.85099999999998,0.2780000000000001,-0.0676666666666667,555.6844545874998,18.747316914912883,40.70987678530936
0.136163037944263,0.27892036722812624,1.0622402204601653,2.0921344172786633,14.2,1.8260394423405173,2.0,1.0,0.0,1188.0,1944.0,20556.0,224712.0,0.0,6516.0,25236.0,207324.0,17753616.0,0.0,1728.0,10332.0,11988.0,109944.0,1584.0,5652.0,14040.0,109296.0,3430584.0,252.0,13680.0,61416.0,306252.0,33656508.0,18900.0,121788.0,303732.0,1099296.0,12834000.0,5328.0,76860.0,218124.0,760716.0,3613248.0,0.0,648.0,1548.0,6336.0,1773108.0,0.0,0.0,5436.0,54828.0,148500.0,619704.0,90.0,33384.18737,0.0,0.0,0.0,110.0233,16.830614285714287,65.95182142857144,0.5578571428571428,-1.2139285714285715,306.3262627154,11.60938185446447,32.328687665963535
0.07948215777271375,0.32328642780953515,0.6659680583249998,0.5972734984486031,10.181818181818182,2.7237795871994184,5.0,2.0,0.0,36.0,288.0,3924.0,857016.0,0.0,180.0,12960.0,37008.0,7114968.0,0.0,0.0,9900.0,30780.0,2116368.0,15948.0,100296.0,174312.0,329508.0,5897412.0,0.0,3240.0,24840.0,268092.0,27456480.0,7452.0,88056.0,213912.0,772884.0,13663944.0,3168.0,51876.0,198900.0,930492.0,10530288.0,0.0,1296.0,3924.0,70920.0,1410696.0,288.0,1296.0,4824.0,37980.0,146412.0,697644.0,33.0,30649.61061,0.2295871306201761,0.09769538022271707,48.091269039422826,3.728190322580645,28.645429032258072,58.85290322580646,1.1496774193548385,1.1454838709677422,690.7840139950001,13.4252858358153,26.955687427191148
0.2573629130202456,0.6925233535701851,4.477187510469519,6.209639917438943,30.2,5.1934127945840665,11.0,4.0,0.0,16056.0,31068.0,63288.0,8697168.0,0.0,4212.0,7956.0,106704.0,7575696.0,0.0,11772.0,23904.0,77364.0,1670688.0,9000.0,26136.0,41832.0,195120.0,7251444.0,0.0,0.0,576.0,2700.0,258012.0,15084.0,103104.0,248652.0,1007244.0,17584380.0,4680.0,55224.0,195732.0,769140.0,12195504.0,0.0,252.0,2664.0,15372.0,557424.0,0.0,756.0,2700.0,65952.0,232632.0,904356.0,3.0,3430.762574,0.0,0.0,0.0,1.8689,25.837663333333342,70.5936,1.0173333333333334,-1.2156666666666665,453.13731212950023,20.481800952357986,24.24458694430279
0.04120770003543523,0.5050495235644487,0.2852669831717361,0.442913679867606,3.888888888888889,0.9208377220966552,12.0,4.0,0.0,1152.0,1152.0,1296.0,24737328.0,21456.0,166680.0,531720.0,2408220.0,41169420.0,0.0,0.0,0.0,0.0,148428.0,0.0,72.0,1728.0,50544.0,2817000.0,5436.0,57420.0,129132.0,285804.0,2837664.0,4572.0,57204.0,117036.0,372528.0,5664996.0,0.0,0.0,720.0,7812.0,403524.0,0.0,0.0,0.0,0.0,504.0,0.0,0.0,0.0,0.0,3924.0,15120.0,72.0,1508.7111,0.19419059506851175,0.21122061172718498,71.77198364701366,0.12209677419354839,22.31966451612903,78.94645161290323,-4.0845161290322585,-4.875161290322581,357.4458034721499,17.146610389031313,38.23916686449581
0.05699243394972702,0.7919412170226225,0.5328333527746667,0.6068692169427176,10.1,2.1057241950157466,10.0,3.0,468.0,3672.0,5652.0,10260.0,14356188.0,2016.0,30924.0,192024.0,1402488.0,35351172.0,108.0,1440.0,2376.0,42192.0,705816.0,6408.0,32364.0,71208.0,222516.0,4530708.0,0.0,2628.0,12528.0,41652.0,2106468.0,10116.0,88272.0,204084.0,558396.0,7673292.0,7236.0,69228.0,174708.0,526356.0,8055252.0,0.0,72.0,72.0,2304.0,409104.0,0.0,756.0,5148.0,53676.0,123192.0,335124.0,5.0,3129.911321,0.31548345886661006,0.1050871731795468,31.562366951997646,17.29763548387097,23.670735483870978,71.35967741935484,-2.311290322580645,-1.5151612903225813,208.87188050750615,11.092525339360499,31.562366951997646
0.08547984601218364,0.18384483965464893,0.6259575156963704,0.371534482579102,6.9,2.260809029874512,6.0,2.0,0.0,324.0,1080.0,5688.0,373428.0,0.0,4716.0,9072.0,27468.0,5372712.0,0.0,1116.0,29052.0,141300.0,2318760.0,12672.0,56844.0,104364.0,330048.0,7367256.0,0.0,0.0,360.0,4752.0,6465744.0,3168.0,28692.0,70884.0,222732.0,8117892.0,10296.0,131652.0,384840.0,1607904.0,26628948.0,0.0,360.0,360.0,2916.0,4186764.0,0.0,324.0,5184.0,59004.0,185364.0,798480.0,69.0,17428.37218,0.42084684393778116,0.259535339708397,28.00680576576233,258.6737,28.759886666666663,60.302133333333344,1.3706666666666665,1.7506666666666668,532.72808205811,16.69225815126106,31.449028176848213
0.4166196080932373,0.713245653881797,1.9905979914895835,3.0931598190684704,22.444444444444443,4.111276415611397,11.0,4.0,0.0,25668.0,44388.0,96876.0,18348516.0,0.0,252.0,720.0,109584.0,7273296.0,0.0,4068.0,7236.0,23436.0,927036.0,4068.0,9216.0,13032.0,62712.0,4813812.0,0.0,0.0,396.0,1044.0,230400.0,11412.0,63072.0,105948.0,474768.0,10553940.0,12132.0,104472.0,354096.0,1348416.0,20670372.0,0.0,792.0,3132.0,28980.0,937908.0,0.0,936.0,3852.0,75168.0,256068.0,995472.0,3.0,3430.762574,0.2708221587301587,0.16627070669686522,69.75178258535755,0.029096666666666667,24.13534666666667,66.03500000000001,0.9153333333333334,-1.1373333333333335,445.92189077150033,19.8205265167592,39.07588089459269
0.10260671090900779,0.3597035397356996,0.8949218206271248,0.20501603417534858,11.11111111111111,2.40378446819545,7.0,2.0,0.0,5616.0,18324.0,150768.0,1094904.0,0.0,1152.0,2016.0,13428.0,4046436.0,0.0,684.0,18468.0,65088.0,981540.0,9288.0,48744.0,106488.0,328500.0,8474220.0,0.0,0.0,72.0,5652.0,5030676.0,6840.0,77472.0,207684.0,738288.0,12738780.0,9216.0,79056.0,228744.0,975636.0,23128848.0,0.0,144.0,144.0,1836.0,3355236.0,0.0,1188.0,5976.0,69840.0,203436.0,862092.0,69.0,17428.37218,0.4385858747150021,0.24030782501374587,71.47362658419614,2.2693322580645168,29.540325806451616,62.73032258064516,1.3761290322580646,1.88741935483871,570.7491963100003,16.658602387862555,37.18675558989214
0.04934437972947561,0.15988005857855164,0.5587327559956666,0.38507001947474984,9.8,1.9081711210233856,5.0,2.0,0.0,864.0,7524.0,21960.0,870552.0,108.0,3996.0,44028.0,521892.0,21321756.0,0.0,0.0,5436.0,54108.0,503064.0,936.0,5328.0,8316.0,61704.0,2499012.0,468.0,19296.0,123804.0,491688.0,23333688.0,12132.0,63180.0,164232.0,688248.0,11684412.0,15156.0,100728.0,194472.0,624312.0,8113140.0,1548.0,54216.0,131076.0,273996.0,3682152.0,0.0,0.0,1116.0,35424.0,105660.0,404100.0,244.0,21222.17111,0.5276137403674755,0.13889404835245042,62.731915680264194,10.932045161290322,26.598345161290318,64.86774193548388,0.8545161290322583,1.030967741935484,528.4988237066301,13.766971569461381,32.65536249278888
0.040375719468491875,0.24976974424710177,0.40730901366737504,0.45030350712453276,7.6,1.5819769133062154,5.0,2.0,108.0,576.0,3456.0,18324.0,20664576.0,72.0,1116.0,5076.0,91260.0,4691988.0,0.0,792.0,1332.0,36288.0,1218780.0,3168.0,18432.0,54180.0,215280.0,5654592.0,360.0,4752.0,27684.0,379980.0,18154764.0,9648.0,80316.0,210744.0,828756.0,12250368.0,12168.0,112680.0,298368.0,900828.0,7853688.0,0.0,180.0,2484.0,7128.0,633888.0,324.0,1044.0,5868.0,63828.0,182160.0,663516.0,10.0,446.5182684,0.33937839102564105,0.1794307196311108,84.7773456082995,4.990064516129031,25.59753548387097,71.22806451612902,-0.43419354838709684,-0.2806451612903226,474.49304553320013,20.641306226357933,35.15602375960992
0.07107357369938548,0.18225313004374924,0.23728433994189393,0.29156191277204563,3.727272727272727,0.8345435003367531,12.0,4.0,0.0,0.0,0.0,2196.0,21240.0,24660.0,271368.0,755028.0,2755080.0,62446896.0,0.0,0.0,0.0,61668.0,426024.0,5184.0,9864.0,19188.0,140940.0,4426596.0,360.0,360.0,10296.0,166284.0,9243540.0,108.0,108.0,108.0,5148.0,369072.0,792.0,792.0,792.0,4968.0,1230948.0,0.0,0.0,0.0,36.0,80244.0,0.0,0.0,216.0,216.0,216.0,5112.0,841.0,10474.35103,0.5065756411416673,0.16230206135275171,28.804137198798998,671.1585000000001,11.356625806451612,94.38612903225808,-4.1822580645161285,-2.4216129032258062,153.9250207106501,12.649950672084,30.47773265474572
0.12452447985978515,0.43164196203991906,0.3317517781684656,0.6053529934580383,5.166666666666667,1.426084233184891,11.0,4.0,864.0,3780.0,7992.0,17568.0,8711604.0,0.0,0.0,36.0,14544.0,5059116.0,0.0,0.0,14688.0,228204.0,2422548.0,0.0,864.0,1476.0,60588.0,930924.0,144.0,180.0,1584.0,40356.0,18400572.0,396.0,6804.0,29448.0,276192.0,4141440.0,20880.0,185472.0,507312.0,1765224.0,9773928.0,0.0,684.0,2268.0,8676.0,343152.0,540.0,2268.0,9108.0,85032.0,220644.0,730116.0,13.0,537.3484137,0.0,0.0,0.0,66.2873,24.602580000000003,70.76783333333333,-0.854,-1.3139999999999998,380.5977779680002,15.798229007024783,46.881924044348686
0.39823921091675224,0.5453204605921247,1.4491008135797914,3.7252991163261413,21.7,2.807766767973174,11.0,4.0,504.0,4464.0,8496.0,49644.0,1112580.0,0.0,684.0,14292.0,75024.0,9852588.0,0.0,0.0,10944.0,32292.0,961812.0,15156.0,103104.0,175428.0,389268.0,6043032.0,0.0,3096.0,24408.0,267120.0,27030996.0,4572.0,56556.0,128340.0,413424.0,8626428.0,2808.0,51444.0,214848.0,999360.0,12290652.0,0.0,1512.0,4860.0,87372.0,1592532.0,792.0,2700.0,8424.0,62028.0,203688.0,827748.0,33.0,30649.61061,0.201507618107344,0.17710767482617684,67.29057555213576,0.3623,23.372123333333327,62.609666666666655,0.5273333333333333,-1.0023333333333333,362.29438614322214,30.3029381290682,36.98763742306756
0.0323070758790663,0.47840496818109185,0.6188697144136364,0.653097564036274,8.9,2.491403346683798,5.0,2.0,0.0,40356.0,69480.0,137772.0,8090604.0,0.0,540.0,792.0,128484.0,7688448.0,0.0,4104.0,9324.0,47088.0,1636704.0,7884.0,24552.0,36036.0,159444.0,6909444.0,0.0,108.0,684.0,2376.0,268020.0,16164.0,112932.0,297360.0,1203912.0,21801528.0,3888.0,32868.0,138780.0,531252.0,7912656.0,0.0,72.0,828.0,14472.0,425124.0,0.0,864.0,3528.0,67248.0,231912.0,916488.0,3.0,3430.762574,0.265072694665593,0.08264375439416845,44.75463094225911,1.4139193548387097,29.082438709677422,75.46064516129032,0.8670967741935485,1.5251612903225806,727.3822563506703,9.313817803806314,21.27649508669062
0.10699384030798152,0.26882781992101523,1.1045919398316668,0.3379264338662133,13.875,2.9265624696877595,9.0,3.0,0.0,144.0,540.0,7308.0,128160.0,0.0,1296.0,3060.0,19512.0,4957632.0,0.0,432.0,26064.0,96624.0,1656468.0,7596.0,32544.0,57708.0,137988.0,4870692.0,0.0,0.0,72.0,5760.0,6313068.0,11052.0,103284.0,258228.0,884052.0,16646616.0,3276.0,63684.0,210816.0,1044324.0,21131172.0,0.0,144.0,144.0,2088.0,3379608.0,0.0,1548.0,9396.0,81180.0,228744.0,943632.0,69.0,17428.37218,0.39488233590367955,0.19733498781421357,75.84354751231551,0.90079,28.42897,58.64466666666667,0.5993333333333334,-1.0433333333333332,525.3095349620003,15.419188387124422,39.07402341398927
0.05388794320678973,0.13267531672838315,0.9180733973285619,0.31942313762764774,6.333333333333333,2.619559040962845,6.0,2.0,0.0,0.0,0.0,2196.0,21240.0,24660.0,271368.0,755028.0,2755080.0,62446896.0,0.0,0.0,0.0,61668.0,426024.0,5184.0,9864.0,19188.0,140940.0,4426596.0,360.0,360.0,10296.0,166284.0,9243540.0,108.0,108.0,108.0,5148.0,369072.0,792.0,792.0,792.0,4968.0,1230948.0,0.0,0.0,0.0,36.0,80244.0,0.0,0.0,216.0,216.0,216.0,5112.0,841.0,10474.35103,0.42557720388657516,0.18272932073269604,36.79440748261225,261.35859999999997,22.386649999999996,89.89096666666669,1.1770000000000003,0.9196666666666666,437.6915321627798,23.255686572793742,36.621945608279354
0.18232133065383982,0.2872942835487573,3.1285036370168187,3.8592046445412667,25.636363636363637,4.9207888102262665,3.0,1.0,0.0,5616.0,18324.0,150768.0,1094904.0,0.0,1152.0,2016.0,13428.0,4046436.0,0.0,684.0,18468.0,65088.0,981540.0,9288.0,48744.0,106488.0,328500.0,8474220.0,0.0,0.0,72.0,5652.0,5030676.0,6840.0,77472.0,207684.0,738288.0,12738780.0,9216.0,79056.0,228744.0,975636.0,23128848.0,0.0,144.0,144.0,1836.0,3355236.0,0.0,1188.0,5976.0,69840.0,203436.0,862092.0,69.0,17428.37218,0.6808152265582109,0.33526757333550095,89.68576133285165,4.619016129032259,21.030467741935485,64.08935483870968,0.6116129032258066,-1.1058064516129034,415.9639665676603,23.17620105691239,47.47505320635481
0.07115846063540034,0.19052481493506754,0.5612294731562917,0.41515343308083025,9.3,1.9026322985310344,7.0,2.0,0.0,0.0,0.0,0.0,193176.0,0.0,612.0,8640.0,38484.0,11350224.0,0.0,288.0,1656.0,57312.0,940680.0,3060.0,5472.0,6300.0,28620.0,1565424.0,0.0,36.0,1296.0,66852.0,13995000.0,6912.0,52272.0,150732.0,710892.0,17450856.0,3312.0,102564.0,334224.0,1337832.0,17347896.0,16452.0,42552.0,47556.0,100368.0,4935384.0,0.0,72.0,1584.0,79056.0,235260.0,800892.0,100.0,15052.7619,0.5778697228604729,0.23291613792841717,71.39076079044877,2.170022580645161,30.22831935483871,58.40064516129033,0.7651612903225806,-0.2567741935483871,634.8264331675,18.957584690496173,37.41849190922584
0.0747091474632385,0.6727131487879552,0.22861566731278715,0.7728488285764791,4.333333333333333,1.1888409080846645,7.0,2.0,0.0,648.0,648.0,1116.0,20152080.0,10908.0,128304.0,469692.0,2115648.0,40664808.0,0.0,0.0,0.0,0.0,155340.0,0.0,72.0,4896.0,41436.0,2741328.0,5976.0,58896.0,130968.0,287712.0,2839896.0,14436.0,94500.0,176472.0,664416.0,6091200.0,0.0,288.0,756.0,19872.0,751500.0,0.0,0.0,0.0,0.0,864.0,0.0,0.0,0.0,0.0,2052.0,11232.0,72.0,1508.7111,0.9230750596456885,0.3481188298504695,81.15370173755463,12.210887096774194,28.19609677419355,84.5809677419355,0.6538709677419355,-0.5312903225806451,622.7244714891997,24.272258959657503,43.590720057793234
0.2194308663695173,0.5542474005210554,3.3004612062711574,6.6185932920227994,28.2,5.624200458363563,3.0,1.0,0.0,16056.0,31068.0,63288.0,8697168.0,0.0,4212.0,7956.0,106704.0,7575696.0,0.0,11772.0,23904.0,77364.0,1670688.0,9000.0,26136.0,41832.0,195120.0,7251444.0,0.0,0.0,576.0,2700.0,258012.0,15084.0,103104.0,248652.0,1007244.0,17584380.0,4680.0,55224.0,195732.0,769140.0,12195504.0,0.0,252.0,2664.0,15372.0,557424.0,0.0,756.0,2700.0,65952.0,232632.0,904356.0,3.0,3430.762574,0.381059672599605,0.14232624066043809,35.28243448675379,18.510199999999998,23.826080645161287,66.30593548387097,0.8480645161290322,-1.1054838709677421,534.2751140057701,19.067518439596935,37.54570559062837
0.013915324062838906,0.13692205651239164,0.188789037646875,0.0764260364397759,1.6666666666666667,0.6259391570700776,12.0,4.0,36.0,36.0,72.0,2520.0,56844.0,23616.0,269244.0,753732.0,2745756.0,61570800.0,0.0,0.0,0.0,64224.0,334404.0,1980.0,2628.0,2628.0,43164.0,1423728.0,324.0,324.0,9792.0,158112.0,9181944.0,1296.0,2160.0,2592.0,19656.0,2378124.0,1548.0,1656.0,1692.0,41976.0,1638000.0,0.0,0.0,0.0,36.0,72828.0,0.0,432.0,2520.0,6660.0,15120.0,65988.0,841.0,10474.35103,0.3564452333333332,0.39065157584408794,92.87902326170315,30.056329032258066,12.520306451612903,97.76612903225806,-4.337419354838711,-2.016451612903226,99.45588953242998,32.68995796774434,38.939252545460384
0.056570375705893086,0.21338737865419788,1.033489396818426,0.40864580157210484,9.8,2.8231948557121105,8.0,3.0,1368.0,4500.0,9324.0,57384.0,991152.0,1476.0,86148.0,317232.0,1322028.0,56631060.0,0.0,72.0,72.0,3096.0,111960.0,936.0,13284.0,26028.0,297108.0,2219148.0,5004.0,70632.0,159120.0,439668.0,9053388.0,8568.0,54864.0,179388.0,485532.0,4833900.0,8892.0,23148.0,29016.0,78840.0,820440.0,1260.0,1332.0,4896.0,142380.0,525276.0,216.0,1008.0,3960.0,28764.0,60192.0,315468.0,378.0,15241.42093,0.24678231378470014,0.2319333007734893,31.872216259059996,4.090380645161291,26.85177419354838,79.70387096774192,0.2558064516129032,0.5567741935483872,548.0901721130001,16.57299728854656,31.872216259059996
0.06352487498319434,0.2982926374286458,0.8570531443100415,0.6104540065192146,11.875,2.6774224223030982,7.0,2.0,252.0,612.0,1332.0,2952.0,80604.0,0.0,756.0,3024.0,39600.0,3574476.0,0.0,108.0,108.0,10116.0,163836.0,2736.0,11628.0,24984.0,124992.0,4372668.0,0.0,3456.0,45648.0,300600.0,37478232.0,16200.0,100368.0,236160.0,939816.0,13227192.0,9648.0,82548.0,233460.0,874152.0,10321560.0,0.0,324.0,756.0,2844.0,2290680.0,0.0,0.0,2484.0,82980.0,239940.0,846252.0,51.0,32919.87338,0.34178242607392606,0.18103094720797797,67.92811259307499,3.8251580645161294,28.51151290322581,64.54064516129031,0.889677419354839,1.8512903225806445,592.3998968230001,21.010845210141845,37.04989379530595
0.10943714835595306,0.12992761327146357,1.3568375332839149,0.7372983112776599,12.5,2.709233320126,8.0,3.0,0.0,1116.0,5328.0,15984.0,874152.0,144.0,1512.0,19512.0,361116.0,21854232.0,0.0,0.0,2484.0,35064.0,634536.0,72.0,1548.0,9900.0,105948.0,4010544.0,648.0,20052.0,126252.0,486396.0,23258952.0,17568.0,103572.0,263484.0,977616.0,10432332.0,10476.0,75168.0,147492.0,524340.0,8006184.0,1368.0,44964.0,107460.0,246096.0,3613320.0,0.0,0.0,1188.0,35100.0,102636.0,389448.0,244.0,21222.17111,0.5107887208513348,0.26420987520273853,23.975060245056763,220.50020000000004,28.572383870967744,66.31467741935482,0.40032258064516135,0.015483870967741896,575.2280100517686,9.303480778389433,28.56255693753167
0.12803236960251352,0.2454735233628093,1.5643902507790415,0.7110863830505171,16.6,4.087575748864613,9.0,3.0,0.0,0.0,108.0,16740.0,1143972.0,0.0,576.0,3816.0,30276.0,4731696.0,0.0,1296.0,31824.0,105228.0,838404.0,2988.0,8316.0,20448.0,107964.0,4049748.0,0.0,360.0,4284.0,28044.0,31632048.0,576.0,9288.0,32256.0,259668.0,9710676.0,22932.0,162252.0,445284.0,1721232.0,17968896.0,0.0,0.0,468.0,10728.0,1712700.0,0.0,900.0,5004.0,100728.0,246564.0,861624.0,26.0,23385.85399,0.3850811088435374,0.2258902975115027,75.70338864936748,2.7649599999999994,28.34769333333333,66.88366666666666,0.3593333333333334,-0.40733333333333327,510.5883597210001,19.72998623413213,39.03977480997408
0.14319480065339046,0.25996027945678113,0.91487948301875,1.2528131253700958,13.0,2.2262581977619624,12.0,4.0,0.0,0.0,6984.0,29664.0,731304.0,0.0,504.0,17424.0,341208.0,18685944.0,0.0,0.0,216.0,30528.0,211680.0,72.0,4284.0,17568.0,126972.0,3778056.0,684.0,13248.0,108756.0,447732.0,21329280.0,22536.0,137484.0,313128.0,1068732.0,14592240.0,5220.0,56160.0,120492.0,444312.0,8848296.0,900.0,33156.0,85860.0,216144.0,3438720.0,0.0,288.0,2052.0,38196.0,114120.0,436716.0,244.0,21222.17111,0.16084958333333332,0.16493981324755566,53.04289233092094,3.1405645161290328,17.737574193548383,64.31129032258063,-0.7412903225806452,-1.3006451612903223,365.5631578643299,13.16259324884555,32.98024353716678
0.09564315676210518,0.3341917256664513,0.6842145779800263,0.5451096679819423,9.6,3.21689864243769,8.0,3.0,180.0,2304.0,22536.0,50184.0,2289348.0,0.0,4932.0,39996.0,170100.0,8950140.0,0.0,2556.0,11520.0,31140.0,470556.0,3132.0,10296.0,38304.0,183168.0,5881428.0,0.0,16056.0,77040.0,385992.0,22149324.0,10116.0,76248.0,179784.0,610200.0,12737160.0,12528.0,111852.0,269604.0,971784.0,12116988.0,0.0,0.0,2952.0,27072.0,4443120.0,576.0,1548.0,5616.0,58608.0,143676.0,712224.0,136.0,15407.79543,0.40640988082205887,0.19032511031127056,39.96602208408701,8.47006129032258,28.03031935483871,66.33709677419354,0.8070967741935486,-0.0858064516129032,520.7037097944858,16.425459355557276,33.3827982427787
0.08673544943287678,0.41542602564093506,0.31948210925993314,0.5822135681359077,6.1,1.4287066307812581,10.0,3.0,0.0,36.0,108.0,11340.0,3994740.0,0.0,72.0,972.0,45288.0,3933756.0,0.0,360.0,720.0,29088.0,977220.0,180.0,2232.0,7740.0,47772.0,3698136.0,396.0,5040.0,28836.0,383796.0,18280116.0,7776.0,55584.0,150480.0,727668.0,12757932.0,17424.0,156420.0,412668.0,1235736.0,9623160.0,0.0,72.0,2628.0,8316.0,866448.0,252.0,1044.0,5760.0,63108.0,180720.0,652716.0,10.0,446.5182684,0.14869435257635552,0.06861095021680212,48.20095427233035,21.951174193548386,24.91155806451613,65.30225806451614,0.08838709677419355,-0.6448387096774194,384.4123264618101,15.37732204614437,32.82363222618598
0.11925831087157672,0.14001511319772955,0.6352296457339166,0.570917600878498,7.7,1.637787088109026,6.0,2.0,180.0,1080.0,17172.0,123912.0,2553768.0,468.0,2016.0,12132.0,174276.0,4952880.0,0.0,468.0,3312.0,36360.0,205380.0,2232.0,25272.0,63936.0,137520.0,2397924.0,0.0,3276.0,55044.0,873036.0,44607456.0,8244.0,67464.0,162720.0,429912.0,7908012.0,13644.0,113436.0,286416.0,819144.0,9133344.0,0.0,72.0,576.0,3312.0,633312.0,828.0,2016.0,6696.0,69840.0,183420.0,544176.0,5.0,10720.10518,0.542608492063492,0.3901482026004493,55.512705936662705,8.954456666666667,28.212446666666672,71.94099999999997,0.9746666666666666,1.8936666666666668,528.6981333839998,7.99493166689666,22.406594243232
0.0643212759291086,0.3436273443331231,0.5877987555620013,0.647650906282179,7.142857142857143,2.6148332807896684,8.0,3.0,0.0,36.0,288.0,3924.0,857016.0,0.0,180.0,12960.0,37008.0,7114968.0,0.0,0.0,9900.0,30780.0,2116368.0,15948.0,100296.0,174312.0,329508.0,5897412.0,0.0,3240.0,24840.0,268092.0,27456480.0,7452.0,88056.0,213912.0,772884.0,13663944.0,3168.0,51876.0,198900.0,930492.0,10530288.0,0.0,1296.0,3924.0,70920.0,1410696.0,288.0,1296.0,4824.0,37980.0,146412.0,697644.0,33.0,30649.61061,0.4546299985965686,0.28920956534159037,40.09199005591256,26.71659677419355,27.607416129032256,69.2951612903226,0.22967741935483868,1.654516129032258,486.14299220350006,16.720997178491604,40.09199005591256
0.08656217217369074,0.27246072357230416,1.0344221739662498,0.620114563382029,10.2,3.4394366706739996,4.0,1.0,0.0,1224.0,1656.0,3024.0,24855408.0,24300.0,206424.0,612900.0,2663100.0,42280236.0,0.0,0.0,0.0,0.0,164556.0,0.0,108.0,19080.0,86652.0,3431232.0,5796.0,58284.0,112608.0,260532.0,2744316.0,1368.0,15444.0,34200.0,100944.0,2761236.0,0.0,504.0,3060.0,19728.0,1051632.0,0.0,0.0,180.0,648.0,16740.0,0.0,0.0,0.0,540.0,1728.0,6696.0,72.0,1508.7111,0.9341620191823335,0.38960322512762446,94.78371457696532,0.5682766666666667,25.91368,79.021,-0.6476666666666665,-1.3590000000000004,659.0635619032097,22.438238125181925,52.30700850150816
0.06015772412663193,0.2397410683664722,0.5834853387097916,0.4207047387313827,7.7,1.7749314113773405,6.0,2.0,2124.0,14868.0,37152.0,81180.0,31871124.0,0.0,0.0,0.0,11628.0,4124664.0,0.0,0.0,288.0,135900.0,1240740.0,0.0,1980.0,5400.0,115020.0,1926756.0,0.0,0.0,936.0,27432.0,18034344.0,12168.0,107316.0,307584.0,1324584.0,13895424.0,8064.0,74808.0,212580.0,712008.0,3143700.0,0.0,72.0,360.0,4428.0,63288.0,576.0,2484.0,9000.0,83772.0,221148.0,729288.0,13.0,537.3484137,0.5285453587626675,0.275784258777376,75.38661468621015,2.7158233333333337,28.432823333333328,72.59333333333333,-0.6626666666666666,-0.05799999999999997,550.757170741,18.08731649715395,41.18563821734528
0.39883295693965176,0.41576936594922215,1.317040806736516,2.7799688136895355,19.272727272727273,2.624708351261611,12.0,4.0,0.0,0.0,72.0,1692.0,122580.0,0.0,0.0,5976.0,20124.0,5088636.0,0.0,0.0,6984.0,15408.0,1749888.0,8568.0,56412.0,85968.0,130032.0,2382516.0,72.0,3168.0,25200.0,264060.0,27176832.0,14004.0,126072.0,260496.0,799956.0,18152712.0,288.0,40896.0,205416.0,1020240.0,11685960.0,0.0,1152.0,5220.0,73656.0,1293444.0,864.0,2772.0,8532.0,55188.0,189972.0,816084.0,33.0,30649.61061,0.2795810807761878,0.151687770244697,34.094629080426145,32.9049,17.68071935483871,60.840677419354826,0.3,-2.3058064516129035,387.3531986021299,14.886952072644721,34.094629080426145
0.06491833357533884,0.27756076854417644,0.7550615257380001,0.46587451991087275,12.3,2.6521229750266437,5.0,2.0,0.0,0.0,0.0,0.0,193176.0,0.0,612.0,8640.0,38484.0,11350224.0,0.0,288.0,1656.0,57312.0,940680.0,3060.0,5472.0,6300.0,28620.0,1565424.0,0.0,36.0,1296.0,66852.0,13995000.0,6912.0,52272.0,150732.0,710892.0,17450856.0,3312.0,102564.0,334224.0,1337832.0,17347896.0,16452.0,42552.0,47556.0,100368.0,4935384.0,0.0,72.0,1584.0,79056.0,235260.0,800892.0,100.0,15052.7619,0.7010125964988095,0.24971463242961212,70.14276635775427,10.146454838709678,25.86691290322581,67.46483870967741,-0.034838709677419415,-0.5274193548387096,476.30086819930006,17.946454221766793,37.677326598232284
0.1279541380493488,0.1150412026184863,2.312307540686137,3.0016409372450896,21.09090909090909,4.233067097393207,3.0,1.0,468.0,7524.0,13536.0,62496.0,184932.0,252.0,47520.0,203508.0,951732.0,52800732.0,0.0,144.0,180.0,2160.0,77004.0,1368.0,26172.0,56700.0,405864.0,4047984.0,2880.0,63468.0,152640.0,429660.0,8939844.0,17784.0,111924.0,312372.0,977724.0,9715392.0,4392.0,6588.0,6876.0,18216.0,632376.0,72.0,72.0,684.0,105300.0,334944.0,468.0,1260.0,4248.0,19332.0,38772.0,188352.0,378.0,15241.42093,0.5566737595684803,0.2734716620395724,72.7998564059666,7.82553870967742,18.35275483870968,78.11967741935484,-0.6487096774193547,-1.2341935483870965,390.8646507585002,10.333602132590014,43.042392638058814
0.4716786406853218,0.6062186014912314,1.7286210031067917,2.139311794608868,22.4,3.356749489868856,11.0,4.0,180.0,1080.0,17172.0,123912.0,2553768.0,468.0,2016.0,12132.0,174276.0,4952880.0,0.0,468.0,3312.0,36360.0,205380.0,2232.0,25272.0,63936.0,137520.0,2397924.0,0.0,3276.0,55044.0,873036.0,44607456.0,8244.0,67464.0,162720.0,429912.0,7908012.0,13644.0,113436.0,286416.0,819144.0,9133344.0,0.0,72.0,576.0,3312.0,633312.0,828.0,2016.0,6696.0,69840.0,183420.0,544176.0,5.0,10720.10518,0.6955468198057002,0.29624316764866765,77.58979847865152,0.0,22.185646666666667,69.85633333333334,-0.0009999999999999935,-2.905,451.7224280523398,18.28109931151579,35.969935366329054
0.06410131144347904,0.24734208062937832,0.5857568229404351,0.5748492040782908,9.5,2.75914672158445,8.0,3.0,0.0,612.0,720.0,12132.0,127584.0,0.0,1944.0,10800.0,215172.0,16458120.0,12564.0,15876.0,15876.0,40752.0,363780.0,1404.0,5184.0,18324.0,230436.0,7293816.0,0.0,576.0,8136.0,120528.0,23168700.0,8136.0,75132.0,227880.0,869940.0,13181436.0,6444.0,120240.0,310320.0,971856.0,7344396.0,0.0,0.0,1404.0,31248.0,3887100.0,0.0,864.0,2916.0,63180.0,191484.0,649080.0,13.0,14435.29365,0.5621644522140606,0.29280858354077266,74.77871767501009,23.018174193548386,28.78295161290323,68.9816129032258,0.8612903225806449,2.0341935483870968,514.6822901006946,15.114406762909745,39.975767831375826
0.04477478847067125,0.19579047911107897,0.7954109114260185,0.49520644942820546,8.666666666666666,2.3042415484770653,7.0,2.0,288.0,756.0,2664.0,47340.0,988848.0,0.0,324.0,7848.0,54396.0,13282704.0,0.0,0.0,0.0,144.0,29520.0,6120.0,22320.0,55116.0,198000.0,3590604.0,4428.0,101016.0,321552.0,1552968.0,37457676.0,9792.0,43884.0,106056.0,367704.0,9432360.0,7884.0,90972.0,218772.0,674928.0,9784800.0,0.0,72.0,1080.0,2628.0,114408.0,0.0,936.0,2844.0,23256.0,72468.0,243360.0,47.0,33952.92531,0.6114837857142856,0.3777843861638105,62.87088661454468,16.351690322580644,28.212741935483876,79.80612903225808,-0.4025806451612904,0.13258064516129028,514.2625831265999,23.69072139172655,21.660345714194932
0.14217530126764472,0.27097154454631056,0.8812322219682671,0.4682897954906331,7.5,2.0190004917379527,6.0,2.0,0.0,0.0,72.0,6264.0,396288.0,0.0,1080.0,1944.0,21924.0,4594428.0,0.0,432.0,11844.0,39852.0,515448.0,3060.0,10836.0,30744.0,151992.0,6155388.0,0.0,216.0,4860.0,29016.0,31607136.0,16272.0,87948.0,268452.0,1089684.0,18052848.0,7344.0,83844.0,227340.0,962352.0,10287900.0,0.0,0.0,72.0,5184.0,832932.0,0.0,720.0,4824.0,98460.0,239724.0,835236.0,26.0,23385.85399,0.17097832544697095,0.09697874151831011,34.40926428191063,165.3378,29.09647,61.66636666666667,0.5316666666666665,0.675,597.4715926344994,9.665698630235182,34.40926428191063
0.08279933686477853,0.2944804926859495,0.6770918480240031,0.5621305876348279,5.555555555555555,2.0532366310582706,6.0,2.0,0.0,16056.0,31068.0,63288.0,8697168.0,0.0,4212.0,7956.0,106704.0,7575696.0,0.0,11772.0,23904.0,77364.0,1670688.0,9000.0,26136.0,41832.0,195120.0,7251444.0,0.0,0.0,576.0,2700.0,258012.0,15084.0,103104.0,248652.0,1007244.0,17584380.0,4680.0,55224.0,195732.0,769140.0,12195504.0,0.0,252.0,2664.0,15372.0,557424.0,0.0,756.0,2700.0,65952.0,232632.0,904356.0,3.0,3430.762574,0.7499266042004986,0.30494029817674434,25.487989823161115,124.0519,29.53354666666667,72.56866666666669,0.7406666666666669,1.5209999999999997,651.2354123533004,27.810591027197475,32.49723208431835
0.34989603264126495,0.31834245019815127,0.7398028229794724,1.2923114447118218,12.3,2.2996173097124846,2.0,1.0,0.0,324.0,1080.0,5688.0,373428.0,0.0,4716.0,9072.0,27468.0,5372712.0,0.0,1116.0,29052.0,141300.0,2318760.0,12672.0,56844.0,104364.0,330048.0,7367256.0,0.0,0.0,360.0,4752.0,6465744.0,3168.0,28692.0,70884.0,222732.0,8117892.0,10296.0,131652.0,384840.0,1607904.0,26628948.0,0.0,360.0,360.0,2916.0,4186764.0,0.0,324.0,5184.0,59004.0,185364.0,798480.0,69.0,17428.37218,0.44313166970979884,0.24615484852309197,38.03845177536102,113.01449999999998,16.70653214285714,69.10128571428572,0.3007142857142857,-2.7014285714285715,316.91418731090016,23.6610562641508,37.38163379008874
0.14253698968062342,0.3201172298810632,1.5569937283842423,2.0261949517317905,18.0,4.037278039619066,1.0,4.0,144.0,1296.0,13824.0,212580.0,4250628.0,0.0,72.0,7992.0,169992.0,2584656.0,0.0,5292.0,35028.0,119232.0,3711276.0,6084.0,39528.0,98388.0,284940.0,5554620.0,0.0,0.0,0.0,81684.0,387216.0,2628.0,8748.0,41652.0,258912.0,11876724.0,15948.0,108144.0,291708.0,1076688.0,28221228.0,0.0,180.0,252.0,828.0,1158588.0,576.0,1800.0,6696.0,119196.0,296604.0,936540.0,2.0,17057.75366,0.6150209017188013,0.14229488992445702,56.573498508742816,0.8455258064516129,17.754493548387092,69.36999999999999,-1.2703225806451615,-0.7548387096774193,283.9063744852399,18.3979454089289,31.74746300646605
0.19707142954223783,0.524041013580618,4.712834644276458,9.584585138339193,38.4,5.620731581424023,3.0,1.0,0.0,504.0,756.0,6660.0,146772.0,0.0,2232.0,5904.0,51552.0,4213656.0,0.0,216.0,360.0,24912.0,249228.0,2520.0,9252.0,11988.0,62604.0,2392200.0,0.0,5148.0,52668.0,353916.0,42707592.0,15372.0,66348.0,119160.0,613080.0,12245544.0,11016.0,117792.0,357012.0,1225872.0,6919056.0,0.0,504.0,1476.0,5184.0,3013992.0,0.0,0.0,2520.0,80748.0,235728.0,797976.0,51.0,32919.87338,0.7060461513218885,0.3056784619511804,78.00636235150456,0.34427096774193555,20.945467741935484,64.7783870967742,0.7593548387096771,-1.0754838709677421,554.10240146197,21.92815878213982,39.186572580603205
0.17251011852311907,0.2912621333009669,2.88507004251575,3.2890905783487483,21.7,4.8735144278736495,4.0,1.0,900.0,2484.0,6912.0,19728.0,597420.0,0.0,2376.0,12708.0,213156.0,5200956.0,0.0,1836.0,17028.0,44100.0,252828.0,3060.0,10944.0,26532.0,234828.0,2872728.0,0.0,468.0,4896.0,55800.0,41917860.0,11052.0,54648.0,142380.0,582480.0,7627716.0,11880.0,140436.0,362448.0,1171188.0,10241136.0,0.0,0.0,3420.0,65808.0,2082492.0,36.0,1008.0,4428.0,69768.0,209160.0,754272.0,13.0,19435.77403,0.4604107154005696,0.21004075035636488,73.775267548127,1.6361533333333331,24.72273333333334,66.00433333333335,0.9380000000000002,-0.748,603.7420584479705,17.828700890675094,39.86115463020955
0.04420768207381058,0.36677816140966113,0.4295690469287963,0.40107755483601404,6.7,1.4201341605133548,6.0,2.0,108.0,576.0,3456.0,18324.0,20664576.0,72.0,1116.0,5076.0,91260.0,4691988.0,0.0,792.0,1332.0,36288.0,1218780.0,3168.0,18432.0,54180.0,215280.0,5654592.0,360.0,4752.0,27684.0,379980.0,18154764.0,9648.0,80316.0,210744.0,828756.0,12250368.0,12168.0,112680.0,298368.0,900828.0,7853688.0,0.0,180.0,2484.0,7128.0,633888.0,324.0,1044.0,5868.0,63828.0,182160.0,663516.0,10.0,446.5182684,0.3165318789682539,0.0601880293121694,64.81689227276088,1.4529166666666666,28.676746666666666,66.10733333333333,-0.5213333333333334,0.36966666666666664,717.4123100760003,21.112577610049,32.119578574991976
0.15265843062626533,0.3727759798239942,0.9565188001486111,0.7903627776911176,11.0,3.3065702392360143,2.0,1.0,792.0,6660.0,12384.0,25380.0,15036228.0,2052.0,37116.0,215892.0,1494468.0,34953588.0,144.0,1800.0,3024.0,48240.0,748260.0,8676.0,52020.0,123804.0,435852.0,5531328.0,0.0,2376.0,12492.0,42876.0,2119536.0,7452.0,50652.0,106020.0,246060.0,5895216.0,7776.0,83016.0,203004.0,575028.0,8929584.0,0.0,108.0,108.0,1584.0,470016.0,36.0,684.0,4608.0,48528.0,109116.0,271800.0,5.0,3129.911321,0.4415741904761905,0.30515186849366527,43.876599677653125,13.056664285714286,17.281375,83.47392857142856,-0.5839285714285715,-1.147857142857143,148.97422175629998,13.24516136750172,43.876599677653125
0.10842999394110116,0.18609131990862848,1.6110698510924075,1.034930416231029,15.88888888888889,3.8775459891785857,5.0,2.0,3312.0,23724.0,59868.0,235152.0,1241964.0,252.0,7056.0,36936.0,153000.0,37385064.0,0.0,2736.0,9720.0,21456.0,641772.0,6660.0,50220.0,140148.0,594144.0,8434872.0,0.0,1656.0,8748.0,178200.0,15991812.0,2052.0,14040.0,43848.0,172620.0,924120.0,10728.0,95580.0,267048.0,1057572.0,8059896.0,0.0,108.0,468.0,18864.0,820368.0,0.0,1404.0,8388.0,87552.0,218628.0,710388.0,48.0,9205.662327,0.8055802559912854,0.22114200582880866,65.57960557926253,7.91081935483871,24.153116129032263,67.3341935483871,0.43612903225806443,-0.48451612903225805,406.4568451690001,18.652841479246487,33.60583571594594
0.07561903647000273,0.40392973305500135,1.8589844255155095,1.9011845936925316,19.22222222222222,4.502589894007749,3.0,1.0,36.0,540.0,1224.0,5904.0,3264156.0,0.0,0.0,0.0,20484.0,6811776.0,576.0,8856.0,16992.0,78588.0,4725108.0,7704.0,43812.0,76428.0,236952.0,6341508.0,0.0,0.0,180.0,9036.0,2848572.0,11412.0,80892.0,171828.0,634536.0,15084180.0,7524.0,94320.0,307800.0,1316196.0,20250756.0,0.0,0.0,0.0,8784.0,3747996.0,0.0,864.0,4176.0,54324.0,211104.0,831780.0,6.0,17454.33105,0.6888937290692783,0.3284819535768839,73.46711339622925,2.635216129032258,20.30149354838709,67.78774193548388,-1.017741935483871,-0.7206451612903224,400.77469716825533,20.572158171931385,40.09581624295108
0.11333911039652911,0.4757061711506993,0.49659042798360986,0.5748074825220069,6.2,1.8363758181446461,1.0,4.0,0.0,180.0,828.0,3204.0,20377008.0,24804.0,195660.0,592704.0,2582748.0,42100380.0,0.0,0.0,0.0,0.0,139752.0,0.0,108.0,5292.0,63036.0,2830356.0,5868.0,58716.0,130356.0,286848.0,2839068.0,792.0,26856.0,52056.0,183384.0,4262976.0,0.0,1008.0,2736.0,14724.0,875124.0,0.0,0.0,0.0,72.0,2052.0,0.0,0.0,0.0,0.0,1440.0,7308.0,72.0,1508.7111,0.5183040046111301,0.20404139807390967,29.217834187698053,234.374,20.747325806451613,79.66074193548387,-3.3061290322580645,-3.4664516129032257,371.5946018016,13.708154508456795,33.762939720198574
0.05295353058600388,0.5760250620140404,0.4853150561343334,0.6364167845479367,8.1,2.2677739133019075,4.0,1.0,0.0,648.0,648.0,1116.0,20152080.0,10908.0,128304.0,469692.0,2115648.0,40664808.0,0.0,0.0,0.0,0.0,155340.0,0.0,72.0,4896.0,41436.0,2741328.0,5976.0,58896.0,130968.0,287712.0,2839896.0,14436.0,94500.0,176472.0,664416.0,6091200.0,0.0,288.0,756.0,19872.0,751500.0,0.0,0.0,0.0,0.0,864.0,0.0,0.0,0.0,0.0,2052.0,11232.0,72.0,1508.7111,0.9113673714360473,0.36762531423081835,93.03133554303132,0.10215333333333332,24.549663333333335,75.37599999999999,-2.920666666666666,-2.381,574.56101872927,26.016525592152856,47.70781144093159
0.1730738816514121,0.4405537336340152,0.9193968548098457,0.7673918380464982,12.4,2.2721252899606474,10.0,3.0,0.0,1188.0,1944.0,20556.0,224712.0,0.0,6516.0,25236.0,207324.0,17753616.0,0.0,1728.0,10332.0,11988.0,109944.0,1584.0,5652.0,14040.0,109296.0,3430584.0,252.0,13680.0,61416.0,306252.0,33656508.0,18900.0,121788.0,303732.0,1099296.0,12834000.0,5328.0,76860.0,218124.0,760716.0,3613248.0,0.0,648.0,1548.0,6336.0,1773108.0,0.0,0.0,5436.0,54828.0,148500.0,619704.0,90.0,33384.18737,0.08645121012903045,0.045724196329248463,40.963415500739764,6.8986,25.29076451612903,56.3603870967742,0.33580645161290323,-0.6329032258064515,483.32647572745043,15.617533547495068,40.963415500739764
0.45550132395053533,0.5055320737089324,2.921868609791044,6.039742882195511,23.75,3.225187213517102,2.0,1.0,0.0,0.0,72.0,1692.0,122580.0,0.0,0.0,5976.0,20124.0,5088636.0,0.0,0.0,6984.0,15408.0,1749888.0,8568.0,56412.0,85968.0,130032.0,2382516.0,72.0,3168.0,25200.0,264060.0,27176832.0,14004.0,126072.0,260496.0,799956.0,18152712.0,288.0,40896.0,205416.0,1020240.0,11685960.0,0.0,1152.0,5220.0,73656.0,1293444.0,864.0,2772.0,8532.0,55188.0,189972.0,816084.0,33.0,30649.61061,0.6295747844969585,0.181918259650654,19.3374878097141,105.21949999999998,16.789503571428572,69.56307142857142,0.4046428571428572,-2.0289285714285716,317.27379189145006,16.428423790293774,28.281277804273998
0.07326919738660935,0.6934758069355689,0.5682031165067917,0.8112014774441214,11.6,2.174548831894928,10.0,3.0,0.0,936.0,1980.0,5184.0,743184.0,0.0,3204.0,11016.0,19404.0,13295916.0,0.0,13680.0,25740.0,113256.0,1770192.0,1800.0,8496.0,22860.0,79668.0,7270812.0,0.0,0.0,1224.0,2016.0,13779828.0,5616.0,31896.0,84780.0,334584.0,11066004.0,18900.0,138564.0,358272.0,1578744.0,18128628.0,0.0,180.0,288.0,9648.0,2380212.0,0.0,0.0,5040.0,85464.0,279072.0,998784.0,18.0,6622.610663,0.6707589236422192,0.19712344021288636,59.500970049031466,0.06591290322580645,24.71096451612903,63.59967741935484,-2.686451612903226,-3.349354838709677,456.3209211564499,12.411651861037438,33.177325234479426
0.19667156898364455,0.5848022812531598,1.1375072369402708,0.8010461178402252,13.333333333333334,2.869104954725732,9.0,3.0,0.0,0.0,0.0,252.0,639864.0,432.0,72252.0,289800.0,1198332.0,55466496.0,0.0,36.0,36.0,1008.0,71928.0,72.0,6372.0,13320.0,205848.0,2909484.0,4788.0,70524.0,159264.0,439632.0,9057168.0,12168.0,80280.0,225288.0,702900.0,6435648.0,8712.0,24876.0,37152.0,143424.0,1044792.0,1332.0,1368.0,4284.0,182304.0,743220.0,216.0,972.0,3960.0,27036.0,56124.0,267804.0,378.0,15241.42093,0.12733290480429313,0.1064122062126295,34.481836366108915,156.8411,25.34451333333333,74.81450000000001,-0.9816666666666668,-1.738,531.2193199448001,20.431812676702254,34.481836366108915
0.0884225256525724,0.29696370000873784,0.9442794114656252,0.44224553456976534,12.2,2.5851924587825525,4.0,1.0,252.0,432.0,1080.0,4500.0,898380.0,0.0,0.0,3492.0,13932.0,6106356.0,0.0,7020.0,12204.0,32904.0,766980.0,5760.0,32148.0,52920.0,186840.0,2682288.0,0.0,12636.0,43344.0,507060.0,39385440.0,18144.0,116568.0,297684.0,994032.0,13874184.0,3024.0,73764.0,234936.0,816336.0,6865020.0,0.0,36.0,324.0,4464.0,491796.0,288.0,1620.0,4140.0,40068.0,139680.0,581364.0,5.0,6703.15719,0.3506429538690477,0.28967524076598794,17.738339418730988,3.7869233333333336,19.82761,67.98466666666667,-0.18000000000000002,-0.46066666666666667,330.18272568086996,12.939255342925978,31.78447591609384
0.1222348987338011,0.24293527167057752,0.8263717537759073,0.4999868779975758,6.545454545454546,2.1681365574009615,7.0,2.0,0.0,0.0,72.0,1116.0,72900.0,0.0,180.0,2196.0,147744.0,3510864.0,0.0,684.0,9288.0,26424.0,211392.0,0.0,1116.0,8136.0,132192.0,1343448.0,0.0,756.0,8064.0,78624.0,44472636.0,9720.0,86292.0,254448.0,1131696.0,14460120.0,16452.0,128556.0,315000.0,911160.0,5473800.0,0.0,0.0,2484.0,31680.0,1472652.0,180.0,1224.0,5148.0,65340.0,185796.0,680724.0,13.0,19435.77403,0.3353006214697806,0.18191632054329163,30.27762731505527,124.3784,29.461093548387094,67.11964516129034,0.5490322580645162,1.001935483870968,645.1178064121998,20.952152747318447,27.83555072223609
0.04385909515763466,0.13732687870446733,0.952678060629375,0.06730120108621544,7.75,2.1753774194885565,6.0,2.0,0.0,0.0,0.0,1188.0,27432.0,23472.0,260424.0,728424.0,2586636.0,57861540.0,0.0,0.0,0.0,55584.0,314676.0,2916.0,7308.0,13932.0,92088.0,2884464.0,360.0,360.0,9504.0,158760.0,8902440.0,2160.0,11700.0,28620.0,199944.0,5934096.0,648.0,648.0,1008.0,17172.0,1561608.0,0.0,0.0,0.0,36.0,40500.0,0.0,36.0,1764.0,2268.0,4140.0,30024.0,841.0,10474.35103,0.6091014169775438,0.2968448229705517,83.90081845280207,15.220923333333333,22.59376333333334,90.20266666666664,0.9720000000000001,0.5800000000000002,387.2822471731001,21.31299584690247,40.08916083299514
0.1384725276466377,0.16031388815901101,1.0221209982457145,0.9215389544585646,11.142857142857142,3.533852708379663,1.0,4.0,36.0,36.0,72.0,2520.0,56844.0,23616.0,269244.0,753732.0,2745756.0,61570800.0,0.0,0.0,0.0,64224.0,334404.0,1980.0,2628.0,2628.0,43164.0,1423728.0,324.0,324.0,9792.0,158112.0,9181944.0,1296.0,2160.0,2592.0,19656.0,2378124.0,1548.0,1656.0,1692.0,41976.0,1638000.0,0.0,0.0,0.0,36.0,72828.0,0.0,432.0,2520.0,6660.0,15120.0,65988.0,841.0,10474.35103,0.25519277777777777,0.23400925816915613,73.66105816072978,3.9477193548387097,12.130090322580648,92.61870967741935,-2.9299999999999993,-0.7645161290322582,259.34742599727997,19.731645611961117,37.58716320733108
0.24752554988447523,0.46549820042963386,1.4742201179166665,1.894981994007401,17.555555555555557,3.4370679595379383,2.0,1.0,0.0,0.0,3996.0,53892.0,4873536.0,4392.0,47448.0,75096.0,202716.0,16952292.0,0.0,36.0,9756.0,119844.0,2542248.0,7560.0,40392.0,112104.0,366948.0,12347856.0,0.0,144.0,11232.0,348228.0,8724492.0,7236.0,91152.0,230868.0,729180.0,12392712.0,4752.0,42480.0,161352.0,642168.0,10709352.0,0.0,216.0,864.0,4932.0,544176.0,468.0,2736.0,7416.0,60660.0,180072.0,673452.0,4.0,12791.38051,0.49654330361469545,0.2654575438216593,68.35003282656658,1.746335714285714,19.003264285714287,65.08428571428571,-1.5653571428571431,-0.4575,351.65738776399985,17.261224434245268,43.60633892064491
0.1462379455350663,0.3275440492875739,0.5872274549939814,0.5322838367756745,8.636363636363637,1.76016013738823,1.0,4.0,0.0,36.0,108.0,11340.0,3994740.0,0.0,72.0,972.0,45288.0,3933756.0,0.0,360.0,720.0,29088.0,977220.0,180.0,2232.0,7740.0,47772.0,3698136.0,396.0,5040.0,28836.0,383796.0,18280116.0,7776.0,55584.0,150480.0,727668.0,12757932.0,17424.0,156420.0,412668.0,1235736.0,9623160.0,0.0,72.0,2628.0,8316.0,866448.0,252.0,1044.0,5760.0,63108.0,180720.0,652716.0,10.0,446.5182684,0.401017136078683,0.2297776558642077,38.0771533661595,1.7157451612903225,16.4106,63.326774193548374,0.12838709677419355,-0.8129032258064518,237.16209587799,11.77928566761657,38.0771533661595
0.0859534663637821,0.3825997672297973,0.6255801167031251,0.4216360932162602,8.4,2.1379516278626736,4.0,1.0,0.0,72.0,144.0,900.0,30143844.0,0.0,36.0,540.0,21888.0,4385412.0,0.0,0.0,13032.0,214236.0,1961064.0,396.0,2736.0,5400.0,103104.0,1754496.0,144.0,216.0,1872.0,43632.0,18564408.0,4644.0,57456.0,156888.0,544752.0,11634660.0,17136.0,137736.0,388908.0,1485180.0,5468832.0,0.0,396.0,1800.0,7920.0,149724.0,540.0,2268.0,9072.0,84168.0,216864.0,719856.0,13.0,537.3484137,0.21243423120300753,0.40248935063616426,80.97381484446164,1.3289366666666669,22.659186666666663,66.42733333333334,-0.7686666666666665,-1.2963333333333333,431.15444103619984,10.144069344802695,39.94117827229755
0.059927521810173225,0.31462107330072314,0.5888515081887037,0.4569460567521543,7.0,1.8833676198013625,9.0,3.0,0.0,72.0,144.0,900.0,30143844.0,0.0,36.0,540.0,21888.0,4385412.0,0.0,0.0,13032.0,214236.0,1961064.0,396.0,2736.0,5400.0,103104.0,1754496.0,144.0,216.0,1872.0,43632.0,18564408.0,4644.0,57456.0,156888.0,544752.0,11634660.0,17136.0,137736.0,388908.0,1485180.0,5468832.0,0.0,396.0,1800.0,7920.0,149724.0,540.0,2268.0,9072.0,84168.0,216864.0,719856.0,13.0,537.3484137,0.58278086424513,0.2550320794880123,98.27117225305432,3.810026666666666,27.849740000000004,68.21133333333333,-0.6720000000000002,-0.529,557.4180152044103,23.889501913409077,50.593263291796305
0.1657264052370329,0.4392085650252167,0.7029264774170286,0.4830305097129782,10.666666666666666,2.170332729665042,4.0,1.0,0.0,0.0,72.0,5544.0,16950312.0,0.0,504.0,2844.0,110124.0,4830840.0,0.0,252.0,504.0,38340.0,1331100.0,1728.0,7092.0,18468.0,150552.0,6398712.0,360.0,4572.0,27612.0,379404.0,18205920.0,6732.0,31212.0,91512.0,444780.0,7915104.0,16704.0,173052.0,455400.0,1359396.0,11062080.0,36.0,180.0,3384.0,7632.0,812232.0,396.0,1152.0,5832.0,65808.0,185688.0,645588.0,10.0,446.5182684,0.3025877297064181,0.1921340082893382,42.413314462200034,86.6901,22.429316666666672,67.45096666666666,-0.20100000000000004,-0.388,437.9701453999249,8.803333826559971,42.614926939378556
0.16493649626690393,0.35602199152682557,0.9582641884070164,0.5404987077843288,7.0,2.2002104781190983,6.0,2.0,72.0,720.0,4572.0,11448.0,4084560.0,0.0,0.0,36.0,32148.0,3385584.0,0.0,6624.0,6804.0,58680.0,3463452.0,2736.0,12132.0,26640.0,90036.0,2015388.0,0.0,0.0,504.0,4464.0,7046424.0,17280.0,108288.0,350712.0,1078812.0,24810984.0,7704.0,98496.0,254196.0,1152324.0,17560368.0,0.0,0.0,0.0,1296.0,1733076.0,0.0,36.0,3672.0,56232.0,141948.0,712188.0,12.0,5480.991045,0.3325134939276833,0.12996407693888523,39.30541772733443,157.1881,29.276896666666662,68.8343333333333,0.8103333333333335,1.8043333333333331,634.4335380498001,13.822892590017947,40.55613638442903
0.1064800930040991,0.3919603904325306,1.2760941087758333,1.3654501016036695,17.125,3.6392126180685507,4.0,1.0,0.0,0.0,36.0,1332.0,318816.0,1656.0,104652.0,416772.0,1440576.0,57570948.0,0.0,216.0,252.0,3600.0,115524.0,6012.0,47232.0,87552.0,640836.0,5099508.0,5220.0,70956.0,159660.0,440820.0,9061452.0,10260.0,33912.0,71244.0,296352.0,3787200.0,4788.0,12996.0,20628.0,85176.0,868536.0,1152.0,1152.0,3780.0,97884.0,369720.0,216.0,864.0,2448.0,11628.0,25236.0,134892.0,378.0,15241.42093,0.5891653231453127,0.3406265213800329,76.70224480447224,1.1445233333333333,20.917100000000005,74.137,-0.6533333333333332,-1.5643333333333334,495.89293859495996,28.304825610109088,39.58473398788311
0.06942018087667165,0.4566858106009721,0.4675053313908854,0.5559115720838215,8.4,1.6639805348098615,10.0,3.0,108.0,576.0,3456.0,18324.0,20664576.0,72.0,1116.0,5076.0,91260.0,4691988.0,0.0,792.0,1332.0,36288.0,1218780.0,3168.0,18432.0,54180.0,215280.0,5654592.0,360.0,4752.0,27684.0,379980.0,18154764.0,9648.0,80316.0,210744.0,828756.0,12250368.0,12168.0,112680.0,298368.0,900828.0,7853688.0,0.0,180.0,2484.0,7128.0,633888.0,324.0,1044.0,5868.0,63828.0,182160.0,663516.0,10.0,446.5182684,0.3850393330681599,0.07123720514787,66.74117319423057,6.993329032258066,24.619067741935485,64.69677419354838,-0.0719354838709677,-0.994516129032258,339.88204334144007,13.92105633154285,35.544389908499724
0.08447763445886443,0.3365060320582222,0.6046180092149792,0.3079401580356535,7.666666666666667,2.3279751389068295,5.0,2.0,0.0,900.0,900.0,1224.0,14660424.0,1836.0,26928.0,189648.0,1375380.0,35085888.0,0.0,0.0,648.0,33300.0,662580.0,3708.0,18648.0,44280.0,179388.0,5048568.0,0.0,2232.0,11808.0,41724.0,2099664.0,8568.0,68112.0,154008.0,483804.0,5764968.0,12204.0,108108.0,255312.0,694944.0,9868752.0,0.0,36.0,72.0,1944.0,553896.0,0.0,936.0,5184.0,57312.0,129168.0,329580.0,5.0,3129.911321,0.0,0.0,0.0,725.7860999999999,21.93371935483871,80.16851612903228,-0.8890322580645162,-0.8309677419354842,265.88710444340023,20.626110165125535,36.70957676880796
0.1009376472906747,0.2278622643567346,0.7715211683458332,1.1159006306075285,10.1,2.213374594061583,5.0,2.0,612.0,4716.0,11844.0,31464.0,420552.0,216.0,3420.0,20772.0,261468.0,6427800.0,0.0,1836.0,27936.0,63504.0,371016.0,7596.0,35676.0,74988.0,446076.0,4193712.0,0.0,1044.0,9108.0,79668.0,44217504.0,8532.0,50796.0,156564.0,582012.0,6867180.0,10080.0,119952.0,301176.0,965232.0,6366348.0,0.0,0.0,2700.0,44460.0,2110500.0,36.0,792.0,4284.0,65484.0,180396.0,667476.0,13.0,19435.77403,0.5662806929910139,0.09210186894617307,53.89764614429611,10.209029032258066,27.344309677419357,66.91000000000001,0.8261290322580644,0.9606451612903227,581.1425975708995,13.187839523835173,30.23749112454355
0.08747439616636199,0.6465146738059431,0.39714095742599587,0.5564462742908461,6.909090909090909,1.7770503686929293,10.0,3.0,1188.0,6156.0,9900.0,16452.0,14830560.0,504.0,21240.0,155412.0,1278360.0,33346728.0,108.0,1224.0,2448.0,43524.0,757872.0,4752.0,48600.0,130644.0,457956.0,8234388.0,0.0,2700.0,12852.0,42012.0,2134224.0,11088.0,99072.0,241920.0,693072.0,10252800.0,8388.0,54432.0,124092.0,347724.0,4580892.0,0.0,36.0,36.0,432.0,227592.0,180.0,1260.0,5436.0,49356.0,108108.0,262404.0,5.0,3129.911321,0.1711137012671049,0.11229750009081078,24.653487687690493,17.741854838709674,24.223932258064515,73.47193548387096,-2.0670967741935478,-0.6274193548387098,280.3512743351172,12.152768910144736,24.653487687690493
0.14307883118693257,0.3583350522324398,2.3984833003020367,3.3955520643227044,24.444444444444443,4.205701637900572,2.0,1.0,0.0,0.0,72.0,28872.0,486324.0,216.0,900.0,7056.0,52848.0,16033032.0,0.0,0.0,396.0,504.0,41184.0,4644.0,8460.0,16308.0,52488.0,1460736.0,7884.0,150336.0,421128.0,1904616.0,42705360.0,11016.0,67320.0,173412.0,585396.0,10664748.0,4716.0,31788.0,89928.0,248832.0,2886084.0,0.0,180.0,1692.0,3528.0,78408.0,0.0,1044.0,2880.0,23616.0,75564.0,264384.0,47.0,33952.92531,0.32284078268398264,0.22065524267901626,55.10950916478083,0.1416896551724138,20.598510344827584,62.08034482758621,0.7727586206896553,-0.7389655172413793,476.8735902470001,17.931450749103288,32.70387472000489
0.08638184917930002,0.3232847672252955,0.6801762821234807,0.5001619184981168,7.0,1.7749334714329552,6.0,2.0,972.0,6840.0,12132.0,24768.0,763236.0,0.0,180.0,2916.0,7236.0,12204504.0,36.0,8712.0,16488.0,86688.0,2108304.0,2664.0,23436.0,53352.0,177192.0,11528928.0,0.0,0.0,1188.0,1944.0,13937580.0,13104.0,89136.0,200952.0,727092.0,14840172.0,9720.0,79308.0,239292.0,1160532.0,12726000.0,0.0,108.0,252.0,7344.0,1636416.0,0.0,0.0,4860.0,74700.0,258660.0,948492.0,18.0,6622.610663,0.1733942267129948,0.10709453589626765,32.73215213816648,330.8882,27.454599999999996,66.89403333333333,2.499666666666667,1.1800000000000002,548.5715439209604,12.727210560406565,32.73215213816648
0.1884543574490022,0.15533588548767382,1.4638958595749867,0.6234219494020649,13.0,1.6859766121272561,8.0,3.0,0.0,1188.0,1944.0,20556.0,224712.0,0.0,6516.0,25236.0,207324.0,17753616.0,0.0,1728.0,10332.0,11988.0,109944.0,1584.0,5652.0,14040.0,109296.0,3430584.0,252.0,13680.0,61416.0,306252.0,33656508.0,18900.0,121788.0,303732.0,1099296.0,12834000.0,5328.0,76860.0,218124.0,760716.0,3613248.0,0.0,648.0,1548.0,6336.0,1773108.0,0.0,0.0,5436.0,54828.0,148500.0,619704.0,90.0,33384.18737,1.2869869756025825,0.43741756030008433,29.427670412897413,241.86249999999998,28.506616129032267,64.75603225806451,0.10870967741935485,0.2693548387096774,623.4712017679998,8.252782209712965,33.083844382916574
0.14272740150303534,0.21911508186625975,1.7219299320302315,1.1553900600512272,19.444444444444443,3.8722284019838855,9.0,3.0,0.0,0.0,36.0,144.0,90864.0,0.0,1692.0,4176.0,46152.0,4248288.0,0.0,324.0,324.0,16668.0,230184.0,2052.0,7344.0,8172.0,33228.0,1562616.0,0.0,4716.0,51264.0,347220.0,42239952.0,19476.0,102708.0,206496.0,921744.0,14659020.0,7092.0,84492.0,277632.0,971208.0,5814540.0,0.0,360.0,1188.0,3924.0,2396196.0,0.0,0.0,2700.0,81144.0,236124.0,801036.0,51.0,32919.87338,0.5958718652951985,0.12268065933949493,83.27801543982487,0.6942,27.708456666666667,61.31066666666666,0.5133333333333333,-0.456,582.0820320086002,24.682663201729,38.33524705940681
0.16540853701109104,0.36830878040562237,1.0365737892482998,0.5116124149196748,13.88888888888889,3.546973184159448,4.0,1.0,0.0,0.0,14040.0,330516.0,6298848.0,0.0,144.0,5508.0,126396.0,2877624.0,0.0,4320.0,44028.0,166320.0,5869188.0,6768.0,28476.0,65808.0,165168.0,6651612.0,0.0,0.0,0.0,81684.0,375228.0,1872.0,8892.0,28476.0,109764.0,2641176.0,19656.0,135144.0,356616.0,1292940.0,33493212.0,0.0,144.0,180.0,720.0,1432368.0,324.0,756.0,3204.0,105336.0,270792.0,867888.0,2.0,17057.75366,0.4567417802097774,0.2201883257053135,38.14489221156462,95.7234,22.53155666666667,64.48026666666668,-1.7,-0.6773333333333332,400.65645779684866,19.404306332998104,43.98103120690747
0.37218745769142153,0.35173267213192966,4.746434591910303,10.281841760262617,39.90909090909091,6.029858725389764,1.0,4.0,504.0,4464.0,8496.0,49644.0,1112580.0,0.0,684.0,14292.0,75024.0,9852588.0,0.0,0.0,10944.0,32292.0,961812.0,15156.0,103104.0,175428.0,389268.0,6043032.0,0.0,3096.0,24408.0,267120.0,27030996.0,4572.0,56556.0,128340.0,413424.0,8626428.0,2808.0,51444.0,214848.0,999360.0,12290652.0,0.0,1512.0,4860.0,87372.0,1592532.0,792.0,2700.0,8424.0,62028.0,203688.0,827748.0,33.0,30649.61061,0.2095626764904274,0.2692758979972242,53.89983988340506,0.5327161290322582,17.895158064516135,63.08935483870967,0.37709677419354837,-1.5848387096774192,433.4169298227999,12.1903861916853,41.70945369171976
0.11098563414920806,0.2215502606297871,0.9883626200540383,0.3349803991725677,8.545454545454545,2.6134660484375143,7.0,2.0,0.0,1368.0,2016.0,18144.0,824652.0,0.0,2952.0,7272.0,66780.0,4424256.0,0.0,2412.0,2952.0,43740.0,457164.0,6948.0,20448.0,36396.0,163224.0,5204412.0,0.0,5544.0,53640.0,357876.0,42842880.0,3960.0,25092.0,54180.0,335772.0,7005744.0,19116.0,147420.0,402156.0,1398312.0,8457336.0,0.0,612.0,1728.0,5328.0,3746628.0,0.0,0.0,1296.0,76932.0,225072.0,752148.0,51.0,32919.87338,0.19192390970039064,0.06157355879643825,25.322607919591107,116.8588,29.01393548387096,63.336290322580645,0.7741935483870966,0.9929032258064514,635.4659426184998,20.518143888406602,24.74843866558913
0.10540556334673287,0.41514081305487804,1.1364396276375,0.8646622420788562,14.5,3.759003159195518,5.0,2.0,180.0,2304.0,22536.0,50184.0,2289348.0,0.0,4932.0,39996.0,170100.0,8950140.0,0.0,2556.0,11520.0,31140.0,470556.0,3132.0,10296.0,38304.0,183168.0,5881428.0,0.0,16056.0,77040.0,385992.0,22149324.0,10116.0,76248.0,179784.0,610200.0,12737160.0,12528.0,111852.0,269604.0,971784.0,12116988.0,0.0,0.0,2952.0,27072.0,4443120.0,576.0,1548.0,5616.0,58608.0,143676.0,712224.0,136.0,15407.79543,0.7769922608613368,0.16589184797453935,84.270245663933,3.111945161290323,26.74799032258065,65.48645161290322,1.0390322580645164,-0.3129032258064517,578.2426491611,34.2060148320268,33.6402031537655
0.37614606598615224,0.454459351344167,1.8042289150950233,0.7840977382450673,18.333333333333332,4.152841283352147,9.0,3.0,72.0,720.0,4572.0,11448.0,4084560.0,0.0,0.0,36.0,32148.0,3385584.0,0.0,6624.0,6804.0,58680.0,3463452.0,2736.0,12132.0,26640.0,90036.0,2015388.0,0.0,0.0,504.0,4464.0,7046424.0,17280.0,108288.0,350712.0,1078812.0,24810984.0,7704.0,98496.0,254196.0,1152324.0,17560368.0,0.0,0.0,0.0,1296.0,1733076.0,0.0,36.0,3672.0,56232.0,141948.0,712188.0,12.0,5480.991045,0.694814276319096,0.2857724241785323,39.15659249900917,28.857100000000003,28.603363333333327,66.65206666666668,0.8963333333333334,-1.069333333333333,519.6519836166002,19.039625313565054,41.51842069212698
0.08465993815599096,0.19782589602164483,0.6163156542958335,0.283690923328491,10.4,2.1354577987905854,5.0,2.0,0.0,144.0,540.0,7308.0,128160.0,0.0,1296.0,3060.0,19512.0,4957632.0,0.0,432.0,26064.0,96624.0,1656468.0,7596.0,32544.0,57708.0,137988.0,4870692.0,0.0,0.0,72.0,5760.0,6313068.0,11052.0,103284.0,258228.0,884052.0,16646616.0,3276.0,63684.0,210816.0,1044324.0,21131172.0,0.0,144.0,144.0,2088.0,3379608.0,0.0,1548.0,9396.0,81180.0,228744.0,943632.0,69.0,17428.37218,0.1900146605132934,0.2566242425450751,67.83516333258274,9.532558064516127,27.604812903225806,62.62870967741936,1.1283870967741934,0.8458064516129032,552.2132863530002,16.375686081521472,38.08500222496319
0.10136013036234721,0.27876611044151,0.7019013785666667,0.8044461378276809,10.6,2.3362045531296625,12.0,4.0,0.0,0.0,0.0,10044.0,1798164.0,0.0,1188.0,16848.0,579240.0,36791064.0,0.0,2556.0,51948.0,180792.0,746028.0,1008.0,2808.0,6588.0,52560.0,3502764.0,0.0,7776.0,17172.0,230760.0,18600048.0,16632.0,63360.0,162792.0,802044.0,9715392.0,8892.0,135288.0,326628.0,761940.0,3536748.0,0.0,1584.0,1656.0,1872.0,466380.0,0.0,0.0,4824.0,68328.0,201888.0,521964.0,111.0,18978.38682,0.22660723931623933,0.21611063557206991,89.50149271131849,3.411816129032258,17.398864516129034,68.4790322580645,-0.6574193548387097,-0.9109677419354841,290.53111916992,25.312186000810183,36.905704086022055
0.16428021550123423,0.4223549321824881,1.0909439891592156,1.47656012682672,13.4,2.67249318397534,1.0,4.0,0.0,0.0,36864.0,157860.0,991548.0,792.0,44532.0,129024.0,555696.0,45723960.0,0.0,108.0,2196.0,12456.0,997992.0,7740.0,51444.0,161820.0,558468.0,7580304.0,0.0,5724.0,26964.0,259884.0,5247180.0,3564.0,17352.0,57420.0,167364.0,1809468.0,14292.0,102240.0,221976.0,761040.0,9876492.0,0.0,0.0,6552.0,63468.0,863064.0,432.0,972.0,5076.0,61380.0,142092.0,605124.0,9.0,12779.34997,0.0,0.0,0.0,141.46419999999998,16.56789677419355,79.91245161290325,-1.6293548387096775,-1.3116129032258064,150.59647021050006,16.29923845309512,32.93952198559349
0.16055746608174964,0.5119247606132354,2.414317096419375,6.3849026324931,22.0,2.7086886570380124,12.0,4.0,612.0,4716.0,11844.0,31464.0,420552.0,216.0,3420.0,20772.0,261468.0,6427800.0,0.0,1836.0,27936.0,63504.0,371016.0,7596.0,35676.0,74988.0,446076.0,4193712.0,0.0,1044.0,9108.0,79668.0,44217504.0,8532.0,50796.0,156564.0,582012.0,6867180.0,10080.0,119952.0,301176.0,965232.0,6366348.0,0.0,0.0,2700.0,44460.0,2110500.0,36.0,792.0,4284.0,65484.0,180396.0,667476.0,13.0,19435.77403,0.4423948555931248,0.21082552073791289,42.25771528996674,0.3629709677419355,19.363738709677413,71.22870967741937,0.2119354838709677,-3.519032258064516,356.4703478962299,18.77554687977215,42.25771528996674
0.10990957230968042,0.31778160745205547,0.7966961168764191,0.820870628818916,13.0,3.064951601961873,11.0,4.0,468.0,8352.0,17316.0,70344.0,1600884.0,0.0,1692.0,10944.0,55116.0,13787856.0,0.0,216.0,3492.0,125532.0,1221012.0,5112.0,15768.0,28764.0,139932.0,5337612.0,0.0,252.0,2052.0,68004.0,14170140.0,5832.0,58320.0,184248.0,758088.0,13111056.0,3096.0,79164.0,262584.0,1052676.0,14636412.0,15084.0,37944.0,41472.0,81216.0,4399488.0,0.0,72.0,1728.0,80964.0,234396.0,790524.0,100.0,15052.7619,0.32142460899964875,0.14786118706628829,30.79681805887946,1.76898,20.28161,69.77233333333332,-2.6776666666666666,-0.991,247.57798297440007,18.953841753591316,30.79681805887946
0.2047980497179728,0.42580339449827437,2.0782538250369855,4.646462912021864,25.3,3.142986423570359,12.0,4.0,0.0,504.0,756.0,6660.0,146772.0,0.0,2232.0,5904.0,51552.0,4213656.0,0.0,216.0,360.0,24912.0,249228.0,2520.0,9252.0,11988.0,62604.0,2392200.0,0.0,5148.0,52668.0,353916.0,42707592.0,15372.0,66348.0,119160.0,613080.0,12245544.0,11016.0,117792.0,357012.0,1225872.0,6919056.0,0.0,504.0,1476.0,5184.0,3013992.0,0.0,0.0,2520.0,80748.0,235728.0,797976.0,51.0,32919.87338,0.22222788455566597,0.14922532781136402,71.16066799028289,0.9494354838709678,18.138764516129037,62.26,0.3354838709677419,-1.5896774193548384,371.5753101243301,16.5187269518175,34.16324913808159
0.12240821381450843,0.425484182297635,2.151316159326833,3.1356025662781586,21.5,4.73019976704512,4.0,1.0,612.0,720.0,3600.0,11592.0,730656.0,36.0,2700.0,13176.0,217044.0,5406300.0,0.0,1872.0,29376.0,61884.0,360288.0,4248.0,13176.0,32508.0,312768.0,3733632.0,0.0,936.0,9036.0,78300.0,44746380.0,11448.0,83844.0,240228.0,879156.0,9486324.0,10944.0,116784.0,278208.0,887832.0,5650632.0,0.0,0.0,3096.0,54144.0,1911708.0,0.0,828.0,4140.0,62568.0,176148.0,638604.0,13.0,19435.77403,0.6287963450981454,0.2618060720394968,71.30390424520863,0.20200666666666667,24.01576666666667,66.45566666666667,0.7546666666666667,-1.4266666666666665,578.6204755949857,14.199608249975489,41.812615928313384
0.08738119126952694,0.19683211960066258,0.5884304982633233,0.35534611772236024,9.0,1.4407560715409407,7.0,2.0,0.0,504.0,4536.0,11592.0,4108716.0,0.0,0.0,72.0,44928.0,6859116.0,2124.0,17316.0,26424.0,143064.0,5227560.0,12096.0,54756.0,85176.0,214344.0,5605452.0,0.0,0.0,0.0,9216.0,2720952.0,1476.0,5328.0,13896.0,47916.0,6953580.0,11736.0,146736.0,438840.0,1798992.0,26051940.0,0.0,0.0,0.0,15876.0,4861224.0,0.0,828.0,4068.0,57708.0,216792.0,855324.0,6.0,17454.33105,0.9774189719022292,0.3673014114580002,34.85022937713428,178.8956,30.339477419354836,58.9446129032258,0.3683870967741936,-0.26419354838709674,658.4200411080004,19.18397816943554,40.676111072259246
0.2076252638121546,0.3070596234533245,4.485012910397614,7.228170782858971,31.272727272727273,5.351662979902226,3.0,1.0,612.0,3528.0,5112.0,24768.0,1285056.0,0.0,144.0,12528.0,39960.0,7385724.0,0.0,0.0,7920.0,22680.0,662292.0,14724.0,87948.0,143784.0,249120.0,4104180.0,36.0,2628.0,21240.0,232452.0,25188264.0,7128.0,75528.0,159840.0,522108.0,10818432.0,2952.0,64908.0,255276.0,1161000.0,16313040.0,0.0,1512.0,4932.0,82044.0,1626444.0,540.0,1692.0,6012.0,46692.0,174672.0,807120.0,33.0,30649.61061,0.6366173691876751,0.2342243042866386,80.16786115237588,3.5079548387096775,21.08558064516129,63.33419354838711,0.6109677419354838,-0.841290322580645,443.09932804053,21.300034316201085,39.21069610809134
0.06599780082885613,0.31673944598568815,0.9603397794837502,0.28218836266784597,12.2,2.6759009022852602,9.0,3.0,144.0,1296.0,13824.0,212580.0,4250628.0,0.0,72.0,7992.0,169992.0,2584656.0,0.0,5292.0,35028.0,119232.0,3711276.0,6084.0,39528.0,98388.0,284940.0,5554620.0,0.0,0.0,0.0,81684.0,387216.0,2628.0,8748.0,41652.0,258912.0,11876724.0,15948.0,108144.0,291708.0,1076688.0,28221228.0,0.0,180.0,252.0,828.0,1158588.0,576.0,1800.0,6696.0,119196.0,296604.0,936540.0,2.0,17057.75366,0.6660225714285715,0.1340721556247533,63.55652898402511,3.7980933333333335,27.63814666666667,63.20966666666667,-0.8596666666666668,-0.47366666666666674,431.8421741311998,14.802279091852458,32.299308677926454
0.09599048374670383,0.5821770842911526,3.421864769647916,5.0528404034798395,24.0,5.7049015761416815,3.0,1.0,0.0,0.0,36.0,1332.0,318816.0,1656.0,104652.0,416772.0,1440576.0,57570948.0,0.0,216.0,252.0,3600.0,115524.0,6012.0,47232.0,87552.0,640836.0,5099508.0,5220.0,70956.0,159660.0,440820.0,9061452.0,10260.0,33912.0,71244.0,296352.0,3787200.0,4788.0,12996.0,20628.0,85176.0,868536.0,1152.0,1152.0,3780.0,97884.0,369720.0,216.0,864.0,2448.0,11628.0,25236.0,134892.0,378.0,15241.42093,0.8852270640013384,0.47319587744806,76.97321299446787,1.0899225806451611,18.953051612903227,76.49064516129032,-0.7480645161290327,-1.4661290322580645,514.1380519080499,13.70869542580517,48.1046693724856
0.1323134875324453,0.5927475482877563,0.21179627406834542,0.775109307231961,7.4,1.6541760730265103,7.0,2.0,0.0,144.0,14184.0,122328.0,1665936.0,504.0,1152.0,12780.0,155196.0,3542976.0,0.0,648.0,6048.0,40536.0,320220.0,3132.0,29304.0,65340.0,114192.0,2104236.0,0.0,5868.0,66996.0,935676.0,48655656.0,8964.0,58680.0,140796.0,490968.0,12223404.0,13032.0,122724.0,316404.0,793224.0,4013748.0,36.0,72.0,720.0,3384.0,575784.0,864.0,1908.0,5760.0,64224.0,162288.0,486756.0,5.0,10720.10518,0.7834407181361849,0.37198126108738294,20.943936623167676,3.9654225806451615,28.949338709677416,74.24580645161292,0.8099999999999999,0.43903225806451596,646.4594073501995,21.128842639702167,29.700383792881127
0.06429747210256496,0.3783172205318419,1.5904171987245368,2.1031975024963936,19.11111111111111,3.2747985973005864,2.0,1.0,0.0,0.0,0.0,0.0,193176.0,0.0,612.0,8640.0,38484.0,11350224.0,0.0,288.0,1656.0,57312.0,940680.0,3060.0,5472.0,6300.0,28620.0,1565424.0,0.0,36.0,1296.0,66852.0,13995000.0,6912.0,52272.0,150732.0,710892.0,17450856.0,3312.0,102564.0,334224.0,1337832.0,17347896.0,16452.0,42552.0,47556.0,100368.0,4935384.0,0.0,72.0,1584.0,79056.0,235260.0,800892.0,100.0,15052.7619,0.7951572327910873,0.2435618757877905,67.49987941584222,1.370406896551724,17.245841379310342,66.65379310344828,-1.6279310344827589,-1.0506896551724139,372.69839825160005,11.275211720799595,36.77194958057457
0.09723941922414234,0.3518469102323123,0.6707132599277484,0.7924712465575369,11.2,2.858296878555375,11.0,4.0,0.0,3348.0,4392.0,56448.0,1260072.0,0.0,3096.0,20808.0,638892.0,39235824.0,0.0,3744.0,64512.0,213840.0,822600.0,1764.0,3636.0,8316.0,71244.0,4220388.0,0.0,9576.0,19728.0,235188.0,18702396.0,6516.0,26352.0,68976.0,413496.0,5373504.0,18324.0,166428.0,399996.0,1011888.0,5169276.0,0.0,1368.0,1476.0,1944.0,760500.0,0.0,0.0,4752.0,65376.0,197244.0,498348.0,111.0,18978.38682,0.2069763539339641,0.16338573567523726,31.61762802389055,1.4027533333333333,19.841156666666667,66.554,-0.47533333333333344,-0.4593333333333333,266.71981970649995,15.632367415327533,31.61762802389055
0.39088875170431836,0.5786476620960291,3.382357079614926,4.9542957899376985,25.0,4.5418147941008895,11.0,4.0,0.0,0.0,72.0,1116.0,72900.0,0.0,180.0,2196.0,147744.0,3510864.0,0.0,684.0,9288.0,26424.0,211392.0,0.0,1116.0,8136.0,132192.0,1343448.0,0.0,756.0,8064.0,78624.0,44472636.0,9720.0,86292.0,254448.0,1131696.0,14460120.0,16452.0,128556.0,315000.0,911160.0,5473800.0,0.0,0.0,2484.0,31680.0,1472652.0,180.0,1224.0,5148.0,65340.0,185796.0,680724.0,13.0,19435.77403,0.41814954559233625,0.23526850747176623,42.88109183184004,0.0,24.439623333333337,72.5775,0.5733333333333334,-1.8566666666666665,421.9155019256001,21.27837871195678,42.88109183184004
0.1698813681294005,0.949155547800823,1.0050294082908804,1.0867250394253485,14.333333333333334,2.935201316251309,9.0,3.0,0.0,0.0,36864.0,157860.0,991548.0,792.0,44532.0,129024.0,555696.0,45723960.0,0.0,108.0,2196.0,12456.0,997992.0,7740.0,51444.0,161820.0,558468.0,7580304.0,0.0,5724.0,26964.0,259884.0,5247180.0,3564.0,17352.0,57420.0,167364.0,1809468.0,14292.0,102240.0,221976.0,761040.0,9876492.0,0.0,0.0,6552.0,63468.0,863064.0,432.0,972.0,5076.0,61380.0,142092.0,605124.0,9.0,12779.34997,0.49879931224028917,0.22510831189153754,36.481142484000074,489.3904,26.668396666666663,69.40690000000001,-0.6003333333333332,-0.9483333333333335,423.3259983881995,16.41317251577783,40.55040274772063
0.030630660559582946,0.23138364175905854,0.199058281347375,0.4374407157379704,5.1,1.0179382426088686,7.0,2.0,108.0,576.0,3456.0,18324.0,20664576.0,72.0,1116.0,5076.0,91260.0,4691988.0,0.0,792.0,1332.0,36288.0,1218780.0,3168.0,18432.0,54180.0,215280.0,5654592.0,360.0,4752.0,27684.0,379980.0,18154764.0,9648.0,80316.0,210744.0,828756.0,12250368.0,12168.0,112680.0,298368.0,900828.0,7853688.0,0.0,180.0,2484.0,7128.0,633888.0,324.0,1044.0,5868.0,63828.0,182160.0,663516.0,10.0,446.5182684,0.44228695214045205,0.11821785743848386,73.7012523508163,2.2466516129032255,28.96880322580645,65.4125806451613,-0.49967741935483884,0.563225806451613,751.7098835590001,21.22872778491233,32.199578339485726
0.037019993978437936,0.3578537285064896,0.820589144631146,0.47397950897659386,8.0,2.6085874765512176,1.0,4.0,0.0,1152.0,1152.0,1296.0,24737328.0,21456.0,166680.0,531720.0,2408220.0,41169420.0,0.0,0.0,0.0,0.0,148428.0,0.0,72.0,1728.0,50544.0,2817000.0,5436.0,57420.0,129132.0,285804.0,2837664.0,4572.0,57204.0,117036.0,372528.0,5664996.0,0.0,0.0,720.0,7812.0,403524.0,0.0,0.0,0.0,0.0,504.0,0.0,0.0,0.0,0.0,3924.0,15120.0,72.0,1508.7111,0.23531614379084967,0.2384166796769699,76.15352827851027,1.6389935483870968,21.934045161290324,76.95806451612903,-3.091935483870968,-2.82483870967742,427.70218297330007,20.18924899251808,41.7736919722985
0.1085304334108853,0.32904523892476706,0.660509427342824,0.4913440456134365,7.363636363636363,2.0604294201421003,1.0,4.0,0.0,0.0,0.0,360.0,17313516.0,0.0,0.0,792.0,24012.0,4819896.0,0.0,0.0,6588.0,193428.0,1965276.0,108.0,5940.0,11916.0,126216.0,1356804.0,108.0,180.0,1656.0,42984.0,18569484.0,7380.0,58824.0,174456.0,802620.0,11699172.0,14832.0,134280.0,371808.0,1239372.0,5274612.0,0.0,216.0,1476.0,7236.0,129708.0,504.0,2376.0,9036.0,83160.0,216792.0,705276.0,13.0,537.3484137,0.4544364495250522,0.2630045614489254,44.372484538167875,0.23541935483870968,17.828548387096777,62.97096774193548,-0.26935483870967747,-1.5370967741935484,342.3989039863002,20.745213388723336,44.372484538167875
0.10798660779140308,0.477994402432394,0.5423409833857816,0.6366348550257916,9.4,2.368197299721811,6.0,2.0,0.0,288.0,2376.0,300780.0,5937804.0,0.0,36.0,8136.0,137844.0,3044412.0,0.0,4788.0,38268.0,128484.0,4995720.0,3312.0,19944.0,58284.0,176760.0,7376544.0,0.0,0.0,0.0,82296.0,436896.0,11484.0,60912.0,151272.0,555300.0,15366096.0,11124.0,84564.0,251604.0,890604.0,21741768.0,0.0,72.0,72.0,540.0,1076544.0,540.0,1512.0,5436.0,112320.0,275472.0,868716.0,2.0,17057.75366,0.3787939544056298,0.1625074788887324,62.68060170869167,8.91628,29.47641666666667,60.844,0.37466666666666665,-0.20000000000000007,523.7565680268998,12.53856993207513,33.77707606926192
0.09857522448759741,0.5230954999070784,0.6543004874617354,1.1793018016008479,10.8,2.5125409082523804,12.0,4.0,1188.0,6156.0,9900.0,16452.0,14830560.0,504.0,21240.0,155412.0,1278360.0,33346728.0,108.0,1224.0,2448.0,43524.0,757872.0,4752.0,48600.0,130644.0,457956.0,8234388.0,0.0,2700.0,12852.0,42012.0,2134224.0,11088.0,99072.0,241920.0,693072.0,10252800.0,8388.0,54432.0,124092.0,347724.0,4580892.0,0.0,36.0,36.0,432.0,227592.0,180.0,1260.0,5436.0,49356.0,108108.0,262404.0,5.0,3129.911321,0.45284446394121625,0.2684440480747568,31.485875581033437,12.290541935483871,17.259783870967745,73.28903225806452,-1.2861290322580645,-1.3390322580645158,162.17071965348015,16.380001811933443,31.485875581033437
0.1290434871791811,0.24380056374236628,2.1874544513121594,2.44870177870236,21.272727272727273,4.903746995014907,3.0,1.0,108.0,9108.0,15480.0,52092.0,1196892.0,0.0,972.0,4140.0,7128.0,11003004.0,0.0,4644.0,7812.0,40752.0,1343340.0,216.0,2052.0,8676.0,26172.0,6104664.0,0.0,0.0,1080.0,1332.0,13331664.0,7164.0,49356.0,105264.0,358128.0,15109992.0,18900.0,129924.0,357300.0,1605852.0,17765928.0,0.0,216.0,324.0,9972.0,2187180.0,0.0,0.0,4968.0,86148.0,285156.0,1039860.0,18.0,6622.610663,0.6498404492021514,0.3453107509567565,82.28813454839784,8.076287096774191,18.903835483870964,69.91161290322582,-0.6077419354838711,-1.3858064516129036,328.81667599903113,19.936767745190433,49.28595143285077
0.1707223732995885,0.31807337798709984,1.3905861107975377,1.5722127686386864,18.90909090909091,2.8233648199511787,1.0,4.0,0.0,360.0,684.0,2808.0,504684.0,144.0,11520.0,71496.0,649944.0,23835960.0,0.0,0.0,6840.0,65592.0,736416.0,7164.0,25524.0,61920.0,327996.0,6423876.0,396.0,19908.0,124992.0,485676.0,23438124.0,17352.0,104148.0,235296.0,724356.0,10497204.0,4752.0,51192.0,104760.0,365544.0,5191956.0,540.0,36504.0,88560.0,193464.0,2933136.0,0.0,0.0,1044.0,33624.0,91080.0,326556.0,244.0,21222.17111,0.4145655046995847,0.253675826333759,66.15465672354148,0.14481290322580645,14.877209677419351,58.15419354838713,-0.6948387096774196,-1.230322580645161,400.9550581120001,22.630419787351073,34.967079184021124
0.05301700747355733,0.46693378516264533,0.6277820211073751,0.6439442826817279,10.5,2.1236322739513898,11.0,4.0,0.0,0.0,0.0,0.0,193176.0,0.0,612.0,8640.0,38484.0,11350224.0,0.0,288.0,1656.0,57312.0,940680.0,3060.0,5472.0,6300.0,28620.0,1565424.0,0.0,36.0,1296.0,66852.0,13995000.0,6912.0,52272.0,150732.0,710892.0,17450856.0,3312.0,102564.0,334224.0,1337832.0,17347896.0,16452.0,42552.0,47556.0,100368.0,4935384.0,0.0,72.0,1584.0,79056.0,235260.0,800892.0,100.0,15052.7619,0.49408356773165113,0.13866324712483363,72.2925363870749,0.5481933333333335,22.269686666666665,69.477,-3.6169999999999995,-1.0790000000000002,319.6415006410001,18.67931556448356,29.815772692319246
0.18499366868119532,0.5347731124252759,0.8865758176762499,1.85646959292925,16.6,2.353197585130113,11.0,4.0,0.0,72.0,144.0,1296.0,45036.0,0.0,972.0,11016.0,194256.0,15513120.0,11268.0,14724.0,14724.0,29880.0,297360.0,612.0,1476.0,6336.0,133956.0,4026888.0,0.0,288.0,4680.0,104076.0,21895920.0,4968.0,28980.0,84960.0,480636.0,9963864.0,10764.0,167112.0,462492.0,1463328.0,13105296.0,0.0,72.0,2304.0,43416.0,5082768.0,0.0,468.0,3708.0,68832.0,198900.0,690624.0,13.0,14435.29365,0.4591141985175047,0.2824495704188741,71.56825899812415,0.037623333333333335,23.66839333333333,63.597333333333346,0.435,-2.3489999999999998,385.88644714399993,10.784653342966417,36.67637536960959
0.19436340610164252,0.5631508761154237,0.9551509747234542,0.6207706322727046,14.0,3.2202954813702136,4.0,1.0,0.0,0.0,0.0,684.0,939528.0,36.0,1080.0,10512.0,48888.0,13178556.0,0.0,0.0,2376.0,106992.0,1248588.0,6264.0,14256.0,21024.0,76968.0,5166504.0,0.0,72.0,1800.0,66888.0,14702940.0,7704.0,60624.0,184068.0,882900.0,12755196.0,2808.0,93888.0,287496.0,1060236.0,15868980.0,12996.0,31464.0,34164.0,75240.0,4376232.0,0.0,36.0,1512.0,81468.0,244224.0,822456.0,100.0,15052.7619,0.6497581174341028,0.30430441832388544,38.86823186346991,69.24170000000001,21.74044666666667,66.21636666666669,-1.4870000000000008,-0.9249999999999999,444.89131313407,17.162431679430146,44.82016114837141
0.16873805274126466,0.3539237032181065,0.8798995265132458,1.3877183450186235,11.8,2.2618755681323863,1.0,4.0,0.0,0.0,14040.0,330516.0,6298848.0,0.0,144.0,5508.0,126396.0,2877624.0,0.0,4320.0,44028.0,166320.0,5869188.0,6768.0,28476.0,65808.0,165168.0,6651612.0,0.0,0.0,0.0,81684.0,375228.0,1872.0,8892.0,28476.0,109764.0,2641176.0,19656.0,135144.0,356616.0,1292940.0,33493212.0,0.0,144.0,180.0,720.0,1432368.0,324.0,756.0,3204.0,105336.0,270792.0,867888.0,2.0,17057.75366,0.32808631332898797,0.1882088391672905,36.0192835172122,107.7636,17.183648387096778,74.93854838709677,-2.2870967741935484,-0.71,216.69102010124,15.240366863154364,36.0192835172122
0.11509958546428756,0.6667610960289425,0.2632098653733257,0.7310916335059319,6.8,1.9677403279155192,6.0,2.0,0.0,40356.0,69480.0,137772.0,8090604.0,0.0,540.0,792.0,128484.0,7688448.0,0.0,4104.0,9324.0,47088.0,1636704.0,7884.0,24552.0,36036.0,159444.0,6909444.0,0.0,108.0,684.0,2376.0,268020.0,16164.0,112932.0,297360.0,1203912.0,21801528.0,3888.0,32868.0,138780.0,531252.0,7912656.0,0.0,72.0,828.0,14472.0,425124.0,0.0,864.0,3528.0,67248.0,231912.0,916488.0,3.0,3430.762574,0.51198158017192,0.243409760259928,22.525543191077464,30.57497666666666,28.30453333333333,76.77266666666665,0.9403333333333334,0.8390000000000001,470.78598662330006,12.115044886695674,30.99215256643447
0.10307858733675206,0.3303339873403897,0.6912884540652227,1.174231725882406,13.8,2.1632638571338796,12.0,4.0,0.0,2520.0,4896.0,16740.0,366552.0,0.0,1512.0,2916.0,6624.0,12186756.0,0.0,6408.0,12600.0,59616.0,1355508.0,684.0,4572.0,14724.0,43344.0,5660064.0,0.0,0.0,1296.0,1764.0,13306140.0,11484.0,92124.0,212868.0,837252.0,16455384.0,14400.0,91656.0,256140.0,1151712.0,16518600.0,0.0,144.0,216.0,7920.0,2204604.0,0.0,72.0,4860.0,83808.0,279756.0,1016208.0,18.0,6622.610663,0.3509793880912682,0.15455209242772042,34.75169224519883,1.8768999999999998,17.703932258064516,68.56322580645163,-2.191612903225806,-2.8896774193548387,308.43534851470025,5.37966306590025,29.372029179298583
0.09288197753875696,0.42890923805277154,1.1601877036972918,0.6407777990714878,15.9,4.204744466174445,9.0,3.0,180.0,1080.0,17172.0,123912.0,2553768.0,468.0,2016.0,12132.0,174276.0,4952880.0,0.0,468.0,3312.0,36360.0,205380.0,2232.0,25272.0,63936.0,137520.0,2397924.0,0.0,3276.0,55044.0,873036.0,44607456.0,8244.0,67464.0,162720.0,429912.0,7908012.0,13644.0,113436.0,286416.0,819144.0,9133344.0,0.0,72.0,576.0,3312.0,633312.0,828.0,2016.0,6696.0,69840.0,183420.0,544176.0,5.0,10720.10518,0.669721362745098,0.21474848128450616,71.78017480529309,0.52053,27.4838,71.38033333333334,0.30000000000000004,-1.1813333333333333,563.5160237935003,14.716715025325955,39.600799791597574
0.15452765470131846,0.13550835349730753,2.2247182014155302,2.928264539536478,22.818181818181817,4.278982307955807,3.0,1.0,0.0,0.0,6984.0,29664.0,731304.0,0.0,504.0,17424.0,341208.0,18685944.0,0.0,0.0,216.0,30528.0,211680.0,72.0,4284.0,17568.0,126972.0,3778056.0,684.0,13248.0,108756.0,447732.0,21329280.0,22536.0,137484.0,313128.0,1068732.0,14592240.0,5220.0,56160.0,120492.0,444312.0,8848296.0,900.0,33156.0,85860.0,216144.0,3438720.0,0.0,288.0,2052.0,38196.0,114120.0,436716.0,244.0,21222.17111,0.4804520680843703,0.27164153128686835,70.46057852242805,7.057487096774194,19.632816129032253,66.88870967741936,0.14645161290322584,-0.4164516129032259,400.44605919896503,16.484397855850947,39.105813803872636
0.08904324651605668,0.2709979039221878,0.8075558601405507,1.0350876445253405,8.0,2.093946121897946,8.0,3.0,0.0,0.0,2880.0,55512.0,5057964.0,1368.0,31968.0,79812.0,242748.0,17657928.0,0.0,0.0,6264.0,149652.0,2902536.0,4536.0,39996.0,81936.0,221436.0,9786132.0,0.0,36.0,13032.0,351216.0,8531964.0,4284.0,37404.0,80208.0,214488.0,2730672.0,10116.0,79272.0,287964.0,1163916.0,20858760.0,0.0,396.0,1116.0,9360.0,1004940.0,468.0,2916.0,10980.0,93492.0,232524.0,733140.0,4.0,12791.38051,0.32121240956445646,0.14256709397195008,26.716812089637415,65.01089999999999,30.783093548387093,62.83735483870969,-0.09161290322580645,-0.7241935483870967,639.34547307821,13.748601664357576,31.332316762960133
0.08024333437868694,0.21897394675854573,1.3113868889724167,0.5240675039534435,12.4,3.4710256964225032,5.0,2.0,0.0,1512.0,4500.0,60480.0,4570812.0,360.0,4680.0,11772.0,80136.0,15725088.0,0.0,0.0,1152.0,35244.0,925524.0,648.0,5328.0,11772.0,29772.0,4261716.0,0.0,396.0,12240.0,345384.0,7897032.0,11664.0,93384.0,178056.0,452844.0,10234260.0,9432.0,76068.0,273564.0,1198260.0,21777552.0,0.0,432.0,1224.0,9324.0,922248.0,468.0,2988.0,9180.0,100764.0,291456.0,930024.0,4.0,12791.38051,0.5122512878787879,0.21872839803968336,78.65839146584456,8.02036129032258,25.04655806451613,67.8316129032258,-1.3548387096774193,-0.15967741935483867,396.454394054,17.16341142114328,44.08058418623027
0.15604440286476987,1.0085090502319556,0.9914362220914086,0.7610993349233397,11.0,2.9177429018787002,10.0,3.0,0.0,900.0,900.0,1224.0,14660424.0,1836.0,26928.0,189648.0,1375380.0,35085888.0,0.0,0.0,648.0,33300.0,662580.0,3708.0,18648.0,44280.0,179388.0,5048568.0,0.0,2232.0,11808.0,41724.0,2099664.0,8568.0,68112.0,154008.0,483804.0,5764968.0,12204.0,108108.0,255312.0,694944.0,9868752.0,0.0,36.0,72.0,1944.0,553896.0,0.0,936.0,5184.0,57312.0,129168.0,329580.0,5.0,3129.911321,0.1506368278569644,0.11062492455693551,25.79407493763438,1107.3011,23.30429032258065,74.56490322580645,-2.42258064516129,-1.6232258064516127,210.25784896551988,14.35844603153955,24.481531612154154
0.15453755787522602,0.2657049497749013,3.1229612707006438,5.353312810210404,27.09090909090909,5.185570557465324,3.0,1.0,0.0,0.0,0.0,0.0,3762360.0,0.0,0.0,1152.0,44100.0,3371364.0,0.0,3204.0,3240.0,35100.0,712332.0,4608.0,31788.0,68760.0,160020.0,2079972.0,36.0,36.0,576.0,3492.0,6972408.0,15408.0,68832.0,217476.0,669816.0,25133436.0,7128.0,122400.0,353376.0,1506924.0,19474812.0,0.0,0.0,0.0,1152.0,1961208.0,0.0,288.0,4284.0,56232.0,140832.0,720828.0,12.0,5480.991045,0.7539183761471222,0.23365061469533677,75.38288541459673,2.5336290322580646,22.368251612903226,67.22161290322582,0.6187096774193548,-1.0751612903225807,498.18700637010323,17.952041167794036,39.68121525134706
0.043879989671211,0.1641358740520131,0.5584101877682082,0.3826475626291451,8.9,1.9096199908662481,7.0,2.0,0.0,612.0,2880.0,59508.0,3920076.0,108.0,15120.0,28332.0,97848.0,16425396.0,0.0,0.0,1584.0,64656.0,1614996.0,1692.0,17928.0,39348.0,108144.0,4856796.0,0.0,288.0,13284.0,352368.0,8603604.0,16704.0,123732.0,254988.0,652068.0,11203956.0,8820.0,75672.0,275580.0,1131048.0,19009980.0,0.0,432.0,1188.0,9396.0,952704.0,396.0,1980.0,3960.0,48780.0,168552.0,666432.0,4.0,12791.38051,0.3951146848984356,0.16075830741646713,66.32203214530736,2.7235290322580648,31.016409677419357,60.96258064516128,0.0351612903225806,-0.7680645161290321,610.3354690993003,16.9433168207098,33.55433583714854
0.05061768551563173,0.18259125484303004,0.653966343083625,0.5893416999130464,7.1,2.055735667637811,1.0,4.0,2124.0,14868.0,37152.0,81180.0,31871124.0,0.0,0.0,0.0,11628.0,4124664.0,0.0,0.0,288.0,135900.0,1240740.0,0.0,1980.0,5400.0,115020.0,1926756.0,0.0,0.0,936.0,27432.0,18034344.0,12168.0,107316.0,307584.0,1324584.0,13895424.0,8064.0,74808.0,212580.0,712008.0,3143700.0,0.0,72.0,360.0,4428.0,63288.0,576.0,2484.0,9000.0,83772.0,221148.0,729288.0,13.0,537.3484137,0.40742716319444444,0.23599436416384123,90.87578982802775,0.9096225806451612,20.72242258064516,67.23935483870967,-0.45548387096774196,-1.3603225806451609,314.6748503228999,20.2615747457862,46.42584698981917
0.059301640401884334,0.4633024869219864,0.63194141609675,0.7282801840276575,10.4,1.9995477837558386,11.0,4.0,0.0,0.0,576.0,3960.0,1848780.0,0.0,4572.0,56160.0,192564.0,9155664.0,0.0,4284.0,16704.0,40464.0,562320.0,3672.0,7596.0,30636.0,130680.0,4773960.0,0.0,15660.0,75996.0,383760.0,22131324.0,6660.0,39780.0,110592.0,342900.0,9458460.0,15372.0,150804.0,342648.0,1245456.0,15362316.0,0.0,0.0,2160.0,29736.0,5161428.0,396.0,1548.0,5832.0,60264.0,149040.0,772092.0,136.0,15407.79543,0.928229177760578,0.168396128746197,61.9057538439365,0.6088766666666666,21.83452000000001,69.33899999999998,-3.5736666666666674,-1.3900000000000001,338.70268277900004,11.434963125999253,34.56393566073885
0.037742463671620756,0.24110670371353812,1.007778895925,0.20251672531107914,10.454545454545455,2.6085250387086614,8.0,3.0,144.0,1296.0,13824.0,212580.0,4250628.0,0.0,72.0,7992.0,169992.0,2584656.0,0.0,5292.0,35028.0,119232.0,3711276.0,6084.0,39528.0,98388.0,284940.0,5554620.0,0.0,0.0,0.0,81684.0,387216.0,2628.0,8748.0,41652.0,258912.0,11876724.0,15948.0,108144.0,291708.0,1076688.0,28221228.0,0.0,180.0,252.0,828.0,1158588.0,576.0,1800.0,6696.0,119196.0,296604.0,936540.0,2.0,17057.75366,0.37731285714285717,0.08912915328876997,65.43786223428626,9.95918064516129,30.100970967741933,59.650322580645174,-0.43322580645161296,0.11161290322580648,586.7199641033499,21.14571224163685,29.375791672193373
0.07361979493571785,0.31008327919603845,0.6454878923872918,0.4699404902437231,9.2,2.22489457176775,5.0,2.0,0.0,35208.0,60804.0,122148.0,18437760.0,0.0,2268.0,3888.0,143244.0,7604460.0,0.0,12996.0,29484.0,108108.0,2827908.0,4212.0,14976.0,18936.0,67572.0,5161536.0,0.0,0.0,504.0,1800.0,252000.0,2916.0,27936.0,65448.0,256500.0,4584384.0,19980.0,114804.0,361764.0,1471644.0,24566616.0,0.0,864.0,3744.0,34812.0,1090944.0,0.0,936.0,4356.0,73656.0,240444.0,935460.0,3.0,3430.762574,0.14928306249999998,0.12172643405687662,58.33664963096152,18.02443548387097,28.00857096774193,75.93225806451613,1.1945161290322581,0.6174193548387097,616.2270401484004,16.319824207293202,26.035087947838715
0.2145376317634607,0.4818072455205528,1.1730178035619327,1.741712165064126,16.2,2.8627208604046546,11.0,4.0,0.0,324.0,1080.0,5688.0,373428.0,0.0,4716.0,9072.0,27468.0,5372712.0,0.0,1116.0,29052.0,141300.0,2318760.0,12672.0,56844.0,104364.0,330048.0,7367256.0,0.0,0.0,360.0,4752.0,6465744.0,3168.0,28692.0,70884.0,222732.0,8117892.0,10296.0,131652.0,384840.0,1607904.0,26628948.0,0.0,360.0,360.0,2916.0,4186764.0,0.0,324.0,5184.0,59004.0,185364.0,798480.0,69.0,17428.37218,0.3570830005759595,0.21030673054836607,33.70444768866707,9.7635,25.114863333333332,64.13743333333333,0.5489999999999999,-1.518666666666667,410.77537472263987,22.214416651362423,33.65269188875346
0.07462219688117423,0.24754542216572284,0.5295938964773858,0.35505222098171463,8.0,1.5213463128104663,7.0,2.0,72.0,468.0,1044.0,5400.0,1631988.0,0.0,5436.0,38916.0,160704.0,7778952.0,0.0,5004.0,16776.0,35640.0,527652.0,2952.0,8928.0,43596.0,184860.0,6713064.0,0.0,15948.0,76716.0,385992.0,22281840.0,8424.0,34200.0,109656.0,381456.0,10997712.0,14220.0,151920.0,346536.0,1225944.0,13950468.0,0.0,0.0,2268.0,25056.0,4760928.0,396.0,1512.0,5868.0,61056.0,149004.0,736560.0,136.0,15407.79543,0.0,0.0,0.0,54.28789999999999,29.164787096774194,63.22616129032257,1.3638709677419356,-0.05838709677419357,690.4529832760004,10.529115298398949,20.742207208540467
0.048564906649201094,0.31071220535965327,0.19864561691583335,0.44482249171319865,4.8,0.7842228651774278,12.0,4.0,108.0,576.0,3456.0,18324.0,20664576.0,72.0,1116.0,5076.0,91260.0,4691988.0,0.0,792.0,1332.0,36288.0,1218780.0,3168.0,18432.0,54180.0,215280.0,5654592.0,360.0,4752.0,27684.0,379980.0,18154764.0,9648.0,80316.0,210744.0,828756.0,12250368.0,12168.0,112680.0,298368.0,900828.0,7853688.0,0.0,180.0,2484.0,7128.0,633888.0,324.0,1044.0,5868.0,63828.0,182160.0,663516.0,10.0,446.5182684,0.46046750000000003,0.22563419863707992,58.493499242536586,2.033364516129032,19.660809677419355,68.96032258064517,0.09451612903225802,-0.7780645161290323,212.40486791160995,23.7822319350803,34.71126730745628
0.14076772854924702,0.34031309574171575,1.2775466311130588,1.817987847597621,16.0,2.9334560775360528,1.0,4.0,0.0,324.0,1080.0,5688.0,373428.0,0.0,4716.0,9072.0,27468.0,5372712.0,0.0,1116.0,29052.0,141300.0,2318760.0,12672.0,56844.0,104364.0,330048.0,7367256.0,0.0,0.0,360.0,4752.0,6465744.0,3168.0,28692.0,70884.0,222732.0,8117892.0,10296.0,131652.0,384840.0,1607904.0,26628948.0,0.0,360.0,360.0,2916.0,4186764.0,0.0,324.0,5184.0,59004.0,185364.0,798480.0,69.0,17428.37218,0.33923018418280465,0.20807832552816202,37.855568042464476,34.964200000000005,17.84476451612903,66.83280645161291,0.27709677419354845,-2.5690322580645155,356.92789943230025,17.269731925101716,38.89111211195008
0.0886280271613702,0.18041026390667017,0.8317313129477083,0.6159822133719829,12.333333333333334,2.4961783172289382,5.0,2.0,0.0,0.0,36.0,144.0,90864.0,0.0,1692.0,4176.0,46152.0,4248288.0,0.0,324.0,324.0,16668.0,230184.0,2052.0,7344.0,8172.0,33228.0,1562616.0,0.0,4716.0,51264.0,347220.0,42239952.0,19476.0,102708.0,206496.0,921744.0,14659020.0,7092.0,84492.0,277632.0,971208.0,5814540.0,0.0,360.0,1188.0,3924.0,2396196.0,0.0,0.0,2700.0,81144.0,236124.0,801036.0,51.0,32919.87338,0.43422,0.08804359468225308,57.543926749964,14.121235483870969,26.937009677419365,62.64419354838711,0.9961290322580644,0.9058064516129031,560.4668050877301,8.057036224488565,30.176477359409127
0.08903078886396103,0.26469079526311445,1.3644209386813335,0.6091928640879634,14.0,3.4564847696438337,5.0,2.0,0.0,0.0,1584.0,31284.0,899496.0,36.0,1512.0,13212.0,44532.0,10840284.0,0.0,0.0,72.0,62748.0,578484.0,3024.0,11484.0,26748.0,103608.0,5398272.0,0.0,36.0,252.0,21564.0,8649000.0,324.0,3492.0,7020.0,44676.0,4714668.0,2556.0,88200.0,304920.0,1352016.0,26415288.0,23472.0,57636.0,68436.0,129240.0,5470776.0,0.0,0.0,1908.0,120492.0,363420.0,1351584.0,100.0,15052.7619,0.6757854451058201,0.28746203332345244,84.03462425804543,8.378790322580643,24.01274838709677,66.41032258064516,-1.352903225806451,-0.6041935483870968,396.9167622347,15.454946991088384,45.49507610368295
0.11854612283716079,0.20713953869843937,1.7434831319308335,1.4445610563784295,18.636363636363637,4.427265658714687,3.0,1.0,0.0,1332.0,38052.0,131616.0,882540.0,216.0,38016.0,96588.0,424224.0,42867684.0,0.0,0.0,756.0,2988.0,389016.0,1152.0,16992.0,51372.0,169956.0,3327876.0,0.0,5184.0,26208.0,254844.0,5124528.0,4644.0,31320.0,125316.0,407160.0,6897744.0,18252.0,109800.0,236592.0,827532.0,10585152.0,0.0,0.0,6300.0,62172.0,887580.0,648.0,1620.0,7200.0,80136.0,203760.0,860868.0,9.0,12779.34997,0.5524002323529412,0.3132823881929956,86.03154571602362,5.820358064516129,18.816941935483875,73.70870967741935,-1.088064516129032,-1.0174193548387098,272.68544585748003,19.363547792262636,52.34366145160382
0.15772052065219855,0.2827364209484255,0.8999910262540617,0.4740197929097108,14.666666666666666,2.401599841221176,5.0,2.0,0.0,1188.0,1944.0,20556.0,224712.0,0.0,6516.0,25236.0,207324.0,17753616.0,0.0,1728.0,10332.0,11988.0,109944.0,1584.0,5652.0,14040.0,109296.0,3430584.0,252.0,13680.0,61416.0,306252.0,33656508.0,18900.0,121788.0,303732.0,1099296.0,12834000.0,5328.0,76860.0,218124.0,760716.0,3613248.0,0.0,648.0,1548.0,6336.0,1773108.0,0.0,0.0,5436.0,54828.0,148500.0,619704.0,90.0,33384.18737,0.13592983919277765,0.07910004710612266,38.2877687402459,278.85890000000006,24.621106451612913,64.58509677419356,0.3345161290322581,-0.18387096774193554,428.7057774713997,16.624486468711257,38.2877687402459
0.11195432264960499,0.517634794410883,0.931029634285727,0.5301515326103174,12.1,2.8504024020929735,9.0,3.0,0.0,0.0,14040.0,330516.0,6298848.0,0.0,144.0,5508.0,126396.0,2877624.0,0.0,4320.0,44028.0,166320.0,5869188.0,6768.0,28476.0,65808.0,165168.0,6651612.0,0.0,0.0,0.0,81684.0,375228.0,1872.0,8892.0,28476.0,109764.0,2641176.0,19656.0,135144.0,356616.0,1292940.0,33493212.0,0.0,144.0,180.0,720.0,1432368.0,324.0,756.0,3204.0,105336.0,270792.0,867888.0,2.0,17057.75366,0.3542437154762185,0.16776254599575824,32.61914608925618,227.81660000000002,27.394266666666667,64.75616666666667,-0.8143333333333334,-0.5640000000000001,447.6396797537998,15.550338471784066,32.47830969862502
0.2026508849487085,0.3300424800704516,3.209433520652121,6.4374903761267195,30.272727272727273,5.523563746466568,1.0,4.0,0.0,72.0,144.0,1296.0,45036.0,0.0,972.0,11016.0,194256.0,15513120.0,11268.0,14724.0,14724.0,29880.0,297360.0,612.0,1476.0,6336.0,133956.0,4026888.0,0.0,288.0,4680.0,104076.0,21895920.0,4968.0,28980.0,84960.0,480636.0,9963864.0,10764.0,167112.0,462492.0,1463328.0,13105296.0,0.0,72.0,2304.0,43416.0,5082768.0,0.0,468.0,3708.0,68832.0,198900.0,690624.0,13.0,14435.29365,0.38087750793650793,0.3548286761508382,84.31498350244647,0.831025806451613,17.813274193548388,66.82774193548387,0.27806451612903227,-2.4696774193548383,419.51070316419964,19.907657949447486,41.69488114084427
0.04839099957496864,0.251401639312121,0.8626351775504543,0.41632484334678355,9.909090909090908,2.9674253726862427,8.0,3.0,0.0,612.0,2880.0,59508.0,3920076.0,108.0,15120.0,28332.0,97848.0,16425396.0,0.0,0.0,1584.0,64656.0,1614996.0,1692.0,17928.0,39348.0,108144.0,4856796.0,0.0,288.0,13284.0,352368.0,8603604.0,16704.0,123732.0,254988.0,652068.0,11203956.0,8820.0,75672.0,275580.0,1131048.0,19009980.0,0.0,432.0,1188.0,9396.0,952704.0,396.0,1980.0,3960.0,48780.0,168552.0,666432.0,4.0,12791.38051,0.4737427355889725,0.11014292637207701,54.0660448386123,14.526154838709676,30.177780645161288,62.451612903225815,-0.5448387096774193,-0.4112903225806452,596.4341252242997,11.946669701379072,27.24367561318774
0.0490717154387699,0.2514478352162357,1.6476782885022347,1.3504198237872587,15.363636363636363,3.857957045781624,8.0,3.0,252.0,612.0,1332.0,2952.0,80604.0,0.0,756.0,3024.0,39600.0,3574476.0,0.0,108.0,108.0,10116.0,163836.0,2736.0,11628.0,24984.0,124992.0,4372668.0,0.0,3456.0,45648.0,300600.0,37478232.0,16200.0,100368.0,236160.0,939816.0,13227192.0,9648.0,82548.0,233460.0,874152.0,10321560.0,0.0,324.0,756.0,2844.0,2290680.0,0.0,0.0,2484.0,82980.0,239940.0,846252.0,51.0,32919.87338,0.4020554245959923,0.14281610929952818,61.027262228133466,11.935390322580645,27.871845161290324,69.33612903225804,0.4819354838709678,1.0674193548387094,439.2091750210201,18.393363046342323,34.907706945768304
0.0891693626420337,0.33748174158641864,0.5945671891711495,0.5827833509490462,9.5,2.863423863645706,8.0,3.0,0.0,3348.0,4392.0,56448.0,1260072.0,0.0,3096.0,20808.0,638892.0,39235824.0,0.0,3744.0,64512.0,213840.0,822600.0,1764.0,3636.0,8316.0,71244.0,4220388.0,0.0,9576.0,19728.0,235188.0,18702396.0,6516.0,26352.0,68976.0,413496.0,5373504.0,18324.0,166428.0,399996.0,1011888.0,5169276.0,0.0,1368.0,1476.0,1944.0,760500.0,0.0,0.0,4752.0,65376.0,197244.0,498348.0,111.0,18978.38682,0.42528136931142907,0.19965240198218256,60.240909462689594,13.204570967741937,27.014029032258062,66.71032258064517,0.1712903225806451,-0.000645161290322583,487.0544837355797,22.725724032610405,29.648205352233965
0.3617417348029216,0.5454980411866901,4.970979249170126,7.170645412562311,33.9,5.93249130411754,1.0,4.0,900.0,2484.0,6912.0,19728.0,597420.0,0.0,2376.0,12708.0,213156.0,5200956.0,0.0,1836.0,17028.0,44100.0,252828.0,3060.0,10944.0,26532.0,234828.0,2872728.0,0.0,468.0,4896.0,55800.0,41917860.0,11052.0,54648.0,142380.0,582480.0,7627716.0,11880.0,140436.0,362448.0,1171188.0,10241136.0,0.0,0.0,3420.0,65808.0,2082492.0,36.0,1008.0,4428.0,69768.0,209160.0,754272.0,13.0,19435.77403,0.4214833666728725,0.19339077188957499,64.09339501630755,0.015735483870967744,18.652145161290324,70.61645161290323,0.3561290322580645,-3.0983870967741938,380.10235168220015,18.802202485250987,35.063988840762335
0.10103476669563687,0.3109667499626299,0.8019943432640941,1.2756965274384204,13.5,2.329094584490924,12.0,4.0,0.0,180.0,1620.0,16704.0,1111032.0,0.0,1296.0,12492.0,65124.0,32436828.0,0.0,2340.0,8928.0,22356.0,529884.0,324.0,684.0,1296.0,15480.0,2249460.0,0.0,2556.0,13860.0,235872.0,17615160.0,4680.0,26532.0,94788.0,397656.0,10114164.0,18252.0,157356.0,422388.0,1617228.0,7307064.0,0.0,36.0,504.0,23328.0,1106604.0,0.0,1296.0,8208.0,91980.0,228888.0,747828.0,48.0,9205.662327,0.2554694401268219,0.1331099696517481,27.441423328917224,2.1598290322580644,17.368954838709676,67.77645161290323,-0.932258064516129,-2.206451612903226,307.87347585224023,19.351221834476725,27.441423328917224
0.20442655198260418,1.1161276667845437,0.7645500594809087,1.1902041299709747,14.5,2.582120005103777,9.0,3.0,0.0,0.0,0.0,684.0,939528.0,36.0,1080.0,10512.0,48888.0,13178556.0,0.0,0.0,2376.0,106992.0,1248588.0,6264.0,14256.0,21024.0,76968.0,5166504.0,0.0,72.0,1800.0,66888.0,14702940.0,7704.0,60624.0,184068.0,882900.0,12755196.0,2808.0,93888.0,287496.0,1060236.0,15868980.0,12996.0,31464.0,34164.0,75240.0,4376232.0,0.0,36.0,1512.0,81468.0,244224.0,822456.0,100.0,15052.7619,0.48428112376067894,0.21871208434255798,37.85923005801704,294.1967000000001,26.95296333333333,65.7399,-1.0916666666666666,-0.9586666666666664,457.8575542216,18.84172948526365,37.191043750352
0.21279988343212852,0.5208492454170792,4.088117776457584,9.055092237923606,36.5,5.238624928355804,3.0,1.0,0.0,36.0,288.0,3924.0,857016.0,0.0,180.0,12960.0,37008.0,7114968.0,0.0,0.0,9900.0,30780.0,2116368.0,15948.0,100296.0,174312.0,329508.0,5897412.0,0.0,3240.0,24840.0,268092.0,27456480.0,7452.0,88056.0,213912.0,772884.0,13663944.0,3168.0,51876.0,198900.0,930492.0,10530288.0,0.0,1296.0,3924.0,70920.0,1410696.0,288.0,1296.0,4824.0,37980.0,146412.0,697644.0,33.0,30649.61061,0.7364509098427963,0.28902010412950774,79.75372689393589,0.3002354838709677,21.45782903225807,63.30451612903226,0.640967741935484,-1.1925806451612906,573.3427169776098,17.656759091092564,45.272320022866104
0.06202797466931885,0.40049952746803286,1.1003382783919904,0.7024010959270224,13.777777777777779,3.075836759400621,2.0,1.0,468.0,3672.0,5652.0,10260.0,14356188.0,2016.0,30924.0,192024.0,1402488.0,35351172.0,108.0,1440.0,2376.0,42192.0,705816.0,6408.0,32364.0,71208.0,222516.0,4530708.0,0.0,2628.0,12528.0,41652.0,2106468.0,10116.0,88272.0,204084.0,558396.0,7673292.0,7236.0,69228.0,174708.0,526356.0,8055252.0,0.0,72.0,72.0,2304.0,409104.0,0.0,756.0,5148.0,53676.0,123192.0,335124.0,5.0,3129.911321,0.3319311111111111,0.141116067574966,33.8310848099,6.122493103448276,17.376989655172412,71.4355172413793,-0.8679310344827583,-0.767241379310345,257.32732098600013,19.919524421025173,33.8310848099
0.09616694727844559,0.40196576204613255,0.6176059108804638,1.1273189384484692,10.0,2.132641688477928,12.0,4.0,0.0,0.0,3996.0,53892.0,4873536.0,4392.0,47448.0,75096.0,202716.0,16952292.0,0.0,36.0,9756.0,119844.0,2542248.0,7560.0,40392.0,112104.0,366948.0,12347856.0,0.0,144.0,11232.0,348228.0,8724492.0,7236.0,91152.0,230868.0,729180.0,12392712.0,4752.0,42480.0,161352.0,642168.0,10709352.0,0.0,216.0,864.0,4932.0,544176.0,468.0,2736.0,7416.0,60660.0,180072.0,673452.0,4.0,12791.38051,0.26834629639537466,0.12252082002498714,64.08012904640441,1.6666032258064518,18.338506451612908,70.55032258064516,-1.8967741935483873,-0.4893548387096775,233.55794179649993,28.25977410620075,29.697025262998384
0.05032277527663308,0.6710085280345026,0.3194438257336743,0.4893113192754146,7.363636363636363,1.7434812511017663,8.0,3.0,2124.0,14868.0,37152.0,81180.0,31871124.0,0.0,0.0,0.0,11628.0,4124664.0,0.0,0.0,288.0,135900.0,1240740.0,0.0,1980.0,5400.0,115020.0,1926756.0,0.0,0.0,936.0,27432.0,18034344.0,12168.0,107316.0,307584.0,1324584.0,13895424.0,8064.0,74808.0,212580.0,712008.0,3143700.0,0.0,72.0,360.0,4428.0,63288.0,576.0,2484.0,9000.0,83772.0,221148.0,729288.0,13.0,537.3484137,0.7827261547619049,0.3888994743617904,51.62499913347424,6.430467741935484,28.78295483870967,70.10354838709677,-0.925483870967742,-0.19806451612903234,602.8673640839199,17.95874094268255,51.62499913347424
0.17370205997387766,0.9591557003923352,0.7582398531284485,1.0258781618810686,13.0,2.374468775685635,9.0,3.0,0.0,900.0,900.0,1224.0,14660424.0,1836.0,26928.0,189648.0,1375380.0,35085888.0,0.0,0.0,648.0,33300.0,662580.0,3708.0,18648.0,44280.0,179388.0,5048568.0,0.0,2232.0,11808.0,41724.0,2099664.0,8568.0,68112.0,154008.0,483804.0,5764968.0,12204.0,108108.0,255312.0,694944.0,9868752.0,0.0,36.0,72.0,1944.0,553896.0,0.0,936.0,5184.0,57312.0,129168.0,329580.0,5.0,3129.911321,0.40228384061542516,0.157925517594784,33.00292817266267,419.5125999999999,26.322996666666665,70.3037,-0.5196666666666666,-1.0160000000000005,432.21037707759996,12.14988954308985,36.220651353224135
0.058631204335431314,0.153637154741176,0.49288445024747685,0.7412183326530251,8.777777777777779,1.3235174047682408,12.0,4.0,36.0,252.0,756.0,2412.0,330552.0,0.0,252.0,2664.0,30528.0,30112164.0,0.0,36.0,684.0,1440.0,197964.0,252.0,360.0,684.0,5364.0,1127088.0,0.0,972.0,6192.0,164664.0,16251480.0,5940.0,49824.0,176724.0,667008.0,14963040.0,17172.0,138960.0,367092.0,1496880.0,7779240.0,0.0,108.0,540.0,22608.0,845244.0,0.0,1440.0,7992.0,91908.0,230076.0,750492.0,48.0,9205.662327,0.33856134595959597,0.19804418401909868,32.25737060343528,1.4586967741935484,17.93773870967742,72.54032258064517,-1.008709677419355,-2.9216129032258067,218.68978467959,22.276289739487567,32.25737060343528
0.10545998848841674,0.3358263226554698,0.6818590593305847,1.0256735928947025,11.444444444444445,2.3593248308964956,12.0,4.0,0.0,360.0,684.0,2808.0,504684.0,144.0,11520.0,71496.0,649944.0,23835960.0,0.0,0.0,6840.0,65592.0,736416.0,7164.0,25524.0,61920.0,327996.0,6423876.0,396.0,19908.0,124992.0,485676.0,23438124.0,17352.0,104148.0,235296.0,724356.0,10497204.0,4752.0,51192.0,104760.0,365544.0,5191956.0,540.0,36504.0,88560.0,193464.0,2933136.0,0.0,0.0,1044.0,33624.0,91080.0,326556.0,244.0,21222.17111,0.30544292279235463,0.15658679594033562,47.30369710560883,0.7657225806451612,17.7254935483871,63.12483870967743,-0.8551612903225805,-1.1819354838709675,370.377251411156,19.3391964293767,27.96450067623213
0.10095661995111871,0.13164990262029783,0.48574002408837497,0.4920207748921724,7.4,1.515640615381371,6.0,2.0,0.0,1044.0,4608.0,20880.0,1134252.0,0.0,144.0,3780.0,16956.0,4065480.0,0.0,864.0,12888.0,40536.0,328032.0,1260.0,7632.0,18684.0,92988.0,5897304.0,0.0,36.0,3852.0,24588.0,30468240.0,10620.0,38916.0,108324.0,535356.0,14265072.0,14580.0,132732.0,380376.0,1473840.0,14401980.0,0.0,0.0,396.0,9684.0,1262484.0,0.0,828.0,5040.0,101448.0,252144.0,884520.0,26.0,23385.85399,0.3784425812464539,0.14502589539896368,68.25089191454326,7.556246666666667,28.56389666666667,66.10266666666666,0.42633333333333323,0.4273333333333334,530.3623320290001,24.045696593806014,24.935279797607947
0.05753882624370808,0.2139943037372339,0.4998420626023352,0.9095313393811222,5.5,1.6217324882155013,12.0,4.0,0.0,0.0,0.0,72.0,7164.0,23868.0,270036.0,753912.0,2745720.0,61694784.0,0.0,0.0,0.0,65124.0,446868.0,6336.0,10980.0,19764.0,143640.0,4862088.0,324.0,324.0,10044.0,164448.0,9299376.0,756.0,1116.0,1476.0,17964.0,1763748.0,0.0,0.0,0.0,252.0,180684.0,0.0,0.0,0.0,0.0,13536.0,0.0,36.0,108.0,288.0,288.0,4248.0,841.0,10474.35103,0.4784122412315803,0.22105146761345446,57.129822668977084,13.074354838709677,12.117119354838712,93.00032258064513,-4.083225806451614,-1.4345161290322586,168.98330237642494,14.063610192847051,32.45553857187097
0.2938146082066266,0.5079426612158173,2.6888940936062498,2.2104731255906196,27.1,6.459040009984641,10.0,3.0,180.0,1080.0,17172.0,123912.0,2553768.0,468.0,2016.0,12132.0,174276.0,4952880.0,0.0,468.0,3312.0,36360.0,205380.0,2232.0,25272.0,63936.0,137520.0,2397924.0,0.0,3276.0,55044.0,873036.0,44607456.0,8244.0,67464.0,162720.0,429912.0,7908012.0,13644.0,113436.0,286416.0,819144.0,9133344.0,0.0,72.0,576.0,3312.0,633312.0,828.0,2016.0,6696.0,69840.0,183420.0,544176.0,5.0,10720.10518,0.6429042133422133,0.27035603383086126,77.73093590914945,0.0,25.50705161290323,69.20483870967742,0.20064516129032256,-1.8496774193548389,549.9293869115402,20.68468708478896,41.09961796954205
0.08952968590557672,0.21198327047648324,0.8107283100002501,0.1493607367726425,8.0,2.088812327961739,6.0,2.0,0.0,540.0,1476.0,12060.0,200376.0,0.0,72.0,2844.0,189828.0,13324104.0,3456.0,4248.0,4248.0,9396.0,210600.0,252.0,6912.0,20916.0,227232.0,8901216.0,0.0,180.0,2304.0,77364.0,16479432.0,4248.0,36252.0,93240.0,413064.0,7985808.0,19476.0,163404.0,437688.0,1431468.0,18203436.0,0.0,72.0,3492.0,32040.0,4163040.0,0.0,576.0,3888.0,70848.0,219348.0,749016.0,13.0,14435.29365,0.539234375,0.2963744710085925,55.3332537153158,6.963633333333335,28.39538333333334,65.66433333333332,1.0226666666666666,1.9343333333333332,504.7056674032995,19.189146878832158,55.3332537153158
0.0806632367123901,0.5231284904474381,0.4318985938127533,0.6768785083541042,7.818181818181818,1.8177194178208531,10.0,3.0,0.0,288.0,2376.0,300780.0,5937804.0,0.0,36.0,8136.0,137844.0,3044412.0,0.0,4788.0,38268.0,128484.0,4995720.0,3312.0,19944.0,58284.0,176760.0,7376544.0,0.0,0.0,0.0,82296.0,436896.0,11484.0,60912.0,151272.0,555300.0,15366096.0,11124.0,84564.0,251604.0,890604.0,21741768.0,0.0,72.0,72.0,540.0,1076544.0,540.0,1512.0,5436.0,112320.0,275472.0,868716.0,2.0,17057.75366,0.1261576464334437,0.04239744984630982,44.42927667462716,6.865503225806452,25.608400000000007,67.1741935483871,-2.8612903225806448,0.03645161290322577,364.5083252287999,17.0295027490065,27.399773925620657
0.061518644476452666,0.24079364976325515,0.5644535993242084,0.40688338981298044,9.3,1.7804235693391788,6.0,2.0,0.0,0.0,0.0,0.0,193176.0,0.0,612.0,8640.0,38484.0,11350224.0,0.0,288.0,1656.0,57312.0,940680.0,3060.0,5472.0,6300.0,28620.0,1565424.0,0.0,36.0,1296.0,66852.0,13995000.0,6912.0,52272.0,150732.0,710892.0,17450856.0,3312.0,102564.0,334224.0,1337832.0,17347896.0,16452.0,42552.0,47556.0,100368.0,4935384.0,0.0,72.0,1584.0,79056.0,235260.0,800892.0,100.0,15052.7619,0.681313748444403,0.17249840684379966,69.62952948994763,2.7998233333333333,29.380866666666666,58.108333333333334,1.2416666666666665,-0.26399999999999996,636.9324533441993,16.308173890905977,34.60003557280114
0.08413490382511267,0.6123927677908909,0.45502831956143136,0.5890918407235934,10.1,2.3263664169829803,7.0,2.0,36.0,540.0,1224.0,5904.0,3264156.0,0.0,0.0,0.0,20484.0,6811776.0,576.0,8856.0,16992.0,78588.0,4725108.0,7704.0,43812.0,76428.0,236952.0,6341508.0,0.0,0.0,180.0,9036.0,2848572.0,11412.0,80892.0,171828.0,634536.0,15084180.0,7524.0,94320.0,307800.0,1316196.0,20250756.0,0.0,0.0,0.0,8784.0,3747996.0,0.0,864.0,4176.0,54324.0,211104.0,831780.0,6.0,17454.33105,0.4792882080799709,0.16593332545279876,43.68390528473293,11.644241935483873,29.996967741935485,60.315483870967746,-0.18516129032258064,-0.36193548387096774,614.5342682546998,13.901195002235657,29.78271028249727
0.08469289308401828,0.18340941534404892,0.5425934132444065,0.5695278070175009,6.8,1.4465138486208846,2.0,1.0,0.0,0.0,0.0,252.0,639864.0,432.0,72252.0,289800.0,1198332.0,55466496.0,0.0,36.0,36.0,1008.0,71928.0,72.0,6372.0,13320.0,205848.0,2909484.0,4788.0,70524.0,159264.0,439632.0,9057168.0,12168.0,80280.0,225288.0,702900.0,6435648.0,8712.0,24876.0,37152.0,143424.0,1044792.0,1332.0,1368.0,4284.0,182304.0,743220.0,216.0,972.0,3960.0,27036.0,56124.0,267804.0,378.0,15241.42093,0.0,0.0,0.0,176.30800000000002,14.048985714285715,82.1109642857143,-1.9039285714285719,-3.4539285714285723,242.4906737267001,12.192873631513923,26.570567612511784
0.15699153516449574,0.6222697430597439,2.8304442779625925,5.550638495554273,28.333333333333332,4.40213462159301,2.0,1.0,0.0,828.0,4968.0,30276.0,4214916.0,0.0,72.0,468.0,48888.0,6909048.0,0.0,5040.0,5796.0,60228.0,1280772.0,3348.0,20484.0,56340.0,156744.0,2644560.0,180.0,180.0,792.0,4356.0,6750540.0,14544.0,109044.0,329400.0,1117188.0,20372976.0,8496.0,88092.0,245232.0,1018296.0,20647584.0,0.0,0.0,0.0,648.0,1803168.0,0.0,288.0,4896.0,58752.0,142416.0,704772.0,12.0,5480.991045,0.42429485078375717,0.24837960625680808,74.02218634086107,0.08181379310344827,20.042427586206898,63.27344827586207,0.40103448275862064,-1.4986206896551721,476.3040592560002,18.523302724161027,42.365307044202034
0.09396165335398968,0.3454541454904634,0.4161852757769925,0.4693526480807672,6.8,1.4440833334854541,2.0,1.0,0.0,0.0,36864.0,157860.0,991548.0,792.0,44532.0,129024.0,555696.0,45723960.0,0.0,108.0,2196.0,12456.0,997992.0,7740.0,51444.0,161820.0,558468.0,7580304.0,0.0,5724.0,26964.0,259884.0,5247180.0,3564.0,17352.0,57420.0,167364.0,1809468.0,14292.0,102240.0,221976.0,761040.0,9876492.0,0.0,0.0,6552.0,63468.0,863064.0,432.0,972.0,5076.0,61380.0,142092.0,605124.0,9.0,12779.34997,0.0,0.0,0.0,410.2794000000001,15.956757142857144,82.62314285714287,-1.5203571428571425,-1.1489285714285717,134.22296324609997,22.57962236826907,31.0782955225891
0.1111654257311887,0.20352973854806883,1.3217426093127471,0.6441995137736908,12.0,2.660773460331379,6.0,2.0,0.0,0.0,36864.0,157860.0,991548.0,792.0,44532.0,129024.0,555696.0,45723960.0,0.0,108.0,2196.0,12456.0,997992.0,7740.0,51444.0,161820.0,558468.0,7580304.0,0.0,5724.0,26964.0,259884.0,5247180.0,3564.0,17352.0,57420.0,167364.0,1809468.0,14292.0,102240.0,221976.0,761040.0,9876492.0,0.0,0.0,6552.0,63468.0,863064.0,432.0,972.0,5076.0,61380.0,142092.0,605124.0,9.0,12779.34997,0.764126824719483,0.38489780071107665,51.2169647694266,246.2404,27.49371,67.07063333333335,-0.30933333333333335,-0.7386666666666667,500.96236233170015,27.3028433445466,42.11601698791103
0.1260328694980437,0.4139600522942498,1.261357439293311,1.819428420242673,15.8,3.2075430080316627,1.0,4.0,972.0,6840.0,12132.0,24768.0,763236.0,0.0,180.0,2916.0,7236.0,12204504.0,36.0,8712.0,16488.0,86688.0,2108304.0,2664.0,23436.0,53352.0,177192.0,11528928.0,0.0,0.0,1188.0,1944.0,13937580.0,13104.0,89136.0,200952.0,727092.0,14840172.0,9720.0,79308.0,239292.0,1160532.0,12726000.0,0.0,108.0,252.0,7344.0,1636416.0,0.0,0.0,4860.0,74700.0,258660.0,948492.0,18.0,6622.610663,0.3102738009747478,0.18152114949112821,33.1982934926461,70.6931,16.694970967741938,73.37351612903228,-1.7606451612903222,-2.7187096774193553,258.95173543603994,16.13336601643046,32.48644181320605
0.4592605807478028,0.4126671672691566,5.625292476148194,9.429187847079596,37.666666666666664,6.210009414249196,2.0,1.0,612.0,3528.0,5112.0,24768.0,1285056.0,0.0,144.0,12528.0,39960.0,7385724.0,0.0,0.0,7920.0,22680.0,662292.0,14724.0,87948.0,143784.0,249120.0,4104180.0,36.0,2628.0,21240.0,232452.0,25188264.0,7128.0,75528.0,159840.0,522108.0,10818432.0,2952.0,64908.0,255276.0,1161000.0,16313040.0,0.0,1512.0,4932.0,82044.0,1626444.0,540.0,1692.0,6012.0,46692.0,174672.0,807120.0,33.0,30649.61061,0.5221391098558983,0.2587883601671011,76.22685750535877,0.16502142857142857,20.68717142857143,65.05000000000001,0.5228571428571428,-1.4725,429.69389479599994,21.947106643238047,43.67161247900404
0.18626651764658814,0.8174102630526384,1.0708793267361112,1.05590924449753,15.4,2.9954440165259077,11.0,4.0,0.0,1584.0,5004.0,8568.0,2892600.0,0.0,0.0,0.0,1620.0,5294016.0,0.0,0.0,36.0,5148.0,2103840.0,36.0,1584.0,2088.0,10584.0,3175488.0,0.0,0.0,0.0,3456.0,1581732.0,9684.0,54468.0,93348.0,293148.0,8216424.0,16524.0,157608.0,446436.0,1865304.0,30358440.0,0.0,0.0,0.0,16020.0,4942260.0,0.0,1440.0,5256.0,67104.0,238824.0,937368.0,6.0,17454.33105,0.25517240203546454,0.13898462580593593,33.93825653174517,0.26555,21.682630000000003,67.51966666666667,-2.3573333333333326,-0.689,274.56313542200013,21.374670047363097,33.93825653174517
0.08113385351777296,0.24275787099158735,0.6592307867372376,0.5208152900522186,9.1,2.766163448061488,8.0,3.0,0.0,2520.0,4896.0,16740.0,366552.0,0.0,1512.0,2916.0,6624.0,12186756.0,0.0,6408.0,12600.0,59616.0,1355508.0,684.0,4572.0,14724.0,43344.0,5660064.0,0.0,0.0,1296.0,1764.0,13306140.0,11484.0,92124.0,212868.0,837252.0,16455384.0,14400.0,91656.0,256140.0,1151712.0,16518600.0,0.0,144.0,216.0,7920.0,2204604.0,0.0,72.0,4860.0,83808.0,279756.0,1016208.0,18.0,6622.610663,0.39190345328621057,0.2279668158331209,88.26617903204642,8.176725806451612,28.267896774193545,67.81322580645161,1.6029032258064517,0.9893548387096774,556.923993620496,22.878858224394524,34.09404226066735
0.08329757519244224,0.16538993131418972,0.8589209978955208,0.4503664046810903,12.11111111111111,2.622403386257188,5.0,2.0,0.0,2016.0,3024.0,22716.0,368892.0,0.0,13248.0,36504.0,243792.0,18107568.0,0.0,2232.0,14832.0,18396.0,131544.0,2808.0,8892.0,19620.0,130068.0,2635884.0,252.0,12096.0,57816.0,294588.0,33272388.0,15588.0,86976.0,222804.0,818892.0,10014156.0,7416.0,101628.0,278064.0,971172.0,5408820.0,0.0,756.0,1836.0,7848.0,2215008.0,0.0,0.0,5436.0,55044.0,150372.0,633996.0,90.0,33384.18737,0.34095069503607506,0.13069799408149949,60.7934670739181,11.298570967741936,27.369745161290325,61.96032258064517,0.4274193548387096,0.45419354838709686,517.5856661283,13.1707959692377,33.88091285792048
0.056309758850866705,0.10856490110930334,0.4315924521735283,0.32708422050770203,3.111111111111111,0.950141154496402,5.0,2.0,0.0,0.0,0.0,2196.0,21240.0,24660.0,271368.0,755028.0,2755080.0,62446896.0,0.0,0.0,0.0,61668.0,426024.0,5184.0,9864.0,19188.0,140940.0,4426596.0,360.0,360.0,10296.0,166284.0,9243540.0,108.0,108.0,108.0,5148.0,369072.0,792.0,792.0,792.0,4968.0,1230948.0,0.0,0.0,0.0,36.0,80244.0,0.0,0.0,216.0,216.0,216.0,5112.0,841.0,10474.35103,0.5421929503650578,0.21656712740654566,43.34038575250975,647.522,18.06255483870968,94.78403225806454,-1.9364516129032259,0.172258064516129,268.53048323176995,15.920534350519889,43.24245335286786
0.03950673413870472,0.21824659740943578,0.9948264372192047,0.4077131957047542,12.090909090909092,2.969032636089173,8.0,3.0,0.0,0.0,0.0,10044.0,1798164.0,0.0,1188.0,16848.0,579240.0,36791064.0,0.0,2556.0,51948.0,180792.0,746028.0,1008.0,2808.0,6588.0,52560.0,3502764.0,0.0,7776.0,17172.0,230760.0,18600048.0,16632.0,63360.0,162792.0,802044.0,9715392.0,8892.0,135288.0,326628.0,761940.0,3536748.0,0.0,1584.0,1656.0,1872.0,466380.0,0.0,0.0,4824.0,68328.0,201888.0,521964.0,111.0,18978.38682,0.3881498000452706,0.20305207046831303,63.67523287936494,7.836638709677417,27.766409677419354,65.43064516129033,0.25580645161290333,-0.05096774193548388,554.1822370528998,17.162109184948026,31.556173508130737
0.11610786263344425,0.46744270994119813,0.8556028155101502,0.7773297546915316,12.333333333333334,3.263151218657095,10.0,3.0,612.0,720.0,3600.0,11592.0,730656.0,36.0,2700.0,13176.0,217044.0,5406300.0,0.0,1872.0,29376.0,61884.0,360288.0,4248.0,13176.0,32508.0,312768.0,3733632.0,0.0,936.0,9036.0,78300.0,44746380.0,11448.0,83844.0,240228.0,879156.0,9486324.0,10944.0,116784.0,278208.0,887832.0,5650632.0,0.0,0.0,3096.0,54144.0,1911708.0,0.0,828.0,4140.0,62568.0,176148.0,638604.0,13.0,19435.77403,0.37424284408380604,0.19456374817288394,65.7291436454421,0.32226129032258066,26.440170967741935,67.06387096774193,0.2290322580645162,-0.9803225806451613,491.4419839188853,19.6143907219603,42.12801642460557
0.1373660910212341,0.3816899196643692,4.696225003795454,8.778900387893557,36.36363636363637,5.537101847292115,1.0,4.0,0.0,828.0,4968.0,30276.0,4214916.0,0.0,72.0,468.0,48888.0,6909048.0,0.0,5040.0,5796.0,60228.0,1280772.0,3348.0,20484.0,56340.0,156744.0,2644560.0,180.0,180.0,792.0,4356.0,6750540.0,14544.0,109044.0,329400.0,1117188.0,20372976.0,8496.0,88092.0,245232.0,1018296.0,20647584.0,0.0,0.0,0.0,648.0,1803168.0,0.0,288.0,4896.0,58752.0,142416.0,704772.0,12.0,5480.991045,0.3315326075785326,0.20819703431445516,71.33491916613671,0.9809935483870968,18.991899999999994,67.56774193548388,0.3451612903225807,-2.5270967741935486,446.31433507660023,18.41679218488681,39.71072001329547
0.08832096627271822,0.18363223362242273,1.0311996443874925,0.43992907754019406,12.1,3.053102922636392,9.0,3.0,0.0,2520.0,4896.0,16740.0,366552.0,0.0,1512.0,2916.0,6624.0,12186756.0,0.0,6408.0,12600.0,59616.0,1355508.0,684.0,4572.0,14724.0,43344.0,5660064.0,0.0,0.0,1296.0,1764.0,13306140.0,11484.0,92124.0,212868.0,837252.0,16455384.0,14400.0,91656.0,256140.0,1151712.0,16518600.0,0.0,144.0,216.0,7920.0,2204604.0,0.0,72.0,4860.0,83808.0,279756.0,1016208.0,18.0,6622.610663,0.5840067839841073,0.26937428700701627,82.68118131944931,0.71006,28.87128666666667,63.85466666666667,0.8336666666666666,-0.24366666666666667,602.1927971029999,18.61585550438758,40.048254555895966
0.2968509351217987,0.22870020093455734,2.907692502272871,4.869292861098703,27.11111111111111,5.14757609165302,2.0,1.0,288.0,756.0,2664.0,47340.0,988848.0,0.0,324.0,7848.0,54396.0,13282704.0,0.0,0.0,0.0,144.0,29520.0,6120.0,22320.0,55116.0,198000.0,3590604.0,4428.0,101016.0,321552.0,1552968.0,37457676.0,9792.0,43884.0,106056.0,367704.0,9432360.0,7884.0,90972.0,218772.0,674928.0,9784800.0,0.0,72.0,1080.0,2628.0,114408.0,0.0,936.0,2844.0,23256.0,72468.0,243360.0,47.0,33952.92531,0.4383954644867788,0.1736230055611409,57.3091912799098,0.00865,22.854389285714287,66.14071428571427,0.9296428571428572,-0.9799999999999998,460.93190827600034,18.344203154207243,28.91650299594718
0.11831871662150559,0.26674466088580223,0.991686772095139,0.8241398272182983,11.0,3.1300171207245073,2.0,1.0,0.0,1332.0,38052.0,131616.0,882540.0,216.0,38016.0,96588.0,424224.0,42867684.0,0.0,0.0,756.0,2988.0,389016.0,1152.0,16992.0,51372.0,169956.0,3327876.0,0.0,5184.0,26208.0,254844.0,5124528.0,4644.0,31320.0,125316.0,407160.0,6897744.0,18252.0,109800.0,236592.0,827532.0,10585152.0,0.0,0.0,6300.0,62172.0,887580.0,648.0,1620.0,7200.0,80136.0,203760.0,860868.0,9.0,12779.34997,0.669575,0.208788912842406,37.76241278134361,3.542875,17.772771428571428,81.36678571428573,-1.235,-1.1842857142857144,184.90353088882006,16.784132671371975,43.78633528205083
0.10712209500375425,0.1585809541467183,1.8120815570473752,0.612610680688487,13.777777777777779,4.298794708332997,4.0,1.0,0.0,0.0,0.0,1188.0,27432.0,23472.0,260424.0,728424.0,2586636.0,57861540.0,0.0,0.0,0.0,55584.0,314676.0,2916.0,7308.0,13932.0,92088.0,2884464.0,360.0,360.0,9504.0,158760.0,8902440.0,2160.0,11700.0,28620.0,199944.0,5934096.0,648.0,648.0,1008.0,17172.0,1561608.0,0.0,0.0,0.0,36.0,40500.0,0.0,36.0,1764.0,2268.0,4140.0,30024.0,841.0,10474.35103,0.7947044879224531,0.31090930038476855,85.66444682488604,4.834860000000001,18.32034666666667,91.66799999999998,-0.5503333333333331,0.37499999999999994,403.0407973390398,20.04761341249191,47.61176624246785
0.13013967039374405,0.2810021133238477,3.994997380619583,7.395635747265306,33.90909090909091,4.821116320607241,1.0,4.0,0.0,0.0,108.0,16740.0,1143972.0,0.0,576.0,3816.0,30276.0,4731696.0,0.0,1296.0,31824.0,105228.0,838404.0,2988.0,8316.0,20448.0,107964.0,4049748.0,0.0,360.0,4284.0,28044.0,31632048.0,576.0,9288.0,32256.0,259668.0,9710676.0,22932.0,162252.0,445284.0,1721232.0,17968896.0,0.0,0.0,468.0,10728.0,1712700.0,0.0,900.0,5004.0,100728.0,246564.0,861624.0,26.0,23385.85399,0.3275695100275607,0.1294505413871273,63.150650046387156,0.7007290322580645,19.897161290322583,63.24387096774195,0.680967741935484,-1.2364516129032257,417.3862306692999,16.563682100778895,31.14018944527981
0.1306953537117745,0.3525944281574847,1.2281341300200004,0.47065708319606037,15.1,3.0832142073161872,4.0,1.0,144.0,1296.0,13824.0,212580.0,4250628.0,0.0,72.0,7992.0,169992.0,2584656.0,0.0,5292.0,35028.0,119232.0,3711276.0,6084.0,39528.0,98388.0,284940.0,5554620.0,0.0,0.0,0.0,81684.0,387216.0,2628.0,8748.0,41652.0,258912.0,11876724.0,15948.0,108144.0,291708.0,1076688.0,28221228.0,0.0,180.0,252.0,828.0,1158588.0,576.0,1800.0,6696.0,119196.0,296604.0,936540.0,2.0,17057.75366,0.6223472522575725,0.20029930606325239,79.63159319423434,2.404053333333333,20.71946,64.87966666666667,-1.8893333333333333,-0.4939999999999999,348.33490156912006,29.321408675889284,39.220351223768354
0.0825249861728028,0.3416290536284189,0.17154513886771316,0.358916188225617,3.8,0.8719541584102745,2.0,1.0,864.0,3780.0,7992.0,17568.0,8711604.0,0.0,0.0,36.0,14544.0,5059116.0,0.0,0.0,14688.0,228204.0,2422548.0,0.0,864.0,1476.0,60588.0,930924.0,144.0,180.0,1584.0,40356.0,18400572.0,396.0,6804.0,29448.0,276192.0,4141440.0,20880.0,185472.0,507312.0,1765224.0,9773928.0,0.0,684.0,2268.0,8676.0,343152.0,540.0,2268.0,9108.0,85032.0,220644.0,730116.0,13.0,537.3484137,0.5757085157185378,0.24346902937155263,31.60860777767393,38.3801,19.61649642857143,65.98010714285714,-0.3307142857142858,-1.4303571428571424,329.494146194,14.027380205280341,34.62561577862588
0.20656019729083205,0.46425908507243346,1.28522190211725,1.1133099358047818,17.8,2.881710491426991,11.0,4.0,0.0,540.0,1476.0,12060.0,200376.0,0.0,72.0,2844.0,189828.0,13324104.0,3456.0,4248.0,4248.0,9396.0,210600.0,252.0,6912.0,20916.0,227232.0,8901216.0,0.0,180.0,2304.0,77364.0,16479432.0,4248.0,36252.0,93240.0,413064.0,7985808.0,19476.0,163404.0,437688.0,1431468.0,18203436.0,0.0,72.0,3492.0,32040.0,4163040.0,0.0,576.0,3888.0,70848.0,219348.0,749016.0,13.0,14435.29365,0.3505831268115941,0.24837444894573732,103.85827425261722,0.0,22.67861333333333,61.41199999999999,0.294,-2.6243333333333334,441.5770234141998,31.019129042074,42.31238897518946
0.2248806785170103,0.35661277483122256,2.140207349583712,3.570719125346343,25.636363636363637,3.387534835256079,1.0,4.0,0.0,432.0,792.0,10404.0,141948.0,36.0,20592.0,57528.0,365724.0,20220372.0,0.0,2772.0,18396.0,24336.0,220140.0,13824.0,49464.0,96732.0,492876.0,10173276.0,288.0,12924.0,60768.0,303912.0,33592284.0,12276.0,115848.0,309888.0,1013256.0,8128080.0,1260.0,35352.0,112716.0,423180.0,1901268.0,0.0,0.0,144.0,2916.0,1182708.0,0.0,0.0,3780.0,45360.0,128664.0,504900.0,90.0,33384.18737,0.24906908460748386,0.09756633842430332,55.30328446419592,0.17661290322580644,15.750035483870967,55.12709677419356,0.46903225806451626,-1.0693548387096774,403.9448154267999,12.67026220492998,31.248541176457262
0.03687967396329755,0.5122135489452698,0.5544127093927917,0.6361163487877668,8.6,2.0550794332148024,9.0,3.0,0.0,1332.0,38052.0,131616.0,882540.0,216.0,38016.0,96588.0,424224.0,42867684.0,0.0,0.0,756.0,2988.0,389016.0,1152.0,16992.0,51372.0,169956.0,3327876.0,0.0,5184.0,26208.0,254844.0,5124528.0,4644.0,31320.0,125316.0,407160.0,6897744.0,18252.0,109800.0,236592.0,827532.0,10585152.0,0.0,0.0,6300.0,62172.0,887580.0,648.0,1620.0,7200.0,80136.0,203760.0,860868.0,9.0,12779.34997,0.36895283333333334,0.11507801503000566,47.466797378886696,16.607086666666667,26.21686333333333,71.77366666666667,-1.1296666666666666,-0.8883333333333334,385.5004591596001,12.821895262124468,30.7710185241935
0.03950823433457759,0.4642080418302886,0.3236816544379167,0.4975707044772799,6.5,1.2673278117827391,11.0,4.0,108.0,576.0,3456.0,18324.0,20664576.0,72.0,1116.0,5076.0,91260.0,4691988.0,0.0,792.0,1332.0,36288.0,1218780.0,3168.0,18432.0,54180.0,215280.0,5654592.0,360.0,4752.0,27684.0,379980.0,18154764.0,9648.0,80316.0,210744.0,828756.0,12250368.0,12168.0,112680.0,298368.0,900828.0,7853688.0,0.0,180.0,2484.0,7128.0,633888.0,324.0,1044.0,5868.0,63828.0,182160.0,663516.0,10.0,446.5182684,0.18195666666666666,0.188242100649685,58.93656193454788,4.068046666666667,22.975929999999995,67.29066666666667,0.006333333333333317,-0.7796666666666666,301.85599112600005,25.10672903231755,33.82983290223033
0.13284162227719767,0.4343367948427284,2.0607370992897187,3.0891329407825228,24.1,4.210146713454907,3.0,1.0,0.0,324.0,1080.0,5688.0,373428.0,0.0,4716.0,9072.0,27468.0,5372712.0,0.0,1116.0,29052.0,141300.0,2318760.0,12672.0,56844.0,104364.0,330048.0,7367256.0,0.0,0.0,360.0,4752.0,6465744.0,3168.0,28692.0,70884.0,222732.0,8117892.0,10296.0,131652.0,384840.0,1607904.0,26628948.0,0.0,360.0,360.0,2916.0,4186764.0,0.0,324.0,5184.0,59004.0,185364.0,798480.0,69.0,17428.37218,0.719369672255854,0.3772817534341451,50.06455362977975,158.83589999999998,21.912825806451607,61.2038064516129,0.6361290322580646,-1.153548387096774,478.47798886346027,21.042944280666873,53.129194244580134
0.3243600142262155,0.4714241888886393,1.5242555742375,2.2084262113429207,20.857142857142858,4.263424820041679,4.0,1.0,0.0,612.0,720.0,12132.0,127584.0,0.0,1944.0,10800.0,215172.0,16458120.0,12564.0,15876.0,15876.0,40752.0,363780.0,1404.0,5184.0,18324.0,230436.0,7293816.0,0.0,576.0,8136.0,120528.0,23168700.0,8136.0,75132.0,227880.0,869940.0,13181436.0,6444.0,120240.0,310320.0,971856.0,7344396.0,0.0,0.0,1404.0,31248.0,3887100.0,0.0,864.0,2916.0,63180.0,191484.0,649080.0,13.0,14435.29365,0.6197890011827036,0.4097312095957025,100.46386349834194,0.3557033333333333,23.288380000000004,64.29899999999999,0.7400000000000001,-1.7883333333333333,566.8573567069996,30.224236261774966,47.34965498223585
0.12586163163652914,0.3826516818288448,0.8624996733803318,0.6619136307491121,7.7,2.773641273784568,8.0,3.0,0.0,16056.0,31068.0,63288.0,8697168.0,0.0,4212.0,7956.0,106704.0,7575696.0,0.0,11772.0,23904.0,77364.0,1670688.0,9000.0,26136.0,41832.0,195120.0,7251444.0,0.0,0.0,576.0,2700.0,258012.0,15084.0,103104.0,248652.0,1007244.0,17584380.0,4680.0,55224.0,195732.0,769140.0,12195504.0,0.0,252.0,2664.0,15372.0,557424.0,0.0,756.0,2700.0,65952.0,232632.0,904356.0,3.0,3430.762574,0.0,0.0,0.0,108.83869999999999,29.621687096774185,70.90048387096775,0.477741935483871,0.8106451612903226,628.0443116493599,16.82114736154906,20.057380133821386
0.3775502804602342,0.5729468882002317,1.3213762714054167,3.238871049920305,19.4,2.6782610650110783,11.0,4.0,612.0,4716.0,11844.0,31464.0,420552.0,216.0,3420.0,20772.0,261468.0,6427800.0,0.0,1836.0,27936.0,63504.0,371016.0,7596.0,35676.0,74988.0,446076.0,4193712.0,0.0,1044.0,9108.0,79668.0,44217504.0,8532.0,50796.0,156564.0,582012.0,6867180.0,10080.0,119952.0,301176.0,965232.0,6366348.0,0.0,0.0,2700.0,44460.0,2110500.0,36.0,792.0,4284.0,65484.0,180396.0,667476.0,13.0,19435.77403,0.6159634935288497,0.23121629954489603,88.2769053186284,0.5099066666666666,23.33648666666667,68.738,0.44599999999999995,-1.8400000000000003,376.25139289893986,22.963240020374112,40.611266441839724
0.17184908401160578,0.3121136157050429,0.7210952137217516,0.5163176040560102,11.25,2.5130870173793354,3.0,1.0,0.0,0.0,72.0,5544.0,16950312.0,0.0,504.0,2844.0,110124.0,4830840.0,0.0,252.0,504.0,38340.0,1331100.0,1728.0,7092.0,18468.0,150552.0,6398712.0,360.0,4572.0,27612.0,379404.0,18205920.0,6732.0,31212.0,91512.0,444780.0,7915104.0,16704.0,173052.0,455400.0,1359396.0,11062080.0,36.0,180.0,3384.0,7632.0,812232.0,396.0,1152.0,5832.0,65808.0,185688.0,645588.0,10.0,446.5182684,0.3986147352220452,0.2412525867883265,35.59233832499312,38.169000000000004,21.297525806451613,67.60267741935483,-0.2577419354838709,-0.5119354838709678,367.8681798202002,11.1004129329326,45.4987622769313
0.05890159393540897,0.3823659809347613,1.52843952912875,1.077285888480493,16.7,4.361406359606259,3.0,1.0,0.0,0.0,30636.0,135072.0,712656.0,720.0,33696.0,112680.0,469368.0,44240832.0,0.0,108.0,2268.0,9720.0,817272.0,10008.0,71748.0,201924.0,648648.0,8903916.0,0.0,6048.0,26676.0,266796.0,5304744.0,10080.0,77040.0,180828.0,659628.0,9137484.0,5220.0,39672.0,96840.0,337860.0,3885516.0,0.0,0.0,900.0,20088.0,362484.0,828.0,1764.0,5400.0,54432.0,132768.0,594252.0,9.0,12779.34997,0.6202170921373268,0.2117500566913814,60.97804721274294,2.5936064516129025,19.199512903225806,72.42838709677419,-0.850967741935484,-0.896451612903226,354.49250317038013,24.12903560181989,41.09451407554573
0.044266242831974764,0.6141362195997829,0.44808423767689537,0.5788691030977532,5.4,1.8182217911871583,10.0,3.0,0.0,648.0,648.0,1116.0,20152080.0,10908.0,128304.0,469692.0,2115648.0,40664808.0,0.0,0.0,0.0,0.0,155340.0,0.0,72.0,4896.0,41436.0,2741328.0,5976.0,58896.0,130968.0,287712.0,2839896.0,14436.0,94500.0,176472.0,664416.0,6091200.0,0.0,288.0,756.0,19872.0,751500.0,0.0,0.0,0.0,0.0,864.0,0.0,0.0,0.0,0.0,2052.0,11232.0,72.0,1508.7111,0.44055675325028204,0.25245439577729395,62.75714711880243,11.687332258064517,26.45446774193548,80.44677419354838,-4.091935483870968,-3.3441935483870973,506.2566433873797,13.52343629409642,36.50288666444646
0.26945270194096443,0.41566412714160994,3.133709632645834,2.418254329421784,30.11111111111111,6.856028636496389,10.0,3.0,252.0,612.0,1332.0,2952.0,80604.0,0.0,756.0,3024.0,39600.0,3574476.0,0.0,108.0,108.0,10116.0,163836.0,2736.0,11628.0,24984.0,124992.0,4372668.0,0.0,3456.0,45648.0,300600.0,37478232.0,16200.0,100368.0,236160.0,939816.0,13227192.0,9648.0,82548.0,233460.0,874152.0,10321560.0,0.0,324.0,756.0,2844.0,2290680.0,0.0,0.0,2484.0,82980.0,239940.0,846252.0,51.0,32919.87338,0.45880924358173625,0.17959803075428213,68.8190957078339,0.25386129032258065,25.229761290322582,60.93645161290322,0.49903225806451623,-0.7967741935483869,524.1948945081103,17.121968852807488,40.037969044340606
0.05305561557472242,0.44036260323305115,0.5929142773784583,0.650334704830505,10.2,2.4083627591008825,4.0,1.0,0.0,36.0,108.0,11340.0,3994740.0,0.0,72.0,972.0,45288.0,3933756.0,0.0,360.0,720.0,29088.0,977220.0,180.0,2232.0,7740.0,47772.0,3698136.0,396.0,5040.0,28836.0,383796.0,18280116.0,7776.0,55584.0,150480.0,727668.0,12757932.0,17424.0,156420.0,412668.0,1235736.0,9623160.0,0.0,72.0,2628.0,8316.0,866448.0,252.0,1044.0,5760.0,63108.0,180720.0,652716.0,10.0,446.5182684,0.600675161209341,0.2828947497835563,79.01239769999748,3.821113333333334,22.400323333333333,68.09700000000001,-0.11500000000000005,-0.7016666666666667,393.7594555121101,15.08786108992053,44.78919021699014
0.057649440067057356,0.4255584431924291,0.9860275462482084,1.0256630568869665,13.6,3.0504190521665455,4.0,1.0,36.0,540.0,1224.0,5904.0,3264156.0,0.0,0.0,0.0,20484.0,6811776.0,576.0,8856.0,16992.0,78588.0,4725108.0,7704.0,43812.0,76428.0,236952.0,6341508.0,0.0,0.0,180.0,9036.0,2848572.0,11412.0,80892.0,171828.0,634536.0,15084180.0,7524.0,94320.0,307800.0,1316196.0,20250756.0,0.0,0.0,0.0,8784.0,3747996.0,0.0,864.0,4176.0,54324.0,211104.0,831780.0,6.0,17454.33105,0.49390490528279296,0.2742623391584662,74.77819000581374,2.0818266666666667,22.31760666666667,65.98100000000001,-1.9819999999999998,-0.402,452.36787485165985,18.928145221753542,41.663166312479206
0.05778221469484264,0.11368638495194054,0.43019346589837504,0.3487899135075867,7.2,1.4327926437314513,7.0,2.0,0.0,2016.0,3024.0,22716.0,368892.0,0.0,13248.0,36504.0,243792.0,18107568.0,0.0,2232.0,14832.0,18396.0,131544.0,2808.0,8892.0,19620.0,130068.0,2635884.0,252.0,12096.0,57816.0,294588.0,33272388.0,15588.0,86976.0,222804.0,818892.0,10014156.0,7416.0,101628.0,278064.0,971172.0,5408820.0,0.0,756.0,1836.0,7848.0,2215008.0,0.0,0.0,5436.0,55044.0,150372.0,633996.0,90.0,33384.18737,0.4132047777777778,0.3515820489740242,37.89604838803626,3.7858451612903226,29.456719354838704,61.68967741935483,0.2716129032258064,0.8122580645161291,609.4234514732995,22.27806692083525,29.403274918227645
0.2020858064121876,0.41219199317587846,1.3893239112777158,1.2402368789817149,20.0,3.6292808393503706,3.0,1.0,72.0,468.0,1044.0,5400.0,1631988.0,0.0,5436.0,38916.0,160704.0,7778952.0,0.0,5004.0,16776.0,35640.0,527652.0,2952.0,8928.0,43596.0,184860.0,6713064.0,0.0,15948.0,76716.0,385992.0,22281840.0,8424.0,34200.0,109656.0,381456.0,10997712.0,14220.0,151920.0,346536.0,1225944.0,13950468.0,0.0,0.0,2268.0,25056.0,4760928.0,396.0,1512.0,5868.0,61056.0,149004.0,736560.0,136.0,15407.79543,0.43314798346036437,0.29110927053226465,67.34832158031104,256.0675,19.292774193548393,68.70980645161289,-0.7512903225806451,-1.013548387096774,393.1166840807674,12.320292728513069,67.34832158031104
0.05801578070415999,0.1581296416428967,0.49309040383282404,0.3671323031651126,7.8,1.6828568946203346,7.0,2.0,0.0,864.0,7524.0,21960.0,870552.0,108.0,3996.0,44028.0,521892.0,21321756.0,0.0,0.0,5436.0,54108.0,503064.0,936.0,5328.0,8316.0,61704.0,2499012.0,468.0,19296.0,123804.0,491688.0,23333688.0,12132.0,63180.0,164232.0,688248.0,11684412.0,15156.0,100728.0,194472.0,624312.0,8113140.0,1548.0,54216.0,131076.0,273996.0,3682152.0,0.0,0.0,1116.0,35424.0,105660.0,404100.0,244.0,21222.17111,0.5638176868088649,0.21204785739145954,48.42283264450194,1.9714935483870966,29.14938709677419,63.230967741935494,0.8106451612903226,1.546451612903226,608.1362316290002,11.441973904271546,22.737788653699877
0.11898866789978252,0.37472029288611997,0.786409361616927,0.6965253299622289,11.375,2.9430171755112746,5.0,2.0,0.0,504.0,756.0,6660.0,146772.0,0.0,2232.0,5904.0,51552.0,4213656.0,0.0,216.0,360.0,24912.0,249228.0,2520.0,9252.0,11988.0,62604.0,2392200.0,0.0,5148.0,52668.0,353916.0,42707592.0,15372.0,66348.0,119160.0,613080.0,12245544.0,11016.0,117792.0,357012.0,1225872.0,6919056.0,0.0,504.0,1476.0,5184.0,3013992.0,0.0,0.0,2520.0,80748.0,235728.0,797976.0,51.0,32919.87338,0.22387720158939947,0.06327219688955929,52.94359488164347,4.817041935483871,28.170338709677416,58.68258064516129,1.2061290322580642,1.0283870967741933,673.8721515964999,8.63660861706342,26.9748002125476
0.06064393306946829,0.4260203514620272,1.3490165860586112,1.834479797574622,16.1,3.1552953606630108,4.0,1.0,180.0,2304.0,22536.0,50184.0,2289348.0,0.0,4932.0,39996.0,170100.0,8950140.0,0.0,2556.0,11520.0,31140.0,470556.0,3132.0,10296.0,38304.0,183168.0,5881428.0,0.0,16056.0,77040.0,385992.0,22149324.0,10116.0,76248.0,179784.0,610200.0,12737160.0,12528.0,111852.0,269604.0,971784.0,12116988.0,0.0,0.0,2952.0,27072.0,4443120.0,576.0,1548.0,5616.0,58608.0,143676.0,712224.0,136.0,15407.79543,0.4147439175997375,0.24803013997332402,47.018747740485,2.27879,20.965643333333336,67.519,-1.6056666666666666,-1.0986666666666665,454.47092180635497,9.23729261028627,47.018747740485
0.30478413306921814,0.5951141123830266,5.7692938554088755,9.794748200403934,42.0,6.063357729793575,1.0,4.0,0.0,25668.0,44388.0,96876.0,18348516.0,0.0,252.0,720.0,109584.0,7273296.0,0.0,4068.0,7236.0,23436.0,927036.0,4068.0,9216.0,13032.0,62712.0,4813812.0,0.0,0.0,396.0,1044.0,230400.0,11412.0,63072.0,105948.0,474768.0,10553940.0,12132.0,104472.0,354096.0,1348416.0,20670372.0,0.0,792.0,3132.0,28980.0,937908.0,0.0,936.0,3852.0,75168.0,256068.0,995472.0,3.0,3430.762574,0.12186,0.09807489343067638,58.245239127599845,0.008829032258064516,21.009425806451613,64.35870967741934,0.4841935483870969,-2.2529032258064516,380.60739802759974,16.615010113717474,34.50298944112153
0.14210769900604253,0.4999928144010723,1.8335396670000002,0.9351607727781344,19.0,5.604592926158618,10.0,3.0,0.0,1332.0,38052.0,131616.0,882540.0,216.0,38016.0,96588.0,424224.0,42867684.0,0.0,0.0,756.0,2988.0,389016.0,1152.0,16992.0,51372.0,169956.0,3327876.0,0.0,5184.0,26208.0,254844.0,5124528.0,4644.0,31320.0,125316.0,407160.0,6897744.0,18252.0,109800.0,236592.0,827532.0,10585152.0,0.0,0.0,6300.0,62172.0,887580.0,648.0,1620.0,7200.0,80136.0,203760.0,860868.0,9.0,12779.34997,0.41853962441770187,0.10355364441015663,44.364472121269955,2.691516129032258,23.94408064516129,68.5183870967742,-1.3264516129032262,-1.3006451612903225,394.2503508119602,7.09848616932851,37.265985951941445
0.10395849928777402,0.2153257389346378,1.3075623065590278,1.1660115459488685,15.9,2.665502360886572,4.0,1.0,1368.0,4500.0,9324.0,57384.0,991152.0,1476.0,86148.0,317232.0,1322028.0,56631060.0,0.0,72.0,72.0,3096.0,111960.0,936.0,13284.0,26028.0,297108.0,2219148.0,5004.0,70632.0,159120.0,439668.0,9053388.0,8568.0,54864.0,179388.0,485532.0,4833900.0,8892.0,23148.0,29016.0,78840.0,820440.0,1260.0,1332.0,4896.0,142380.0,525276.0,216.0,1008.0,3960.0,28764.0,60192.0,315468.0,378.0,15241.42093,0.25817385,0.08599138069530636,41.956841421403716,1.9774233333333333,19.09978333333334,70.506,-0.7600000000000001,-1.75,474.8122677081002,16.207975801767617,33.11038687502056
0.25598308391038194,0.5223683444268564,1.6618869175622961,0.7515735485510353,18.0,3.4082841350926825,9.0,3.0,0.0,1188.0,1944.0,20556.0,224712.0,0.0,6516.0,25236.0,207324.0,17753616.0,0.0,1728.0,10332.0,11988.0,109944.0,1584.0,5652.0,14040.0,109296.0,3430584.0,252.0,13680.0,61416.0,306252.0,33656508.0,18900.0,121788.0,303732.0,1099296.0,12834000.0,5328.0,76860.0,218124.0,760716.0,3613248.0,0.0,648.0,1548.0,6336.0,1773108.0,0.0,0.0,5436.0,54828.0,148500.0,619704.0,90.0,33384.18737,0.518626926924129,0.3501966495309586,38.23843212808242,178.13479999999998,27.494746666666664,59.44543333333334,0.20866666666666667,-0.4133333333333334,540.5970114396,10.583543918881558,44.68481570038782
0.049578769215884264,0.25819405109058724,0.6104682870325417,0.6031694448465417,6.4,1.9162589255636255,1.0,4.0,0.0,1224.0,1656.0,3024.0,24855408.0,24300.0,206424.0,612900.0,2663100.0,42280236.0,0.0,0.0,0.0,0.0,164556.0,0.0,108.0,19080.0,86652.0,3431232.0,5796.0,58284.0,112608.0,260532.0,2744316.0,1368.0,15444.0,34200.0,100944.0,2761236.0,0.0,504.0,3060.0,19728.0,1051632.0,0.0,0.0,180.0,648.0,16740.0,0.0,0.0,0.0,540.0,1728.0,6696.0,72.0,1508.7111,0.6328367481501306,0.2567902827088676,58.60906239018935,1.6858645161290322,21.83731935483871,79.09064516129033,-4.1087096774193546,-3.5722580645161295,381.89839662949976,15.143566877210436,43.46549551297891
0.053787649393417306,0.447622541482445,0.2297775552910253,0.5531123607765249,2.857142857142857,1.3394604557091292,8.0,3.0,0.0,648.0,648.0,1116.0,20152080.0,10908.0,128304.0,469692.0,2115648.0,40664808.0,0.0,0.0,0.0,0.0,155340.0,0.0,72.0,4896.0,41436.0,2741328.0,5976.0,58896.0,130968.0,287712.0,2839896.0,14436.0,94500.0,176472.0,664416.0,6091200.0,0.0,288.0,756.0,19872.0,751500.0,0.0,0.0,0.0,0.0,864.0,0.0,0.0,0.0,0.0,2052.0,11232.0,72.0,1508.7111,0.6023899941282407,0.31454857787207025,73.79565213836817,25.745451612903224,27.594206451612905,87.16387096774194,1.6141935483870964,1.4632258064516126,504.7121371009196,19.19494305174071,38.213292271206036
0.248176062239964,0.4132125938673868,2.2373214430080886,3.0573446224068928,19.444444444444443,3.9494875454175635,4.0,1.0,0.0,0.0,72.0,1692.0,122580.0,0.0,0.0,5976.0,20124.0,5088636.0,0.0,0.0,6984.0,15408.0,1749888.0,8568.0,56412.0,85968.0,130032.0,2382516.0,72.0,3168.0,25200.0,264060.0,27176832.0,14004.0,126072.0,260496.0,799956.0,18152712.0,288.0,40896.0,205416.0,1020240.0,11685960.0,0.0,1152.0,5220.0,73656.0,1293444.0,864.0,2772.0,8532.0,55188.0,189972.0,816084.0,33.0,30649.61061,0.38328964108799596,0.18097290435034213,34.97312472287329,78.4894,23.457233333333328,58.33183333333332,0.8430000000000001,-0.7106666666666666,547.6058204941,18.61041724876815,34.925408983021256
0.08141580661079154,0.35512941425115596,1.0739829136474075,1.2251071647067977,14.555555555555555,3.2062461931631696,2.0,1.0,144.0,1296.0,13824.0,212580.0,4250628.0,0.0,72.0,7992.0,169992.0,2584656.0,0.0,5292.0,35028.0,119232.0,3711276.0,6084.0,39528.0,98388.0,284940.0,5554620.0,0.0,0.0,0.0,81684.0,387216.0,2628.0,8748.0,41652.0,258912.0,11876724.0,15948.0,108144.0,291708.0,1076688.0,28221228.0,0.0,180.0,252.0,828.0,1158588.0,576.0,1800.0,6696.0,119196.0,296604.0,936540.0,2.0,17057.75366,0.4151566434300994,0.19762234936966103,36.41039170014852,0.8643068965517242,18.53772068965517,65.1855172413793,-1.4944827586206892,-0.6482758620689656,338.21472547970006,19.15124647391685,36.41039170014852
0.2279251104139851,0.521068099585732,1.6311329152564815,2.352939689015246,21.22222222222222,3.420395251981423,2.0,1.0,0.0,360.0,684.0,2808.0,504684.0,144.0,11520.0,71496.0,649944.0,23835960.0,0.0,0.0,6840.0,65592.0,736416.0,7164.0,25524.0,61920.0,327996.0,6423876.0,396.0,19908.0,124992.0,485676.0,23438124.0,17352.0,104148.0,235296.0,724356.0,10497204.0,4752.0,51192.0,104760.0,365544.0,5191956.0,540.0,36504.0,88560.0,193464.0,2933136.0,0.0,0.0,1044.0,33624.0,91080.0,326556.0,244.0,21222.17111,0.5901179488138563,0.2224648500213803,36.75938437874647,0.9598142857142857,17.952617857142858,56.271785714285734,-0.04249999999999999,-0.7042857142857144,464.352043977,9.557920331007345,36.75938437874647
0.04514781839568965,0.36797227114485,0.9173889176152084,0.43896643901313104,8.909090909090908,2.962351389905774,8.0,3.0,468.0,3672.0,5652.0,10260.0,14356188.0,2016.0,30924.0,192024.0,1402488.0,35351172.0,108.0,1440.0,2376.0,42192.0,705816.0,6408.0,32364.0,71208.0,222516.0,4530708.0,0.0,2628.0,12528.0,41652.0,2106468.0,10116.0,88272.0,204084.0,558396.0,7673292.0,7236.0,69228.0,174708.0,526356.0,8055252.0,0.0,72.0,72.0,2304.0,409104.0,0.0,756.0,5148.0,53676.0,123192.0,335124.0,5.0,3129.911321,0.2495652682983683,0.27687567177738653,70.81507014546152,6.697009677419355,29.187525806451614,66.77806451612904,-0.4509677419354839,0.42612903225806437,632.7626234638899,16.462059882767942,39.804508982674456
0.27261411240670264,0.5459671414991769,1.2272231344081017,1.3398392120891287,23.22222222222222,3.5614845765574574,2.0,1.0,0.0,2520.0,4896.0,16740.0,366552.0,0.0,1512.0,2916.0,6624.0,12186756.0,0.0,6408.0,12600.0,59616.0,1355508.0,684.0,4572.0,14724.0,43344.0,5660064.0,0.0,0.0,1296.0,1764.0,13306140.0,11484.0,92124.0,212868.0,837252.0,16455384.0,14400.0,91656.0,256140.0,1151712.0,16518600.0,0.0,144.0,216.0,7920.0,2204604.0,0.0,72.0,4860.0,83808.0,279756.0,1016208.0,18.0,6622.610663,0.34668240160817404,0.20441442196773202,39.873101196825054,1.7738321428571429,17.243042857142857,66.9632142857143,-0.7517857142857144,-1.8607142857142858,394.30659088580035,21.44025674851344,39.873101196825054
0.18263035006752792,0.388070499728229,1.1143922747250001,0.932002840306283,14.1,3.06149025841255,11.0,4.0,468.0,7524.0,13536.0,62496.0,184932.0,252.0,47520.0,203508.0,951732.0,52800732.0,0.0,144.0,180.0,2160.0,77004.0,1368.0,26172.0,56700.0,405864.0,4047984.0,2880.0,63468.0,152640.0,429660.0,8939844.0,17784.0,111924.0,312372.0,977724.0,9715392.0,4392.0,6588.0,6876.0,18216.0,632376.0,72.0,72.0,684.0,105300.0,334944.0,468.0,1260.0,4248.0,19332.0,38772.0,188352.0,378.0,15241.42093,0.25822743022441885,0.11924812519880201,22.813292026519733,0.0,19.895343333333336,72.65933333333334,-1.7826666666666668,-2.8323333333333323,436.8805026259999,14.950630612123737,22.813292026519733
0.07793794686291948,0.37688286070553917,0.6802470393204824,0.674873712840205,7.857142857142857,3.1457956188840153,8.0,3.0,0.0,144.0,14184.0,122328.0,1665936.0,504.0,1152.0,12780.0,155196.0,3542976.0,0.0,648.0,6048.0,40536.0,320220.0,3132.0,29304.0,65340.0,114192.0,2104236.0,0.0,5868.0,66996.0,935676.0,48655656.0,8964.0,58680.0,140796.0,490968.0,12223404.0,13032.0,122724.0,316404.0,793224.0,4013748.0,36.0,72.0,720.0,3384.0,575784.0,864.0,1908.0,5760.0,64224.0,162288.0,486756.0,5.0,10720.10518,0.4446004557874459,0.21667475761991375,48.549376539133,20.914838709677415,28.096741935483866,77.52516129032259,0.23999999999999994,1.8980645161290328,513.6046523113757,18.41650199104711,37.181898690550106
0.14277357745056393,0.19734277928947702,1.7805812400604277,0.7788141667208528,11.5,3.0552862265746246,8.0,3.0,0.0,468.0,1872.0,9036.0,1038132.0,0.0,2124.0,14076.0,95868.0,35725032.0,0.0,3096.0,10764.0,25056.0,654192.0,1584.0,2376.0,6876.0,49176.0,3458016.0,0.0,2556.0,12564.0,227556.0,17505576.0,3204.0,25128.0,88308.0,309240.0,5708808.0,18612.0,153360.0,412956.0,1626444.0,7541388.0,0.0,72.0,612.0,24624.0,1090800.0,0.0,1512.0,7992.0,93492.0,237384.0,774396.0,48.0,9205.662327,0.39679917486001337,0.2570523579179577,36.71876134978349,81.4877,28.985341935483873,65.20770967741934,0.7919354838709679,0.1564516129032258,588.85194978108,18.452452172103047,36.93438029890085
0.13449353388631183,0.1597434430611991,1.5849679390898335,0.7901929963754266,16.6,4.693856658218885,4.0,1.0,0.0,0.0,0.0,10044.0,1798164.0,0.0,1188.0,16848.0,579240.0,36791064.0,0.0,2556.0,51948.0,180792.0,746028.0,1008.0,2808.0,6588.0,52560.0,3502764.0,0.0,7776.0,17172.0,230760.0,18600048.0,16632.0,63360.0,162792.0,802044.0,9715392.0,8892.0,135288.0,326628.0,761940.0,3536748.0,0.0,1584.0,1656.0,1872.0,466380.0,0.0,0.0,4824.0,68328.0,201888.0,521964.0,111.0,18978.38682,0.629673971881713,0.2729424879790389,76.46344077581196,4.579533333333333,22.378436666666676,68.14066666666665,0.03266666666666666,-0.5276666666666666,442.48099117920515,21.64586661274063,39.19519964131336
0.03899702155058398,0.47142279184431424,0.6562914314672501,0.6628824768045765,9.11111111111111,2.1543696849063805,7.0,2.0,72.0,1080.0,13752.0,47700.0,1066464.0,0.0,180.0,1080.0,10584.0,6058368.0,0.0,6624.0,12600.0,39024.0,710496.0,1224.0,18324.0,32904.0,119268.0,5352768.0,0.0,3888.0,30096.0,467676.0,37260648.0,24372.0,123588.0,259524.0,678996.0,10691388.0,1512.0,85176.0,280656.0,1149192.0,9985752.0,0.0,216.0,504.0,16416.0,677268.0,288.0,1656.0,4140.0,39060.0,145188.0,591264.0,5.0,6703.15719,0.3598075,0.20271213132382315,38.46040312233731,1.6791870967741935,29.087922580645166,67.40870967741934,-0.6738709677419356,-0.2854838709677418,684.1294284400003,8.89774292071149,20.964776618064853
0.19013225799786848,0.7065012372223727,4.676730256183582,10.408607903442178,36.75,5.318035947615087,3.0,1.0,72.0,720.0,4572.0,11448.0,4084560.0,0.0,0.0,36.0,32148.0,3385584.0,0.0,6624.0,6804.0,58680.0,3463452.0,2736.0,12132.0,26640.0,90036.0,2015388.0,0.0,0.0,504.0,4464.0,7046424.0,17280.0,108288.0,350712.0,1078812.0,24810984.0,7704.0,98496.0,254196.0,1152324.0,17560368.0,0.0,0.0,0.0,1296.0,1733076.0,0.0,36.0,3672.0,56232.0,141948.0,712188.0,12.0,5480.991045,0.5995723669937338,0.2136420534800881,41.84164081742763,25.026500000000002,22.927667741935487,65.24906451612904,0.5838709677419355,-1.3635483870967735,524.403988284303,18.96530613198704,43.54343165626578
0.08196652501945983,0.32302503299812657,0.728151276098148,0.71568055989888,11.11111111111111,2.1098627685993363,11.0,4.0,1368.0,4500.0,9324.0,57384.0,991152.0,1476.0,86148.0,317232.0,1322028.0,56631060.0,0.0,72.0,72.0,3096.0,111960.0,936.0,13284.0,26028.0,297108.0,2219148.0,5004.0,70632.0,159120.0,439668.0,9053388.0,8568.0,54864.0,179388.0,485532.0,4833900.0,8892.0,23148.0,29016.0,78840.0,820440.0,1260.0,1332.0,4896.0,142380.0,525276.0,216.0,1008.0,3960.0,28764.0,60192.0,315468.0,378.0,15241.42093,0.1908307553571429,0.07619491585183147,30.142256283172355,0.10070666666666668,21.280876666666664,69.69700000000002,-1.4953333333333327,-2.5820000000000003,393.55358440499975,8.314302966427501,34.687590913136624
0.17928192162804626,0.15481879907862123,2.265613591883055,3.1456729442042946,20.0,4.419024002285237,2.0,1.0,468.0,7524.0,13536.0,62496.0,184932.0,252.0,47520.0,203508.0,951732.0,52800732.0,0.0,144.0,180.0,2160.0,77004.0,1368.0,26172.0,56700.0,405864.0,4047984.0,2880.0,63468.0,152640.0,429660.0,8939844.0,17784.0,111924.0,312372.0,977724.0,9715392.0,4392.0,6588.0,6876.0,18216.0,632376.0,72.0,72.0,684.0,105300.0,334944.0,468.0,1260.0,4248.0,19332.0,38772.0,188352.0,378.0,15241.42093,0.35107609655172417,0.18989089541469875,29.997470695643795,0.7611,17.55442857142857,76.59607142857142,-1.0057142857142856,-2.2275000000000005,347.52323421299997,13.666506940531008,42.171347956446965
0.1730404285342711,0.4208854910591935,0.8545506260073055,1.028278556687797,12.2,2.6068237851673524,1.0,4.0,0.0,0.0,2880.0,55512.0,5057964.0,1368.0,31968.0,79812.0,242748.0,17657928.0,0.0,0.0,6264.0,149652.0,2902536.0,4536.0,39996.0,81936.0,221436.0,9786132.0,0.0,36.0,13032.0,351216.0,8531964.0,4284.0,37404.0,80208.0,214488.0,2730672.0,10116.0,79272.0,287964.0,1163916.0,20858760.0,0.0,396.0,1116.0,9360.0,1004940.0,468.0,2916.0,10980.0,93492.0,232524.0,733140.0,4.0,12791.38051,0.3980641368722142,0.24981416511259574,44.73081561047021,78.511,17.40202580645161,75.75045161290322,-1.6729032258064518,-0.35709677419354846,228.75573604408996,23.01115475991695,41.2084582024535
0.18565792718220708,0.5070006475447738,0.7268583038640922,0.5615093474627689,13.333333333333334,2.5819786665305053,4.0,1.0,0.0,2844.0,3096.0,25056.0,1824192.0,0.0,3240.0,14652.0,668484.0,39128940.0,0.0,2304.0,57852.0,171252.0,840636.0,10980.0,24840.0,58968.0,253512.0,7250904.0,0.0,9324.0,18936.0,234144.0,18689328.0,13212.0,98676.0,258156.0,873936.0,5567544.0,3276.0,78336.0,202428.0,505368.0,2483352.0,0.0,1008.0,1044.0,1224.0,344124.0,0.0,0.0,3888.0,62316.0,170388.0,408240.0,111.0,18978.38682,0.24516587731105943,0.17180381703018177,33.760273956046674,69.144,21.098236666666658,64.54059999999998,-0.29866666666666675,-0.7523333333333331,417.0407255099498,4.96329702800428,32.5194496990456
0.16255005924409735,0.3206202828343184,2.0584109667715573,2.242179570543096,22.0,4.427235464223974,3.0,1.0,0.0,0.0,0.0,252.0,639864.0,432.0,72252.0,289800.0,1198332.0,55466496.0,0.0,36.0,36.0,1008.0,71928.0,72.0,6372.0,13320.0,205848.0,2909484.0,4788.0,70524.0,159264.0,439632.0,9057168.0,12168.0,80280.0,225288.0,702900.0,6435648.0,8712.0,24876.0,37152.0,143424.0,1044792.0,1332.0,1368.0,4284.0,182304.0,743220.0,216.0,972.0,3960.0,27036.0,56124.0,267804.0,378.0,15241.42093,0.3699324681138023,0.18607181112097343,36.70718840627466,260.1389,18.853977419354834,73.28103225806453,-0.6216129032258065,-1.1651612903225805,448.34336917759947,8.551937588304714,36.70718840627466
0.10821406103997595,0.4752799364628149,0.502329632446041,0.6378325508649654,5.0,1.7339444904556933,11.0,4.0,0.0,180.0,828.0,3204.0,20377008.0,24804.0,195660.0,592704.0,2582748.0,42100380.0,0.0,0.0,0.0,0.0,139752.0,0.0,108.0,5292.0,63036.0,2830356.0,5868.0,58716.0,130356.0,286848.0,2839068.0,792.0,26856.0,52056.0,183384.0,4262976.0,0.0,1008.0,2736.0,14724.0,875124.0,0.0,0.0,0.0,72.0,2052.0,0.0,0.0,0.0,0.0,1440.0,7308.0,72.0,1508.7111,0.43697831610122356,0.23548534037748722,37.497216674267825,18.7815,25.33208333333334,83.32773333333334,-3.8256666666666677,-3.0783333333333327,460.25306933592975,8.18069946308425,37.51515243887695
0.12118734676577467,0.29821513676241446,1.1550799343622944,0.5577883609230065,14.4,3.6035542501695894,9.0,3.0,0.0,504.0,756.0,6660.0,146772.0,0.0,2232.0,5904.0,51552.0,4213656.0,0.0,216.0,360.0,24912.0,249228.0,2520.0,9252.0,11988.0,62604.0,2392200.0,0.0,5148.0,52668.0,353916.0,42707592.0,15372.0,66348.0,119160.0,613080.0,12245544.0,11016.0,117792.0,357012.0,1225872.0,6919056.0,0.0,504.0,1476.0,5184.0,3013992.0,0.0,0.0,2520.0,80748.0,235728.0,797976.0,51.0,32919.87338,0.23133929823624905,0.1296237018298944,68.92757907259826,1.3994600000000001,28.454270000000005,64.81033333333333,0.5389999999999999,0.194,569.0165863244002,31.49976351608365,37.42781555651461
0.20784753707048756,0.4557890484328511,0.9822177816052639,1.4257660720571266,12.333333333333334,2.5256819276889564,11.0,4.0,0.0,468.0,1872.0,9036.0,1038132.0,0.0,2124.0,14076.0,95868.0,35725032.0,0.0,3096.0,10764.0,25056.0,654192.0,1584.0,2376.0,6876.0,49176.0,3458016.0,0.0,2556.0,12564.0,227556.0,17505576.0,3204.0,25128.0,88308.0,309240.0,5708808.0,18612.0,153360.0,412956.0,1626444.0,7541388.0,0.0,72.0,612.0,24624.0,1090800.0,0.0,1512.0,7992.0,93492.0,237384.0,774396.0,48.0,9205.662327,0.12774345623950528,0.0904158545343638,31.547786895604887,36.7128,23.071163333333338,72.16146666666666,-0.268,-1.5876666666666666,377.2810766330001,13.939227472551693,31.547786895604887
